Price,Close,High,Low,Open,Volume,EMA_9,SMA_5,SMA_15,SMA_30,RSI,MACD,MACD_signal,Target_Close
2010-02-18,2559.934326171875,2581.340475660987,2550.429813188628,2581.340475660987,26304700.0,2546.5898831301247,2550.195166015625,2546.771516927083,2587.2102783203127,49.178608214399695,-15.265432267578035,-20.6302754450522,2554.2763671875
2010-02-19,2554.2763671875,2559.83327939028,2527.6465462983306,2559.83327939028,21925400.0,2548.1271799416,2554.2427734375,2543.010319010417,2585.210546875,48.21015045639363,-13.673628674509018,-19.238946090943564,2564.163330078125
2010-02-22,2564.163330078125,2574.8689688865043,2553.7147613615366,2554.679811763104,19028500.0,2551.334409968905,2563.60380859375,2541.4579915364584,2582.945939127604,50.06083960215914,-11.481960686675393,-17.68754901008993,2583.550048828125
2010-02-23,2583.550048828125,2583.5942365567034,2537.935862249132,2564.062039869509,32655900.0,2557.7775377407493,2568.632763671875,2541.684619140625,2580.4160319010416,53.56482287405195,-8.087474463310627,-15.767534100734071,2579.315673828125
2010-02-24,2579.315673828125,2582.322636927905,2555.370560430735,2582.322636927905,40083200.0,2562.0851649582246,2568.24794921875,2540.0091634114583,2578.634236653646,52.69513975814761,-5.673596659098166,-13.748746612406892,2548.933837890625
2010-02-25,2548.933837890625,2583.058487438458,2535.9934231393554,2579.214642774482,23650800.0,2559.454899544705,2566.0478515625,2537.0634765625,2575.429435221354,46.821154353302134,-6.141347723072613,-12.227266834540037,2554.574462890625
2010-03-01,2554.574462890625,2565.3369826856483,2545.7937994117183,2548.7316731377773,18985100.0,2558.478812213889,2566.107470703125,2539.4432291666667,2572.349015299479,47.98053508961283,-5.987868098288345,-10.9793870872897,2576.49072265625
2010-03-02,2576.49072265625,2576.9897266599683,2554.3734199552428,2554.3734199552428,25350600.0,2562.081194302361,2568.57294921875,2546.1775716145835,2570.150537109375,52.329269418937756,-4.051077093598451,-9.59372508855145,2566.9892578125
2010-03-03,2566.9892578125,2585.7314486804285,2552.754704101641,2576.9007374994526,34245400.0,2563.0628070043886,2565.260791015625,2551.3509602864583,2566.85126953125,50.36354733030756,-3.245433734512517,-8.324066817743663,2565.545166015625
2010-03-04,2565.545166015625,2579.432564957662,2557.270585726596,2566.8881313242327,24987400.0,2563.559278806636,2562.506689453125,2556.8312174479165,2563.4640299479165,50.05578135173494,-2.692444878745391,-7.197742429944009,2578.671630859375
2010-03-05,2578.671630859375,2582.9873808927787,2565.9541081480897,2565.9541081480897,25418300.0,2566.581749217184,2568.454248046875,2561.5657552083335,2561.477099609375,52.874782959511776,-1.1813829685579549,-5.994470537666799,2626.3486328125
2010-03-08,2626.3486328125,2627.592724980753,2578.873675296934,2578.873675296934,29813600.0,2578.5351259362474,2582.80908203125,2567.719775390625,2562.0141031901044,61.39739235934383,3.819254102278137,-4.031725609677812,2657.0634765625
2010-03-09,2657.0634765625,2657.278556073916,2624.012762220824,2626.147688812576,30408700.0,2594.2407960614983,2598.9236328125,2577.0334635416666,2563.99091796875,65.70093013781533,10.143794851767325,-1.1966215173887846,2670.114990234375
2010-03-10,2670.114990234375,2676.16968603796,2652.7457937367462,2656.7585768875683,30181300.0,2609.415634896074,2619.548779296875,2584.480777994792,2567.050927734375,67.36579603120295,16.024466958647736,2.2475961778185196,2676.41796875
2010-03-11,2676.41796875,2687.0135042798283,2661.825518225255,2670.015141387939,40847100.0,2622.816101666859,2641.72333984375,2590.825992838542,2570.7830485026043,68.16934458217789,20.952017841824272,5.98848051061967,2666.4072265625
2010-03-12,2666.4072265625,2686.132533196624,2660.9533372310025,2676.008903706985,52724000.0,2631.5343266459877,2659.270458984375,2597.9241861979167,2572.3478515625,65.4143712242606,23.775287472184118,9.54584190293256,2669.504150390625
2010-03-15,2669.504150390625,2683.003625685544,2658.4516014715923,2666.306276640478,29518100.0,2639.1282913949153,2667.9015625,2605.6060384114585,2574.3081787109377,65.8738490135737,25.963355465482437,12.829344615442537,2756.15478515625
2010-03-17,2756.15478515625,2756.15478515625,2669.303182058792,2669.303182058792,65719300.0,2662.533590147182,2687.71982421875,2618.40546875,2579.9317301432293,75.62954716613334,34.29407640489126,17.122290973332284,2737.13525390625
2010-03-18,2737.13525390625,2779.2476261006154,2718.1999568196616,2756.3554519971967,60311400.0,2677.453922898996,2701.123876953125,2628.644482421875,2585.16455078125,70.84239713232652,38.91295127018475,21.480423032702777,2742.8671875
2010-03-19,2742.8671875,2758.0184522805826,2725.5426676023294,2738.6962075319643,38764300.0,2690.536575819197,2714.413720703125,2639.547916666667,2589.7785400390626,71.4293347117384,42.545523701808634,25.69344316652395,2702.295654296875
2010-03-22,2702.295654296875,2742.565326471694,2698.1578759645763,2742.565326471694,34251000.0,2692.8883915147326,2721.59140625,2649.772037760417,2593.417757161458,61.927099194110106,41.67023137759725,28.88880080873861,2720.756103515625
2010-03-23,2720.756103515625,2746.028068543846,2702.496804839494,2702.496804839494,27466700.0,2698.4619339149112,2731.841796875,2660.8508138020834,2600.147021484375,64.25704171816437,41.98221503416835,31.507483653824558,2774.741943359375
2010-03-24,2774.741943359375,2774.741943359375,2721.058000703685,2721.058000703685,33240000.0,2713.717935803804,2735.559228515625,2674.067561848958,2610.122566731771,70.03267375512539,46.054779595550826,34.41694284216982,2799.0400390625
2010-03-25,2799.0400390625,2814.75158606365,2760.0935560903213,2773.189238055542,42022300.0,2730.782356455543,2747.940185546875,2689.5376139322916,2620.444287109375,72.20930793303485,50.659004141663445,37.665355102068546,2812.97265625
2010-03-26,2812.97265625,2812.97265625,2792.2525146322664,2799.1411628010314,40138200.0,2747.220416414434,2761.961279296875,2706.032779947917,2631.4319986979167,73.40227141083442,54.80042583643353,41.092369248941544,2794.662109375
2010-03-29,2794.662109375,2813.68627049194,2780.3216036622707,2813.3813507317177,46152900.0,2756.708755006547,2780.4345703125,2720.4321451822916,2640.9989501953123,69.19814712988443,55.959952760126725,44.06588595117858,2798.1591796875
2010-03-30,2798.1591796875,2818.83122682422,2787.3964149127182,2795.07116508794,41374000.0,2764.998839942738,2795.915185546875,2731.886181640625,2649.802978515625,69.55677532616458,56.509662337691225,46.55464122848111,2777.19287109375
2010-03-31,2777.19287109375,2809.3634932491764,2758.1545500173115,2798.5680152280424,41736300.0,2767.4376461729407,2796.40537109375,2739.894807942708,2658.4641357421874,64.69348257430488,54.62383568200585,48.168480119186064,2829.885986328125
2010-04-01,2829.885986328125,2834.130694218579,2777.5960286792792,2777.5960286792792,42051100.0,2779.9273142039774,2802.574560546875,2750.546207682292,2667.513492838542,70.31163849211401,56.727281703432254,49.88024043603531,2887.1337890625
2010-04-05,2887.1337890625,2890.0636067381056,2830.92088775995,2830.92088775995,44192300.0,2801.368609175682,2817.406787109375,2764.593929036458,2677.7099609375,74.97141270888314,62.29559226081483,52.363310800991215,2880.85693359375
2010-04-06,2880.85693359375,2911.349643962369,2871.6353684691826,2888.693542825175,84458100.0,2817.266274059296,2834.645751953125,2778.890576171875,2688.4073811848957,73.60724675183286,65.4475896428994,54.980166569372855,2898.46923828125
2010-04-07,2898.46923828125,2915.9954117247757,2881.2589705131104,2881.2589705131104,65778000.0,2833.506866903687,2854.707763671875,2794.1549153645833,2699.880476888021,74.98277463565685,68.57623195843144,57.69937964718457,2850.722900390625
2010-04-08,2850.722900390625,2898.0670028008512,2837.289341824216,2898.0670028008512,51323800.0,2836.950073601075,2869.41376953125,2800.4594563802084,2709.4324625651043,65.08031842178318,66.43712725187925,59.44692916812351,2844.900390625
2010-04-09,2844.900390625,2870.8573893573453,2833.133758209914,2850.5222423876166,42393300.0,2838.5401370058603,2872.416650390625,2807.643798828125,2718.144140625,63.970841358158566,63.53959854319828,60.26546304313847,2881.220947265625
2010-04-12,2881.220947265625,2882.6019970674947,2845.503342304941,2845.503342304941,50485000.0,2847.0762990578132,2871.23408203125,2816.8673828125,2728.2076497395833,67.67304582455023,63.44272332062701,60.900915098636176,2884.587646484375
2010-04-13,2884.587646484375,2884.8337306536623,2856.137826377345,2880.9159144346927,49876500.0,2854.5785685431256,2871.980224609375,2829.0201822916665,2739.3961100260417,68.00127371174374,62.91239853041452,61.30321178499185,2884.902587890625
2010-04-14,2884.902587890625,2897.216317521013,2875.1410050029576,2884.7885786569486,50442600.0,2860.6433724126255,2869.26689453125,2839.96328125,2750.407047526042,68.03397083229427,61.80507502028604,61.40358443205069,2900.417236328125
2010-04-15,2900.417236328125,2913.604711767813,2885.003773235079,2885.003773235079,57186200.0,2868.5981451957255,2879.20576171875,2848.3416341145835,2761.204597981771,69.67771994517568,61.47081829915669,61.4170312054719,2878.558837890625
2010-04-16,2878.558837890625,2903.16505771981,2860.8156321384718,2900.72106106624,36312000.0,2870.5902837347057,2885.937451171875,2853.642887369792,2771.5902506510415,64.63488339145144,58.76472420298205,60.88656980497394,2840.314697265625
2010-04-19,2840.314697265625,2877.8562074574197,2811.678846931588,2877.8562074574197,37623100.0,2864.53516644089,2877.756201171875,2855.4656901041667,2780.749235026042,56.87848302612625,52.92406690737016,59.294069225453185,2891.157470703125
2010-04-20,2891.157470703125,2892.507515803956,2840.515399161343,2840.515399161343,40735900.0,2869.8596272933373,2879.070166015625,2861.898714192708,2791.1654296875,63.20085429123962,51.80076386556675,57.7954081534759,2912.712646484375
2010-04-21,2912.712646484375,2916.438575794244,2891.358496521444,2891.358496521444,65446100.0,2878.430231131545,2884.632177734375,2869.535611979167,2800.710896809896,65.50967530589926,52.04986224139839,56.6462989710604,2926.41796875
2010-04-22,2926.41796875,2927.2799957121783,2882.9015977479257,2912.612598406122,50073500.0,2888.027778655236,2889.83232421875,2879.483951822917,2809.6893798828123,66.93038089578096,52.74516602437734,55.8660723817238,2924.616943359375
2010-04-23,2924.616943359375,2926.274837712167,2906.916705653517,2926.0158146068347,38537700.0,2895.3456115960644,2899.0439453125,2885.799348958333,2818.1727783203123,66.542479757134,52.54516364626943,55.20189063463293,2944.594482421875
2010-04-26,2944.594482421875,2954.71420609912,2924.8181518244955,2924.8181518244955,40750000.0,2905.1953857612266,2919.89990234375,2889.630061848958,2827.111995442708,68.70881938275998,53.38331118240967,54.83817474418828,2939.184814453125
2010-04-27,2939.184814453125,2944.325483755473,2930.3050326924613,2943.5625739596885,42008700.0,2911.9932714996066,2929.50537109375,2893.518587239583,2836.204581705729,67.43550768005312,53.00008219262054,54.47055623387473,2903.2060546875
2010-04-28,2903.2060546875,2938.8836206499886,2875.556008202629,2938.8836206499886,51624300.0,2910.2358281371853,2927.604052734375,2893.834375,2843.9946451822916,59.53339599920805,49.225741524814566,53.4215932920627,2926.74609375
2010-04-29,2926.74609375,2927.850054650594,2903.406915055245,2903.406915055245,61415100.0,2913.5378812597482,2927.669677734375,2898.902587890625,2849.6810221354167,62.61972813940802,47.58549777553799,52.254374188757765,2971.136474609375
2010-04-30,2971.136474609375,2972.8014489596785,2927.1472175333943,2927.1472175333943,52354600.0,2925.057599929674,2936.973583984375,2907.318326822917,2857.481062825521,67.63293472044057,49.29923464707417,51.66334628042105,2960.77978515625
2010-05-03,2960.77978515625,2982.241840472071,2950.3170576028992,2971.631413589095,40869300.0,2932.2020369749894,2940.21064453125,2912.622249348958,2864.7448160807294,65.42820715632867,49.25391668809061,51.18146036195497,2958.89990234375
2010-05-04,2958.89990234375,2996.3025015197795,2946.304444569047,2961.1759369382403,39115500.0,2937.541610048742,2944.153662109375,2917.5763997395834,2873.298291015625,65.01392370758472,48.50715080711416,50.646598450986815,2846.128173828125
2010-05-05,2846.128173828125,2958.404807177291,2834.8524899023887,2958.404807177291,64284400.0,2919.258922804619,2932.7380859375,2914.9914388020834,2877.477360026042,46.1399351947722,38.37325445687293,48.191929652164035,2810.506591796875
2010-05-06,2810.506591796875,2845.9302620607414,2748.571990354284,2845.9302620607414,49674100.0,2897.5084566030705,2909.490185546875,2908.9973958333335,2878.6695149739585,41.992959917746695,27.154682345707897,43.98448019087281,2739.226318359375
2010-05-07,2739.226318359375,2808.6257149486964,2705.099717860456,2808.6257149486964,35710700.0,2865.852028954331,2863.108154296875,2899.708561197917,2876.6757242838544,35.17927314574875,12.369572043135122,37.661498561325274,2850.31591796875
2010-05-10,2850.31591796875,2859.938589824012,2739.820224264005,2739.820224264005,57259100.0,2862.7448067572154,2841.015380859375,2900.375309244792,2877.9204996744793,49.05349918849806,9.506680782971216,32.030535005654464,2812.78173828125
2010-05-11,2812.78173828125,2865.3666075814417,2808.4589083275905,2850.7121481231297,50915600.0,2852.752193062023,2811.791748046875,2895.1502604166667,2878.5244873046877,45.5091855704674,4.161156991156076,26.456659402754788,2847.510986328125
2010-05-12,2847.510986328125,2848.9647870359167,2812.8802572261293,2812.8802572261293,27651200.0,2851.7039517152434,2812.068310546875,2890.8034830729166,2880.1695475260417,49.1688810945936,2.6960723034035254,21.704541982884535,2858.27392578125
2010-05-14,2858.27392578125,2869.374568584515,2843.737381354648,2847.016306656839,27961400.0,2853.017946528445,2821.62177734375,2886.260546875,2882.872249348958,50.28328915636382,2.376071523750852,17.8388478910578,2819.360107421875
2010-05-17,2819.360107421875,2857.8776494601325,2780.2857023175275,2857.8776494601325,26022700.0,2846.2863787071315,2837.64853515625,2879.2434244791666,2882.52138671875,46.32852421735526,-1.0059552983630056,14.06988725317364,2834.07568359375
2010-05-18,2834.07568359375,2837.45445828302,2818.7261836072503,2820.366256465814,31953300.0,2843.8442396844553,2834.40048828125,2871.8755045572916,2880.752783203125,47.994261000990214,-2.470335418236118,10.761842718891689,2729.377685546875
2010-05-19,2729.377685546875,2833.580662217586,2721.6191983701983,2833.580662217586,47880900.0,2820.9509288569398,2817.719677734375,2857.888362630208,2875.703474934896,38.77389674703869,-11.94146686155409,6.221180802802534,2694.144287109375
2010-05-20,2694.144287109375,2763.773660307652,2660.0154869319654,2730.1819486256345,49228600.0,2795.589600507427,2787.046337890625,2843.9509114583334,2868.892643229167,36.25002152973836,-22.03642536786856,0.5696595686683157,2623.118896484375
2010-05-21,2623.118896484375,2692.560286707893,2584.868431469519,2692.560286707893,41668500.0,2761.0954597028167,2740.01533203125,2823.7090983072917,2861.305843098958,31.761772554516156,-35.36029666491959,-6.616331678049265,2609.508544921875
2010-05-24,2609.508544921875,2672.758036366308,2600.7508291329827,2623.6139529683333,54224200.0,2730.7780767466284,2698.04501953125,2799.6005696614584,2853.4594482421876,30.970444600990845,-46.481986875116945,-14.589462717462801,2514.02099609375
2010-05-25,2514.02099609375,2608.9145175703256,2501.9565244992014,2608.9145175703256,71613600.0,2687.4266606160527,2634.03408203125,2769.816650390625,2841.219449869792,26.064113821335013,-62.28309293634584,-24.12818876123941,2696.675048828125
2010-05-26,2696.675048828125,2701.886760000817,2514.8129880195825,2514.8129880195825,96599900.0,2689.276338258467,2627.4935546875,2752.334993489583,2834.9556966145833,44.25590634437168,-59.38240438514913,-31.179031886021356,2713.8173828125
2010-05-27,2713.8173828125,2731.955592280011,2618.18097147393,2696.179886262305,100495800.0,2694.184547169274,2631.428173828125,2743.5142740885417,2829.2528564453123,45.60852803194964,-55.065582958704,-35.95634210055789,2796.84814453125
2010-05-31,2796.84814453125,2799.343896976145,2714.2134222080167,2714.2134222080167,56586900.0,2714.7172666416695,2666.1740234375,2742.6037109375,2825.8005533854166,51.719408930823505,-44.432393351205064,-37.651552350687325,2724.509033203125
2010-06-01,2724.509033203125,2796.551153336937,2724.005146549439,2796.551153336937,55000000.0,2716.675619953961,2689.17412109375,2741.62255859375,2820.665559895833,46.78743189506738,-41.36583609114996,-38.39440909877985,2733.57177734375
2010-06-02,2733.57177734375,2771.173343840392,2721.088375613872,2724.9051218618656,59242600.0,2720.054851431919,2733.08427734375,2733.8396158854166,2817.107462565104,47.463360791833026,-37.7689032512144,-38.269307929266766,2810.86767578125
2010-06-03,2810.86767578125,2811.7226229827456,2734.066709141819,2734.066709141819,63368500.0,2738.2174163017853,2755.922802734375,2733.71201171875,2814.4311360677084,52.952505819462495,-28.35432404825997,-36.286311153065405,2823.14111328125
2010-06-04,2823.14111328125,2823.7541265350524,2791.3464521413766,2810.7685478878966,49708300.0,2755.202155697679,2777.787548828125,2732.087353515625,2811.445418294271,53.77832048140695,-19.676025395822307,-32.96425400161679,2750.1259765625
2010-06-07,2750.1259765625,2820.7653197252293,2698.176092241391,2820.7653197252293,39668300.0,2754.1869198706436,2768.443115234375,2724.877490234375,2805.5690185546873,48.34203346910416,-18.477129661125673,-30.066829133518567,2779.874755859375
2010-06-08,2779.874755859375,2781.2428666939136,2750.246025787465,2750.246025787465,43080100.0,2759.32448706839,2779.516259765625,2722.2451334635416,2800.744278971354,50.5359773054394,-14.954136310702324,-27.04429056895532,2785.684814453125
2010-06-09,2785.684814453125,2794.071451732305,2765.240539843328,2779.676991066424,40994900.0,2764.596552545337,2789.9388671875,2719.019075520833,2795.4472900390624,50.973914131555055,-11.560058369863782,-23.94744412913701,2770.679443359375
2010-06-10,2770.679443359375,2792.4154151260614,2758.0559104605745,2786.0807003496616,34594200.0,2765.813130708145,2781.901220703125,2721.772526041667,2789.8304443359375,49.748857799686604,-9.966151598966007,-21.151185623102812,2801.789794921875
2010-06-11,2801.789794921875,2817.297247540873,2771.372034393599,2771.372034393599,30751100.0,2773.008463550891,2777.63095703125,2728.9488932291665,2786.44990234375,52.30801149363009,-6.1220524190721335,-18.145358982296678,2826.72705078125
2010-06-14,2826.72705078125,2826.847163300469,2801.988022051408,2801.988022051408,24995300.0,2783.752180996963,2792.951171875,2742.522770182292,2783.115934244792,54.31636212557502,-1.05123005950054,-14.72653319773745,2830.06298828125
2010-06-15,2830.06298828125,2849.9211023932567,2824.2731744792736,2826.92492677802,37229900.0,2793.0143424538205,2802.988818359375,2757.2263997395835,2778.4134847005207,54.5918369830801,3.199730963633101,-11.14128036546334,2858.5478515625
2010-06-16,2858.5478515625,2877.7421740250325,2830.557972460306,2830.557972460306,37776100.0,2806.1210442755564,2817.56142578125,2780.194856770833,2775.005753580729,56.97744144524745,8.76608859720136,-7.1598065729304,2890.9853515625
2010-06-17,2890.9853515625,2897.495107897077,2856.2576996369944,2856.2576996369944,49582800.0,2823.093905732945,2841.622607421875,2793.148876953125,2772.741935221354,59.5815668734986,15.614903397321996,-2.604864578879921,2929.47509765625
2010-06-18,2929.47509765625,2931.949854855591,2891.183375059876,2891.183375059876,63241400.0,2844.3701441176063,2867.15966796875,2807.526057942708,2775.520166015625,62.48339415153732,23.873243417461254,2.690757020388314,2941.78857421875
2010-06-21,2941.78857421875,2981.162041702454,2925.963994839449,2929.871069328593,54836200.0,2863.853830137835,2890.17197265625,2817.188753255208,2779.896232096354,63.38896903654862,31.053664715519517,8.363338559414554,2934.474853515625
2010-06-22,2934.474853515625,2956.694935611807,2921.1863084233964,2940.7824692480604,34480600.0,2877.978034813393,2911.054345703125,2831.186474609375,2786.4045166015626,62.42513406677643,35.74203228935585,13.839077305402814,2924.676025390625
2010-06-23,2924.676025390625,2933.781627454994,2899.1530945787435,2933.781627454994,45910300.0,2887.3176329288394,2924.27998046875,2843.9267578125,2788.8831868489583,61.08501276119092,38.2262652413433,18.71651489259091,2913.981689453125
2010-06-24,2913.981689453125,2946.4294026552907,2908.234842549716,2924.775215166528,40566000.0,2892.650444233697,2928.879248046875,2850.801025390625,2792.2565185546873,59.581657660219584,38.88386522590508,22.749984959253744,2946.908203125
2010-06-25,2946.908203125,2949.3011763541604,2904.279003636832,2913.684643261384,25184500.0,2903.501996011958,2932.365869140625,2859.0521647135415,2795.569759114583,62.631057185702986,41.58257439303679,26.516502846010354,2955.616943359375
2010-06-28,2955.616943359375,2975.780221393691,2945.108319001239,2947.105311619419,29699400.0,2913.9249854814416,2935.13154296875,2872.7515625,2798.8145263671877,63.41720991443687,43.91778650116112,29.996759577040507,2893.258544921875
2010-06-29,2893.258544921875,2960.6958629914952,2872.305258449973,2955.7160762382928,27437700.0,2909.7916973695283,2926.88828125,2880.310481770833,2801.2778076171876,54.56530042412909,40.27242190708557,32.05189204304952,2913.57080078125
2010-06-30,2913.57080078125,2917.949536783564,2844.337408629592,2892.4676173784846,24859700.0,2910.5475180518724,2924.667236328125,2888.836214192708,2803.9276448567707,56.68612506701259,38.57777294145444,33.357068222730504,2874.13623046875
2010-07-01,2874.13623046875,2912.7677841738296,2860.8008117745667,2912.7677841738296,38617700.0,2903.265260535248,2916.69814453125,2895.733333333333,2808.7529296875,51.64582959668863,33.664646086569974,33.4185837954984,2871.442138671875
2010-07-02,2871.442138671875,2891.072477765351,2861.1136834488566,2874.7291200490163,24510400.0,2896.900636162574,2901.604931640625,2900.3768229166667,2814.6628580729166,51.31016725824019,29.216774178444666,32.57822187208765,2877.19189453125
2010-07-05,2877.19189453125,2885.2426063636544,2868.963211114838,2871.8371226195554,22568500.0,2892.9588878363093,2885.919921875,2903.741145833333,2823.1319580078125,52.026785527547844,25.857689542017397,31.234115406073602,2910.53466796875
2010-07-06,2910.53466796875,2911.9696707105954,2864.6345989817924,2877.2910887989915,24580200.0,2896.4740438627973,2889.375146484375,2909.105924479167,2833.166162109375,56.0650667906878,25.59107593251474,30.105507511361832,2901.93115234375
2010-07-07,2901.93115234375,2913.730742542521,2890.17355270038,2910.4149534526714,20540500.0,2897.565465558988,2887.047216796875,2911.99814453125,2846.096500651042,54.7836003752082,24.404234098204142,28.965252828730296,2915.794677734375
2010-07-08,2915.794677734375,2936.1449613262744,2902.521267637065,2902.521267637065,41989100.0,2901.2113079940655,2895.37890625,2913.652099609375,2853.40048828125,56.508644629346335,24.30218358569482,28.032638980123203,2943.781494140625
2010-07-09,2943.781494140625,2943.8454564964813,2909.5528450367137,2916.0884794971566,42852300.0,2909.7253452233776,2909.84677734375,2914.605859375,2861.065958658854,59.83958568167268,26.177848070286927,27.66168079815595,2958.676025390625
2010-07-12,2958.676025390625,2972.446486289405,2940.4897204905483,2942.012610521513,34634600.0,2919.515481256827,2926.143603515625,2915.731689453125,2866.4602213541666,61.52832689785879,28.53723045200195,27.836790728925152,2961.396728515625
2010-07-13,2961.396728515625,2978.390207887455,2946.293312316084,2957.677879083504,27671900.0,2927.8917307085867,2936.316015625,2917.5264811197917,2874.356477864583,61.843948949486695,30.277574955316595,28.324947574203442,2980.94287109375
2010-07-14,2980.94287109375,2994.470175768111,2961.593527764377,2961.593527764377,39458200.0,2938.5019587856195,2952.118359375,2921.2776041666666,2882.6021809895833,64.1212880285655,32.855285584313606,29.231015176225476,2980.480712890625
2010-07-15,2980.480712890625,2986.9255299622696,2956.773629433173,2979.944845112593,45256300.0,2946.897709606621,2965.05556640625,2925.710872395833,2888.2559488932293,64.02398613895922,34.463572908955484,30.27752672277148,2992.33349609375
2010-07-16,2992.33349609375,2992.33349609375,2972.1504436834025,2980.3620381685964,43437600.0,2955.9848669040466,2974.765966796875,2928.739225260417,2893.8956949869794,65.47114296577595,36.27640097826679,31.477301573870545,2975.456298828125
2010-07-19,2975.456298828125,2992.038661712625,2947.914401248805,2992.038661712625,29147800.0,2959.8791532888627,2978.122021484375,2930.0618489583335,2901.406705729167,61.66730347132131,35.936972464619885,32.369235752020415,2995.324462890625
2010-07-20,2995.324462890625,2995.324462890625,2970.6825986748736,2975.7512492672968,42827800.0,2966.9682152092155,2984.907568359375,2936.866243489583,2908.5883626302084,64.29707575228642,36.84642506473028,33.26467361456239,3013.28369140625
2010-07-21,3013.28369140625,3014.363727528324,2994.095472798035,2995.619583446793,50624800.0,2976.2313104486225,2991.375732421875,2943.51376953125,2916.1749918619794,66.53214640079256,38.571701882989146,34.326079268247746,3009.805908203125
2010-07-22,3009.805908203125,3018.894421527224,2997.1882354126788,3013.5787105269305,42180100.0,2982.946229999523,2997.240771484375,2952.558414713542,2924.1458740234375,65.67474268905038,39.20642093655579,35.302147601909354,3041.901611328125
2010-07-23,3041.901611328125,3051.2462182857184,3010.197767298005,3010.197767298005,51153000.0,2994.7373062652437,3007.15439453125,2963.9223795572916,2932.1496012369794,69.5719779169826,41.817252114573876,36.60516850444226,3023.581298828125
2010-07-26,3023.581298828125,3062.8336774015524,3014.4337056276427,3041.9995273153727,41815100.0,3000.5061047778204,3016.77939453125,2973.681673177083,2938.7114095052084,65.03310547634231,41.92477580544755,37.66908996464332,3041.5595703125
2010-07-27,3041.5595703125,3061.50776833663,3023.87520017296,3023.87520017296,38118200.0,3008.7167978847565,3026.026416015625,2982.4166666666665,2945.761295572917,67.288457758631,42.965406897559205,38.7283533512265,3057.35595703125
2010-07-28,3057.35595703125,3064.669636871749,3041.4605803567424,3041.4605803567424,39927800.0,3018.4446297140553,3034.840869140625,2992.7783203125,2952.388232421875,69.1700464773524,44.55119251256019,39.89292118349324,3096.6953125
2010-07-29,3096.6953125,3097.0724950756808,3056.551856416183,3057.847948516047,45659200.0,3034.0947662712447,3052.21875,3004.8383626302084,2959.2452311197917,73.29048836865435,48.42409344475391,41.599155635745376,3069.16064453125
2010-07-30,3069.16064453125,3103.958363228922,3053.978129634709,3096.597565566185,33560600.0,3041.107941923246,3057.670556640625,3013.19697265625,2963.901416015625,66.58283665279015,48.710078286489534,43.02134016589421,3058.85986328125
2010-08-02,3058.85986328125,3083.7399977316345,3048.467201662488,3070.158495472416,29613000.0,3044.6583261948467,3064.72626953125,3019.8758951822915,2967.8037923177085,64.21509127712574,47.55732513358771,43.92853715943291,2973.540283203125
2010-08-03,2973.540283203125,3084.0479454154374,2965.442697950008,3059.2530119339467,43158300.0,3030.434717596502,3051.122412109375,3020.6854654947915,2969.1059733072916,48.75113365558462,39.30608678666522,43.00404708487938,2983.130859375
2010-08-04,2983.130859375,3001.003210014159,2959.6386104772705,2973.737182346621,30313800.0,3020.973945952202,3036.277392578125,3020.831331380208,2971.0544677734374,50.20280758526175,33.158568952653695,41.03495145843424,3044.822509765625
2010-08-05,3044.822509765625,3046.755540061966,2983.72088200246,2983.72088200246,35892100.0,3025.743658714887,3025.90283203125,3025.120784505208,2975.4158284505206,58.371333432354085,32.88553342779278,39.40506785230595,3060.473876953125
2010-08-06,3060.473876953125,3062.56388348227,3031.3080201579032,3045.3133343226023,27844700.0,3032.6897023625343,3024.165478515625,3029.6634765625,2979.201350911458,60.1570042051996,33.545394904151635,38.23313326267508,3082.477783203125
2010-08-09,3082.477783203125,3082.664787634735,3056.0549847148213,3057.4289546118216,24487600.0,3042.6473185306527,3028.8890625,3036.7982421875,2983.4300455729167,62.586779820006306,35.435394053388336,37.67358542081773,3057.041748046875
2010-08-10,3057.041748046875,3083.1679271094267,3047.100240961223,3082.8708195478325,23919300.0,3045.526204433897,3045.58935546875,3040.9127278645833,2988.8894856770835,58.170549983670284,34.483255037580875,37.03551934417036,3035.199951171875
2010-08-11,3035.199951171875,3061.758731659051,3022.378428845114,3054.517070226452,28779900.0,3043.4609537814927,3056.003173828125,3042.373811848958,2992.9437906901044,54.60732231115767,31.60194004613595,35.948803484563484,3025.5263671875
2010-08-12,3025.5263671875,3034.120027083594,2993.6526068956327,3034.120027083594,25851700.0,3039.8740364626947,3052.1439453125,3043.421842447917,2997.990128580729,53.05719137015834,28.212681543587678,34.40157909636832,3052.89111328125
2010-08-13,3052.89111328125,3053.4469998350746,3025.6250853276056,3025.6250853276056,22483700.0,3042.4774518264057,3050.627392578125,3044.154475911458,3004.038427734375,56.793599358114804,27.4187102508522,33.0050053272651,3052.480224609375
2010-08-16,3052.480224609375,3058.9208917091205,3032.306938108986,3052.791980044383,26005500.0,3044.478006383,3044.627880859375,3046.0810709635416,3009.8813720703124,56.720595899631846,26.45141159182549,31.69428658017718,3071.96728515625
2010-08-18,3071.96728515625,3072.708223099434,3045.103341060701,3053.2370575196965,35134300.0,3049.97586213765,3047.61298828125,3048.108251953125,3015.262459309896,59.38694235251931,26.946639277618033,30.744757119665355,3105.229248046875
2010-08-19,3105.229248046875,3118.2516904569634,3072.3574804784744,3072.3574804784744,57274200.0,3061.0265393194954,3061.61884765625,3051.2998046875,3022.0390625,63.518332511624365,29.680929925537384,30.531991680839763,3117.5986328125
2010-08-20,3117.5986328125,3118.53072544142,3084.866020057032,3103.2451875467223,44632400.0,3072.3409580180964,3080.03330078125,3052.693359375,3028.765861002604,64.94639786842465,32.47166776574659,30.919926897821128,3128.612060546875
2010-08-23,3128.612060546875,3129.535120306637,3107.642906369331,3117.305616047037,55150900.0,3083.595178523852,3095.177490234375,3056.656787109375,3034.9268798828125,66.214524236697,35.166659821464236,31.769273482549753,3114.817626953125
2010-08-24,3114.817626953125,3144.9924768808246,3099.794286406925,3128.316124555914,49021600.0,3089.839668209707,3107.644970703125,3060.3873046875,3040.131599934896,63.13376594803732,35.77695052064246,32.570808890168294,3138.78759765625
2010-08-25,3138.78759765625,3140.036572422835,3102.39399633611,3114.62252371262,65868600.0,3099.6292540990157,3121.009033203125,3071.4037923177084,3046.04462890625,66.08650598445962,37.75951838354513,33.608550788843665,3145.0126953125
2010-08-26,3145.0126953125,3150.0364257130327,3128.7484352768365,3138.396985810895,69423400.0,3108.7059423417127,3128.96572265625,3082.1959147135417,3051.513623046875,66.82954432426624,39.37909337824385,34.762659306723705,3104.6123046875
2010-08-27,3104.6123046875,3144.9149382621254,3089.5699202918872,3144.9149382621254,48185900.0,3107.8872148108703,3126.36845703125,3086.1819010416666,3055.6513427734376,57.95486508648095,36.97640338544852,35.20540812246867,3099.4443359375
2010-08-30,3099.4443359375,3138.36591712543,3089.520893953125,3105.1001217191383,38236500.0,3106.1986390361967,3120.534912109375,3088.779931640625,3059.2217041015624,56.9136990887693,34.26031083114549,35.01638866420404,3081.763916015625
2010-08-31,3081.763916015625,3099.630163006492,3057.9318371004606,3098.6502207327217,35991000.0,3101.3116944320827,3113.924169921875,3088.7323404947915,3062.7652913411457,53.380484853061546,30.3314833280956,34.07940759698235,3135.19384765625
2010-09-01,3135.19384765625,3135.4179600240745,3081.36708600578,3081.36708600578,38262900.0,3108.0881250769166,3113.205419921875,3093.94248046875,3067.4276041666667,61.21622406845451,31.16990096139034,33.49750626986395,3122.027587890625
2010-09-02,3122.027587890625,3159.601322896443,3105.6874026409346,3135.5851664428324,40055000.0,3110.8760176396586,3108.6083984375,3099.730989583333,3071.0524007161457,58.602320747929895,30.42126840262381,32.882258696415924,3164.154052734375
2010-09-03,3164.154052734375,3164.2390103680627,3122.124681303263,3122.124681303263,36230200.0,3121.531624658602,3120.516748046875,3108.972835286458,3076.1973388671877,63.911944465474654,32.84856751474308,32.87552046008136,3217.022705078125
2010-09-06,3217.022705078125,3217.241690693269,3164.349706898999,3164.349706898999,28435500.0,3140.629840742507,3144.032421875,3119.91494140625,3082.034708658854,69.24348569033462,38.59339729080739,34.01909582622657,3230.76220703125
2010-09-07,3230.76220703125,3239.3280357820163,3214.06998555307,3217.413849559661,36835100.0,3158.656314000256,3173.832080078125,3131.8004069010417,3088.940738932292,70.46468980535613,43.75055015104181,35.96538669118962,3356.9013671875
2010-09-15,3356.9013671875,3359.9232222649875,3231.953347988635,3231.953347988635,46833300.0,3198.305324637705,3218.173583984375,3150.7960123697917,3099.4521321614584,78.7907574031264,57.35485590698272,40.243280534348244,3341.502197265625
2010-09-16,3341.502197265625,3357.990570041249,3317.665965566997,3356.999397630212,50943400.0,3226.944699163289,3262.068505859375,3166.547542317708,3108.9236735026043,75.97496292809328,66.13145961479813,45.42091635043822,3384.521484375
2010-09-17,3384.521484375,3390.4240869102705,3341.306123593052,3341.306123593052,92721600.0,3258.460056205631,3306.1419921875,3184.3423990885417,3118.5178792317706,78.30729298537895,75.68581921665782,51.47389692368214,3370.850830078125
2010-09-20,3370.850830078125,3391.9271587876306,3344.7707897294817,3384.4242767713536,102815200.0,3280.93821098013,3336.9076171875,3200.491650390625,3128.57421875,75.78935556516088,81.21837560791755,57.422792660529225,3364.90625
2010-09-21,3364.90625,3405.71667462352,3342.074130116231,3371.3398376918967,100983500.0,3297.731818784104,3363.73642578125,3217.1642252604165,3138.7757649739583,74.66506967608592,84.15322251098632,62.76887863062065,3343.212646484375
2010-09-22,3343.212646484375,3380.072293099084,3332.1391036961363,3365.002812385453,112246400.0,3306.8279843241585,3360.998681640625,3230.7925618489585,3151.098177083333,70.55193727863337,83.7630490348115,66.96771271145882,3337.067138671875
2010-09-23,3337.067138671875,3351.257504333906,3313.1830585044204,3343.7018902047007,75105000.0,3312.8758151937022,3360.111669921875,3243.59619140625,3162.8960530598956,69.38583460510833,82.01255296404997,69.97668076197705,3397.49365234375
2010-09-24,3397.49365234375,3400.430549677402,3331.729123870452,3338.5809077911726,49811300.0,3329.799382623712,3362.706103515625,3263.121614583333,3174.6517578125,73.94578650486562,84.52681436432522,72.88670748244668,3467.90087890625
2010-09-27,3467.90087890625,3471.8938875158765,3397.688768602472,3397.688768602472,60521200.0,3357.4196818802197,3382.11611328125,3287.6853841145835,3188.232657877604,78.04854164175671,91.149939638879,76.53935391373315,3472.572021484375
2010-09-28,3472.572021484375,3524.1789017846054,3455.366635723274,3468.097097808216,61810900.0,3380.450149801051,3403.649267578125,3313.7392578125,3201.235799153646,78.29276806360879,95.67287890991702,80.36605891296993,3495.328125
2010-09-29,3495.328125,3513.219274644941,3473.1578449603458,3473.1578449603458,61190500.0,3403.425744840841,3434.07236328125,3337.7482096354165,3215.8453450520833,79.4899377396419,99.94150478551046,84.28114808747804,3501.159912109375
2010-09-30,3501.159912109375,3514.632533359101,3487.5774318453628,3495.6242384450843,55774300.0,3422.972578294548,3466.89091796875,3363.0236979166666,3231.37734375,79.79743846439393,102.61214904678855,87.94734827934016,3546.97705078125
2010-10-01,3546.97705078125,3549.8968591069493,3501.062820728497,3501.062820728497,50247800.0,3447.7734727918883,3496.78759765625,3388.545231119792,3248.759033203125,82.07164820719389,107.19009337293392,91.79589729805892,3569.359130859375
2010-10-04,3569.359130859375,3594.227059507946,3547.1720060796274,3547.1720060796274,56368500.0,3472.090604405386,3517.079248046875,3412.034326171875,3265.9746337890624,83.07403357298978,111.34072744240848,95.70486332692883,3591.55517578125
2010-10-05,3591.55517578125,3591.951156451387,3552.9485252295813,3569.455938899531,68355200.0,3495.983518680559,3540.87587890625,3436.087190755208,3283.943798828125,84.02775211702414,115.09443318927015,99.5827772993971,3603.263916015625
2010-10-06,3603.263916015625,3630.244800279468,3582.112639013371,3591.944287894761,81232300.0,3517.4395981475727,3562.463037109375,3452.5113606770833,3301.6536865234375,84.52316595926034,117.65778382799499,103.19777860511667,3586.04638671875
2010-10-07,3586.04638671875,3605.394510213909,3540.4741867898524,3603.3596773453473,64812100.0,3531.1609558618084,3579.44033203125,3468.814306640625,3317.6809244791666,80.56586993132855,116.95179941211154,105.94858276651564,3546.816162109375
2010-10-08,3546.816162109375,3585.755565683302,3531.8765575796106,3585.755565683302,54248000.0,3534.291997111322,3579.408154296875,3479.6339518229165,3331.988175455729,72.2639399375262,111.93641707285497,107.1461496277835,3548.60791015625
2010-10-11,3548.60791015625,3575.099798478009,3536.376208727092,3547.58378011423,54496100.0,3537.155179720308,3575.25791015625,3491.484423828125,3345.988037109375,72.40380780565023,106.87428924871165,107.09177755196913,3547.110107421875
2010-10-12,3547.110107421875,3565.2693133589405,3535.64644189095,3548.800959637033,64487400.0,3539.1461652606213,3566.368896484375,3503.63134765625,3360.3977864583335,72.07659536069369,101.57081122820773,105.98758428721686,3611.83837890625
2010-10-13,3611.83837890625,3611.83837890625,3547.842823664045,3549.3317793642245,85224100.0,3553.6846079897473,3568.0837890625,3521.539729817708,3376.1661458333333,76.929017447015,101.42167134504825,105.07440169878315,3618.337158203125
2010-10-14,3618.337158203125,3645.468182015943,3602.8607099511223,3612.030274836525,66365500.0,3566.615118032423,3574.541943359375,3540.291064453125,3391.9436279296874,77.35451232906205,100.66744247628321,104.19300985428316,3596.89111328125
2010-10-15,3596.89111328125,3619.3252993503593,3584.647692975769,3619.3252993503593,50094300.0,3572.6703170821884,3584.55693359375,3553.584228515625,3408.352921549479,72.59631002467219,97.21851949443771,102.79811178231408,3566.779052734375
2010-10-18,3566.779052734375,3596.6990300135094,3557.1363618838222,3596.6990300135094,49795600.0,3571.492064212626,3588.191162109375,3560.1761067708335,3423.9307454427085,66.41863389571193,91.0063668069788,100.43976278724703,3592.648193359375
2010-10-19,3592.648193359375,3599.6799019765817,3567.2732048626053,3567.2732048626053,64020700.0,3575.723290041976,3597.298779296875,3568.181184895833,3440.9602213541666,68.86951731734814,87.16582116943209,97.78497446368405,3578.81494140625
2010-10-20,3578.81494140625,3592.360313139777,3536.951579004593,3592.360313139777,82157600.0,3576.341620314831,3590.694091796875,3573.74697265625,3455.747591145833,66.09173372712411,82.05999669737866,94.63997891042297,3587.870361328125
2010-10-21,3587.870361328125,3610.418555964451,3579.006692651291,3579.006692651291,68012400.0,3578.64736851749,3584.600732421875,3579.5276692708335,3471.27568359375,67.02922978902393,77.84691989170506,91.28136710667938,3597.605224609375
2010-10-22,3597.605224609375,3605.073928330081,3582.671723266076,3588.6114337071817,51559900.0,3582.4389397358673,3584.7435546875,3582.902880859375,3485.724055989583,68.05185263688222,74.43550214454808,87.91219411425313,3643.34912109375
2010-10-25,3643.34912109375,3644.5780771533264,3598.065971983174,3598.065971983174,51321400.0,3594.620976007444,3600.057568359375,3587.835546875,3499.9349365234375,72.3860002434185,74.56355688106123,85.24246666761475,3653.9599609375
2010-10-26,3653.9599609375,3661.053679227997,3637.922498641347,3642.966247819915,53657000.0,3606.4887729934553,3612.319921875,3591.9958658854166,3514.0415283203124,73.29113801897279,74.66060628459854,83.12609459101152,3624.325927734375
2010-10-27,3624.325927734375,3666.871146234517,3601.9818269997445,3652.0438426768246,51160600.0,3610.0562039416395,3621.422119140625,3593.4,3522.9556803385417,66.7141228837668,71.52184056137048,80.80524378508332,3638.68408203125
2010-10-28,3638.68408203125,3643.38189694465,3614.4931305284263,3623.750826279144,43195900.0,3615.781779559562,3631.58486328125,3596.9091796875,3532.8617431640623,68.20299084435173,69.39300974706703,78.52279697748007,3635.182373046875
2010-10-29,3635.182373046875,3647.422863038921,3615.083302452025,3639.067231485285,34923600.0,3619.661898257025,3639.10029296875,3602.800260416667,3541.217106119792,67.411048835647,66.6549802186214,76.14923362570833,3645.005126953125
2010-11-01,3645.005126953125,3663.6433176618784,3621.423036839788,3635.3746423493017,38168300.0,3624.7305439962447,3639.431494140625,3609.226741536458,3550.3555826822917,68.51544629548816,64.53378098266148,73.82614309709896,3625.346923828125
2010-11-02,3625.346923828125,3648.119963189847,3616.228138143437,3644.033208200512,49374100.0,3624.853819962621,3633.70888671875,3614.442529296875,3559.0369384765627,63.851822082112974,60.5682692979899,71.17456833727715,3605.532958984375
2010-11-03,3605.532958984375,3641.59137195047,3590.234481326672,3625.539017343801,47337100.0,3620.9896477669718,3629.95029296875,3614.02216796875,3567.7809488932294,59.4587993933813,55.19054905268649,67.97776448035901,3628.90478515625
2010-11-04,3628.90478515625,3633.5506005932175,3604.57980332104,3605.724778328889,41669600.0,3622.5726752448277,3627.99443359375,3614.7266764322917,3577.5088704427085,62.71720094881699,52.21270252602881,64.82475208949297,3655.16259765625
2010-11-05,3655.16259765625,3665.7063765289927,3629.574726874109,3629.574726874109,49451700.0,3629.0906597271123,3631.990478515625,3618.6114420572917,3586.097835286458,66.02138513246535,51.37925564587249,62.13565280076888,3699.118896484375
2010-11-08,3699.118896484375,3700.393993316728,3654.3386577962656,3655.258543851082,41320300.0,3643.0963070785647,3642.813232421875,3627.4340983072916,3593.8051025390623,70.70235372228193,53.64723699219985,60.43796963905508,3737.338623046875
2010-11-09,3737.338623046875,3742.626503453916,3689.6036620132354,3699.010278816729,59587600.0,3661.9447702722273,3665.211572265625,3637.080126953125,3602.630655924479,74.04985660592597,57.861648006505675,59.922705312545204,3756.82080078125
2010-11-10,3756.82080078125,3759.33071284455,3731.0466575964574,3737.910404086066,71330800.0,3680.919976374032,3695.469140625,3648.9471842447915,3611.3470784505207,75.58144742581658,62.0582788141146,60.349820012859084,3744.47216796875
2010-11-11,3744.47216796875,3777.7709206573854,3721.7481989737503,3757.200676423336,78274500.0,3693.6304146929756,3718.5826171875,3659.3873046875,3619.457486979167,72.65439213897386,63.653944449686605,61.01064490022459,3665.703125
2010-11-12,3665.703125,3744.389024102199,3633.276409886446,3744.377061677652,58737900.0,3688.0449567543806,3720.69072265625,3663.9271647135415,3623.4150227864584,57.38739546930635,57.895138378058164,60.38754359579131,3656.319580078125
2010-11-15,3656.319580078125,3674.425076435397,3633.007499294502,3664.943267810879,57098700.0,3681.6998814191297,3712.130859375,3664.7918619791667,3626.3137044270834,55.88095623425815,51.974934728421886,58.70502182231743,3673.884033203125
2010-11-16,3673.884033203125,3682.6524905747215,3637.762392957516,3656.7946107995504,67855800.0,3680.136711775929,3699.43994140625,3666.1201334635416,3629.057999674479,58.098232579997315,48.145444543054964,56.59310636646494,3677.760986328125
2010-11-18,3677.760986328125,3682.222726827095,3641.0243782878247,3673.408128312332,137832000.0,3679.6615666863686,3683.627978515625,3669.682470703125,3631.5412353515626,58.59289531939405,44.905738299043605,54.255632752980674,3724.903076171875
2010-11-19,3724.903076171875,3724.903076171875,3678.330914729953,3678.330914729953,83904100.0,3688.70986858347,3679.71416015625,3675.4304036458334,3636.1697916666667,64.13694488567575,45.61638315752134,52.52778283388881,3741.083251953125
2010-11-22,3741.083251953125,3742.7982730268272,3707.7505662137664,3725.187875140492,54562700.0,3699.184545257401,3694.790185546875,3682.4904622395834,3642.645361328125,65.82808891046265,46.94403764563049,51.41103379623715,3678.051025390625
2010-11-23,3678.051025390625,3740.893551686553,3658.434600917384,3740.893551686553,67385300.0,3694.957841284046,3699.136474609375,3684.6935221354165,3646.9601318359373,54.95600986937467,42.421036192346946,49.61303427545911,3658.634765625
2010-11-24,3658.634765625,3684.0107315341215,3619.7402826658167,3677.48095626887,54330600.0,3687.693226152237,3696.08662109375,3686.9127115885417,3650.6776204427083,52.10145238892095,36.845068050296504,47.05944103042658,3701.868896484375
2010-11-25,3701.868896484375,3710.7987247981655,3659.014606951154,3659.014606951154,85829100.0,3690.5283602186646,3700.908203125,3693.335107421875,3653.6786376953123,57.406755105211936,35.505421761969956,44.74863717673526,3642.358154296875
2010-11-26,3642.358154296875,3710.3154687474994,3631.953530191131,3701.774785725483,90591300.0,3680.894319034307,3684.39921875,3694.231998697917,3654.4793375651043,49.310558221405856,29.303925472546325,41.659694835897476,3630.494873046875
2010-11-29,3630.494873046875,3642.735364069534,3573.0820655560847,3642.735364069534,50401500.0,3670.814429836821,3662.28154296875,3692.5874837239585,3655.599462890625,47.86145895045416,23.16489682160136,37.96073523303825,3531.073486328125
2010-11-30,3531.073486328125,3633.848538423203,3529.716605552549,3631.3986826148353,79712800.0,3642.866241135082,3632.88603515625,3681.384456380208,3654.40927734375,37.82835433919328,10.160078318976048,32.40060385022581,3618.953125
2010-12-01,3618.953125,3618.953125,3530.7885880884683,3530.7885880884683,66508300.0,3638.0836179080657,3624.94970703125,3673.49208984375,3655.2861083984376,48.17067680946245,6.865675131838543,27.293618106548355,3694.43603515625
2010-12-02,3694.43603515625,3706.253445499062,3619.706771053333,3619.706771053333,65178300.0,3649.354101357703,3623.463134765625,3669.33310546875,3659.140144856771,55.08241344339057,10.22777743208053,23.88044997165479,3696.115966796875
2010-12-03,3696.115966796875,3727.947734079505,3679.6915580516416,3694.5300911007375,39808400.0,3658.7064744455374,3634.214697265625,3666.1093587239584,3662.748331705729,55.225523389859156,12.879358938563655,21.680231765036567,3722.2021484375
2010-12-06,3722.2021484375,3728.8220081449554,3696.585224888193,3696.585224888193,39784700.0,3671.40560924393,3652.55615234375,3669.8759602864584,3666.9015625,57.49039735140243,16.890984478353403,20.722382307699935,3769.845947265625
2010-12-08,3769.845947265625,3771.6400667725206,3722.76379845329,3722.76379845329,43078500.0,3691.0936768482693,3700.31064453125,3677.444384765625,3671.118123372396,61.33709905151519,23.64215101030868,21.306336048221684,3785.949462890625
2010-12-09,3785.949462890625,3788.417384344379,3764.141474410817,3771.340168634463,47791600.0,3710.064834056741,3733.709912109375,3684.9154134114583,3675.5177734375,62.569978300771474,29.94671120901694,23.034411080380735,3747.568359375
2010-12-10,3747.568359375,3784.509793727457,3728.838863200809,3784.509793727457,49468500.0,3717.5655391203927,3744.336376953125,3689.56923828125,3679.6258544921875,57.83620620600115,31.48316793656977,24.724162451618543,3692.088134765625
2010-12-13,3692.088134765625,3751.786981499976,3681.1806006060574,3747.660921497943,37966100.0,3712.4700582494393,3743.530810546875,3687.3815755208334,3681.4059895833334,51.7423409015591,27.902389131066684,25.35980778750817,3689.5224609375
2010-12-14,3689.5224609375,3712.190524264111,3676.583999513042,3692.275283516129,35754300.0,3707.8805387870516,3736.994873046875,3683.944189453125,3683.217325846354,51.472247421211684,24.574290569171808,25.2027043438409,3658.171630859375
2010-12-15,3658.171630859375,3690.970403536333,3613.5324985605935,3690.970403536333,41483000.0,3697.9387572015166,3714.660009765625,3682.618896484375,3683.656209309896,48.16382267644847,19.18583612761813,23.999330700596346,3571.59912109375
2010-12-16,3571.59912109375,3657.331870534814,3554.709641285018,3657.331870534814,40147400.0,3672.6708299799634,3671.78994140625,3676.8165201822917,3681.8646158854167,40.434882259192065,7.839401400053248,20.767344840487727,3581.42529296875
2010-12-17,3581.42529296875,3601.708681757845,3536.524211739296,3571.3187534534286,31291800.0,3654.4217225777206,3638.561328125,3668.7869466145835,3681.061027018229,41.58077465131397,-0.35573917880856243,16.542728036628468,3568.671142578125
2010-12-20,3568.671142578125,3591.1502480131057,3537.530264940956,3589.010194599228,35779900.0,3637.271606577802,3613.8779296875,3663.874479166667,3679.0532389322916,40.491914746723054,-7.789804459177049,11.676221537467365,3637.30419921875
2010-12-21,3637.30419921875,3641.95392023509,3569.32369599029,3569.32369599029,25533800.0,3637.2781251059914,3603.43427734375,3664.328434244792,3678.457958984375,48.332733362696544,-8.050440209397038,7.730889188094485,3620.54296875
2010-12-22,3620.54296875,3649.838701927608,3610.425199034894,3637.5442592374047,22447400.0,3633.9310938347935,3595.908544921875,3670.29306640625,3675.838761393229,46.713948090053606,-9.499977313664658,4.2847158877426565,3611.390380859375
2010-12-23,3611.390380859375,3625.977703464298,3587.853211442688,3621.4910617647183,19787100.0,3629.42295123971,3603.866796875,3669.788883463542,3671.640486653646,45.81165717645066,-11.257513653711612,1.1762699794518028,3625.125
2010-12-27,3625.125,3626.105918847552,3601.3368634879307,3611.857450052495,18671400.0,3628.563360991768,3612.60673828125,3665.168147786458,3667.250626627604,47.45192299260309,-11.410570927103436,-1.341098201859245,3659.8505859375
2010-12-28,3659.8505859375,3672.035170664776,3623.690127007037,3625.590931989737,20076600.0,3634.8208059809144,3630.842626953125,3662.750455729167,3664.4299072265626,51.45309785244194,-8.630320386432231,-2.7989426387738425,3699.072998046875
2010-12-29,3699.072998046875,3703.86065341107,3659.9434182483656,3659.9434182483656,18902500.0,3647.6712443941065,3643.19638671875,3661.2085123697916,3665.542236328125,55.56831612744651,-3.2248567987030583,-2.8841254707596855,3703.367919921875
2010-12-30,3703.367919921875,3718.838265466432,3688.88947915643,3698.794123210908,20503500.0,3658.8105794996604,3659.761376953125,3656.776643880208,3667.1105143229165,56.008070350561596,1.3895583759986039,-2.029388701408028,3727.3720703125
2011-01-03,3727.3720703125,3738.443661038456,3704.2967962189314,3704.2967962189314,35205800.0,3672.522877662229,3682.95771484375,3652.871484375,3668.893448893229,58.481366124936564,6.9038664970144055,-0.24273766172354128,3759.914794921875
2011-01-04,3759.914794921875,3763.236687202709,3724.3270677627656,3727.650913092637,53135600.0,3690.0012611141583,3709.915673828125,3653.694580078125,3671.6319091796877,61.63083718488812,13.741517654717427,2.5541134015646527,3783.561767578125
2011-01-05,3783.561767578125,3785.90762356748,3728.765803962895,3759.822701020844,33610700.0,3708.713362406952,3734.65791015625,3659.792822265625,3673.587198893229,63.78084109249923,20.828421449944017,6.2089750112405255,3736.11181640625
2011-01-06,3736.11181640625,3789.325567716191,3720.4283441636994,3782.845839185607,28831900.0,3714.193053206812,3742.065673828125,3662.898779296875,3673.421484375,56.89190287449609,22.358296735058047,9.438839356004031,3631.311767578125
2011-01-07,3631.311767578125,3734.226957732621,3607.185751993453,3734.226957732621,36417500.0,3697.6167960810744,3727.654443359375,3661.108121744792,3671.8635091145834,45.263489151765896,14.942003713059876,10.539472227415201,3478.41357421875
2011-01-10,3478.41357421875,3631.12564305426,3449.445708491738,3631.12564305426,45480800.0,3653.7761517086096,3677.862744140625,3654.895751953125,3665.856136067708,34.260910772218665,-3.235768395100422,7.784424102912077,3454.992431640625
2011-01-11,3454.992431640625,3550.2228546661577,3434.1363100881413,3477.9436864620234,38441100.0,3614.019407695013,3616.878271484375,3646.46689453125,3657.626920572917,32.94003812362425,-19.309091039975556,2.3657210743345507,3554.627685546875
2011-01-12,3554.627685546875,3555.247534454997,3455.27437692472,3455.27437692472,50358200.0,3602.1410632653856,3571.091455078125,3645.5306640625,3654.702571614583,43.00650306843967,-23.733992047969423,-2.8542215501262445,3564.798095703125
2011-01-13,3564.798095703125,3630.5426040289713,3548.8697613335758,3555.1915364657616,43284500.0,3594.6724697529335,3536.8287109375,3640.696923828125,3652.5126790364584,43.93171468540444,-26.11900721785878,-7.507178683672752,3569.005126953125
2011-01-14,3569.005126953125,3569.5051074924345,3518.4270174746234,3564.513358426389,25314200.0,3589.539001192972,3524.3673828125,3637.2610677083335,3653.777067057292,44.33427006469936,-27.354352710304283,-11.47661348899906,3535.59326171875
2011-01-17,3535.59326171875,3569.832895037292,3506.73745192784,3568.629084498374,20206900.0,3578.749853298128,3535.8033203125,3632.2079264322915,3650.9984049479167,41.76933938217214,-30.675819451454572,-15.316454681490164,3548.5107421875
2011-01-18,3548.5107421875,3548.5549299198974,3507.8323946142946,3536.0632288628785,27627900.0,3572.7020310760026,3554.506982421875,3627.100309244792,3646.134228515625,43.13899806254623,-31.89807193830802,-18.632778132853737,3534.146240234375
2011-01-19,3534.146240234375,3558.528346913801,3511.5021029505897,3548.510670810314,25022400.0,3564.9908729076774,3550.410693359375,3618.72001953125,3640.7352376302083,41.95714361475896,-33.63805256742171,-21.633833019767334,3453.9833984375
2011-01-20,3453.9833984375,3533.8643205370167,3441.4958476778465,3533.8643205370167,30135000.0,3542.789378013642,3528.24775390625,3602.380712890625,3631.794612630208,36.025545471803426,-41.01270223422853,-25.509606862659574,3379.411376953125
2011-01-21,3379.411376953125,3453.1375100179043,3309.4870978000718,3453.1375100179043,33749900.0,3510.113777801539,3490.32900390625,3580.7836100260415,3618.780126953125,31.556253411964377,-52.271945684363345,-30.862074627000332,3345.9306640625
2011-01-24,3345.9306640625,3396.713597461843,3321.547580923658,3380.365357502768,22641900.0,3477.2771550537313,3452.396484375,3555.354182942708,3604.112833658854,29.770514450606868,-63.16842467862807,-37.32334463732588,3433.772216796875
2011-01-25,3433.772216796875,3445.8447444653857,3346.885709552317,3346.885709552317,27707000.0,3468.5761674023606,3429.448779296875,3533.6113444010416,3593.6529622395833,39.451621973383766,-63.97838065625183,-42.65435184111107,3501.580810546875
2011-01-26,3501.580810546875,3501.580810546875,3414.554167058033,3434.013370927052,31347100.0,3475.1770960312638,3422.935693359375,3514.8126139322917,3587.3027180989584,45.676909863530675,-58.474630645487196,-45.8184076019863,3514.4873046875
2011-01-27,3514.4873046875,3549.3458119213037,3495.8139588426243,3500.61382094902,32035800.0,3483.039137762511,3435.036474609375,3500.037646484375,3581.468212890625,46.798132956926764,-52.466620356371095,-47.14805015286326,3487.474365234375
2011-01-28,3487.474365234375,3514.01727742302,3462.232183667683,3514.01727742302,20956700.0,3483.926183256884,3456.649072265625,3490.448486328125,3575.7783040364584,44.71778449452203,-49.316457945416914,-47.58173171137399,3409.034423828125
2011-01-31,3409.034423828125,3487.0042921761706,3383.026402008388,3487.0042921761706,26295400.0,3468.9478313711325,3469.26982421875,3485.823209635417,3570.359480794271,39.26009300746921,-52.54368832883847,-48.57412303486689,3442.3671875
2011-02-01,3442.3671875,3451.885860521481,3410.943359972276,3410.943359972276,26648100.0,3463.6317025969065,3470.988818359375,3484.9815266927085,3565.7242106119793,42.473147298568605,-51.814332828306306,-49.222164993554784,3480.6904296875
2011-02-02,3480.6904296875,3490.1180412003787,3443.024903762312,3443.024903762312,22661100.0,3467.043448015025,3466.8107421875,3480.0523763020833,3562.7915201822916,46.00935725743922,-47.59529899580002,-48.89679179400383,3496.032958984375
2011-02-04,3496.032958984375,3500.408765339716,3462.807200596228,3480.784528670016,18968300.0,3472.841350208895,3463.119873046875,3475.4680338541666,3558.082478841146,47.403301222523716,-42.523486117638186,-47.622130658730704,3487.5712890625
2011-02-07,3487.5712890625,3521.4959940460903,3476.2167505316406,3496.9718020848454,17428200.0,3475.7873379796165,3463.1392578125,3470.039111328125,3553.6500895182294,46.68737206594068,-38.74025042489575,-45.84575461196371,3459.79833984375
2011-02-08,3459.79833984375,3500.3226402526034,3449.914691627234,3487.855108308197,22593200.0,3472.5895383524435,3473.292041015625,3464.986116536458,3548.597021484375,44.32131764909761,-37.55019846170762,-44.1866433819125,3417.337890625
2011-02-09,3417.337890625,3458.114379133392,3384.748095080263,3458.114379133392,24111400.0,3461.539208806955,3468.286181640625,3456.241259765625,3541.6707845052083,40.90797019655501,-39.577057420116944,-43.26472618955339,3373.512451171875
2011-02-10,3373.512451171875,3417.0576275897315,3336.6989457630893,3417.0576275897315,22218100.0,3443.9338572799393,3446.8505859375,3445.5323404947917,3532.126180013021,37.682220260601724,-44.21007818527232,-43.45379658869718,3391.634033203125
2011-02-11,3391.634033203125,3393.386894629111,3338.4009988301905,3372.5676370320834,24392800.0,3433.4738924645767,3425.97080078125,3441.3757161458334,3521.878214518229,39.7962017078905,-45.89052291690086,-43.94114185433792,3416.634033203125
2011-02-14,3416.634033203125,3429.9064655432035,3392.470911706388,3392.470911706388,19918500.0,3430.1059206122864,3411.783349609375,3443.8572265625,3512.320418294271,42.68480281436996,-44.68983975316996,-44.09088143410433,3416.65185546875
2011-02-16,3416.65185546875,3417.2209251040185,3387.121023083085,3416.4480059855027,17924000.0,3427.415107583579,3403.154052734375,3448.57197265625,3501.9630777994794,42.68691399339122,-43.23842592845085,-43.92039033297364,3434.24609375
2011-02-17,3434.24609375,3440.5930144596578,3414.524938205463,3416.837836382373,23202500.0,3428.781304816863,3406.535693359375,3448.603564453125,3491.107454427083,44.84673967919552,-40.20500377065446,-43.17731302050981,3501.36083984375
2011-02-18,3501.36083984375,3507.816399218604,3435.1773797445157,3435.1773797445157,35302700.0,3443.297211822241,3432.10537109375,3448.588899739583,3481.7007568359377,52.24037435032571,-32.016331408541646,-40.94511669811618,3497.507080078125
2011-02-21,3497.507080078125,3520.5042328024388,3488.478378388069,3500.8157893230573,25743300.0,3454.1391854734184,3453.27998046875,3447.456884765625,3473.747265625,51.81087835136273,-25.543268867864754,-37.8647471320659,3450.965576171875
2011-02-22,3450.965576171875,3497.2276888521924,3437.1599619823523,3497.2276888521924,21495700.0,3453.5044636131097,3460.1462890625,3445.0229654947916,3467.7357259114583,46.80598644385797,-23.89340230153266,-35.07047816595926,3473.988037109375
2011-02-23,3473.988037109375,3486.7604899516705,3435.0544915918936,3451.3377943199844,25428500.0,3457.601178312363,3471.613525390625,3449.353206380208,3467.5882080078127,49.409379652870264,-20.491932725471088,-32.15476907786162,3438.998291015625
2011-02-24,3438.998291015625,3473.7069016667665,3422.450839066261,3473.7069016667665,39513100.0,3453.880600853016,3472.56396484375,3449.12861328125,3467.055069986979,45.7450476002582,-20.384642202126997,-29.800743702714698,3443.396240234375
2011-02-25,3443.396240234375,3454.7407701592924,3428.888747265122,3439.556301539997,28782400.0,3451.7837287292878,3460.971044921875,3446.642333984375,3463.3473551432294,46.284286079485376,-19.717445504539683,-27.784084063079696,3470.212890625
2011-02-28,3470.212890625,3471.2980534845096,3435.965443736229,3443.4890768080777,23695200.0,3455.4695611084303,3455.51220703125,3444.92099609375,3460.194514973958,49.575257996454454,-16.830792841314633,-25.593425818726686,3512.480224609375
2011-03-01,3512.480224609375,3513.332242226941,3470.491868717449,3470.491868717449,29649700.0,3466.8716938086195,3467.81513671875,3446.581591796875,3458.3103515625,54.325162158841685,-11.005613338993498,-22.67586332278005,3486.061279296875
2011-03-02,3486.061279296875,3512.015346808,3469.439856198566,3512.015346808,27628100.0,3470.709610906271,3470.22978515625,3448.332454427083,3456.659285481771,51.085960198276005,-8.423800382456648,-19.82545073471537,3494.403076171875
2011-03-03,3494.403076171875,3512.7573423757817,3483.6674099709653,3484.3863761326866,28990600.0,3475.448303959392,3481.3107421875,3453.4701334635415,3454.8556966145834,52.05799542086074,-5.63957224263504,-16.988275036299306,3542.76513671875
2011-03-04,3542.76513671875,3543.4101311367976,3494.9608456606093,3494.9608456606093,28558600.0,3488.9116705112638,3501.184521484375,3464.7536458333334,3455.1429931640623,57.34975244885924,0.46401386202023787,-13.497817256635399,3561.578369140625
2011-03-07,3561.578369140625,3562.91425462724,3525.891770335348,3541.8201052356085,20280700.0,3503.445010237136,3519.4576171875,3476.0832682291666,3458.7294921875,59.23477627595844,6.741508537646041,-9.449952097779112,3580.174560546875
2011-03-08,3580.174560546875,3580.174560546875,3551.581679751528,3561.297365896732,28541700.0,3518.790920299084,3532.996484375,3486.9859700520833,3465.421598307292,61.066516253320046,13.066404153092208,-4.946680847604849,3598.534912109375
2011-03-09,3598.534912109375,3609.07039050112,3577.228612928257,3579.7097174791857,30038600.0,3534.7397186611424,3555.4912109375,3499.111507161458,3473.8417399088544,62.84180996125296,19.337545239659903,-0.08983563015189899,3587.50830078125
2011-03-10,3587.50830078125,3598.3489432482347,3564.634191185786,3598.3489432482347,26329800.0,3545.293435085164,3574.112255859375,3509.3289876302083,3478.966276041667,61.04161830666721,23.150845811340332,4.558300658146548,3542.090087890625
2011-03-11,3542.090087890625,3587.136185225006,3512.958165733119,3587.136185225006,31212500.0,3544.6527656462567,3573.97724609375,3512.0442708333335,3480.316585286458,54.15956707072052,22.251541859856843,8.096948898488607,3569.7001953125
2011-03-14,3569.7001953125,3583.36348196074,3524.6509230285983,3541.997171821948,33258300.0,3549.6622515795057,3575.601611328125,3516.857145182292,3482.157014973958,57.31047641947837,23.495895859045504,11.176738290599987,3524.345703125
2011-03-15,3524.345703125,3569.143031376577,3476.557768645083,3569.143031376577,35965600.0,3544.5989418886047,3564.43583984375,3521.7491536458333,3483.3860595703127,51.09719335050553,20.58503541770824,13.058397716021638,3531.339599609375
2011-03-16,3531.339599609375,3535.093359750876,3493.474130096684,3524.5307825993305,27963500.0,3541.947073432759,3550.99677734375,3525.5725911458335,3487.462898763021,51.962071582633236,18.627777122904718,14.172273597398256,3484.074462890625
2011-03-17,3484.074462890625,3531.153686634804,3465.4702059541946,3531.153686634804,22173100.0,3530.3725513243326,3530.310009765625,3528.577669270833,3488.8531412760417,46.036504440132745,13.111592029777512,13.960137283874108,3493.93408203125
2011-03-18,3493.93408203125,3511.535447755187,3476.509711371668,3484.6324421043764,27604100.0,3523.0848574657166,3520.67880859375,3531.9468587239585,3489.2945963541665,47.3844171137219,9.426897064559398,13.053489240011166,3518.708984375
2011-03-21,3518.708984375,3519.729940728853,3493.006127415966,3493.006127415966,17264200.0,3522.2096828475737,3510.48056640625,3535.179931640625,3490.0504638671873,50.71566592208642,8.408944249550586,12.124580241919052,3517.584228515625
2011-03-22,3517.584228515625,3530.2568316697875,3497.4150905591187,3518.8021987546226,16468400.0,3521.2845919811843,3509.128271484375,3535.520198567708,3491.0508951822917,50.55916260254559,7.425850331635047,11.184834259862251,3556.092529296875
2011-03-23,3556.092529296875,3556.203608957261,3508.4583972188657,3516.9710053023646,19830900.0,3528.2461794443225,3514.078857421875,3540.1889485677084,3494.260701497396,55.60983244531798,9.642882220870888,10.876443852063979,3611.50048828125
2011-03-24,3611.50048828125,3611.78245972369,3551.279688634066,3556.3744609563905,35959100.0,3544.897041211708,3539.5640625,3547.9954427083335,3500.7327880859375,61.67626617855107,15.689990745710475,11.83915323079328,3606.97265625
2011-03-25,3606.97265625,3639.5453631523465,3591.402217318745,3611.686339984217,25886200.0,3557.3121642193664,3562.17177734375,3552.275944010417,3508.514794921875,60.94331410256811,19.88775594364006,13.448873773362635,3602.71875
2011-03-28,3602.71875,3612.0645778769976,3580.850704127734,3602.675782921312,19353400.0,3566.393481375493,3578.97373046875,3555.0186360677085,3515.5509521484373,60.219253095276045,22.610619278842023,15.281222874458514,3591.375
2011-03-29,3591.375,3601.7757179142327,3570.2630293926013,3601.7757179142327,30067600.0,3571.389785100395,3593.731884765625,3555.76533203125,3521.3756510416665,58.2323936269028,23.581331358800526,16.94124457132692,3640.836181640625
2011-03-30,3640.836181640625,3641.70724145444,3591.3871804220275,3591.4801943763614,35240200.0,3585.279064408441,3610.680615234375,3558.585416666667,3528.8484619140627,63.83525321162685,28.018748972734556,19.156745451608447,3678.531005859375
2011-03-31,3678.531005859375,3683.327694305292,3637.289445774599,3641.02245488629,38931700.0,3603.929452698628,3624.08671875,3564.653597005208,3536.9912923177085,67.42196853278844,34.18305075639819,22.162006512566396,3707.343017578125
2011-04-01,3707.343017578125,3709.232836730306,3678.1442008802446,3678.902960462337,28383200.0,3624.6121656745277,3644.160791015625,3575.670458984375,3543.8573649088544,69.88081409543281,40.921475587186706,25.91390032749046,3699.903076171875
2011-04-04,3699.903076171875,3729.156820090725,3681.664772545465,3707.249713983989,25418800.0,3639.670347773997,3663.59765625,3584.350651041667,3550.603898111979,68.4442532701352,45.14102705938967,29.759325673870304,3685.792724609375
2011-04-05,3685.792724609375,3699.792180284233,3672.580103575283,3699.62421806492,27857400.0,3648.8948231410727,3682.481201171875,3595.1137858072916,3558.4314697265627,65.68625756929046,46.80690370573757,33.168841280243754,3727.653076171875
2011-04-06,3727.653076171875,3728.020981780857,3671.038091204786,3685.6996301915374,35284000.0,3664.6464737472334,3699.844580078125,3608.201350911458,3566.886971028646,69.5999014678808,50.91795301249795,36.71866362669459,3730.437744140625
2011-04-07,3730.437744140625,3741.686329556924,3704.288860037409,3729.562778211898,31305800.0,3677.804727825912,3710.225927734375,3624.6255696614585,3576.6016194661456,69.84628364938811,53.780737771568965,40.13107845566947,3741.665283203125
2011-04-08,3741.665283203125,3749.1259300828337,3723.871054480343,3730.530707171167,31001200.0,3690.5768389013547,3717.090380859375,3641.1409830729167,3586.5439208984376,70.87134663384259,56.306418544812004,43.36614647349798,3745.692138671875
2011-04-11,3745.692138671875,3767.872427938693,3732.132851836201,3740.722361352168,26305600.0,3701.599898855459,3726.248193359375,3656.273193359375,3595.7265625,71.24885879327537,57.96479031571698,46.28587524194178,3719.088134765625
2011-04-12,3719.088134765625,3745.506295821614,3700.96384030196,3745.506295821614,23409500.0,3705.097546037492,3732.907275390625,3669.706787109375,3602.613492838542,65.23368609510442,56.481260305349224,48.32495225462327,3734.267822265625
2011-04-13,3734.267822265625,3735.946712034644,3701.198063763144,3718.809439224431,32992700.0,3710.9316012831187,3734.230224609375,3681.585139973958,3610.8870442708335,66.94829309478638,55.886204624230686,49.83720272854476,3707.8349609375
2011-04-14,3707.8349609375,3734.452823364004,3697.289472173981,3734.452823364004,27089600.0,3710.312273213995,3729.70966796875,3688.0074381510417,3618.0014404296876,61.28073547409509,52.674508761005654,50.40466393503694,3730.36669921875
2011-04-15,3730.36669921875,3733.344610600082,3706.53071334994,3707.7425802213065,28619400.0,3714.323158414946,3727.449951171875,3696.233707682292,3624.2548258463544,64.07273772238361,51.35534714973528,50.59480057797661,3726.927978515625
2011-04-18,3726.927978515625,3738.7864038078897,3712.0396418242094,3729.889777330747,23963800.0,3716.844122435082,3723.697119140625,3704.5143229166665,3629.7664794921875,63.3222699823291,49.46225594920588,50.36829165222247,3732.504638671875
2011-04-19,3732.504638671875,3732.642816887929,3691.149314567412,3726.741923495274,27871400.0,3719.976225682441,3726.380419921875,3713.9229654947917,3634.8441487630207,64.0575095522933,47.860254184056885,49.86668415858936,3794.6142578125
2011-04-20,3794.6142578125,3794.6142578125,3732.7836567515537,3732.7836567515537,52085200.0,3734.903832108453,3738.44970703125,3724.174837239583,3641.380126953125,71.02426097177512,51.01432208657934,50.09621174418736,3800.93310546875
2011-04-21,3800.93310546875,3813.028581924644,3784.789690873484,3796.28533716181,33145900.0,3748.1096867805127,3757.0693359375,3732.3349772135416,3648.494287109375,71.62681221017695,53.40816573108714,50.75860254156732,3788.392578125
2011-04-25,3788.392578125,3809.656643011992,3777.278997042687,3801.210926834618,23404800.0,3756.16626504941,3768.67451171875,3737.73828125,3656.7043701171874,68.57883199274539,53.6746602430253,51.34181408185892,3774.72412109375
2011-04-26,3774.72412109375,3790.327517466168,3743.622304730304,3787.449455698254,39664800.0,3759.877836258278,3778.233740234375,3742.726350911458,3663.5385009765623,65.3163594378814,52.18141395509292,51.50973405650572,3804.78271484375
2011-04-27,3804.78271484375,3806.81168855116,3775.002868886463,3775.002868886463,49082500.0,3768.8588119753726,3792.68935546875,3750.6590169270835,3672.8864013671873,68.82832880937329,52.81466820010246,51.770720885225074,3808.78076171875
2011-04-28,3808.78076171875,3823.919332858237,3787.708583555472,3804.875884354194,38876600.0,3776.843201924048,3795.52265625,3756.067529296875,3682.1344401041665,69.27398120043999,53.02786351941086,52.022149412062234,3819.46923828125
2011-04-29,3819.46923828125,3822.490116780344,3796.562171007249,3807.837855122139,35713200.0,3785.3684091954883,3799.2298828125,3762.002962239583,3693.3142659505206,70.48870363619164,53.443232757251735,52.30636608110014,3849.150146484375
2011-05-02,3849.150146484375,3849.150146484375,3819.655201393489,3819.655201393489,38353900.0,3798.124756653266,3811.381396484375,3769.1686197916665,3705.1548014322916,73.60885108581067,55.52733258364697,52.95055938160951,3813.719482421875
2011-05-03,3813.719482421875,3847.240150387475,3802.546089187424,3847.240150387475,46020000.0,3801.243701806988,3819.18046875,3773.7037760416665,3714.988484700521,64.80126129267288,53.70100645308912,53.100648795905435,3814.779541015625
2011-05-04,3814.779541015625,3815.198470027111,3783.3317900747434,3813.533495750693,65293500.0,3803.950869648716,3821.179833984375,3780.083203125,3724.8949951171876,64.9364431073289,51.74270995425513,52.82906102757538,3816.12353515625
2011-05-05,3816.12353515625,3817.322463130376,3787.79577961202,3814.314523490953,73179300.0,3806.385402750223,3822.648388671875,3785.540250651042,3733.5626953125,65.11934910164811,49.72598476605299,52.2084457752709,3798.406005859375
2011-05-06,3798.406005859375,3815.845268000374,3781.198668278585,3815.845268000374,47658100.0,3804.7895233720537,3818.4357421875,3791.5783203125,3739.7928792317707,60.629358710916044,46.16588736966469,50.999934094149665,3785.302734375
2011-05-09,3785.302734375,3803.3860154607514,3777.36212522991,3798.591280061084,42060500.0,3800.892165572643,3805.666259765625,3795.24072265625,3745.7372151692707,57.473178175119266,41.80525507608127,49.16099829053599,3800.3720703125
2011-05-10,3800.3720703125,3801.3520126319054,3782.022687001287,3786.255676507063,85796300.0,3800.7881465206146,3802.99677734375,3800.136995442708,3752.3256591796876,60.04894292962653,39.1145043786737,47.15169950816354,3837.992919921875
2011-05-11,3837.992919921875,3838.274891384464,3800.465325759312,3800.465325759312,71791300.0,3808.2291012008673,3807.639453125,3807.1695475260417,3760.5462565104167,65.64356250946425,39.56171044636858,45.63370169580455,3808.561767578125
2011-05-12,3808.561767578125,3837.621671996548,3795.402367508681,3837.621671996548,97490400.0,3808.2956344763193,3806.127099609375,3808.0993815104166,3766.137109375,58.716261875307545,37.113455634987986,43.929652483641235,3831.871826171875
2011-05-13,3831.871826171875,3831.871826171875,3809.276758503646,3809.276758503646,87893600.0,3813.0108728154305,3812.820263671875,3810.161962890625,3771.248470052083,62.125372148497675,36.63185376876436,42.47009274066586,3799.078125
2011-05-16,3799.078125,3831.7787558214095,3784.114596403341,3831.7787558214095,47990800.0,3810.2243232523447,3815.575341796875,3810.874332682292,3774.3063069661457,55.21712907264474,33.22105160039109,40.62028451261091,3840.0595703125
2011-05-18,3840.0595703125,3844.887507460804,3800.019136070609,3800.019136070609,54670900.0,3816.191372664376,3823.512841796875,3815.230029296875,3778.9781901041665,61.046557456407804,33.43935834126205,39.184099278341144,3859.659912109375
2011-05-19,3859.659912109375,3867.1176298056166,3840.430679686233,3840.430679686233,62268900.0,3824.885080553376,3827.846240234375,3818.8885091145835,3784.7737630208335,63.49414176229993,34.79288110675225,38.30585564402337,3872.802001953125
2011-05-20,3872.802001953125,3872.802001953125,3855.739678395947,3859.752705647813,37198000.0,3834.4684648333264,3840.694287109375,3823.156591796875,3789.612060546875,65.07855859121061,36.505205185691466,37.94572555235699,3778.30712890625
2011-05-23,3778.30712890625,3872.061294455837,3762.90953449907,3872.061294455837,69369200.0,3823.2361976479115,3829.98134765625,3820.412451171875,3791.2077067057294,48.708784862397565,29.89270334994535,36.33512111187466,3785.7958984375
2011-05-24,3785.7958984375,3785.862790367549,3765.835492989526,3778.214162015584,56566700.0,3815.748137805829,3827.32490234375,3816.1888346354167,3792.6787272135416,49.786762805459084,24.968705425857024,34.061837974671135,3780.01513671875
2011-05-25,3780.01513671875,3786.754864902388,3760.645772641168,3785.319862103698,45028700.0,3808.6015375884135,3815.316015625,3813.9418782552084,3793.8228271484377,48.93185776502188,20.36518525790052,31.322507431317014,3814.66748046875
2011-05-26,3814.66748046875,3818.3084520714074,3780.199827543908,3780.199827543908,36431700.0,3809.814726164481,3806.317529296875,3813.9344075520835,3797.0088053385416,54.027874034606185,19.290646334197845,28.91613521189318,3832.228759765625
2011-05-27,3832.228759765625,3835.3067649539375,3790.750393846786,3814.574417665939,25077600.0,3814.29753288471,3798.202880859375,3815.008089192708,3800.274169921875,56.402268433417404,19.629834456583467,27.05887506083124,3825.98779296875
2011-05-30,3825.98779296875,3836.7163785824273,3813.5134258112826,3831.277625788055,30112500.0,3816.635584901518,3807.739013671875,3816.846875,3804.21259765625,55.30898105562339,19.174023418171146,25.481904732299224,3836.81787109375
2011-05-31,3836.81787109375,3841.275705592101,3819.1584014183545,3826.173265409352,68115000.0,3820.672042139965,3817.943408203125,3820.281217447917,3807.7609700520834,56.871295946956195,19.462336974478603,24.277991180735103,3837.61181640625
2011-06-01,3837.61181640625,3856.464110951729,3832.194058247264,3837.027854730137,64790200.0,3824.0599969932223,3829.462744140625,3822.7638671875,3811.450431315104,56.98999888062096,19.529765318742648,23.328346008336613,3843.870361328125
2011-06-03,3843.870361328125,3843.870361328125,3812.2834563749007,3837.518557849569,34689300.0,3828.022069860203,3835.3033203125,3823.155696614583,3815.1626220703124,57.97197625431158,19.8592895102247,22.634534708714234,3834.0517578125
2011-06-06,3834.0517578125,3843.589472669934,3819.4505192564375,3843.589472669934,34642400.0,3829.2280074506625,3835.667919921875,3824.855029296875,3816.4772054036457,55.818828766313025,19.107896621846066,21.9292070913406,3842.80322265625
2011-06-07,3842.80322265625,3843.0573631493594,3815.403410837323,3832.1718007601166,53371800.0,3831.9430504917805,3839.031005859375,3825.5837890625,3817.8728759765627,57.33970962407411,18.999567233907328,21.34327911985395,3825.671875
2011-06-08,3825.671875,3842.7112496662135,3811.602355236854,3842.7112496662135,47234500.0,3830.6888153934246,3836.801806640625,3827.3567057291666,3819.115519205729,53.46014025030631,17.3315712652643,20.54093754893602,3806.038818359375
2011-06-09,3806.038818359375,3829.6628985233015,3797.009140645429,3825.487035725642,42358400.0,3825.758815986615,3830.48720703125,3825.088655598958,3820.1593424479165,49.34003281067973,14.26105627274137,19.284961293697094,3787.50048828125
2011-06-10,3787.50048828125,3821.692272307209,3779.127767386214,3806.9728746828673,26341000.0,3818.107150445542,3819.213232421875,3820.27802734375,3819.5832682291666,45.754301438237675,10.214021827664055,17.470773400490486,3748.612060546875
2011-06-13,3748.612060546875,3787.221396684142,3728.256896282234,3787.221396684142,36858900.0,3804.208132465809,3802.12529296875,3811.9986979166665,3817.577644856771,39.30183693406652,3.824658476469267,14.741550415686243,3773.1259765625
2011-06-14,3773.1259765625,3775.099044237849,3737.926419938544,3747.6770166910096,27689500.0,3797.9917012851474,3788.18984375,3811.653287760417,3816.0328694661457,44.60506990448465,0.7306872313210988,11.939377778813215,3794.103271484375
2011-06-15,3794.103271484375,3809.5487151125335,3773.218098219556,3773.218098219556,34900100.0,3797.2140153249934,3781.876123046875,3812.2071126302085,3814.1979736328126,48.73293140376732,-0.02828879012758989,9.545844465025056,3740.3251953125
2011-06-16,3740.3251953125,3793.827260849498,3720.64310095076,3793.827260849498,41006900.0,3785.836251322495,3768.7333984375,3809.5611165364585,3811.751497395833,40.41781407647012,-4.912594726169118,6.6541566267862216,3722.158203125
2011-06-17,3722.158203125,3759.051787659987,3704.439898147593,3739.391663679448,37490400.0,3773.1006416829964,3755.66494140625,3803.393831380208,3808.6641194661456,38.05556099168122,-10.13256491066113,3.2968123192967513,3728.97705078125
2011-06-20,3728.97705078125,3751.605077029653,3710.671610334183,3722.434336476732,26923200.0,3764.2759235026474,3751.737939453125,3796.5103841145833,3805.759236653646,39.485204686847844,-13.56286065629547,-0.07512227582169295,3794.791259765625
2011-06-21,3794.791259765625,3797.415181071947,3729.5279308767376,3729.5279308767376,36632800.0,3770.378990755243,3756.07099609375,3794.430615234375,3805.6387451171877,51.193561915351836,-10.845715459320218,-2.229240912521398,3821.683349609375
2011-06-22,3821.683349609375,3822.270240839018,3795.158258514575,3795.158258514575,36507500.0,3780.63986252607,3761.58701171875,3793.4216471354166,3806.8514322916667,55.02283260463046,-6.448062164076418,-3.073005162832402,3823.501220703125
2011-06-23,3823.501220703125,3829.478039068296,3801.552123049442,3821.405354937869,32514100.0,3789.212134161481,3778.222216796875,3792.4809407552084,3807.6224039713543,55.27826782772748,-2.7841097553209693,-3.0152260813301157,3848.408203125
2011-06-24,3848.408203125,3854.03078684974,3817.231194868669,3823.409176881532,35181800.0,3801.051347954185,3803.472216796875,3792.7834635416666,3807.969580078125,58.736083533141354,2.1051177638855734,-1.991157312286978,3813.276611328125
2011-06-27,3813.276611328125,3848.224225549305,3806.5669115757314,3848.224225549305,26289100.0,3803.496400628973,3820.33212890625,3791.3984537760416,3808.126741536458,52.5627123436314,3.1091990357199393,-0.9710860426855945,3830.123779296875
2011-06-28,3830.123779296875,3838.444500155782,3813.368572478564,3813.368572478564,33644400.0,3808.8218763625537,3827.3986328125,3790.553157552083,3808.0684733072917,55.00499258019094,5.204373556337032,0.26400587711893075,3888.417724609375
2011-06-30,3888.417724609375,3896.0114231447255,3830.306949619247,3830.306949619247,35665000.0,3824.741046011918,3840.7455078125,3794.7362141927083,3811.0464599609377,62.247690855764134,11.436812210736662,2.498567143842477,3926.945068359375
2011-07-01,3926.945068359375,3956.6218918883264,3888.050585992617,3888.050585992617,31812700.0,3845.1818504814096,3861.43427734375,3802.796630859375,3813.9426432291666,66.12832773006703,19.262849265201112,5.851423568114204,3953.36328125
2011-07-04,3953.36328125,3962.12978588562,3927.0361805258,3927.0361805258,31742500.0,3866.818136635128,3882.42529296875,3813.854150390625,3817.0660888671873,68.51801282222019,27.28227591435916,10.137594037363197,3923.974365234375
2011-07-05,3923.974365234375,3957.964010307976,3905.574201837927,3952.9961859089535,37550800.0,3878.249382354978,3904.56484375,3825.544970703125,3818.771834309896,63.178085882671056,30.90997841129183,14.292070912148926,3908.803955078125
2011-07-06,3908.803955078125,3932.867960104397,3890.398665406464,3923.515296692035,35497000.0,3884.3602968996074,3920.30087890625,3834.5901692708335,3823.121728515625,60.55461503848261,32.18976983190805,17.871610696100753,3939.319580078125
2011-07-07,3939.319580078125,3944.791535075616,3908.41990380292,3908.9877527957,31545400.0,3895.352153535311,3930.48125,3844.2712565104166,3828.2391845703123,63.810038775637466,35.259915305816776,21.349271618043957,4003.534912109375
2011-07-08,4003.534912109375,4005.529951556116,3939.59550910667,3939.59550910667,31191500.0,3916.9887052501244,3945.79921875,3861.818570963542,3835.68984375,69.5121896891961,42.38606812911166,25.5566309202575,3995.431396484375
2011-07-11,3995.431396484375,4002.603236469366,3971.160368550011,4002.603236469366,29286500.0,3932.677243496975,3954.212841796875,3880.0367838541665,3841.7153076171876,68.05495413161563,46.83976988520817,29.813258713247635,3937.861572265625
2011-07-12,3937.861572265625,3995.064423202386,3926.674019570808,3995.064423202386,33050300.0,3933.7141092507054,3956.990283203125,3893.9624186197916,3845.2364013671877,58.64839042761393,45.20288619649136,32.89118420989638,3980.68994140625
2011-07-13,3980.68994140625,3980.7060540599873,3938.0976060383255,3938.0976060383255,45785000.0,3943.1092756818143,3971.36748046875,3906.3556640625,3850.3931396484377,62.77101483775975,46.821802939381996,35.6773079557935,3997.4794921875
2011-07-14,3997.4794921875,3997.794421341775,3975.7122726111775,3980.598068862731,42984100.0,3953.9833189829515,3982.999462890625,3918.075406901042,3855.748527018229,64.27467522854798,48.895940587281075,38.32103448209102,4023.04541015625
2011-07-15,4023.04541015625,4023.870573370378,3989.5799150696616,3997.715584924933,33962500.0,3967.7957372176115,3986.9015625,3931.378352864583,3861.929646809896,66.49389112874798,52.00320495750293,41.05746857717341,4032.81689453125
2011-07-18,4032.81689453125,4042.5684674737786,4021.6513142163217,4023.977151273789,31163500.0,3980.799968680339,3994.378662109375,3943.672265625,3868.2278645833335,67.32923728274832,54.624533859157964,43.770881633570326,4023.260498046875
2011-07-19,4023.260498046875,4032.542119438346,4002.3003758399223,4032.542119438346,53922700.0,3989.2920745536467,4011.458447265625,3957.67119140625,3874.5348225911457,65.6065440623141,55.29344614108368,46.075394535072995,4050.474365234375
2011-07-20,4050.474365234375,4054.8970445893456,4020.667420369848,4023.443435325984,68009200.0,4001.5285326897924,4025.41533203125,3972.36123046875,3881.4571940104165,68.10892911467019,57.35830475708235,48.33197657947487,4067.91455078125
2011-07-21,4067.91455078125,4072.6692483959473,4048.022259189508,4050.565128893486,75234200.0,4014.805736308084,4039.50234375,3984.327685546875,3889.531949869792,69.63373721274233,59.71365545703611,50.60831235498712,4106.662109375
2011-07-22,4106.662109375,4108.924228454539,4069.778777782428,4069.778777782428,64601300.0,4033.177010921467,4056.22568359375,3996.3088216145834,3899.552726236979,72.75100751432859,63.96949152907018,53.28054818980374,4086.934814453125
2011-07-25,4086.934814453125,4104.3030344726285,4067.0776777011415,4104.3030344726285,60877700.0,4043.928571627799,4067.049267578125,4005.213590494792,3909.533870442708,68.87442545123531,65.0011516312943,55.62466887810186,4132.6162109375
2011-07-26,4132.6162109375,4133.528284858037,4082.035413460425,4086.293060455652,81604900.0,4061.6660994897393,4088.92041015625,4019.123046875,3922.3340087890624,72.52531882364998,68.71277847787223,58.24229079805593,4173.94921875
2011-07-27,4173.94921875,4177.576030591273,4125.796309407228,4132.5138211617,67338100.0,4084.1227233417912,4113.615380859375,4036.7993977864585,3935.694783528646,75.34342203943135,74.13491661931812,61.420815962308374,4145.666015625
2011-07-28,4145.666015625,4172.085887180886,4121.840769784287,4172.085887180886,52125500.0,4096.431381798433,4129.165673828125,4050.5558268229165,3947.413541666667,70.04872931051821,75.28197825726784,64.19304842130028,4130.63916015625
2011-07-29,4130.63916015625,4160.336247395454,4102.663685649371,4146.59752389513,51520000.0,4103.272937469997,4133.961083984375,4059.029443359375,3960.424007161458,67.3410363516284,74.12403547744498,66.17924583252922,4193.27783203125
2011-08-01,4193.27783203125,4193.393061924702,4131.571247563096,4131.571247563096,65618400.0,4121.273916382247,4155.2296875,4072.219205729167,3976.127994791667,72.17016618647895,77.36891412741261,68.41717949150589,4177.68359375
2011-08-02,4177.68359375,4195.560827646096,4148.78432789972,4192.3456207524005,58776600.0,4132.555851855797,4164.2431640625,4088.207340494792,3991.0848795572915,69.41818143458045,77.78551612273077,70.29084681775086,4136.34619140625
2011-08-03,4136.34619140625,4177.408561498282,4095.712027340101,4177.408561498282,48664300.0,4133.313919765888,4156.72255859375,4098.584423828125,4002.4700439453127,62.603428216340845,73.92789851189491,71.01825715657966,4121.92529296875
2011-08-04,4121.92529296875,4157.089938115749,4095.4653866954072,4136.529704257168,52262500.0,4131.036194406461,4151.9744140625,4106.880810546875,4012.4781087239585,60.37663630585133,68.91268029742923,70.59714178474958,3921.490478515625
2011-08-05,3921.490478515625,4119.722511264692,3866.561463497614,4119.722511264692,85835700.0,4089.1270512282936,4110.144677734375,4100.110481770834,4015.744417317708,39.399766263070774,48.208946579892654,66.1195027437782,3850.1162109375
2011-08-08,3850.1162109375,3920.664245435158,3714.7774861422495,3920.664245435158,79017400.0,4041.324883170135,4041.512353515625,4087.9304361979166,4015.8013509114585,34.76745376814955,25.74500911314135,58.04460401765083,3734.9736328125
2011-08-09,3734.9736328125,3873.394274633474,3590.802238092045,3846.078442492075,86494600.0,3980.054633098608,3952.970361328125,4068.7113118489583,4013.1912516276043,28.87039001799394,-1.3334952381665062,46.16898416648737,3863.425537109375
2011-08-10,3863.425537109375,3883.395951132182,3735.8904625736623,3735.8904625736623,63159300.0,3956.7288139007615,3898.38623046875,4056.241389973958,4014.301310221354,40.911238817921934,-12.286775566783035,34.47783221983329,3869.21435546875
2011-08-11,3869.21435546875,3871.1322495520353,3803.103892146514,3863.241687603734,57873800.0,3939.2259222143593,3847.84404296875,4042.9947102864585,4013.661197916667,41.392734275730184,-20.266599139546543,23.52894594795732,3890.37451171875
2011-08-12,3890.37451171875,3926.399233111172,3864.270546906391,3868.480588179693,49834500.0,3929.4556401152377,3841.620849609375,4028.575537109375,4012.442179361979,43.2142800002682,-24.599649598098495,13.903226838746159,3959.86767578125
2011-08-15,3959.86767578125,3960.36667977498,3890.650402140222,3890.650402140222,43713700.0,3935.5380472484403,3863.571142578125,4020.10439453125,4012.6589925130206,48.838237305892676,-22.17053758658676,6.6884739536795745,3953.123291015625
2011-08-16,3953.123291015625,3996.215608515208,3937.534786206909,3959.958962552499,67781600.0,3939.0550960018772,3907.20107421875,4008.1381998697916,4013.630623372396,48.337885509429526,-20.552745050761587,1.2402301527913417,4020.83740234375
2011-08-18,4020.83740234375,4020.83740234375,3953.6740007709386,3953.6740007709386,55251900.0,3955.411557270252,3938.683447265625,3997.9307454427085,4017.3650716145835,53.48997698042622,-13.64932896887467,-1.7376816715418606,3842.598388671875
2011-08-19,3842.598388671875,4019.6444717495738,3823.224143243252,4019.6444717495738,52137200.0,3932.8489235505767,3933.36025390625,3977.7262369791665,4014.1410319010415,41.701211460098804,-22.30361855411138,-5.850869048055765,3839.466796875
2011-08-22,3839.466796875,3854.0411818068274,3760.878785701954,3843.530603832825,39682400.0,3914.172498215462,3923.1787109375,3958.31474609375,4008.6720947265626,41.528036785953304,-29.079686166749525,-10.496632471794518,3880.31298828125
2011-08-23,3880.31298828125,3881.043916845685,3821.2342344806393,3839.911485590226,41083400.0,3907.4005962286196,3907.2677734375,3937.4504231770834,4004.834814453125,44.75083090851178,-30.798792974252592,-14.557064572286134,3846.8701171875
2011-08-24,3846.8701171875,3906.339723642509,3840.330332963077,3881.244754261401,39053000.0,3895.2945004203957,3886.017138671875,3915.39619140625,4001.801765950521,42.676808285275015,-34.46249551211986,-18.53815076025288,3844.227294921875
2011-08-25,3844.227294921875,3886.018636708473,3834.872678634261,3847.237187510475,33077600.0,3885.0810593206916,3850.6951171875,3895.921598307292,3997.2530110677085,42.50914274283533,-37.15100616540303,-22.260721841282912,3841.58154296875
2011-08-26,3841.58154296875,3847.104277386857,3800.3321707549294,3842.363494977467,23908500.0,3876.381156050303,3850.491748046875,3877.2320149739585,3992.0564127604166,42.32984927792113,-39.045073002094796,-25.617592073445287,3866.021728515625
2011-09-05,3866.021728515625,3912.0348311557336,3841.567601671212,3842.499450187356,26667800.0,3874.309270543368,3855.802734375,3873.5340983072915,3986.8222900390624,44.652172929943625,-38.134425972947156,-28.120958853345662,3889.819580078125
2011-09-06,3889.819580078125,3890.8766678492016,3829.45986834965,3865.378636633884,29806200.0,3877.4113324503196,3857.704052734375,3876.1809895833335,3982.055712890625,46.89464930338871,-35.08797161210032,-29.514361405096594,4001.27734375
2011-09-07,4001.27734375,4002.2482532200634,3890.369551793368,3890.369551793368,43959400.0,3902.184534710256,3888.585498046875,3893.9345703125,3981.3229410807294,55.90555489286877,-23.410067855707894,-28.293502695218855,4005.23388671875
2011-09-08,4005.23388671875,4021.5994602089927,3978.188065167001,4001.552145358789,37592800.0,3922.794405111955,3920.78681640625,3903.388460286458,3979.8149251302084,56.18973669671429,-13.678309999423618,-25.370464156059807,3998.346435546875
2011-09-09,3998.346435546875,4028.327203024476,3991.4206795368095,4004.3032351043353,30534100.0,3937.904811198939,3952.139794921875,3911.997265625,3977.495987955729,55.51895531443006,-6.447261516052549,-21.585823628058357,3895.967529296875
2011-09-12,3895.967529296875,3997.064675661865,3880.548206497588,3997.064675661865,27234300.0,3929.517354818526,3958.128955078125,3912.3701334635416,3970.472835286458,46.611498865725565,-8.875415350834828,-19.04374197261365,3874.632080078125
2011-09-13,3874.632080078125,3929.3960608396033,3854.885778690337,3896.059224216704,34904600.0,3918.5402998704462,3955.091455078125,3906.6877604166666,3963.3960774739585,44.991484973054746,-12.378643901509804,-17.710722358392882,3798.88916015625
2011-09-14,3798.88916015625,3897.161211819152,3775.221868997502,3874.907195697982,41940800.0,3894.6100719276074,3914.613818359375,3896.405485026042,3952.2718424479167,39.71435147669088,-21.024441718153867,-18.37346623034508,3774.18701171875
2011-09-15,3774.18701171875,3829.2268605697486,3709.947569942197,3799.2551273245863,32731900.0,3870.525459885836,3868.404443359375,3879.962125651042,3938.946435546875,38.143046459598914,-29.529161914605538,-20.604605367197173,3835.03173828125
2011-09-16,3835.03173828125,3850.134178190544,3775.303104494303,3775.303104494303,31390800.0,3863.426715564919,3835.74150390625,3879.4576822916665,3928.5919596354165,44.01836601434871,-31.002179187015372,-22.684120131160814,3754.90576171875
2011-09-19,3754.90576171875,3833.931736672261,3739.368280910907,3833.931736672261,26730300.0,3841.722524795686,3807.529150390625,3873.820279947917,3916.0675130208333,38.792844222424904,-38.194767155433055,-25.786249536015266,3751.964111328125
2011-09-20,3751.964111328125,3754.68397619611,3673.073138157905,3754.68397619611,35175400.0,3823.770842102174,3782.995556640625,3865.2636881510416,3901.3570556640625,38.611620029724286,-43.62937921705816,-29.354875472223846,3697.349853515625
2011-09-21,3697.349853515625,3752.152894256103,3687.7694162076064,3751.780838438316,26124200.0,3798.486644384864,3762.6876953125,3855.2956705729166,3885.3459309895834,35.313232442033666,-51.74675818808055,-33.83325201539519,3369.01220703125
2011-09-22,3369.01220703125,3695.793459486666,3360.062603480415,3695.793459486666,52903800.0,3712.5917569141416,3681.652734375,3823.6146647135415,3859.768131510417,22.737641418064015,-83.70899831868246,-43.80840127605265,3426.212646484375
2011-09-23,3426.212646484375,3426.6945613286684,3258.24530449572,3367.272068542247,39180900.0,3655.3159348281883,3599.888916015625,3795.923404947917,3836.5777099609377,27.576404741454112,-103.23369272880564,-55.69345956660325,3316.008056640625
2011-09-26,3316.008056640625,3429.3295791225823,3217.825838212615,3425.4688893589987,48894300.0,3587.454359190676,3512.109375,3759.255826822917,3816.3949625651044,24.405138556724182,-126.14561497237764,-69.78389064775814,3473.802978515625
2011-09-27,3473.802978515625,3487.621533252728,3316.5571367689536,3316.5571367689536,42886800.0,3564.724083055666,3456.4771484375,3731.52138671875,3803.8511881510417,35.79106874872488,-130.07136524187263,-81.84138556658104,3513.029296875
2011-09-28,3513.029296875,3531.7514686432014,3452.8456039250277,3474.1748519663915,40210500.0,3554.385125819533,3419.613037109375,3698.9715169270835,3796.4530436197915,38.27977121432762,-128.535635752075,-91.18023560367983,3537.040283203125
2011-09-29,3537.040283203125,3549.045919344989,3466.4910276992928,3512.8461567097006,26702100.0,3550.9161572962516,3453.21865234375,3667.758610026042,3785.57353515625,39.81744873828354,-123.95222900025146,-97.73463428299416,3548.893798828125
2011-09-30,3548.893798828125,3579.522733179707,3523.036895464423,3537.1322938962644,31074600.0,3550.5116856026266,3477.7548828125,3637.795100911458,3774.8961832682294,40.604160465065775,-118.00310019611334,-101.78832746561801,3348.57763671875
2011-10-03,3348.57763671875,3547.9778324004856,3329.7404794859717,3547.9778324004856,35605800.0,3510.1248758258516,3484.268798828125,3601.30244140625,3756.836287434896,32.80078121344499,-127.9769740341194,-107.0260567793183,3269.32373046875
2011-10-04,3269.32373046875,3352.2645953440683,3256.315203379186,3347.089747850074,38783700.0,3461.9646467544317,3443.37294921875,3560.948551432292,3733.818155924479,30.318192088241304,-140.6550845307438,-113.7518623296034,3293.11083984375
2011-10-05,3293.11083984375,3315.556011158975,3269.415717178892,3269.415717178892,29217000.0,3428.1938853722954,3399.3892578125,3527.2299967447916,3711.8177408854167,31.982175806829048,-147.08762295225006,-120.41901445413274,3442.97216796875
2011-10-06,3442.97216796875,3446.940031361277,3293.3859396638504,3293.3859396638504,42704300.0,3431.1495418915865,3380.575634765625,3505.1490071614585,3692.55556640625,41.46575498946839,-138.4963989824646,-124.0344913597991,3425.55078125
2011-10-07,3425.55078125,3526.663789930279,3418.0029792596138,3443.337930883456,42566600.0,3430.029789763269,3355.90703125,3477.850276692708,3678.6539794921873,40.754375065166315,-131.57681676167886,-125.54295644017506,3450.949462890625
2011-10-10,3450.949462890625,3452.288522020877,3413.1340424425352,3424.435603849419,20438300.0,3434.2137243887405,3376.381396484375,3457.5865234375,3665.703401692708,42.30832949434014,-122.62993509871467,-124.96035217188299,3531.615478515625
2011-10-11,3531.615478515625,3563.269275840457,3451.498723628672,3451.498723628672,55539300.0,3453.6940752141177,3428.83974609375,3442.8966145833333,3654.0801513671877,47.05782908540396,-107.78788200694862,-121.52585813889613,3635.7890625
2011-10-12,3635.7890625,3636.98115466391,3516.484879110912,3522.679461655873,71960600.0,3490.1130726712945,3497.375390625,3438.7925618489585,3647.0441162109373,52.496716320487856,-86.6209974490398,-114.54488600092488,3675.240966796875
2011-10-13,3675.240966796875,3702.611971636027,3636.429489333189,3636.429489333189,79293800.0,3527.138651496411,3543.829150390625,3459.2078125,3641.411238606771,54.40701545807427,-65.90296165549671,-104.81650113183926,3664.537109375
2011-10-14,3664.537109375,3687.996156015799,3639.201182759027,3674.869714482867,39296400.0,3554.6183430721294,3591.626416015625,3475.0961100260415,3635.509757486979,53.7751618031277,-49.773720396141016,-93.80794498469962,3728.869873046875
2011-10-17,3728.869873046875,3730.1579088913545,3665.177525888104,3665.177525888104,73293900.0,3589.4686490670783,3647.210498046875,3502.6202311197917,3630.938028971354,57.00690529503474,-31.43767022314978,-81.33389003238965,3621.885986328125
2011-10-18,3621.885986328125,3727.863790891917,3580.629537091197,3727.863790891917,51376300.0,3595.9521165192878,3665.264599609375,3512.492431640625,3622.0069091796877,50.66343433836801,-25.247882045542156,-70.11668843502015,3685.16259765625
2011-10-19,3685.16259765625,3697.242206023068,3622.435056569204,3622.435056569204,50626700.0,3613.7942127466804,3675.139306640625,3523.967985026042,3611.4697509765624,53.92884716986413,-15.06290086545232,-59.105930921106584,3622.634765625
2011-10-20,3622.634765625,3684.704369298581,3593.5160268467,3684.704369298581,30644600.0,3615.5623233223446,3664.61806640625,3529.674283854167,3598.716446940104,50.380344362881026,-11.89953297054717,-49.66465133099471,3620.52294921875
2011-10-21,3620.52294921875,3643.703930483866,3594.3479440235283,3622.7257442221216,30897100.0,3616.5544485016258,3655.815234375,3534.449560546875,3586.1223307291666,50.26005853035277,-9.453967604148147,-41.6225145856254,3706.637939453125
2011-10-24,3706.637939453125,3716.499616767189,3620.981356028334,3620.981356028334,48331400.0,3634.571146691926,3651.36884765625,3558.320247395833,3579.811344401042,54.98029023985678,-0.5606169695643075,-33.41013506241318,3710.333740234375
2011-10-25,3710.333740234375,3733.781802997692,3699.293153954656,3706.5467781264015,29870500.0,3649.723665400416,3669.0583984375,3587.720914713542,3574.3347330729166,55.17688618270815,6.708318398707888,-25.38644437018897,3738.46142578125
2011-10-26,3738.46142578125,3740.5863430755503,3680.008866878256,3710.2425534086738,30382600.0,3667.4712174765828,3679.7181640625,3617.410953776042,3572.3204752604165,56.72574416120198,14.570709133729906,-17.395013669405195,3812.85546875
2011-10-27,3812.85546875,3814.4325557902457,3739.390311228966,3739.390311228966,58927300.0,3696.548067731266,3717.7623046875,3642.0698404947916,3573.609423828125,60.603301667470376,26.499221437778488,-8.616166647968459,3829.810791015625
2011-10-28,3829.810791015625,3874.961132033464,3811.245596155357,3813.862437589584,50679300.0,3723.2006123881383,3759.619873046875,3669.0205078125,3573.4353922526043,61.45110122581299,36.89549785173767,0.48616625197276697,3790.699462890625
2011-10-31,3790.699462890625,3830.725982002097,3758.346717529456,3830.725982002097,36412500.0,3736.700382488636,3776.432177734375,3691.6705078125,3574.628515625,58.332736508578755,41.50027515923557,8.688988033425327,3684.86865234375
2011-11-01,3684.86865234375,3789.967592218456,3681.19789666792,3789.967592218456,40125300.0,3726.3340364596593,3771.33916015625,3701.887386067708,3572.3920003255207,50.81807097790023,36.1927251980178,14.189735466343821,3762.8876953125
2011-11-02,3762.8876953125,3763.245835690668,3624.087181429197,3684.0448121834215,49329700.0,3733.6447682302273,3776.2244140625,3710.360628255208,3574.576595052083,55.381444237789104,37.84567694445104,18.920923761965266,3705.666015625
2011-11-03,3705.666015625,3763.1618275799046,3685.861609660948,3763.1618275799046,35708700.0,3728.049017709182,3754.7865234375,3712.38896484375,3585.798388671875,51.599861254417284,34.144742446563214,21.965687498884858,3783.480712890625
2011-11-04,3783.480712890625,3800.916069629945,3706.305737285169,3706.305737285169,33167800.0,3739.1353567454707,3745.5205078125,3720.318538411458,3597.70732421875,55.999828474984724,37.06347625491708,24.985245250091303,3778.093017578125
2011-11-07,3778.093017578125,3791.667440687559,3765.0915702260754,3782.932917190458,23496400.0,3746.926888912002,3742.99921875,3723.6000813802084,3613.11015625,55.62279343912353,38.49807005414095,27.687810210901237,3805.499755859375
2011-11-08,3805.499755859375,3806.77582921354,3778.549877604241,3778.549877604241,22485000.0,3758.641462301477,3767.125439453125,3735.840999348958,3624.166715494792,57.201363822913514,41.369607622360036,30.424169693193,3857.212890625
2011-11-09,3857.212890625,3858.947686377314,3806.32180521326,3806.32180521326,33282300.0,3778.355747966182,3785.990478515625,3747.3110188802084,3635.639501953125,60.08641129083765,47.27320356027576,33.79397646660955,3783.73388671875
2011-11-10,3783.73388671875,3856.298934465453,3747.9410898849424,3856.298934465453,29288000.0,3779.431375716696,3801.604052734375,3758.050960286458,3643.8626220703127,54.46802330723186,45.49822908537726,36.134826990363095,3778.738037109375
2011-11-11,3778.738037109375,3800.1412573732,3764.740534662196,3784.098912584428,24340400.0,3779.2927079952324,3800.655517578125,3768.5986328125,3651.5240966796873,54.09764579884959,43.190551917282846,37.545971975747044,3832.890869140625
2011-11-14,3832.890869140625,3833.084709252931,3779.1939843272776,3779.1939843272776,34336500.0,3790.0123402243107,3811.615087890625,3777.0154947916667,3667.66787109375,57.47332321699345,45.210226754833,39.07882293156424,3813.693603515625
2011-11-15,3813.693603515625,3832.9828917958057,3799.306224051545,3832.9828917958057,22405100.0,3794.748592882574,3813.253857421875,3783.90615234375,3685.8135335286456,55.903791396357306,44.74597101639074,40.21225254852954,3813.941650390625
2011-11-16,3813.941650390625,3817.0543222150927,3768.379214682999,3813.7846740782234,33821000.0,3798.5872043841846,3804.599609375,3788.938167317708,3703.174560546875,55.920541563104194,43.89209950745317,40.94822194031427,3792.105224609375
2011-11-17,3792.105224609375,3813.577532779615,3781.245784310712,3813.577532779615,20699500.0,3797.2908084292226,3806.273876953125,3787.5548177083333,3714.8123291015627,53.976718028169635,40.9809798924598,40.95477353074338,3754.353759765625
2011-11-18,3754.353759765625,3792.015378701256,3744.997190630568,3792.015378701256,18836700.0,3788.703398696503,3801.397021484375,3782.524348958333,3725.772428385417,50.695807055357726,35.22165559240875,39.80814994307646,3679.685791015625
2011-11-21,3679.685791015625,3754.080842814279,3667.971159367833,3754.080842814279,26898000.0,3766.8998771603274,3770.756005859375,3775.1234375,3733.39697265625,44.88455031917696,24.351558926073267,36.716831739675825,3735.38671875
2011-11-22,3735.38671875,3735.87668993012,3671.25615605223,3679.5959196217686,25716500.0,3760.5972454782623,3755.09462890625,3778.49130859375,3740.189347330729,49.53211949327143,20.000969631531916,33.373659318047046,3686.864501953125
2011-11-23,3686.864501953125,3734.4795913335233,3665.361188832596,3734.4795913335233,18049300.0,3745.850696773235,3729.67919921875,3773.423095703125,3741.8918619791666,45.90102322686328,12.493738848519115,29.19767522414146,3695.887939453125
2011-11-24,3695.887939453125,3696.745816174619,3659.291465367859,3686.228403813008,20852800.0,3735.8581453092133,3710.4357421875,3772.7712239583334,3742.5800944010416,46.68377899126603,7.189444914836258,24.79602916228042,3637.050048828125
2011-11-25,3637.050048828125,3695.978902934393,3628.616539846093,3695.978902934393,20254200.0,3716.096526012996,3686.975,3763.0091796875,3741.663859049479,42.37803861684852,-1.7418928313804827,19.48844476354824,3646.9072265625
2011-11-28,3646.9072265625,3676.261065319756,3618.8282405638593,3637.777454709965,19180300.0,3702.258666122897,3680.419287109375,3754.263460286458,3738.9317708333333,43.32119283809763,-7.93320147047325,14.004115516743944,3687.62548828125
2011-11-29,3687.62548828125,3710.607503776135,3646.719121731,3647.088003855251,23033700.0,3699.332030554568,3670.867041015625,3746.40517578125,3741.123087565104,47.16810433721005,-9.4453545808542,9.314221497224315,3714.935302734375
2011-11-30,3714.935302734375,3719.803032955088,3679.0646303440953,3687.988354841699,29485700.0,3702.4526849905296,3676.481201171875,3736.9200032552085,3742.115511067708,49.637078862053585,-8.343889858186685,5.782599226142115,3780.9521484375
2011-12-01,3780.9521484375,3811.395789255196,3715.2986946502265,3715.2986946502265,38604300.0,3718.152577679924,3693.49404296875,3736.734554036458,3747.392757161458,55.09957979406803,-2.1195307759821844,4.202173225717256,3779.68896484375
2011-12-02,3779.68896484375,3781.320981461146,3757.304825482132,3781.320981461146,21962000.0,3730.459855112689,3722.021826171875,3736.79794921875,3752.698291015625,54.97670700257645,2.680491247052487,3.8978368299843025,3780.64599609375
2011-12-05,3780.64599609375,3791.394601679085,3762.48776644826,3780.415048040608,23775800.0,3740.497083308902,3748.769580078125,3733.3149576822916,3755.1652262369794,55.058478046079074,6.486989726671709,4.415667409321784,3752.52783203125
2011-12-06,3752.52783203125,3780.608768935524,3736.263329158488,3779.910798089359,21974200.0,3742.903233053372,3761.750048828125,3729.237239583333,3756.5716959635415,52.06644924260213,7.152318869801547,4.962997701417737,3793.08740234375
2011-12-07,3793.08740234375,3793.3474019848345,3753.224940939817,3753.224940939817,30518600.0,3752.9400669114475,3777.38046875,3727.846956380208,3758.3925618489584,55.797882759422755,10.827601512626188,6.1359184636594275,3781.61376953125
2011-12-08,3781.61376953125,3793.1772842117375,3762.1225849563343,3793.1772842117375,29949700.0,3758.674807435408,3777.51279296875,3727.147526041667,3757.351171875,54.50527450999964,12.668429438484509,7.442420658624444,3759.462646484375
2011-12-09,3759.462646484375,3780.880026255235,3728.588847451649,3780.880026255235,23622200.0,3758.832375245202,3773.467529296875,3727.4881184895835,3755.0062337239583,52.00067841790946,12.19926281895323,8.393789090690202,3792.00146484375
2011-12-12,3792.00146484375,3803.557167816684,3760.9316281458937,3760.9316281458937,37212200.0,3765.4661931649116,3775.738623046875,3734.975830078125,3755.0496337890627,55.253421150260536,14.28834840988111,9.572700954528385,3763.432861328125
2011-12-13,3763.432861328125,3791.278703116905,3742.444663219892,3791.278703116905,38938600.0,3765.059526797554,3777.91962890625,3736.8455729166667,3757.6684407552084,51.92626186544052,13.483289280046847,10.354818619632077,3751.4580078125
2011-12-14,3751.4580078125,3764.9445435017,3741.571429679424,3763.251494155998,44052100.0,3762.3392230005434,3769.59375,3741.151806640625,3757.287451171875,50.55215664848355,11.74363025935736,10.632580947577134,3701.39599609375
2011-12-15,3701.39599609375,3751.0071025447833,3666.1063537951513,3751.0071025447833,32751000.0,3750.150577619185,3753.5501953125,3741.519010416667,3757.1451171875,45.170559654440844,6.2532682084970475,9.756718399761118,3768.20703125
2011-12-16,3768.20703125,3777.975693208316,3701.7616247958376,3701.7616247958376,41442900.0,3753.7618683453484,3755.299072265625,3750.2628092447917,3756.635994466146,52.4463463856098,7.210095409506266,9.247393801710148,3770.14013671875
2011-12-19,3770.14013671875,3773.650009657804,3753.129569378737,3768.117022227136,28343900.0,3757.037522020029,3750.926806640625,3758.478336588542,3756.3708984375,52.642163224770414,8.031787864676062,9.004272614303332,3752.191650390625
2011-12-20,3752.191650390625,3789.728273352602,3744.898965870215,3770.6809200127886,42637500.0,3756.0683476941485,3748.678564453125,3762.782747395833,3754.593961588542,50.56038951545364,7.152245575574398,8.633867206557547,3794.119384765625
2011-12-21,3794.119384765625,3808.242858376258,3752.6439486232175,3752.6439486232175,43708700.0,3763.678555108444,3757.21083984375,3768.0616861979165,3752.4908447265625,55.03385132717563,9.726300990659638,8.852353963377965,3795.29541015625
2011-12-22,3795.29541015625,3803.890046373841,3779.2838262628575,3791.5675278939975,39251600.0,3770.0019261180055,3775.99072265625,3769.0179036458335,3752.876228841146,55.15641703715857,11.72598402804806,9.427079976311985,3797.0029296875
2011-12-23,3797.0029296875,3821.839120155007,3776.87676077337,3795.661185093225,23888900.0,3775.4021268319048,3781.74990234375,3770.17216796875,3753.48505859375,55.34673080983031,13.295270199114839,10.200718020872555,3789.277587890625
2011-12-27,3789.277587890625,3806.036945460542,3757.3847860403607,3796.8222161640265,14348800.0,3778.1772190436486,3785.577392578125,3770.747607421875,3752.031282552083,54.22546164739196,13.756988278700192,10.911972072438084,3769.067138671875
2011-12-28,3769.067138671875,3789.386170561389,3744.48508942258,3789.386170561389,20780700.0,3776.355202969294,3788.952490234375,3771.8502278645833,3750.543733723958,51.297553138938405,12.349728850342217,11.199523428018912,3808.623779296875
2011-12-29,3808.623779296875,3812.942703044645,3736.081680031303,3768.977372717808,18319000.0,3782.8089182348103,3791.853369140625,3772.885986328125,3750.3664713541666,56.274028204266685,14.261953007891861,11.812009343993502,3821.84326171875
2011-12-30,3821.84326171875,3825.814054508133,3804.9310778586537,3808.803729934766,26005400.0,3790.6157869315984,3797.162939453125,3775.5679524739585,3751.3577392578127,57.82500680482426,16.65215055520548,12.780037586235897,3808.99169921875
2012-01-02,3808.99169921875,3824.948109665594,3796.854231988246,3821.477297436053,24861600.0,3794.2909693890288,3799.560693359375,3778.8698893229166,3753.17900390625,55.754519476470875,17.3098484848083,13.685999765950378,3857.73193359375
2012-01-03,3857.73193359375,3858.0378298911087,3808.540732926268,3808.540732926268,49712400.0,3806.979162229973,3813.2515625,3783.251920572917,3759.113875325521,61.39954230499813,21.515985519570677,15.25199691667444,3907.268798828125
2012-01-04,3907.268798828125,3921.015334024476,3857.9128099695927,3857.9128099695927,39077900.0,3827.0370895496035,3840.89189453125,3792.8409830729165,3764.8432779947916,66.12937316994442,28.517854377245385,17.90516840878863,3906.11181640625
2012-01-05,3906.11181640625,3923.897256673671,3893.038350862948,3907.3588381611225,34539000.0,3842.852034920933,3860.389501953125,3803.1512369791667,3772.1515218098957,65.9261870491766,33.58636437878113,21.04140760278713,3869.264404296875
2012-01-06,3869.264404296875,3906.523940069842,3852.600013997619,3906.292015505173,21634800.0,3848.1345087961217,3869.87373046875,3814.342464192708,3777.9307373046877,59.64111447034568,34.23527393389395,23.6801808690085,3888.920654296875
2012-01-09,3888.920654296875,3890.045610510572,3848.1932356106304,3868.633357995178,35483700.0,3856.291737896273,3885.859521484375,3822.3900390625,3786.326424153646,61.73673536130389,35.9215532271146,26.12845534062972,3938.688720703125
2012-01-10,3938.688720703125,3941.1576187375977,3886.7188198938265,3888.5605450764688,50193700.0,3872.7711344576437,3902.05087890625,3833.626611328125,3796.0524739583334,66.48224883314253,40.803451951052466,29.06345466271427,3909.48779296875
2012-01-11,3909.48779296875,3954.702098347912,3902.193154893485,3938.778645588236,31509900.0,3880.114466159865,3902.494677734375,3844.1130208333334,3803.4478841145833,61.65087132489228,41.83388603856338,31.617540937884094,3909.344970703125
2012-01-12,3909.344970703125,3918.433484286792,3890.776601339739,3909.847880824065,42546300.0,3885.9605670685173,3903.14130859375,3851.7947265625,3809.9282063802084,61.62728163481279,42.15307352139462,33.724647454586204,3935.1728515625
2012-01-13,3935.1728515625,3943.107601498615,3908.893844505296,3908.893844505296,42892200.0,3895.803023967314,3916.322998046875,3861.1198893229166,3815.068896484375,64.28843234591449,43.98311605061235,35.77634117379144,3909.541015625
2012-01-16,3909.541015625,3935.0829906715417,3894.679533259976,3935.0829906715417,31210900.0,3898.5506222988515,3920.4470703125,3868.6224283854167,3819.3972981770835,59.85231066748272,42.87097310212903,37.195267559458955,3954.60107421875
2012-01-17,3954.60107421875,3955.582237229683,3909.9070117496,3909.9070117496,48105000.0,3909.7607126828316,3923.629541015625,3879.643994140625,3825.19580078125,64.4910990943649,45.10561252487423,38.77733655254201,3977.972900390625
2012-01-18,3977.972900390625,3978.300036079015,3947.7011309212735,3954.420839744351,40722700.0,3923.4031502243906,3937.3265625,3893.571044921875,3832.7106363932294,66.64390460366542,48.206793504840334,40.66322794300168,4000.917236328125
2012-01-19,4000.917236328125,4027.736260582594,3978.334131147337,3978.334131147337,43535600.0,3938.905967445138,3955.641015625,3906.3906087239584,3839.6382975260417,68.65313268954274,51.91744593139674,42.914071540680695,3986.359619140625
2012-01-20,3986.359619140625,4024.79122765262,3967.1814110764617,4001.649062661157,36347900.0,3948.3966977842356,3965.878369140625,3917.358365885417,3846.4631591796874,65.93921128265029,53.07170904344048,44.945599041232654,3994.427490234375
2012-01-24,3994.427490234375,4038.627673657484,3985.351915845092,3986.8098668942594,20738300.0,3957.6028562742636,3982.8556640625,3929.720751953125,3854.2953206380207,66.72429772307083,54.014831294902706,46.759445491966666,3963.45068359375
2012-01-25,3963.45068359375,3996.954506245258,3948.806234169955,3994.9675230515086,26529100.0,3958.772421738161,3984.6255859375,3936.7686686197917,3860.010294596354,60.91834799185279,51.667106816369596,47.74097775684726,3983.279052734375
2012-01-26,3983.279052734375,3983.3510714157815,3950.5813507201874,3963.630647528806,32829700.0,3963.673747937404,3985.68681640625,3941.8360188802085,3867.3385009765625,63.12990697733238,50.82067284792356,48.356916775062516,3986.254638671875
2012-01-27,3986.254638671875,3992.743399592156,3969.301441614533,3983.368764754924,27714300.0,3968.189926084299,3982.754296875,3947.1788736979165,3875.1650553385416,63.46403765403024,49.815728043181934,48.6486790286864,3915.007568359375
2012-01-30,3915.007568359375,3985.984786908653,3896.248288569103,3985.984786908653,28566300.0,3957.553454539314,3968.48388671875,3950.22841796875,3882.285441080729,51.4428733808836,42.77715054396094,47.47437333174131,3941.539794921875
2012-01-31,3941.539794921875,3941.539794921875,3902.003246900066,3914.4678499352967,34190200.0,3954.3507226158263,3957.90634765625,3953.736360677083,3888.063199869792,54.8710664567556,38.89163752199056,45.757826169791166,3964.82177734375
2012-02-01,3964.82177734375,3965.168687671349,3936.655881273551,3941.629564668466,36201200.0,3956.4449335614113,3958.18056640625,3955.478564453125,3894.552587890625,57.69366212575178,37.26147477749646,44.058555891332226,4016.74560546875
2012-02-02,4016.74560546875,4020.2523047837326,3965.271536701912,3965.271536701912,46876600.0,3968.505067942879,3964.873876953125,3962.629085286458,3903.371053059896,63.218886322572644,39.70172131212394,43.18718897549057,4015.79248046875
2012-02-03,4015.79248046875,4025.782081411591,4001.055017673557,4016.476535842582,42300400.0,3977.9625504480537,3970.7814453125,3969.7255859375,3910.76015625,63.056091959403894,41.085121345668085,42.76677544952607,3974.63330078125
2012-02-06,3974.63330078125,4039.924703434039,3957.393981902058,4015.612661942808,36650800.0,3977.296700514693,3982.706591796875,3972.3562825520835,3916.7380859375,56.312394896562985,38.41742189436309,41.89690473849348,3955.2978515625
2012-02-07,3955.2978515625,3986.214860283449,3929.483915569135,3974.993129383763,38035700.0,3972.8969307242546,3985.458203125,3975.40673828125,3922.014583333333,53.42196083860413,34.34710960145367,40.386945711085524,3988.543701171875
2012-02-08,3988.543701171875,3988.691644631208,3950.291284083017,3955.478093880002,34841600.0,3976.026284813779,3990.202587890625,3977.669580078125,3928.656787109375,57.464705948931154,33.41878900346637,38.9933143695617,3978.8330078125
2012-02-09,3978.8330078125,3988.434684478732,3953.662845952211,3988.434684478732,31271400.0,3976.5876294135232,3982.620068359375,3977.7269205729167,3935.6489827473956,55.93750653075405,31.53598919001115,37.50184933365159,3912.240966796875
2012-02-10,3912.240966796875,3978.839207677017,3895.46061332196,3978.473255107599,30039200.0,3963.718296890194,3961.909765625,3971.8151692708334,3939.102888997396,46.75998002951913,24.38929103075816,34.87933767307291,3961.747802734375
2012-02-13,3961.747802734375,3962.462618644677,3906.7577569134137,3912.330537919039,26010600.0,3963.3241980590306,3959.332666015625,3970.174381510417,3943.7663736979166,52.94141036400477,22.46134871831555,32.39573988212144,3952.6630859375
2012-02-14,3952.6630859375,3964.2546758936464,3939.780774722363,3962.6468283030063,27285500.0,3961.1919756347247,3958.805712890625,3967.390087890625,3948.555419921875,51.75393381572795,19.97017606558711,29.910627118814574,3952.89111328125
2012-02-15,3952.89111328125,3963.375812739224,3942.0856255240287,3952.123320890738,28472900.0,3959.53180316403,3951.6751953125,3966.6861165364585,3951.727392578125,51.78316782813392,17.80901248114924,27.49030419128151,3927.455078125
2012-02-16,3927.455078125,3952.3523026398384,3913.7436976238246,3952.3523026398384,35655800.0,3953.1164581562243,3941.399609375,3962.9645182291665,3952.4002685546875,48.2696071762299,13.883756013855873,24.768994555796382,3976.38720703125
2012-02-17,3976.38720703125,3976.427244535247,3928.0851321634304,3928.0851321634304,32689500.0,3957.7706079312297,3954.228857421875,3962.306689453125,3954.742781575521,54.64508288782926,14.553610876573202,22.725917819951746,3980.097900390625
2012-02-20,3980.097900390625,3994.928377414338,3961.1977576662257,3976.6571164442857,24837200.0,3962.236066423109,3957.898876953125,3966.646044921875,3958.4372314453126,55.09702990739912,15.20858255122721,21.22245076620684,4002.795166015625
2012-02-21,4002.795166015625,4008.07108375946,3980.008210932944,3980.008210932944,30958700.0,3970.3478863416126,3967.92529296875,3970.729736328125,3962.233048502604,57.862895041065066,17.35902790115597,20.449766193196666,3994.868408203125
2012-02-22,3994.868408203125,4002.52606907984,3978.94007320452,4002.52606907984,40050000.0,3975.251990713915,3976.320751953125,3972.732845052083,3964.105704752604,56.55275880146916,18.213692120175438,20.002551378592422,3958.65478515625
2012-02-23,3958.65478515625,3994.503241403087,3953.271938323373,3994.503241403087,30389200.0,3971.932549602382,3982.560693359375,3968.8601236979166,3965.7446044921876,50.8843448427029,15.786901369283896,19.15942137673072,3894.41064453125
2012-02-24,3894.41064453125,3958.9471986371495,3849.9782894880423,3958.386185286256,39980100.0,3956.428168588156,3966.165380859375,3960.768001302083,3965.246793619792,42.70635606223175,8.580773165659139,17.043691734516404,3860.865966796875
2012-02-27,3860.865966796875,3894.60562148124,3838.389790099041,3894.0455846669456,20978500.0,3937.3157282299003,3942.318994140625,3953.1835123697915,3962.7698974609375,39.16675215149613,0.1612309285592346,13.66719957332497,3903.40478515625
2012-02-28,3903.40478515625,3906.989850539141,3857.933656588245,3861.0455958756615,27857800.0,3930.5335396151704,3922.44091796875,3949.723974609375,3962.5653564453123,45.352330046885015,-3.0437039000848927,10.325018878642998,3985.054931640625
2012-02-29,3985.054931640625,3985.956019632767,3903.675040895441,3903.675040895441,33394200.0,3941.4378180202616,3920.47822265625,3949.491389973958,3963.5804850260415,54.84342829436106,0.9933953571389793,8.458694174342195,3962.131591796875
2012-03-01,3962.131591796875,3984.874846733684,3950.604208675297,3984.874846733684,23341000.0,3945.5765727755843,3921.173583984375,3948.377962239583,3963.05244140625,52.10722493119238,2.3164016211931084,7.230235663712379,4004.7119140625
2012-03-02,4004.7119140625,4004.999012253425,3961.283674193974,3962.76164396256,25019800.0,3957.4036410329677,3943.233837890625,3954.542692057292,3963.1789306640626,56.453277595964366,6.72326811568837,7.128842154107577,3984.741943359375
2012-03-05,3984.741943359375,4004.603231188335,3966.562718994757,4004.603231188335,17977900.0,3962.871301498249,3968.009033203125,3956.075634765625,3963.125008138021,53.979247515809625,8.506276759095272,7.4043290751051165,3966.921630859375
2012-03-06,3966.921630859375,3984.201964585106,3938.586795467498,3984.201964585106,19851500.0,3963.6813673704746,3980.71240234375,3957.0262044270835,3962.208146158854,51.79777623163508,8.384719835734813,7.600407227231057,3942.363525390625
2012-03-07,3942.363525390625,3965.8264786401887,3929.041046286056,3965.8264786401887,24384200.0,3959.417798974505,3972.17412109375,3956.324365234375,3961.5052408854167,48.86687317873597,6.23487941866324,7.327301665517494,3967.5146484375
2012-03-08,3967.5146484375,3970.073630949772,3942.7946625335617,3942.903545017866,22508900.0,3961.037168867104,3973.250732421875,3958.9950032552083,3960.9797607421874,51.870519005375066,6.485836150695377,7.159008562553071,3991.388671875
2012-03-09,3991.388671875,3995.036479186352,3968.144703067535,3968.144703067535,25747200.0,3967.107469468683,3970.586083984375,3959.9951009114584,3961.1508951822916,54.59688962929256,8.513022512393945,7.429811352521246,3987.190673828125
2012-03-12,3987.190673828125,4007.7968049559095,3968.8454409821497,3984.0198988703296,20821700.0,3971.1241103405714,3971.075830078125,3960.467952473958,3963.5569986979167,54.01744881308575,9.669376398732766,7.87772436176355,4008.486083984375
2012-03-13,4008.486083984375,4008.524900833041,3987.819896102125,3987.819896102125,21815900.0,3978.5965050693326,3979.388720703125,3960.847347005208,3965.788541666667,56.537362800177185,12.163938499938013,8.734967189398443,4054.168212890625
2012-03-14,4054.168212890625,4058.645089512872,4008.93510926302,4008.93510926302,29417300.0,3993.7108466335912,4001.749658203125,3964.8006673177083,3968.7667561848957,61.42145154295578,17.62390554611102,10.512754860740959,4039.82275390625
2012-03-15,4039.82275390625,4065.545873877432,4032.064022666532,4054.5272597440367,32919200.0,4002.9332280881235,4016.211279296875,3970.211865234375,3969.535994466146,59.17269910151572,20.556448178449045,12.521493524282576,4028.380615234375
2012-03-16,4028.380615234375,4059.920161473508,4017.706957617969,4040.362083373209,33788800.0,4008.022705517374,4023.60966796875,3979.1431966145833,3969.955598958333,57.36854814305999,21.706999598297443,14.35859473908555,4024.576416015625
2012-03-19,4024.576416015625,4043.036879828056,4012.385972067704,4028.7454433576895,23992000.0,4011.3334476170244,4031.08681640625,3990.0572265625,3971.620369466146,56.74903474772663,22.057586675049606,15.89839312627836,4022.011474609375
2012-03-20,4022.011474609375,4035.157935744424,4003.360344845298,4025.0252733598336,24426300.0,4013.469053015495,4033.79189453125,3997.9643391927084,3973.8441569010415,56.30752311988335,21.876283940096982,17.093971289042084,4036.07666015625
2012-03-21,4036.07666015625,4036.525861407482,4014.6695350927766,4022.10137448952,27568100.0,4017.990574443646,4030.173583984375,4001.365787760417,3975.4285888671875,58.22678513169684,22.606944360154557,18.196565903264577,4041.40185546875
2012-03-22,4041.40185546875,4043.99574869664,4023.8793438045823,4036.257036091381,23195800.0,4022.672830648667,4030.489404296875,4006.6504720052085,3977.5142171223956,58.961790922446845,23.34657201492746,19.226567125597157,4031.5478515625
2012-03-26,4031.5478515625,4060.985668359169,4011.7766499644586,4041.581395810616,23663300.0,4024.4478348314337,4031.1228515625,4008.4395345052085,3981.49111328125,56.96442137779244,22.873920184807048,19.956037737439136,4079.225341796875
2012-03-27,4079.225341796875,4081.691310318057,4032.177123254488,4032.177123254488,31967900.0,4035.4033362245223,4042.05263671875,4014.738427734375,3985.40703125,63.42103135066875,26.046270021104192,21.174084194172146,4090.41357421875
2012-03-28,4090.41357421875,4091.776558205838,4063.64362148364,4079.1349610682096,30732400.0,4046.405383823368,4055.733056640625,4022.971223958333,3989.998714192708,64.75725576169552,29.12741427383844,22.764750210105404,4105.00732421875
2012-03-29,4105.00732421875,4105.466290741832,4063.351962019824,4090.2349495848575,34285400.0,4058.1257719024447,4069.519189453125,4033.814143880208,3995.0692545572915,66.47744099396282,32.37365362542414,24.686530893169152,4121.39013671875
2012-03-30,4121.39013671875,4129.172059955583,4099.563350769688,4105.096826490796,28384300.0,4070.778644865706,4085.516845703125,4044.072509765625,4001.533756510417,68.34532375829244,35.854964044752705,26.920217523485864,4165.90966796875
2012-04-02,4165.90966796875,4168.582903788019,4121.550554285375,4121.659436767146,46919200.0,4089.804849486315,4112.389208984375,4055.707242838542,4007.851171875,72.78338566250224,41.725298472491886,29.88123371328707,4215.27978515625
2012-04-03,4215.27978515625,4232.758108790343,4166.448677894589,4166.448677894589,43150700.0,4114.899836620302,4139.60009765625,4070.91318359375,4015.690568033854,76.68688449328675,49.787418287272885,33.86247062808424,4133.87548828125
2012-04-04,4133.87548828125,4214.915307782113,4122.063935565524,4214.915307782113,32834700.0,4118.694966952492,4148.29248046875,4079.2724772135416,4020.059912109375,61.120872686948765,49.04272587535206,36.89852167753781,4166.2119140625
2012-04-05,4166.2119140625,4171.035945107056,4109.1589582401,4132.797198620676,33553500.0,4128.198356374493,4160.5333984375,4086.7420572916667,4025.7713623046875,64.22714306665027,50.47992987847283,39.614803317724814,4153.90478515625
2012-04-09,4153.90478515625,4165.582552078536,4141.560540337535,4165.582552078536,43013600.0,4133.339642130845,4167.036328125,4094.3475260416667,4032.2796956380207,62.19058495342578,50.04890928579289,41.70162451133843,4149.63720703125
2012-04-10,4149.63720703125,4171.511355071535,4143.575431408032,4156.214099310327,37208100.0,4136.599155110926,4163.7818359375,4102.431298828125,4040.787247721354,61.462805157786285,48.80042356604872,43.12138432228049,4129.8525390625
2012-04-11,4129.8525390625,4150.295591517336,4111.603248930136,4149.458710008163,42643400.0,4135.249831901241,4146.69638671875,4109.44970703125,4049.753466796875,58.069998312790965,45.68787094405707,43.634681646635805,4139.37939453125
2012-04-12,4139.37939453125,4149.587006198136,4120.214122688305,4130.031612776608,43778500.0,4136.075744427243,4147.79716796875,4117.274235026041,4057.619287109375,59.236861311043434,43.48857891642547,43.60546110059374,4159.11474609375
2012-04-13,4159.11474609375,4164.573517702787,4138.469554685439,4139.647731420019,35280100.0,4140.6835447605445,4146.377734375,4125.476774088542,4063.421280924479,61.61964154624549,42.844220570230846,43.45321299452117,4146.419921875
2012-04-16,4146.419921875,4164.3230347411145,4135.46233988189,4159.205557828639,34884200.0,4141.830820183436,4144.88076171875,4132.477978515625,4069.5642252604166,59.22156649286162,40.8384356539641,42.930257526409754,4157.203125
2012-04-17,4157.203125,4172.21328186918,4140.771636836624,4146.868078794485,38508500.0,4144.905281146749,4146.3939453125,4140.854996744792,4074.647265625,60.623372443870444,39.66175500698682,42.27655702252517,4166.07470703125
2012-04-18,4166.07470703125,4185.045160263431,4151.099703797754,4157.932445736115,43891500.0,4149.13916632365,4153.63837890625,4146.644954427084,4080.691691080729,61.78724045613817,38.995572952650946,41.62036020855032,4163.5537109375
2012-04-19,4163.5537109375,4167.26157438308,4146.043650510138,4166.254777645552,37596000.0,4152.02207524642,4158.4732421875,4151.520963541667,4087.24609375,61.23336878754503,37.82813635043476,40.86191543692722,4181.20556640625
2012-04-20,4181.20556640625,4181.617171493606,4158.877333138394,4163.734077864293,41766200.0,4157.858773478387,4162.89140625,4156.600846354167,4095.2074951171876,63.68787899291573,37.890513393494075,40.26763502824059,4155.3291015625
2012-04-23,4155.3291015625,4193.074211066313,4130.687973028395,4181.294885449865,50362300.0,4157.35283909521,4164.6732421875,4158.863444010417,4101.4679768880205,57.9004220444862,35.44336415600719,39.30278085379392,4170.1904296875
2012-04-24,4170.1904296875,4173.574086819642,4146.854425506611,4155.546957674506,47665500.0,4159.9203572136685,4167.270703125,4159.148828125,4107.428035481771,60.140681011427205,34.307688060756846,38.3037622951865,4163.48095703125
2012-04-25,4163.48095703125,4170.01439405147,4149.103587141301,4169.830807449602,46927800.0,4160.632477177185,4166.751953125,4155.695572916667,4113.304378255209,58.62394169176087,32.4917139501822,37.14135262618564,4180.1435546875
2012-04-26,4180.1435546875,4200.898606740269,4163.296065483566,4163.661285652369,45866600.0,4164.534692679248,4170.069921875,4158.780110677083,4119.026293945312,61.23840892498604,32.02787633812022,36.118657368572556,4163.81884765625
2012-04-27,4163.81884765625,4189.287094385823,4155.174164687229,4180.50813930065,36327900.0,4164.391523674649,4166.592578125,4158.620572916667,4122.681315104167,57.4109032823331,29.9972249263119,34.89437088012043,4180.5693359375
2012-04-30,4180.5693359375,4180.748528186807,4144.184032345248,4163.908851112287,32908900.0,4167.627086127219,4171.640625,4160.398209635417,4127.372867838541,60.162298469966814,29.400631290764068,33.795622962249155,4195.82080078125
2012-05-01,4195.82080078125,4196.125964701187,4170.549810374567,4180.928313226054,34952100.0,4173.265829058026,4176.76669921875,4163.477115885416,4132.954207356771,62.535544377655604,29.814805765652636,32.999459522929854,4219.130859375
2012-05-02,4219.130859375,4220.385693392805,4192.33014371847,4196.269931924565,39311900.0,4182.43883512142,4187.8966796875,4169.42900390625,4139.43935546875,65.88104194012192,31.659023424219413,32.73137230318777,4223.8388671875
2012-05-03,4223.8388671875,4226.259671596029,4202.630706580631,4218.402066645151,41205400.0,4190.718841534636,4196.6357421875,4175.059635416666,4146.166935221354,66.53111332627674,33.1187042822221,32.808838698994634,4216.51708984375
2012-05-04,4216.51708984375,4234.569121823519,4202.507381048026,4224.017774558485,38176000.0,4195.878491196459,4207.175390625,4178.886458333333,4152.181616210937,64.47374424524617,33.30083434830976,32.90723782885766,4158.69970703125
2012-05-07,4158.69970703125,4216.246780207471,4130.0919354658645,4216.246780207471,30722300.0,4188.442734363418,4202.80146484375,4179.705110677083,4156.091544596354,51.04911673097734,28.45181928287093,32.016154119660314,4180.91064453125
2012-05-08,4180.91064453125,4182.740163224125,4158.344139341155,4158.969115035545,26127700.0,4186.936316396985,4199.81943359375,4181.285611979167,4161.070304361979,54.931394601137946,26.10030882666797,30.832985061061844,4128.8994140625
2012-05-09,4128.8994140625,4180.012171494349,4118.099541288171,4180.012171494349,28119000.0,4175.328935930088,4181.77314453125,4178.807259114584,4162.726106770833,45.775968755155255,19.81147388681802,28.62868282621308,4133.47021484375
2012-05-10,4133.47021484375,4137.50521427622,4110.736235103285,4128.450390404591,30528300.0,4166.9571917128205,4163.6994140625,4176.801692708334,4164.161328125,46.61800841064021,15.023174507527983,25.907581162476063,4113.97998046875
2012-05-11,4113.97998046875,4133.199935365534,4093.503726823124,4133.199935365534,23882600.0,4156.361749464007,4143.1919921875,4172.319986979167,4164.460416666667,43.51495844728492,9.545677100591092,22.63520035009907,4052.9091796875
2012-05-14,4052.9091796875,4120.074534765934,4043.815539416649,4114.408739619596,25126600.0,4135.671235508706,4122.03388671875,4165.4919921875,4162.177718098958,35.53361977299973,0.27366309151693713,18.162892898382644,4045.486572265625
2012-05-15,4045.486572265625,4068.564531377152,3997.616365302568,4028.5392338944753,30818800.0,4117.6343028600895,4094.949072265625,4157.178401692709,4158.1636149088545,34.700550546352915,-7.585970847725548,13.013120149161006,3980.341064453125
2012-05-16,3980.341064453125,4006.989928856999,3926.2359940434458,4006.989928856999,31030800.0,4090.175655178697,4065.23740234375,4144.969075520833,4150.33232421875,28.40600398480335,-18.85414654188753,6.639666810951299,3939.95458984375
2012-05-21,3939.95458984375,3958.3130062994223,3907.357957926068,3957.846959982133,27648800.0,4060.131442111708,4026.53427734375,4128.956477864584,4143.868294270834,25.337491746703563,-30.68934032761308,-0.8261346167615775,4020.943603515625
2012-05-22,4020.943603515625,4024.228387782001,3965.0146279139126,3965.0146279139126,33931300.0,4052.2938743924915,4007.927001953125,4119.431461588541,4139.026017252604,39.46061026038271,-33.15152992006733,-7.291213677422729,3981.4228515625
2012-05-23,3981.4228515625,4001.461133808575,3950.662086439599,4001.461133808575,23171200.0,4038.1196698264935,3993.629736328125,4106.155029296875,4133.276619466146,35.89267005787951,-37.85545320477422,-13.404061582893029,3984.718017578125
2012-05-24,3984.718017578125,3992.424748990308,3961.483814105341,3977.756130233941,24251500.0,4027.43933937682,3981.476025390625,4092.081510416667,4127.779313151042,36.408951529614555,-40.84659976328658,-18.89256921897174,3902.35595703125
2012-05-25,3902.35595703125,3970.086227308472,3885.4435302784914,3968.1844459642257,27052600.0,4002.422662907706,3965.87900390625,4070.96318359375,4120.19609375,29.922449235004763,-49.29479520445511,-24.973014416068416,3918.532470703125
2012-05-28,3918.532470703125,3927.711068366104,3850.3019733059314,3876.902988242056,20370700.0,3985.6446244667904,3961.594580078125,4050.609423828125,4112.834529622396,32.467280836632995,-54.061553559700315,-30.7907222447948,3918.912353515625
2012-05-29,3918.912353515625,3924.1072196062105,3892.846473892908,3909.379765694812,16974700.0,3972.2981702765574,3941.188330078125,4030.769108072917,4104.827783203125,32.5292456433326,-57.14980317424079,-36.062538430684,3917.763427734375
2012-05-30,3917.763427734375,3922.500303790803,3896.706142398543,3911.833727041978,20557900.0,3961.3912217681213,3928.4564453125,4014.706689453125,4097.205900065104,32.43232062297504,-59.00974435138187,-40.651979614823574,3832.6748046875
2012-05-31,3832.6748046875,3881.336973227733,3810.2428164253424,3878.90908920676,37550400.0,3935.6479383519973,3898.047802734375,3991.490966796875,4086.388289388021,26.20489514301292,-66.5821839286491,-45.83802047758868,3799.6181640625
2012-06-01,3799.6181640625,3840.892435834559,3781.7716909982464,3820.23235162334,20564000.0,3908.441983494098,3877.500244140625,3969.538883463542,4074.1730712890626,24.2562777465607,-74.39323260538413,-51.54906290314777,3654.439697265625
2012-06-04,3654.439697265625,3729.899648858527,3635.141376635571,3729.899648858527,29877000.0,3857.641526248404,3824.681689453125,3937.603515625,4057.202604166667,17.94501621887042,-91.24640219510775,-59.488530761539764,3717.731201171875
2012-06-05,3717.731201171875,3735.308641673541,3696.8250328752074,3696.8250328752074,23031900.0,3829.659461233098,3784.445458984375,3911.1869303385415,4041.753458658854,26.877476319818783,-98.36171250570214,-67.26316711037225,3841.181640625
2012-06-06,3841.181640625,3841.338616940819,3734.5756799556502,3735.350796289595,38369600.0,3831.9638971114787,3769.1291015625,3897.0717610677084,4031.281876627604,40.4861570141657,-92.96755632536906,-72.40404495337161,3840.446533203125
2012-06-07,3840.446533203125,3909.2358491155983,3823.764320902942,3876.6382403850894,30940500.0,3833.6604243298084,3770.683447265625,3883.4024251302085,4020.2904134114583,40.437896021086665,-87.74054730234775,-75.47134542316684,3825.178955078125
2012-06-08,3825.178955078125,3840.655403314456,3805.187790035244,3823.7310134039967,18802500.0,3831.964130479472,3775.79560546875,3873.058284505208,4009.013680013021,39.38773773490273,-83.86334649596574,-77.14974563772662,3866.0625
2012-06-11,3866.0625,3879.659139056699,3845.629456958945,3855.685950524905,24890100.0,3838.7838043835777,3818.120166015625,3868.132145182292,3998.5443115234375,43.610779542763176,-76.60858049724357,-77.04151260963002,3852.427978515625
2012-06-12,3852.427978515625,3855.297007503452,3824.800147295885,3840.647675181844,20042100.0,3841.5126392099874,3845.059521484375,3856.897770182292,3988.164615885417,42.5461435924859,-71.13926890158791,-75.8610638680216,3860.310791015625
2012-06-13,3860.310791015625,3874.993325408356,3847.142357888295,3862.788721980445,34233100.0,3845.272269571115,3848.8853515625,3848.8236328125,3977.4893310546877,43.40634666021567,-65.41466344742321,-73.77178378390192,3791.470458984375
2012-06-14,3791.470458984375,3860.550780069121,3777.813031175735,3857.582877921048,31173100.0,3834.511907453767,3839.09013671875,3835.940462239583,3964.010986328125,38.04876487983461,-65.67564391235237,-72.15255580959202,3817.96044921875
2012-06-15,3817.96044921875,3826.894183917632,3774.5463656193383,3810.950956114025,42554600.0,3831.2016158067636,3837.646435546875,3830.3140950520833,3950.638639322917,41.063330157313366,-63.01851378598076,-70.32574740486976,3860.0048828125
2012-06-18,3860.0048828125,3897.279311817871,3849.782135925697,3859.942873505788,30395000.0,3836.962269207911,3836.434912109375,3826.412255859375,3938.51083984375,45.58890335542903,-56.864585066547534,-67.63351493720532,3880.664794921875
2012-06-19,3880.664794921875,3884.345803917688,3853.108983250279,3858.914665365242,21848400.0,3845.7027743507037,3842.082275390625,3823.8624186197917,3927.3157633463543,47.713526927885816,-49.74701732531412,-64.05621541482708,3943.743408203125
2012-06-20,3943.743408203125,3943.904534741559,3886.294717449168,3887.348631489194,42476700.0,3865.310901121188,3858.768798828125,3825.594417317708,3920.1505533854165,53.66278484025674,-38.57174561586908,-58.959321455035486,3901.635986328125
2012-06-21,3901.635986328125,3943.400227350502,3877.3627626626026,3943.400227350502,34294900.0,3872.5759181625754,3880.801904296875,3830.191829427083,3910.8413981119793,49.60524972606408,-32.73562342196283,-53.714581848420956,3889.37158203125
2012-06-22,3889.37158203125,3891.0604811461535,3842.872415130791,3863.2097584044254,23897200.0,3875.9350509363103,3895.084130859375,3836.175390625,3902.857137044271,48.45601364212634,-28.7684645139866,-48.725358381534086,3857.43896484375
2012-06-25,3857.43896484375,3893.3154980774407,3848.703220888408,3890.310488090958,18789200.0,3872.2358337177984,3894.570947265625,3849.708675130208,3893.6560953776043,45.500260015452135,-27.87977711655276,-44.556242128537825,3881.249755859375
2012-06-26,3881.249755859375,3889.760654941824,3848.913124316009,3854.281811761426,24180000.0,3874.038618146114,3894.687939453125,3860.609912109375,3885.8984212239584,48.045159066287354,-24.96635748350991,-40.63826519953224,3934.7138671875
2012-06-27,3934.7138671875,3938.886800546758,3886.940823407017,3888.705647326404,25633700.0,3886.1736679543915,3892.88203125,3866.845393880208,3881.9585774739585,53.31640887921663,-18.13430350570843,-36.13747286076748,3887.423583984375
2012-06-28,3887.423583984375,3952.749165358935,3880.400908212204,3945.992348375469,22767800.0,3886.4236511603885,3890.03955078125,3869.977197265625,3876.6898111979167,48.61772272751663,-16.3473401774163,-32.17944632409724,3955.4228515625
2012-06-29,3955.4228515625,3970.9303042309134,3903.506904794436,3903.506904794436,22047900.0,3900.223491240811,3903.2498046875,3878.660123697917,3875.8592041015627,54.78776984656178,-9.336560211098913,-27.610869101497578,3991.384765625
2012-07-02,3991.384765625,3997.1613963704094,3972.205580095872,3976.557217448461,30500800.0,3918.455746117649,3930.03896484375,3887.01494140625,3877.5735432942706,57.68194043090427,-0.868627660295715,-22.262420813257208,4049.7353515625
2012-07-03,4049.7353515625,4052.697150279285,4003.030139222781,4005.988031841687,31104200.0,3944.7116672066195,3963.736083984375,3900.168766276042,3878.533268229167,61.93922718611826,10.43043891623438,-15.72384886735889,4075.75830078125
2012-07-04,4075.75830078125,4090.596834364674,4059.323882068677,4059.710829893321,39693800.0,3970.920993921546,3991.944970703125,3914.53193359375,3881.677783203125,63.6934629536454,21.240023335054502,-8.331074426876214,4069.677490234375
2012-07-05,4069.677490234375,4086.183927657184,4058.736021694073,4086.183927657184,23756400.0,3990.6722931841123,4028.395751953125,3933.079069010417,3884.509765625,62.96318749310928,28.981940504634622,-0.8684714405740461,4055.039306640625
2012-07-06,4055.039306640625,4074.331525047908,4037.475048370601,4069.7467424288457,18506500.0,4003.545695875415,4048.31904296875,3948.884326171875,3889.5992106119793,61.145713264451366,33.549548251048236,6.015132497750411,3984.889892578125
2012-07-09,3984.889892578125,4038.235961718633,3976.2083455618895,4035.172116071611,17710400.0,3999.814535215957,4047.020068359375,3957.209993489583,3891.8111246744793,53.21778214537552,31.149862620021395,11.042078522204609,4009.52197265625
2012-07-10,4009.52197265625,4010.32784950364,3977.452175533064,3987.1048761295306,19771200.0,4001.7560227040162,4038.977392578125,3965.800472005208,3894.8314453125,55.4042785628,30.87973510769916,15.009609839303518,4018.9765625
2012-07-11,4018.9765625,4022.726416485171,4001.016324350193,4007.232879159984,20822900.0,4005.2001306632133,4027.621044921875,3970.816015625,3898.205216471354,56.24951292431367,31.070403225379323,18.22176851651868,3983.965087890625
2012-07-12,3983.965087890625,4013.2159027693897,3963.314768416181,4013.003752821723,26692200.0,4000.9531221086954,4010.478564453125,3976.304622395833,3903.248225911458,52.29666304287599,28.072770263549955,20.191968865924935,4019.5166015625
2012-07-13,4019.5166015625,4023.974435815588,3983.9327818895945,3984.610978141242,18421700.0,4004.6658179994565,4003.3740234375,3984.98095703125,3910.578173828125,55.70089310645701,28.240298005017394,21.801634693743427,4047.3076171875
2012-07-16,4047.3076171875,4064.2559323799583,4035.6850225188377,4035.6850225188377,25109300.0,4013.1941778370656,4015.857568359375,3997.6388671875,3923.6737711588544,58.21138664884969,30.266672291010764,23.494642213196897,4080.513427734375
2012-07-17,4080.513427734375,4084.3401832085056,4059.646075204437,4063.8749146508735,23188600.0,4026.6580278165275,4030.055859375,4010.9231119791666,3935.7665120442707,61.05158260207155,34.158264697838604,25.62736671012524,4081.476318359375
2012-07-18,4081.476318359375,4102.3434269496265,4070.680839659628,4078.76939235705,23553400.0,4037.621685925097,4042.555810546875,4020.707275390625,3943.776334635417,61.1340736694171,36.894776921731136,27.880848752446422,4096.0361328125
2012-07-19,4096.0361328125,4108.510744194754,4072.872240844471,4092.8255646045855,23311500.0,4049.304575302578,4064.97001953125,4034.614778645833,3952.2959879557293,62.42983142416683,39.77978136210504,30.26063527437815,4081.042236328125
2012-07-20,4081.042236328125,4105.692400852876,4066.0948195118417,4096.100488678316,18654100.0,4055.652107507688,4077.275146484375,4042.989404296875,3960.8247639973956,60.203845680880264,40.3906873281785,32.28664568513822,4009.636962890625
2012-07-23,4009.636962890625,4045.0435442854055,3997.768528180065,4045.0435442854055,18893700.0,4046.4490785842754,4069.741015625,4044.2062174479165,3965.6105794270834,50.89663131652077,34.71287745668951,32.77189203944848,3991.957763671875
2012-07-24,3991.957763671875,4035.126006450591,3982.087053858563,4011.64791576138,22320800.0,4035.550815601796,4052.0298828125,4040.3543782552083,3970.261572265625,48.881706577422236,28.458556081728602,31.909224847904508,4000.68359375
2012-07-25,4000.68359375,4004.699306788811,3964.653988460509,3977.909332563815,17151000.0,4028.5773712314367,4035.871337890625,4035.349397786458,3974.940665690104,49.9351983196257,23.930210326020642,30.313421943527736,4004.619873046875
2012-07-26,4004.619873046875,4014.86849723414,3979.44287533824,3998.4973088259976,19612500.0,4023.7858715945245,4017.5880859375,4031.0122233072916,3982.045646158854,50.43147585354195,20.423657323708994,28.33546901956399,4084.052978515625
2012-07-27,4084.052978515625,4088.672915913029,4033.178005247826,4033.178005247826,24116900.0,4035.839292978745,4018.190234375,4032.946468098958,3990.9153971354167,59.21706536284044,23.780153757311837,27.424405967113564,4098.96142578125
2012-07-30,4098.96142578125,4119.677415700612,4085.135792459937,4102.403186244661,23241300.0,4048.463719539246,4036.055126953125,4040.551236979167,3998.880615234375,60.627564279891935,27.32816637169617,27.40515804803009,4142.17578125
2012-07-31,4142.17578125,4149.547564796249,4104.457521947588,4108.79133773488,35037100.0,4067.206131881397,4066.09873046875,4049.39482421875,4007.597648111979,64.46412126174468,33.2438152508812,28.57288948860031,4130.30419921875
2012-08-01,4130.30419921875,4133.845077124433,4103.302319745486,4129.654322151394,35207100.0,4079.8257453488677,4092.0228515625,4056.8166666666666,4013.816341145833,62.65782118497901,36.552715205004915,30.16885463188123,4092.95263671875
2012-08-02,4092.95263671875,4149.495600340037,4082.798979477568,4128.356287014703,23809100.0,4082.4511236228445,4109.689404296875,4064.0825032552084,4020.193562825521,57.22480482086626,35.74899120661166,31.28488194682732,4099.6533203125
2012-08-03,4099.6533203125,4103.127306105966,4059.779873251688,4076.451343093576,18285100.0,4085.891562960776,4112.80947265625,4069.424951171875,4027.2029541015627,57.92955923798471,35.24642447225415,32.077190451912685,4105.33935546875
2012-08-06,4105.33935546875,4146.497910949025,4097.589656875899,4139.457169157889,22943700.0,4089.7811214623707,4114.08505859375,4073.293733723958,4035.466300455729,58.55359260377424,34.90459380142056,32.64267112181426,4085.421142578125
2012-08-07,4085.421142578125,4119.415913826143,4077.936326338804,4110.4079634820855,36522000.0,4088.9091256855218,4102.734130859375,4073.620914713542,4042.272013346354,55.450723338836504,32.65008733241075,32.64415436393356,4090.549560546875
2012-08-08,4090.549560546875,4104.410836727984,4078.467023635475,4087.331668381896,27970300.0,4089.237212657793,4094.783203125,4074.225797526042,4047.4665364583334,56.09583278510676,30.920759910239212,32.29947547319469,4131.00927734375
2012-08-09,4131.00927734375,4134.674173887667,4097.321622527927,4099.474370844224,25524500.0,4097.591625594984,4102.39453125,4076.557340494792,4055.5860595703125,60.90567245992595,32.44105617683272,32.327791613922294,4141.40283203125
2012-08-10,4141.40283203125,4149.844398119859,4118.001887041445,4133.248364147286,28676800.0,4106.3538668822375,4110.74443359375,4080.5813802083335,4061.785392252604,62.055672015692075,34.091588313173816,32.6805509537726,4102.3701171875
2012-08-13,4102.3701171875,4152.657222467716,4087.1048421852342,4148.311688474843,20479900.0,4105.557116943291,4110.1505859375,4086.7635904947915,4065.484903971354,55.457908447274875,31.88251130068511,32.520943023155105,4121.3955078125
2012-08-14,4121.3955078125,4122.500445212791,4086.183745537584,4116.732603626559,20336500.0,4108.724795117133,4117.345458984375,4095.3927734375,4067.873575846354,57.81236125953642,31.306114474083643,32.27797731334081,4141.82470703125
2012-08-15,4141.82470703125,4142.081044714984,4102.960496341348,4115.606977001161,25528100.0,4115.344777499957,4127.60048828125,4104.802180989584,4070.075789388021,60.24255182539138,32.127436391214815,32.24786912891562,4160.345703125
2012-08-16,4160.345703125,4163.604853474778,4134.39993676742,4143.340506363642,31426900.0,4124.344962624966,4133.4677734375,4115.183902994791,4073.0980631510415,62.359490538487144,33.88225597033579,32.574746497199655,4162.4970703125
2012-08-23,4162.4970703125,4182.865905949911,4137.704090568115,4152.870492096731,24308700.0,4131.975384162473,4137.68662109375,4120.413509114584,4076.6799886067706,62.60854654172947,35.04261107468574,33.06831941269687,4145.23779296875
2012-08-24,4145.23779296875,4155.781328435155,4125.099415627273,4146.27583855556,16950200.0,4134.627865923729,4146.26015625,4123.498600260416,4082.0249186197916,59.22303033148017,34.175566754949614,33.289768881147424,4145.716796875
2012-08-27,4145.716796875,4151.933840391564,4138.782984342312,4145.237811585615,7027200.0,4136.845652113983,4151.1244140625,4123.73466796875,4086.56474609375,59.288827320351935,33.14500451685126,33.260816008288195,4142.68701171875
2012-08-28,4142.68701171875,4159.762031167249,4120.8738953119655,4150.0124103858125,26720200.0,4138.013924034937,4151.296875,4124.560188802084,4090.688427734375,58.644251543595445,31.71817084756458,32.952286976143476,4093.010498046875
2012-08-29,4093.010498046875,4138.166942316574,4072.695371357616,4134.961989025343,30658800.0,4129.013238837325,4137.829833984375,4124.564046223958,4094.323274739583,49.19958701613856,26.27602177276094,31.61703393546697,4025.426513671875
2012-08-30,4025.426513671875,4066.264037383593,4003.984232036481,4064.42206797713,28906000.0,4108.295893804236,4110.41572265625,4119.615592447916,4094.520271809896,39.806778185548005,16.321472926143997,28.557921733602377,4060.1728515625
2012-08-31,4060.1728515625,4067.861516820268,3977.922882573824,4004.886919820767,30956100.0,4098.671285355889,4093.402734375,4116.6044921875,4094.949112955729,45.56108982665568,11.10811291592654,25.06795997006721,4117.78759765625
2012-09-03,4117.78759765625,4118.171371746825,4047.122141590448,4052.7278799287274,26920700.0,4102.494547815962,4087.81689453125,4118.762255859375,4096.191585286459,53.49917484268944,11.493031537440856,22.35297428354194,4105.09326171875
2012-09-04,4105.09326171875,4128.003503435354,4098.15456675616,4119.866612889188,34104400.0,4103.0142905965195,4080.29814453125,4119.7318359375,4096.978816731771,51.710043416949105,10.65097765857081,20.012574958547713,4075.193359375
2012-09-05,4075.193359375,4105.572059215755,4065.539682562799,4087.754881937653,32293300.0,4097.450104352216,4076.734716796875,4116.010774739583,4096.2840576171875,47.66657912894148,7.484692778374665,17.506998522513104,4102.697265625
2012-09-06,4102.697265625,4103.518522725977,4080.666140606134,4083.4980616439857,32791200.0,4098.499536606773,4092.1888671875,4113.430403645833,4097.005891927083,51.42898128159858,7.112733410376677,15.428145500085819,4143.51806640625
2012-09-07,4143.51806640625,4154.8096194887,4126.033394786318,4131.425274951046,32060800.0,4107.503242566669,4108.85791015625,4116.173600260417,4101.468595377604,56.435032708404364,9.99661563839345,14.341839527747346,4160.498046875
2012-09-10,4160.498046875,4163.730831069257,4128.193153257022,4152.705381757896,22344200.0,4118.102203428335,4117.4,4118.780436197917,4107.086604817709,58.357653513167286,13.49667433718605,14.172806489635088,4155.19384765625
2012-09-11,4155.19384765625,4157.118577252978,4127.59775631239,4152.30821804776,23993500.0,4125.520532273918,4127.4201171875,4119.671712239583,4112.236946614584,57.50392253599874,15.661950310674001,14.470635253842872,4173.9345703125
2012-09-12,4173.9345703125,4177.000368851573,4142.20582585246,4166.18291915685,24652600.0,4135.203339881635,4147.168359375,4120.57763671875,4117.880769856771,59.74469388052312,18.674894258940185,15.311487054862335,4170.4765625
2012-09-13,4170.4765625,4184.858814267816,4161.989588700835,4173.350473890052,42714700.0,4142.257984405308,4160.72421875,4121.109602864583,4120.761555989583,59.12518783288284,20.546791096511697,16.358547863192207,4256.83203125
2012-09-14,4256.83203125,4268.882342540193,4205.259823806105,4205.259823806105,53185900.0,4165.172793774246,4183.38701171875,4128.54921875,4126.023909505208,68.0382240636165,28.667980814306247,18.820434453415018,4255.11767578125
2012-09-17,4255.11767578125,4272.662891696384,4236.660385971491,4265.583088981143,41868600.0,4183.161770175648,4202.3109375,4135.842610677083,4129.788639322916,67.72250657424682,34.56727795393908,21.96980315351983,4223.72998046875
2012-09-18,4223.72998046875,4249.2651214188245,4198.733881080664,4247.205142840899,32726700.0,4191.2754122342685,4216.0181640625,4141.245475260416,4132.90283203125,62.04574194208534,36.291443574546975,24.83413123772526,4244.5458984375
2012-09-19,4244.5458984375,4253.087558502883,4213.281000817364,4216.090950152923,38179300.0,4201.929509474915,4230.1404296875,4151.347835286459,4137.955940755209,64.18960852885763,38.88923694917412,27.645152380015034,4217.35205078125
2012-09-20,4217.35205078125,4236.530015661787,4206.436459792165,4232.574114865868,49845800.0,4205.014017736182,4239.51552734375,4164.14287109375,4141.879231770833,59.464066492676714,38.312053176669,29.77853253934583,4244.4560546875
2012-09-21,4244.4560546875,4245.087866057999,4208.453548338882,4226.125712746795,42452300.0,4212.902425126445,4237.04033203125,4176.42841796875,4146.516455078125,62.43262256281134,39.585381835441694,31.739902398565004,4200.75048828125
2012-09-24,4200.75048828125,4240.089776750001,4190.828999616921,4223.875564369831,47945600.0,4210.472037757407,4226.16689453125,4181.95927734375,4150.360766601562,55.388704868324936,36.645404611641425,32.721002841180294,4226.72216796875
2012-09-25,4226.72216796875,4227.9340349919785,4190.383246452333,4207.981684453222,40132700.0,4213.722063799675,4226.76533203125,4190.06787109375,4154.899853515625,58.392835301036406,35.99620710810359,33.376043694564956,4180.00048828125
2012-09-26,4180.00048828125,4215.504966569101,4153.292542817453,4215.481041718503,30440900.0,4206.97774869599,4213.85625,4197.055013020833,4156.532893880209,51.65405267733712,31.350277839855153,32.970890523623,4224.85986328125
2012-09-27,4224.85986328125,4235.692450435696,4179.201480067218,4185.028402229895,44177100.0,4210.554171613042,4215.3578125,4205.199186197917,4159.314794921875,56.808049591264414,30.93156228393491,32.563024875685386,4262.39501953125
2012-09-28,4262.39501953125,4263.794867352458,4232.861013598485,4236.577177451717,32949300.0,4220.922341196683,4218.94560546875,4213.12431640625,4164.648958333333,60.593532406100124,33.245269828055825,32.69947386615947,4236.1279296875
2012-10-01,4236.1279296875,4249.519497797279,4214.354852182874,4249.519497797279,29316700.0,4223.963458894847,4226.02109375,4218.16630859375,4168.473372395833,56.83926395950574,32.58375979869925,32.67633105266743,4256.67333984375
2012-10-02,4256.67333984375,4264.618343389967,4240.844853796476,4245.362744517539,38805000.0,4230.505435084628,4232.011328125,4224.931608072917,4172.30166015625,58.98008960671702,33.33310791011536,32.80768642415701,4251.34619140625
2012-10-03,4251.34619140625,4267.67124125464,4238.285663265243,4267.67124125464,40317400.0,4234.673586348952,4246.28046875,4230.0923828125,4175.335009765625,58.17436107121184,33.11538182108052,32.86922550354171,4271.29443359375
2012-10-04,4271.29443359375,4275.585281952591,4248.133227090564,4255.775019041432,28170300.0,4241.997755797912,4255.5673828125,4236.81357421875,4178.961588541667,60.358250504204285,34.15872820136883,33.12712604310714,4311.14599609375
2012-10-05,4311.14599609375,4320.422490136301,4283.678316275982,4283.915123455868,28849100.0,4255.82740385708,4265.317578125,4240.434505208334,4184.491861979167,64.36166762263795,37.76593359103845,34.0548875526934,4268.068359375
2012-10-08,4268.068359375,4324.628164608822,4241.83647256497,4312.036858940008,30893300.0,4258.275594960664,4271.7056640625,4241.297884114583,4188.570247395834,57.59110667289095,36.72531797756346,34.588973637667415,4280.08349609375
2012-10-09,4280.08349609375,4293.814895508285,4262.991387573848,4272.576952175994,29062500.0,4262.637175187281,4276.3876953125,4245.05478515625,4193.150130208333,58.890095346180196,36.44997114710441,34.961173139554816,4279.84326171875
2012-10-10,4279.84326171875,4281.447203224929,4246.281579128132,4262.981124758059,31605300.0,4266.078392493575,4282.087109375,4247.407942708333,4199.3778889973955,58.85128071535243,35.79969529107984,35.128877569859824,4284.80029296875
2012-10-11,4284.80029296875,4284.80029296875,4260.69331959017,4268.595356273357,44552200.0,4269.82277258861,4284.78828125,4251.9044921875,4208.023681640625,59.44525287555344,35.27767886210222,35.1586378283083,4311.22314453125
2012-10-12,4311.22314453125,4315.693673480817,4293.560746735092,4294.3776094407085,57339500.0,4278.102846977138,4284.8037109375,4256.355631510417,4216.392024739584,62.54853519583265,36.57447262373444,35.44180478739353,4313.35400390625
2012-10-15,4313.35400390625,4316.234751100449,4292.673656887552,4308.620301525273,41236500.0,4285.1530783629605,4293.86083984375,4263.862532552083,4222.910904947917,62.79578249268911,37.34365910935776,35.822175651786374,4328.90771484375
2012-10-16,4328.90771484375,4329.307601626128,4303.491711705848,4320.462730975591,33165900.0,4293.904005659118,4303.62568359375,4270.67490234375,4230.37138671875,64.6312486796556,38.761481198699585,36.41003676116902,4337.357421875
2012-10-17,4337.357421875,4354.0076541089975,4318.251230339602,4338.927673388578,44619000.0,4302.594688902295,4315.128515625,4281.165364583333,4239.110188802083,65.62347001472844,40.104634892856666,37.14895638750655,4356.79638671875
2012-10-18,4356.79638671875,4362.173130744912,4340.402004756669,4347.679065505481,45200200.0,4313.435028465587,4329.527734375,4289.9611328125,4247.580159505208,67.85747910007804,42.25061706364522,38.16928852273429,4331.08544921875
2012-10-19,4331.08544921875,4361.566197267586,4322.285986785249,4359.462275193124,37137500.0,4316.96511261622,4333.5001953125,4294.540494791667,4253.832405598959,62.108346473692635,41.399438655417725,38.815318549270984,4341.2080078125
2012-10-22,4341.2080078125,4341.658185605584,4301.595779856825,4312.288234835948,34940000.0,4321.813691655476,4339.07099609375,4301.545833333334,4259.856070963541,63.422294348053605,41.06827006208641,39.26590885183407,4329.9765625
2012-10-23,4329.9765625,4354.768566721124,4313.101242469071,4342.978986330324,35110000.0,4323.446265824381,4339.284765625,4306.43271484375,4265.682161458333,60.898961748549226,39.44483726389717,39.30169453424669,4335.20654296875
2012-10-24,4335.20654296875,4340.916282037769,4309.654313218541,4320.341886203127,31564700.0,4325.798321253255,4338.85458984375,4312.023404947917,4271.057893880208,61.66383645972162,38.140609584602316,39.06947754431782,4338.984375
2012-10-25,4338.984375,4346.308309405061,4322.964000882369,4337.362367660426,44790000.0,4328.435532002604,4335.2921875,4316.536067708334,4276.674820963542,62.23845421044722,36.98549347842163,38.65268073113858,4331.19677734375
2012-10-29,4331.19677734375,4340.602173250196,4314.257983034119,4329.145587591221,35216500.0,4328.987781070833,4335.314453125,4317.872786458333,4279.153645833333,60.23417197196265,35.037768015491565,37.92969818800918,4364.42822265625
2012-10-30,4364.42822265625,4366.685947255435,4328.771407771023,4330.932456446627,45555500.0,4336.075869387917,4339.95849609375,4324.29677734375,4282.797330729167,65.36045588753784,35.76342298524196,37.496443147455736,4350.12158203125
2012-10-31,4350.12158203125,4362.960925699563,4324.215364494235,4357.999204891935,41079400.0,4338.885011916584,4343.9875,4328.965983072917,4287.010384114584,61.67432980760423,34.7831252280921,36.95377956358301,4335.193359375
2012-11-01,4335.193359375,4336.336381365678,4300.850943853277,4331.580706786777,37432600.0,4338.146681408267,4343.98486328125,4332.655989583333,4290.031966145833,57.998726051607456,32.4278414146911,36.04859193380463,4338.7236328125
2012-11-02,4338.7236328125,4345.448469367538,4322.6583386013335,4339.049303761619,29617300.0,4338.262071689114,4343.93271484375,4336.25087890625,4294.077685546875,58.626682490917474,30.49460278764309,34.93779410457232,4302.771484375
2012-11-05,4302.771484375,4330.3382824626,4285.637385675234,4327.68653021028,25300900.0,4331.163954226291,4338.24765625,4335.687434895834,4296.021533203125,50.36780103842909,25.764462645652202,33.1031278127883,4314.09716796875
2012-11-06,4314.09716796875,4316.740131471598,4293.094079470967,4305.430513216201,30681000.0,4327.750596974784,4328.1814453125,4335.736979166667,4299.799755859375,52.63160513262224,22.668373617147154,31.016176973660073,4350.25439453125
2012-11-07,4350.25439453125,4350.421380214996,4317.168769086819,4320.677909756651,37834700.0,4332.2513564860765,4328.2080078125,4337.160091145834,4303.917496744792,59.052787898272946,22.868670957439463,29.386675770415955,4327.69970703125
2012-11-08,4327.69970703125,4327.874504914689,4290.832978017423,4312.837980840975,27743200.0,4331.3410265951115,4326.70927734375,4336.516243489584,4308.840804036458,54.12397393383915,20.965753107726414,27.702491237878046,4333.4716796875
2012-11-09,4333.4716796875,4333.4716796875,4303.085653866162,4309.249476757049,27350300.0,4331.76715721359,4325.65888671875,4334.961263020833,4312.461197916667,55.155507276702245,19.696379356367288,26.101268861575896,4318.42236328125
2012-11-12,4318.42236328125,4338.843929939057,4311.346955691572,4328.963944252966,26533300.0,4329.098198427122,4328.7890625,4334.117057291666,4314.328776041667,51.88002788011157,17.276880329517553,24.33639115516423,4331.91552734375
2012-11-13,4331.91552734375,4340.429356419128,4317.516184953318,4320.355918273407,37018800.0,4329.661664210448,4332.352734375,4333.49755859375,4317.521695963542,54.4896514233914,16.26075166868668,22.72126325786872,4351.11474609375
2012-11-14,4351.11474609375,4360.093400368756,4323.344831368046,4338.494143793442,38375000.0,4333.952280587108,4332.5248046875,4334.906770833333,4320.669742838541,57.98144118020182,16.8108933683925,21.539189279973478,4313.27099609375
2012-11-19,4313.27099609375,4344.117939373674,4296.051940081122,4342.000834318642,32628400.0,4329.816023688437,4329.6390625,4333.444401041666,4322.733902994792,49.86076563311763,14.031464291314478,20.03764428224168,4312.1982421875
2012-11-20,4312.1982421875,4345.333670246275,4290.250854894651,4328.490576318486,38717500.0,4326.29246738825,4325.384375,4331.658658854167,4324.09736328125,49.64849015772426,11.608370380383349,18.351789501870012,4317.1083984375
2012-11-21,4317.1083984375,4318.0746693265855,4292.965297551905,4314.065548421948,33241600.0,4324.4556535981,4325.12158203125,4330.71943359375,4324.296110026042,50.68342656291524,9.969339235005464,16.675299448497103,4335.75830078125
2012-11-22,4335.75830078125,4338.122466738912,4308.217378640016,4308.217378640016,35673900.0,4326.71618303473,4325.89013671875,4328.80810546875,4326.55244140625,54.508155366863434,10.059328818213544,15.352105322440392,4348.638671875
2012-11-23,4348.638671875,4351.545296907033,4325.575605624693,4334.699273581785,31845500.0,4331.100680802784,4325.394921875,4328.709244791667,4328.837613932292,56.98913082697031,11.042691241957982,14.49022250634391,4374.99853515625
2012-11-26,4374.99853515625,4377.348541277633,4350.207508601692,4352.644425400325,41301500.0,4339.880251673478,4337.7404296875,4331.362923177084,4332.009456380209,61.60414202461608,13.7900703685591,14.350192078786948,4337.34033203125
2012-11-27,4337.34033203125,4381.575918662285,4332.87077906076,4374.059120761837,44572100.0,4339.372267745032,4342.76884765625,4331.270703125,4333.760791015625,52.875440171151325,12.781350399444818,14.036423742918524,4304.65576171875
2012-11-28,4304.65576171875,4322.952901397722,4267.869107033019,4321.684884325985,38719500.0,4332.4289665397755,4340.2783203125,4331.396321614583,4333.541878255209,46.69174942457916,9.238070166242323,13.076753027583285,4318.91748046875
2012-11-29,4318.91748046875,4325.872287325285,4285.455894994722,4318.583509120122,36847700.0,4329.726669325571,4336.91015625,4331.71767578125,4333.727327473958,49.46869914164874,7.494405722380179,11.960283566542664,4275.974609375
2012-11-30,4275.974609375,4321.808762120372,4255.101398727899,4312.586953243372,49339000.0,4318.9762573354565,4322.37734375,4326.765690104166,4331.962890625,42.32005466911056,2.617238384555094,10.09167453014515,4302.27685546875
2012-12-03,4302.27685546875,4303.392046557787,4262.599684594286,4277.020999833244,42899700.0,4315.636376962116,4307.8330078125,4325.070833333333,4330.793538411458,47.339593926583504,0.8644546785299099,8.246230559822104,4269.4853515625
2012-12-04,4269.4853515625,4284.790907011177,4246.135187967193,4281.793953575634,34554600.0,4306.406171882192,4294.26201171875,4320.805078125,4327.883170572916,42.38708009516367,-3.134506709636298,5.970083105930423,4286.6728515625
2012-12-05,4286.6728515625,4288.143985659058,4253.86309454743,4262.852002186869,42620100.0,4302.459507818254,4290.6654296875,4318.688444010417,4326.402750651042,45.599554559139364,-4.8607926210524965,3.8039079605338397,4292.43798828125
2012-12-06,4292.43798828125,4305.93843962477,4282.374414948835,4295.851917966382,44412600.0,4300.455203910853,4285.36953125,4316.056608072917,4324.777083333333,46.673650888372514,-5.698005233673939,1.903525321692284,4290.62890625
2012-12-07,4290.62890625,4297.358624796676,4269.931957873373,4286.021175427612,39116400.0,4298.489944378683,4288.300390625,4312.02421875,4323.465494791667,46.36429543692303,-6.433320744818047,0.23615610839021794,4302.44189453125
2012-12-10,4302.44189453125,4318.2093489497565,4280.059950749491,4295.3034997212735,43051500.0,4299.280334409196,4288.3333984375,4311.302278645833,4322.37333984375,48.75288546096796,-5.993761800971697,-1.009827473482165,4317.74951171875
2012-12-11,4317.74951171875,4325.385444271531,4290.126565990696,4301.019207420454,49779600.0,4302.974169871108,4297.98623046875,4311.67236328125,4321.665511067708,51.75139144917971,-4.359952575868192,-1.6798524939593706,4337.359375
2012-12-12,4337.359375,4340.092667280213,4311.330600765294,4321.044090694297,47928800.0,4309.851210896886,4308.12353515625,4313.022428385417,4321.870930989583,55.35517181789051,-1.4658969659485592,-1.6370613883572083,4320.0205078125
2012-12-13,4320.0205078125,4335.751827971317,4299.551579425588,4330.971252668701,47196700.0,4311.885070280009,4313.6400390625,4311.9732421875,4320.390673828125,51.679611139562496,-0.5649265974534501,-1.4226344301764566,4308.69482421875
2012-12-14,4308.69482421875,4321.203613923933,4283.0771705452335,4320.206582479381,28457300.0,4311.2470210677575,4317.25322265625,4309.310319010417,4319.009781901042,49.3734621415149,-0.7560735572797057,-1.2893222555971067,4315.6884765625
2012-12-17,4315.6884765625,4325.891203312935,4294.20835797847,4305.287027100186,33193800.0,4312.135312166706,4319.9025390625,4305.356315104166,4318.359619140625,50.83251301839959,-0.3393181558494689,-1.0993214356475791,4301.26904296875
2012-12-18,4301.26904296875,4328.850979941936,4273.688082520152,4319.914315179673,34038200.0,4309.962058327115,4316.6064453125,4302.9515625,4317.1111328125,47.77530810604923,-1.159201724534796,-1.1112974934250226,4275.6923828125
2012-12-19,4275.6923828125,4309.725237193433,4253.770384935895,4306.209260831247,40213200.0,4303.108123224192,4304.273046875,4301.020670572917,4316.20849609375,42.85223015871393,-3.8286537440926622,-1.6547687435585505,4254.650390625
2012-12-20,4254.650390625,4267.753884739287,4221.966603595292,4267.382805426142,31388800.0,4293.416576704354,4291.1990234375,4296.736197916666,4314.226936848959,39.26721481142066,-7.555036854212631,-2.8348223656893667,4250.048828125
2012-12-21,4250.048828125,4276.73187399289,4235.1524339296175,4252.773819963619,25685500.0,4284.7430269884835,4279.46982421875,4295.0078125,4310.886751302083,38.50850208389603,-10.755546705683628,-4.418967233688219,4274.927734375
2012-12-26,4274.927734375,4274.933593521792,4245.152526900286,4251.669362920177,18442500.0,4282.779968465787,4271.31767578125,4293.184537760417,4309.127685546875,44.726812824310045,-11.155856242241498,-5.766345035398875,4281.6943359375
2012-12-27,4281.6943359375,4289.653010820427,4264.167185491339,4275.844954029681,25065900.0,4282.562841960129,4267.402734375,4293.998470052084,4307.401774088542,46.31689290443428,-10.802570925529835,-6.773590213425067,4316.5185546875
2012-12-28,4316.5185546875,4324.7643266369,4289.228604083767,4298.764364752395,30004700.0,4289.353984505604,4275.56796875,4295.98818359375,4307.338313802084,53.699146307817394,-7.6246738577301585,-6.943806942286086,4346.3056640625
2013-01-02,4346.3056640625,4364.494896391378,4316.2555659850095,4322.413529051924,32794300.0,4300.744320416983,4293.8990234375,4299.579361979167,4307.817985026041,58.904787138157126,-2.671797927314401,-6.089405139291749,4399.0869140625
2013-01-03,4399.0869140625,4401.16300528423,4356.241898844536,4356.241898844536,43267700.0,4320.412839146087,4323.706640625,4306.809895833333,4309.417057291666,66.16414699613924,5.449578347824172,-3.781608441868565,4409.8486328125
2013-01-04,4409.8486328125,4418.312171068517,4389.545222676355,4406.759885667723,36418100.0,4338.2999978793705,4350.6908203125,4313.970345052084,4312.636311848958,67.42755633536125,12.608861217544472,-0.5035145099859575,4392.2080078125
2013-01-07,4392.2080078125,4427.479584633277,4387.317084834417,4407.558484752496,40179400.0,4349.081599865996,4372.7935546875,4318.934244791667,4315.303304036458,63.25791373228224,16.66706590216745,2.9306015724447247,4397.3740234375
2013-01-08,4397.3740234375,4413.763523198855,4381.478645097734,4394.587022375808,48360000.0,4358.740084580298,4388.9646484375,4322.935221354167,4317.978824869791,63.96076495699077,20.068736734540835,6.358228604863948,4362.75830078125
2013-01-09,4362.75830078125,4411.5933128046645,4349.616722779188,4404.170262075876,44600700.0,4359.543727820488,4392.25517578125,4325.784407552083,4318.878824869792,56.20261002249554,19.743791713427527,9.035341226576664,4317.19677734375
2013-01-10,4317.19677734375,4376.969347361638,4298.444091104873,4368.584420635254,33286900.0,4351.074337725141,4375.8771484375,4326.351204427084,4317.83076171875,47.95726676096705,15.629667200862968,10.354206421433926,4305.74462890625
2013-01-11,4305.74462890625,4341.590890844866,4301.32292589715,4325.069560818483,31889000.0,4342.008395961363,4355.05634765625,4325.68828125,4315.522298177083,46.12551385928894,11.314672710811465,10.546299679309435,4382.3271484375
2013-01-14,4382.3271484375,4382.3271484375,4313.788805615169,4321.967685880584,44849600.0,4350.07214645659,4353.08017578125,4331.092154947916,4317.021858723959,57.747749489481045,13.914183740062981,11.219876491460145,4400.6533203125
2013-01-15,4400.6533203125,4400.6533203125,4373.1792896044,4388.221674186588,29431200.0,4360.188381227773,4353.73603515625,4339.422884114583,4320.22177734375,59.97303618913637,17.25418832862033,12.426738858892183,4410.79248046875
2013-01-16,4410.79248046875,4410.79248046875,4387.493581088387,4396.394114153575,47184400.0,4370.309201075968,4363.34287109375,4349.832356770833,4323.28427734375,61.190861618289546,20.48319400643777,14.0380298884013,4398.2119140625
2013-01-17,4398.2119140625,4421.1690298454,4389.848469504133,4406.940578804745,23981700.0,4375.889743673275,4379.5458984375,4359.709895833334,4327.358854166667,58.800327061363404,21.776037100452413,15.585631330811523,4465.31005859375
2013-01-18,4465.31005859375,4465.31005859375,4405.366591325825,4407.119452776939,32930300.0,4393.77380665737,4411.458984375,4372.40205078125,4332.793294270833,66.35085744237887,27.893346927595303,18.04717445016828,4439.80126953125
2013-01-21,4439.80126953125,4471.933807600952,4427.596666559205,4463.2720354484445,29907300.0,4402.979299232146,4422.95380859375,4382.942513020834,4338.470491536458,61.71987887357902,30.33334898173871,20.50440935648237,4416.37548828125
2013-01-22,4416.37548828125,4441.440428009978,4399.5861044785415,4426.842364933918,32691900.0,4405.658537041967,4426.0982421875,4389.599641927083,4342.793912760417,57.73466351814349,30.03062902151669,22.409653289489235,4418.5546875
2013-01-23,4418.5546875,4441.670973257429,4389.95375241186,4425.066152244446,30663400.0,4408.237767133574,4427.65068359375,4394.416243489583,4346.997802734375,58.00630640636205,29.625065126866502,23.85273565696469,4437.42529296875
2013-01-25,4437.42529296875,4439.933007785432,4412.300295103321,4426.204538645896,40536500.0,4414.07527230061,4435.493359375,4396.972135416667,4351.891015625,60.38091499189906,30.475055501763563,25.177199625924466,4416.7646484375
2013-01-28,4416.7646484375,4444.114655328171,4384.760038035471,4437.234064466735,32021000.0,4414.613147527988,4425.78427734375,4397.433203125,4355.701774088541,56.60676619602147,29.145565713200995,25.970872843379773,4438.85693359375
2013-01-29,4438.85693359375,4439.43308303317,4423.637799672805,4431.255667091304,34785000.0,4419.461904741141,4425.59541015625,4400.543131510417,4359.738688151042,59.52041271386989,29.534146994305047,26.68352767356483,4452.80224609375
2013-01-30,4452.80224609375,4456.761076792473,4433.473894830844,4444.801580105926,39092200.0,4426.1299730116625,4432.88076171875,4404.238346354166,4363.586783854166,61.2874235616984,30.614466123440252,27.469715363539912,4453.52978515625
2013-01-31,4453.52978515625,4457.489591970542,4430.988670311782,4449.871724409927,49876900.0,4431.609935440581,4439.87578125,4410.289778645833,4368.037093098958,61.38213537341986,31.17002449884876,28.209777190601685,4481.45947265625
2013-02-01,4481.45947265625,4519.283196730264,4457.273401708915,4458.424724113151,44191500.0,4441.579842883715,4448.6826171875,4421.240625,4373.795914713542,64.92937121948425,33.478086337145214,29.263439019910393,4490.390625
2013-02-04,4490.390625,4518.777706610768,4469.742500776368,4497.808305796553,44097700.0,4451.341999306973,4463.4078125,4433.550358072916,4379.619319661459,66.00471325228158,35.61733683802231,30.534218583532777,4479.2666015625
2013-02-05,4479.2666015625,4492.354959399764,4458.511549896963,4472.935793246527,59502000.0,4456.926919758079,4471.48974609375,4440.01298828125,4385.552571614583,63.39728244464033,36.000105738703496,31.627396014566923,4498.80078125
2013-02-06,4498.80078125,4507.940561842895,4482.885385758466,4493.781933837511,51216900.0,4465.301692056463,4480.689453125,4446.55615234375,4392.989518229167,65.94164763150778,37.44802042811261,32.791520897276065,4502.97265625
2013-02-07,4502.97265625,4514.692414863735,4493.786002151869,4500.945879680171,42078200.0,4472.835884895171,4490.57802734375,4452.701497395833,4401.266927083333,66.47759491785354,38.48846760154629,33.93091023813011,4491.091796875
2013-02-08,4491.091796875,4528.085470152843,4487.664684545761,4516.526839269513,35554000.0,4476.487067291137,4492.5044921875,4458.893489583334,4409.301692708334,63.41700313214814,37.917256888691554,34.7281795682424,4503.07177734375
2013-02-11,4503.07177734375,4513.945377500044,4495.840125259562,4504.541446695814,27793300.0,4481.804009301659,4495.04072265625,4461.4109375,4416.906494140625,65.15887122591224,37.99328959392096,35.381201573378114,4548.06640625
2013-02-12,4548.06640625,4548.365222761679,4503.380154672521,4505.331738981643,35337600.0,4495.056488691327,4508.80068359375,4468.62861328125,4425.785563151042,70.78523305595913,41.209202542459934,36.54680176719448,4571.39013671875
2013-02-13,4571.39013671875,4586.801646898528,4551.241017767132,4552.68480928917,51480600.0,4510.323218296812,4523.3185546875,4478.962923177083,4434.281282552083,73.20110725172776,45.11975440514652,38.26139229478489,4588.494140625
2013-02-14,4588.494140625,4601.772920323101,4575.664562181578,4579.155637150007,83832800.0,4525.957402762449,4540.4228515625,4490.292220052083,4442.354231770833,74.8439599408195,49.033813818232375,40.41587659947439,4609.6064453125
2013-02-15,4609.6064453125,4615.821046810538,4588.056992364991,4588.4661561028415,67166100.0,4542.6872112724595,4564.12578125,4501.770963541667,4449.371549479167,76.73946122689443,53.225767136112154,42.97785470680194,4611.8662109375
2013-02-18,4611.8662109375,4630.220476287488,4602.290900416933,4610.990268503463,58920900.0,4556.523011205468,4585.88466796875,4514.777734375,4456.10546875,76.939750753145,56.08376580099139,45.59903692563984,4601.88330078125
2013-02-19,4601.88330078125,4618.520838267803,4581.342106296752,4610.329750113015,122593200.0,4565.595069120624,4596.648046875,4525.646158854167,4463.094645182292,73.91192130110456,56.88744980458887,47.85671950142965,4634.27099609375
2013-02-20,4634.27099609375,4634.27099609375,4610.578557856848,4612.272827922837,80671500.0,4579.33025451525,4609.22421875,4537.744075520834,4470.9912109375,77.06533277077303,59.45246054681411,50.175867710506544,4632.2236328125
2013-02-21,4632.2236328125,4655.946831164574,4617.389248875795,4620.556117884203,68863200.0,4589.908930174701,4617.9701171875,4549.656998697917,4479.973388671875,76.43635102486931,60.62124100279652,52.26494236896455,4650.94189453125
2013-02-22,4650.94189453125,4650.94189453125,4626.141590961996,4629.455914995388,69087800.0,4602.115523046011,4626.23720703125,4560.955826822917,4491.098225911458,78.18905568419459,62.339306499972736,54.27981519516619,4695.923828125
2013-02-25,4695.923828125,4695.923828125,4656.079678620105,4661.445192061962,59488200.0,4620.877184061809,4643.04873046875,4574.658040364583,4504.10419921875,81.70985066393841,66.5632521590851,56.73650258794997,4662.849609375
2013-02-26,4662.849609375,4684.814088083254,4646.408353588781,4684.554820812073,56483300.0,4629.271669124448,4655.2419921875,4586.896907552084,4513.454947916666,72.44930365492854,66.47565649703301,58.684333369766584,4716.2314453125
2013-02-27,4716.2314453125,4721.676057583047,4673.898132328832,4674.477211348908,61013400.0,4646.663624362059,4671.63408203125,4601.39228515625,4523.97421875,76.98341085962818,69.90785015286656,60.929036726386585,4795.60205078125
2013-02-28,4795.60205078125,4795.60205078125,4734.646420025301,4739.203371226382,66920600.0,4676.451309645897,4704.309765625,4620.900911458333,4536.801204427084,81.78372490724848,78.13177838040883,64.36958505719105,4811.42578125
2013-03-01,4811.42578125,4817.726805871425,4777.789393325165,4798.303732687365,60820800.0,4703.446203966718,4736.40654296875,4642.256510416667,4550.575,82.56445011370141,84.94692824416234,68.4850536945853,4761.275390625
2013-03-04,4761.275390625,4825.511168607096,4744.293142266873,4812.108370601558,55982900.0,4715.012041298374,4749.47685546875,4659.470084635416,4560.440511067708,72.02808905455501,85.31777599930592,71.85159815552943,4751.5166015625
2013-03-05,4751.5166015625,4779.366105699785,4751.29053612515,4764.810030498327,58277800.0,4722.3129533512,4767.21025390625,4673.033430989583,4570.831022135417,70.15204016638151,83.85756498767569,74.25279152195868,4824.49560546875
2013-03-06,4824.49560546875,4834.880944038724,4767.741463514917,4769.707695692692,72450200.0,4742.74948377471,4788.8630859375,4689.90712890625,4584.435026041667,75.32743260119076,87.57957017635272,76.9181472528375,4848.10986328125
2013-03-07,4848.10986328125,4848.359853537377,4818.777998737231,4823.056152300082,62834600.0,4763.821559676018,4799.3646484375,4707.21484375,4598.753531901041,76.73323930655266,91.38137178584293,79.81079215943859,4874.30517578125
2013-03-08,4874.30517578125,4904.285941087723,4852.956886585365,4853.825016818659,65145900.0,4785.918282897065,4811.94052734375,4724.86142578125,4613.316194661458,78.21603770990359,95.40826268460751,82.93028626447239,4854.123046875
2013-03-11,4854.123046875,4886.3307774439645,4847.6301355732885,4875.790172151338,52541100.0,4799.559235692653,4830.51005859375,4741.011881510417,4627.894807942708,74.28785155549875,95.86599014058083,85.51742703969407,4835.2509765625
2013-03-13,4835.2509765625,4868.714519293399,4815.663847459653,4850.580458697134,52392500.0,4806.697583866622,4847.25693359375,4756.5697265625,4641.107942708333,70.71163051362018,93.6266543032034,87.13927249239595,4786.1806640625
2013-03-14,4786.1806640625,4830.205803816575,4757.168611104685,4830.08862088334,60993100.0,4802.594199905798,4839.5939453125,4766.697037760417,4652.220556640625,62.31196548503063,86.89077760094733,87.08957351410622,4819.13671875
2013-03-15,4819.13671875,4854.339938928565,4803.393190664483,4803.393190664483,58465200.0,4805.902703674638,4833.79931640625,4779.15791015625,4664.407454427083,65.29377292444343,83.2521460560074,86.32208802248647,4802.63916015625
2013-03-18,4802.63916015625,4822.013405735432,4781.814775732054,4811.976687183877,47719900.0,4805.249994970961,4819.46611328125,4789.271061197916,4675.113444010417,62.622751340348444,78.13657939017503,84.68498629602418,4822.439453125
2013-03-19,4822.439453125,4840.472931657564,4812.686902623851,4815.407988232288,60484500.0,4808.687886601769,4813.12939453125,4797.705436197916,4686.18173828125,64.49978982627673,74.81772198977615,82.71153343477458,4831.31201171875
2013-03-20,4831.31201171875,4843.19875623202,4805.30716420276,4835.119969018359,67456000.0,4813.212711625165,4812.3416015625,4808.936263020833,4697.916585286458,65.33975148598483,72.07263642725866,80.58375403327139,4802.47900390625
2013-03-21,4802.47900390625,4855.01211448207,4786.587532886925,4833.5749609778,74936700.0,4811.065970081382,4815.60126953125,4814.686100260416,4708.039192708334,60.3430696705266,66.80051878010272,77.82710698263766,4722.9755859375
2013-03-22,4722.9755859375,4816.27664659436,4721.13239586811,4799.001439218176,61150100.0,4793.447893252606,4796.36904296875,4809.8443359375,4715.372623697916,49.17602672458159,55.56652980228864,73.37499154656786,4799.47705078125
2013-03-25,4799.47705078125,4799.47705078125,4751.956929747462,4754.573527010447,48987500.0,4794.653724758336,4795.73662109375,4809.04775390625,4725.652132161458,57.35419019635653,52.23441563566939,69.14687636438816,4842.330078125
2013-03-26,4842.330078125,4861.5700499695095,4798.808827259364,4801.973742815667,53427100.0,4804.188995431668,4799.71474609375,4814.451399739583,4736.9607421875,61.127528684486755,52.4469959982398,65.8069002911585,4927.91064453125
2013-03-27,4927.91064453125,4927.91064453125,4853.687453234642,4854.290457156961,67216000.0,4828.933325251584,4819.03447265625,4826.211002604166,4749.622216796875,67.34215782988483,58.84280077057247,64.4140803870413,4940.7939453125
2013-03-28,4940.7939453125,4940.7939453125,4898.242863570655,4921.123810839512,47089900.0,4851.3054492637675,4846.6974609375,4833.964225260416,4761.935677083334,68.16721561470493,64.21091339502891,64.37344698863882,4937.38330078125
2013-04-01,4937.38330078125,4953.206416274587,4922.35361148215,4926.932535081883,52929300.0,4868.521019567264,4889.57900390625,4839.915787760417,4773.565315755209,67.67974372000339,67.41287713084239,64.98133301707954,4957.05810546875
2013-04-02,4957.05810546875,4968.117733750295,4942.613843252823,4944.70067612004,79749100.0,4886.228436747562,4921.09521484375,4845.432649739583,4785.147037760416,69.05451355813662,70.72280035043059,66.12962648374975,4981.27197265625
2013-04-03,4981.27197265625,4985.6580324402,4947.887529634118,4972.200548329632,70764800.0,4905.2371439293,4948.88359375,4853.909244791666,4797.460563151041,70.70599018595864,74.44167774426205,67.79203673585221,4922.41943359375
2013-04-04,4922.41943359375,4970.87751025892,4922.41943359375,4970.3448161287615,51643000.0,4908.6736018621905,4947.7853515625,4859.720475260417,4808.145100911458,62.03974707174203,71.81220047524948,68.59606948373167,4925.87646484375
2013-04-05,4925.87646484375,4948.557712418003,4907.439192985068,4932.016362982648,44604400.0,4912.114174458502,4944.80185546875,4869.033528645833,4817.865283203125,62.331807171340216,69.20947062943924,68.71874971287318,4897.33056640625
2013-04-08,4897.33056640625,4934.26028276069,4872.366693361102,4924.182549627145,43060800.0,4909.157452848051,4936.79130859375,4874.246451822916,4826.702180989583,58.34030025843826,64.1044172209904,67.79588321449663,4899.396484375
2013-04-09,4899.396484375,4929.88260412834,4881.665239959058,4909.739344087595,44406800.0,4907.205259153441,4925.258984375,4880.696940104167,4834.984000651041,58.547188211118,59.53899940594056,66.14450645278541,4877.28515625
2013-04-10,4877.28515625,4909.906932699775,4864.674319242505,4908.860586730011,38576600.0,4901.221238572753,4904.46162109375,4884.3533203125,4841.029378255208,55.377346000932434,53.51973135960907,63.61955143415015,4924.07177734375
2013-04-11,4924.07177734375,4924.07177734375,4885.596222166558,4887.005835341474,45160600.0,4905.791346326952,4904.79208984375,4890.5373046875,4849.736783854167,60.27800204418405,51.926135212728695,61.280868189865856,4937.01806640625
2013-04-12,4937.01806640625,4949.645505284028,4925.650344190163,4925.6825695001135,43121200.0,4912.036690342812,4907.02041015625,4899.506575520833,4857.096337890625,61.53679020656783,51.11859279822056,59.2484131115368,4894.4013671875
2013-04-15,4894.4013671875,4924.463185833834,4890.857559756242,4921.753330330462,27819200.0,4908.50962571175,4906.4345703125,4910.9349609375,4860.3896484375,55.32184358494289,46.50373207654593,56.69947690453863,4945.06005859375
2013-04-16,4945.06005859375,4945.06005859375,4856.106496780027,4881.14555924946,39287300.0,4915.81971228815,4915.56728515625,4920.640494791666,4864.844124348959,60.43691345775993,46.39929256830783,54.639440037292474,4998.4580078125
2013-04-17,4998.4580078125,4998.4580078125,4953.280081206408,4956.389823279664,38564800.0,4932.347371393021,4939.80185546875,4931.0490234375,4872.750211588542,64.98719738182737,50.0483653406327,53.72122509796052,5012.443359375
2013-04-18,5012.443359375,5012.443359375,4975.094713390171,4981.860563695582,52913000.0,4948.366568989417,4957.476171875,4936.684537760417,4881.447770182292,66.08732697242522,53.45261432860025,53.66750294408847,4998.26611328125
2013-04-19,4998.26611328125,5023.51122301826,4985.772459638387,5004.483156107363,53927000.0,4958.346477847784,4969.72578125,4940.516015625,4887.240120442709,63.895577338455524,54.37966596322076,53.80993554791493,4996.72802734375
2013-04-22,4996.72802734375,5026.722951580891,4973.390070111577,5003.922082782447,40196600.0,4966.022787746977,4990.19111328125,4944.472330729167,4892.194059244792,63.64895215492971,54.36358086184737,53.92066461070142,4975.13671875
2013-04-23,4975.13671875,4998.9995608486,4970.909832247277,4997.276971547271,37939800.0,4967.845573947581,4996.2064453125,4945.677571614583,4895.555110677084,60.13972785660523,52.00906699589359,53.53834508773986,5011.412109375
2013-04-24,5011.412109375,5011.412109375,4986.910132229109,4994.025090002213,35893300.0,4976.5588810330655,4998.797265625,4947.6869140625,4900.798079427083,63.75533909008014,52.46542983457948,53.32376203710779,4994.32861328125
2013-04-25,4994.32861328125,5015.839983276618,4962.248806861483,5002.308283250479,50928000.0,4980.112827482702,4995.17431640625,4952.480859375,4906.100667317708,60.95136348358987,50.862296417700236,52.83146891322629,4978.3134765625
2013-04-26,4978.3134765625,5005.422775190696,4978.3134765625,4991.934041285171,40429300.0,4979.752957298662,4991.1837890625,4955.97666015625,4912.505094401042,58.36009597347891,47.74909213440151,51.814993557461335,4999.55712890625
2013-04-29,4999.55712890625,5001.692299608538,4981.016835764869,4986.108922491179,35979800.0,4983.71379162018,4991.749609375,4962.791764322917,4918.519108072916,60.74415173577434,46.46047310072663,50.744089466114396,5033.875
2013-04-30,5033.875,5033.875,4977.3093291203095,5000.400716099388,42635700.0,4993.746033296144,5003.497265625,4971.756998697917,4926.226969401042,64.30005600552226,47.65901516329632,50.12707460555078,5060.7216796875
2013-05-01,5060.7216796875,5062.475517573352,5011.960396795973,5020.000122472041,51840500.0,5007.141162574415,5013.3591796875,4983.986100260417,4934.169710286458,66.83127325144648,50.19653663851932,50.14096701214449,4993.8515625
2013-05-02,4993.8515625,5062.4528967825245,4991.957593235141,5047.6316962064,47144300.0,5004.483242559532,5013.26376953125,4988.6380859375,4939.5876953125,56.15176027504178,46.27821463818327,49.36841653735225,4925.29150390625
2013-05-03,4925.29150390625,5006.308374966904,4907.406456765896,4991.556018584194,42161500.0,4988.644894828876,5002.659375,4987.856315104166,4943.6814453125,47.73026289103777,37.211738714337116,46.93708097274923,4991.6767578125
2013-05-06,4991.6767578125,4996.255681108379,4933.316725197533,4933.316725197533,34151900.0,4989.251267425601,5001.08330078125,4994.341341145833,4952.638151041667,54.799243215690566,34.97999875838195,44.54566452987578,5042.59326171875
2013-05-07,5042.59326171875,5042.59326171875,4985.344508089987,4991.346228171905,47734000.0,4999.919666284231,5002.826953125,5000.8435546875,4960.742024739583,59.341102679708115,36.89456749471901,43.015445122844426,5089.13720703125
2013-05-08,5089.13720703125,5089.13720703125,5041.174227028731,5043.066243352431,55849200.0,5017.763174433635,5008.51005859375,5006.888834635417,4968.968929036459,63.00098751423283,41.687042142192695,42.74976452671409,5105.73779296875
2013-05-10,5105.73779296875,5115.443468954343,5083.0287181076,5090.765232645869,39954500.0,5035.358098140658,5030.8873046875,5013.108463541666,4974.896500651042,64.23746173417973,46.29102722976131,43.45801706732354,5054.4306640625
2013-05-13,5054.4306640625,5102.306725230724,5030.2485023814,5101.69981532361,35657300.0,5039.172611325026,5056.71513671875,5016.852766927083,4978.684391276041,57.807370608584286,45.2777285995262,43.821959373764074,5081.7421875
2013-05-14,5081.7421875,5081.7421875,5037.208764249842,5049.298625809103,37474800.0,5047.686526560021,5074.72822265625,5022.520377604166,4983.496354166667,60.09710973855794,46.146545176554355,44.28687653432213,5089.68212890625
2013-05-15,5089.68212890625,5103.689885431788,5077.636698480476,5085.4493832086,36728400.0,5056.085647029267,5084.14599609375,5030.15673828125,4987.917154947917,60.76375214945137,46.93474100946514,44.81644942935073,5078.48046875
2013-05-16,5078.48046875,5112.940064407752,5076.773503968495,5091.366685716099,44613200.0,5060.564611373414,5082.0146484375,5034.627962239583,4991.157438151042,59.259582060505636,46.12382478621021,45.07792450072263,5145.48291015625
2013-05-17,5145.48291015625,5162.180014428235,5074.820620351582,5077.327358759406,42875900.0,5077.548271129981,5089.963671875,5044.704915364583,4998.592887369791,64.86252091718441,50.307788030755546,46.12389720672922,5214.77294921875
2013-05-20,5214.77294921875,5243.30259965513,5164.737788805298,5164.737788805298,50483900.0,5104.993206747735,5122.03212890625,5060.468880208334,5008.222770182291,69.52949060187167,58.53992430960716,48.607102627304805,5188.55712890625
2013-05-21,5188.55712890625,5251.091807787993,5161.79352067189,5225.386752161582,49791900.0,5121.705991179439,5143.3951171875,5073.068880208333,5017.930322265625,65.95987436503833,62.231191576546735,51.3319204171532,5207.7958984375
2013-05-22,5207.7958984375,5235.555557886556,5185.351949623085,5188.318630785579,57937400.0,5138.923972631052,5167.01787109375,5084.663606770833,5028.210302734375,67.28717427392596,65.94873937990087,54.25528420970274,5121.20361328125
2013-05-23,5121.20361328125,5208.93652852853,5089.73120476959,5203.126695941726,63518000.0,5135.379900761091,5175.5625,5088.695735677084,5036.34091796875,56.59134383856741,61.202148793084234,55.64465712637904,5154.89208984375
2013-05-24,5154.89208984375,5174.469452683173,5130.367165710136,5131.494074963763,46501100.0,5139.282338577624,5177.4443359375,5099.431770833334,5044.034928385417,59.30181104564946,59.47324946887693,56.41037559487862,5084.9384765625
2013-05-27,5084.9384765625,5150.483779059821,5075.987652786179,5144.9781338000685,44678700.0,5128.4135661745995,5151.47744140625,5110.07490234375,5048.965608723958,52.03598407506734,51.86059566857057,55.50041960961702,5176.033203125
2013-05-28,5176.033203125,5186.614822111234,5072.035301796464,5072.035301796464,59564400.0,5137.937493564679,5148.97265625,5122.36533203125,5058.353336588541,59.06893943075809,52.57207762296275,54.91475121228617,5200.49072265625
2013-05-29,5200.49072265625,5224.8730756702935,5152.890522143883,5189.226512070232,52374600.0,5150.448139382994,5147.51162109375,5132.891829427083,5066.867692057292,60.73367932388786,54.48142170797928,54.8280853114248,5129.447265625
2013-05-30,5129.447265625,5178.43656924035,5110.954821536977,5178.43656924035,51797200.0,5146.247964631395,5149.1603515625,5135.579166666666,5071.234000651041,53.87869007181719,49.68919133667623,53.80030651647509,5068.4306640625
2013-05-31,5068.4306640625,5149.137483853893,5068.4306640625,5135.04721194118,74407600.0,5130.684504517616,5131.86806640625,5133.092024739583,5073.100244140625,48.78564149693179,40.50091509392678,51.14042823196543,4971.16064453125
2013-06-03,4971.16064453125,5055.635386126579,4958.612304489287,5053.348365708036,56181200.0,5098.779732520343,5109.1125,5127.540690104167,5072.196728515625,41.97393203000386,25.08114251840925,45.9285710892542,5021.416015625
2013-06-04,5021.416015625,5021.416015625,4936.3705036916135,4971.770978784657,58273600.0,5083.306989141274,5078.1890625,5123.5189453125,5073.019661458334,46.15688014011895,16.723274604689323,40.087511792341225,5001.0263671875
2013-06-05,5001.0263671875,5002.729914103934,4952.568294023739,5002.547304030347,43808100.0,5066.85086475052,5038.29619140625,5117.608561197917,5073.882649739583,44.747462558146765,8.357984203144952,33.741606274501976,4865.13525390625
2013-06-07,4865.13525390625,4985.374236094024,4865.13525390625,4984.129655528048,37732500.0,5026.507742581666,4985.4337890625,5103.385546875,5069.006754557292,36.70339850456931,-9.131582660423192,25.166968487516943,4777.1796875
2013-06-10,4777.1796875,4915.734852857111,4750.766650889065,4894.232758316436,41357800.0,4976.642131565333,4927.18359375,5078.831998697917,5061.76845703125,32.616436720386034,-29.74656960120592,14.18426086977237,4609.7685546875
2013-06-11,4609.7685546875,4781.056799794204,4573.107874335655,4774.29778591494,54042100.0,4903.267416189767,4854.90517578125,5038.498372395833,5049.483626302083,26.55533274531173,-58.91365464126375,-0.4353222324348529,4697.70068359375
2013-06-12,4697.70068359375,4697.70068359375,4510.8041597926895,4578.2165712758615,57192200.0,4862.154069670563,4790.162109375,5005.774609375,5039.421744791666,33.541131926133815,-74.07944996341666,-15.164147778631216,4607.48388671875
2013-06-13,4607.48388671875,4670.552234577984,4567.939526283047,4637.729780675412,46111400.0,4811.220033080201,4711.45361328125,4965.75380859375,5025.208707682292,30.35136762406745,-92.31405459657435,-30.594129142219845,4760.55859375
2013-06-14,4760.55859375,4776.9046363364,4647.559091753001,4647.559091753001,47194100.0,4801.087745214161,4690.53828125,4941.710807291666,5015.203271484375,40.66259057036993,-93.33732598932966,-43.14276851164181,4774.318359375
2013-06-17,4774.318359375,4804.316216989797,4751.434483098261,4755.385989685008,35028100.0,4795.733868046329,4689.966015625,4916.339225260416,5007.885498046875,41.5009660375882,-91.97771599374755,-52.909758008062965,4840.263671875
2013-06-18,4840.263671875,4861.820449656292,4794.634101003084,4794.709293387644,46592800.0,4804.639828812064,4736.0650390625,4900.027571614583,5005.051236979167,45.47697624043868,-84.60372065824777,-59.248550538099934,4806.46875
2013-06-19,4806.46875,4880.210997999066,4801.013395852522,4847.749370402099,36750500.0,4805.005613049651,4757.81865234375,4875.38994140625,4998.87763671875,43.832793281287096,-80.55812012435854,-63.51046445535166,4629.81396484375
2013-06-20,4629.81396484375,4742.909661220466,4619.668363580472,4742.909661220466,41919800.0,4769.967283408471,4762.28466796875,4837.34482421875,4985.118326822917,36.420350904015955,-90.56256843506435,-68.92088525129421,4515.19677734375
2013-06-21,4515.19677734375,4561.726709198771,4474.789166396314,4550.066517349816,48855000.0,4719.013182195527,4713.2123046875,4796.394791666667,4965.986979166667,32.57167531867755,-106.51201077610222,-76.43911035625581,4429.28759765625
2013-06-24,4429.28759765625,4561.372301402934,4429.28759765625,4524.0641829152655,34484500.0,4661.068065287673,4644.20615234375,4753.78525390625,4943.438639322917,30.01171897984183,-124.64735445681708,-86.08075917636808,4418.69970703125
2013-06-25,4418.69970703125,4496.378805855067,4373.206364434088,4463.14768024961,34851900.0,4612.594393636388,4559.893359375,4716.954524739584,4922.247607421875,29.70188359815029,-138.28009243935048,-96.52062582896457,4587.54931640625
2013-06-26,4587.54931640625,4620.6720495263535,4469.856635575413,4478.45835127129,39757000.0,4607.585378190361,4516.10947265625,4688.030078125,4905.77451171875,40.28883627937632,-133.91568649330839,-103.99963796183334,4675.5673828125
2013-06-27,4675.5673828125,4732.800999193513,4643.855724150389,4643.855724150389,36168700.0,4621.181779114789,4525.26015625,4666.3328125,4891.970686848958,44.94353971820199,-121.94879122119983,-107.58946861370666,4818.70751953125
2013-06-28,4818.70751953125,4818.70751953125,4721.392458486633,4722.292325815781,38258800.0,4660.686927198081,4585.9623046875,4663.237630208333,4883.311588541666,51.55717484694716,-99.76470235271154,-106.02451536150764,4777.2666015625
2013-07-01,4777.2666015625,4815.538064334938,4747.790695612111,4756.997369279068,22209800.0,4684.002862070965,4655.55810546875,4663.243424479167,4871.037711588541,49.69592222560311,-84.55291447487616,-101.73019518418135,4728.52001953125
2013-07-02,4728.52001953125,4810.382555266053,4724.682278310122,4805.9291153579225,27510200.0,4692.906293563023,4717.52216796875,4671.160188802083,4854.829280598959,47.52263938956719,-75.55989730271358,-96.49613560788781,4576.974609375
2013-07-03,4576.974609375,4715.361310583771,4576.944825378508,4713.501519720853,26991100.0,4669.719956725418,4715.4072265625,4663.111783854167,4834.443196614583,41.45334287351902,-79.74209722527576,-93.1453279313654,4581.75439453125
2013-07-04,4581.75439453125,4644.645984418927,4581.5053808065095,4597.271855680257,25689300.0,4652.126844286585,4696.64462890625,4661.396484375,4813.575146484375,41.70622043145188,-81.72871433475848,-90.86200521204402,4602.62841796875
2013-07-05,4602.62841796875,4647.0915353040455,4581.710284865892,4623.763339529142,23973300.0,4642.227159023018,4653.42880859375,4650.867805989584,4796.289306640625,42.86681123192863,-80.6886351083158,-88.82733119129838,4433.4521484375
2013-07-08,4433.4521484375,4579.908352461219,4433.4521484375,4578.539265214233,29475300.0,4600.472156905915,4584.66591796875,4628.143391927083,4772.24130859375,36.52062177659028,-92.44977248486884,-89.55181945001247,4403.62841796875
2013-07-09,4403.62841796875,4482.068724491539,4403.62841796875,4462.634422269802,31005200.0,4561.103409118482,4519.68759765625,4599.034375,4749.530973307292,35.522233831950544,-102.98988115078828,-92.23943179016764,4478.4697265625
2013-07-10,4478.4697265625,4494.987150057649,4413.419035887779,4413.998114910665,39416300.0,4544.576672607285,4499.98662109375,4577.1677734375,4726.278857421875,39.95811186551986,-104.10388034708285,-94.61232150155068,4604.04296875
2013-07-11,4604.04296875,4621.597949535028,4503.993640228021,4503.993640228021,45668400.0,4556.469931835829,4504.4443359375,4575.44970703125,4706.397265625,46.59673264659982,-93.7730640403679,-94.44447000931413,4632.927734375
2013-07-12,4632.927734375,4679.3487806107705,4592.805271310668,4614.30248215347,33983800.0,4571.761492343663,4510.50419921875,4583.2984375,4689.846614583334,48.02041388244572,-82.30628290644108,-92.01683258873953,4635.548828125
2013-07-15,4635.548828125,4640.828408073091,4581.947884157418,4639.62874767057,25923900.0,4584.518959499931,4550.92353515625,4597.049186197916,4675.417220052083,48.155479926729406,-72.17528413591208,-88.04852289817406,4643.85791015625
2013-07-16,4643.85791015625,4663.667196009182,4621.282618921226,4631.953101113678,37064200.0,4596.386749631195,4598.96943359375,4612.059733072917,4664.50712890625,48.61134444884115,-62.75254882162699,-82.98932808286465,4678.818359375
2013-07-17,4678.818359375,4679.257307086348,4643.147876616104,4651.945384806393,39203000.0,4612.873071579956,4639.03916015625,4618.1443359375,4653.08720703125,50.5803251553905,-51.866067383337395,-76.7646759429592,4720.25146484375
2013-07-18,4720.25146484375,4720.25146484375,4670.846159896078,4672.098064328369,34365400.0,4634.348750232715,4662.280859375,4621.123274739583,4643.728043619792,52.88438742130366,-39.440501519553436,-69.29984105827805,4724.2275390625
2013-07-19,4724.2275390625,4739.873903667015,4706.286341765171,4709.650957102656,30767300.0,4652.324507998673,4680.5408203125,4614.824609375,4639.031119791666,53.11031193274304,-28.9387274547571,-61.227618337573865,4678.80029296875
2013-07-22,4678.80029296875,4740.124071329338,4677.47563763982,4731.091220763469,25058200.0,4657.619664992689,4689.19111328125,4608.260188802084,4635.751806640625,50.15142481992473,-24.00488162281181,-53.78307099462146,4766.9736328125
2013-07-23,4766.9736328125,4766.9736328125,4696.599418891968,4696.599418891968,33013100.0,4679.490458556651,4713.8142578125,4610.823763020833,4640.991975911458,55.35098910164918,-12.832002289759657,-45.5928572536491,4717.91943359375
2013-07-24,4717.91943359375,4779.155820164035,4677.707131233181,4760.220521858524,28137400.0,4687.176253564071,4721.63447265625,4620.220084635416,4641.665934244792,52.095346549423475,-7.8452437495216145,-38.04333455282361,4673.935546875
2013-07-25,4673.935546875,4722.191484030657,4665.700515346069,4720.106604116716,25460300.0,4684.528112226257,4712.3712890625,4626.365494791667,4643.880989583334,49.29558251682496,-7.357520828044471,-31.906171807867782,4658.69287109375
2013-07-26,4658.69287109375,4699.9564032882745,4647.321242964743,4679.518233178696,22657700.0,4679.361063999756,4699.26435546875,4630.103125,4640.485465494791,48.326282591534394,-8.107495287180427,-27.146436503730314,4580.2880859375
2013-07-29,4580.2880859375,4648.969488198929,4575.228713028582,4648.922615027798,22256100.0,4659.546468387305,4679.5619140625,4639.8921875,4634.017789713542,43.579508684370985,-14.857201781449476,-24.68858955927415,4608.30908203125
2013-07-30,4608.30908203125,4637.699049336903,4599.624850334901,4600.929486964421,25251700.0,4649.298991116094,4647.82900390625,4653.537565104167,4626.285970052083,45.63474730418528,-17.740827388780417,-23.299037125175403,4610.197265625
2013-07-31,4610.197265625,4635.869116598923,4562.960337204897,4625.459854342598,29197500.0,4641.478646017876,4626.2845703125,4662.319401041666,4619.743587239584,45.778080113454,-19.64727921737267,-22.56868554361486,4624.15625
2013-08-01,4624.15625,4632.248220714888,4591.914338807884,4618.784388429663,28484300.0,4638.014166814301,4616.3287109375,4663.660286458334,4619.554996744791,46.89281544129235,-19.8035002244751,-22.015648479786908,4640.60009765625
2013-08-02,4640.60009765625,4658.25273073082,4618.89830581398,4645.065255853599,27054700.0,4638.531352982691,4612.71015625,4664.17177734375,4623.735107421875,48.24271867179327,-18.388454759177876,-21.2902097356651,4597.60107421875
2013-08-12,4597.60107421875,4634.032763570431,4581.6759119873705,4629.20092013648,25952000.0,4630.345297229903,4616.17275390625,4661.641927083333,4629.345556640625,45.02019191822076,-20.50036739238749,-21.13224126700958,4652.2158203125
2013-08-13,4652.2158203125,4652.2158203125,4597.008009108542,4597.008009108542,29689200.0,4634.719401846422,4624.9541015625,4662.19912109375,4637.129427083333,49.62309907151191,-17.564645494774595,-20.418722112562584,4699.5498046875
2013-08-14,4699.5498046875,4699.5498046875,4649.167002094507,4658.501599334233,34671400.0,4647.6854824146385,4642.824609375,4663.581217447917,4640.862776692708,53.27427587187707,-11.288481203258016,-18.59267393070167,4684.9462890625
2013-08-15,4684.9462890625,4686.104447043001,4663.920253179568,4682.787681797831,28008000.0,4655.13764374421,4654.9826171875,4661.2275390625,4641.175406901041,52.021556486096856,-7.407567620693953,-16.35565266870013,4568.47607421875
2013-08-16,4568.47607421875,4647.09606242074,4568.303229380696,4647.09606242074,32896600.0,4637.805329839119,4640.5578125,4650.844108072916,4632.834358723959,43.28038737572771,-13.573620355557068,-15.799246206071519,4313.35009765625
2013-08-19,4313.35009765625,4535.967405144824,4310.520129734726,4534.136421758744,39064600.0,4572.914283402545,4583.7076171875,4626.48076171875,4617.370475260416,30.994727465307918,-38.60181797497353,-20.35976055985192,4174.8203125
2013-08-20,4174.8203125,4259.431274950506,4062.141839685444,4259.431274950506,54025900.0,4493.295489222036,4488.228515625,4587.003873697917,4598.913818359375,26.582339301499587,-68.82170702857547,-30.05214985359663,4218.2841796875
2013-08-21,4218.2841796875,4261.27323036272,4150.08077764742,4184.065295725078,50907100.0,4438.293227315129,4391.975390625,4553.694856770833,4586.957470703125,29.95174345616465,-88.24676224332416,-41.69107233154214,4171.25048828125
2013-08-22,4171.25048828125,4192.014815595011,4107.48783706599,4167.286775601468,59134100.0,4384.884679508354,4289.23623046875,4520.18251953125,4573.274007161458,28.43115246670756,-106.21213687140698,-54.59528523951511,4169.66455078125
2013-08-23,4169.66455078125,4239.7145535297295,4151.349347020841,4195.933545943035,41040900.0,4341.8406537629335,4209.47392578125,4487.580631510416,4558.841878255208,28.378835018274785,-119.20369164416297,-67.51696652044468,4120.50830078125
2013-08-26,4120.50830078125,4196.028305733198,4120.50830078125,4176.583263047683,34684300.0,4297.574183166596,4170.90556640625,4456.928645833334,4548.410416666667,26.736598859505733,-131.94510986618843,-80.40259518959344,3967.687744140625
2013-08-27,3967.687744140625,4100.022685742212,3954.707291897893,4099.207776026466,41570000.0,4231.596895361402,4129.479052734375,4414.220556640625,4533.879060872396,22.397259252723913,-152.61486814974887,-94.84504978162452,4026.318603515625
2013-08-28,4026.318603515625,4033.45431249445,3837.585948904061,3902.3192727060177,49776700.0,4190.541236992247,4091.0859375,4375.2953125,4518.807356770833,27.27407028759491,-162.392816847414,-108.35460319478243,4103.43310546875
2013-08-29,4103.43310546875,4103.43310546875,4026.69927483918,4041.338841920292,45774200.0,4173.119610687548,4077.5224609375,4340.580436197916,4502.120361328125,33.21849149269575,-162.05138827129122,-119.09396021008419,4194.92578125
2013-08-30,4194.92578125,4194.92578125,4093.635773784482,4099.100405086261,46687900.0,4177.4808448000385,4082.57470703125,4310.868815104167,4487.520296223958,39.53344915746585,-152.6385867516501,-125.80288551839737,4101.0732421875
2013-09-02,4101.0732421875,4206.786411590133,4061.4807895083713,4196.557805916394,35566200.0,4162.199324277531,4078.6876953125,4277.766959635416,4469.704443359375,35.794302471300796,-151.01122586516067,-130.84455358775003,4163.85009765625
2013-09-03,4163.85009765625,4172.162762304123,4109.995749031814,4112.472703378871,39779900.0,4162.5294789532745,4117.920166015625,4245.209244791667,4453.704182942708,39.889689780780444,-143.00746204644201,-133.27713527948842,4073.296630859375
2013-09-04,4073.296630859375,4144.463784401522,4069.5387203978016,4143.5756353559045,46201000.0,4144.682909334495,4127.315771484375,4203.459033203125,4433.520125325521,36.29351606075277,-142.3306306275781,-135.08783434910637,4050.706298828125
2013-09-05,4050.706298828125,4123.567475639396,4015.2796996523343,4093.9905022231937,38816600.0,4125.887587233221,4116.77041015625,4161.1763671875,4411.201953125,35.4352581386584,-141.9804258816439,-136.4663526556139,4072.195556640625
2013-09-06,4072.195556640625,4072.195556640625,4012.524782700008,4058.2981481636793,32926000.0,4115.1491811147025,4092.224365234375,4128.090999348959,4389.467553710938,36.96237442406952,-138.37379560412683,-136.8478412453165,4191.0947265625
2013-09-09,4191.0947265625,4191.0947265625,4102.264198804647,4105.785057892998,41674900.0,4130.338290204262,4110.228662109375,4119.940641276042,4373.210701497396,44.74915133738305,-124.48634470228626,-134.37554193671045,4357.9736328125
2013-09-10,4357.9736328125,4357.9736328125,4225.639910625868,4225.979741163602,67726900.0,4175.8653587259105,4149.053369140625,4132.150862630208,4359.577368164062,53.441955956415356,-98.87493800195716,-127.27542114975981,4349.24951171875
2013-09-11,4349.24951171875,4404.573528337554,4289.63904099347,4376.929585730617,51910500.0,4210.542189324478,4204.2439453125,4140.881884765625,4347.2883707682295,52.972734052319254,-78.37818243508173,-117.4959734068242,4356.435546875
2013-09-12,4356.435546875,4371.932991012366,4318.427259495381,4331.123543046229,44871700.0,4239.720860834583,4265.389794921875,4153.227555338542,4336.7050374348955,53.33617063807492,-60.853027178654884,-106.16738416119034,4375.36865234375
2013-09-13,4375.36865234375,4375.36865234375,4318.05399008167,4338.621060137176,38706300.0,4266.850419136416,4326.0244140625,4166.941162109375,4327.260896809896,54.33745227708305,-44.918677442594344,-93.91764281747115,4522.0625
2013-09-16,4522.0625,4522.0625,4403.223382336587,4403.223382336587,54504400.0,4317.892835309133,4392.21796875,4193.711442057292,4325.320043945312,61.27142493062108,-20.220533221620826,-79.17822089830108,4517.44482421875
2013-09-17,4517.44482421875,4536.750715706314,4479.121116002794,4518.083471311966,51819100.0,4357.803233091056,4424.11220703125,4230.3619140625,4322.291235351562,60.957629744165466,-1.008063501451943,-63.54418941893125,4463.080078125
2013-09-18,4463.080078125,4504.9055975414,4447.902934869655,4501.785601871549,49099300.0,4378.8586020978455,4446.8783203125,4259.479345703125,4317.3873291015625,57.240800526455104,9.719140306033296,-48.89152347393835,4670.55126953125
2013-09-19,4670.55126953125,4791.57878925872,4576.392822036457,4576.392822036457,83236700.0,4437.197135584527,4509.70146484375,4297.287223307291,4318.933829752604,65.80887204965438,34.563293711188635,-32.20056003691296,4583.6494140625
2013-09-20,4583.6494140625,4669.539131732715,4576.141406009388,4655.337536998188,43877100.0,4466.487591280122,4551.3576171875,4323.202132161458,4317.035473632813,60.353643591964016,46.701860829272846,-16.420075863675798,4562.6796875
2013-09-23,4562.6796875,4562.6796875,4512.029799623847,4526.627377084043,34829800.0,4485.726010524098,4559.4810546875,4353.975895182291,4315.871427408854,59.080948537203646,54.00712057402052,-2.3346365761365337,4460.23974609375
2013-09-24,4460.23974609375,4574.399371968627,4443.235524122225,4548.371086639905,40984300.0,4480.628757638028,4548.0400390625,4373.735205078125,4309.472224934896,53.181117686728214,50.94330173679646,8.320951086450066,4406.595703125
2013-09-25,4406.595703125,4443.197306914333,4353.054816752748,4390.067049102662,34455000.0,4465.822146735422,4536.7431640625,4395.955143229166,4299.707088216146,50.34585881204315,43.68302655073148,15.39336617930635,4405.7216796875
2013-09-26,4405.7216796875,4470.079039406903,4395.641017147258,4402.775505233959,37131200.0,4453.802053325838,4483.77724609375,4419.622835286458,4290.399601236979,50.298806691587345,37.42724182531674,19.80014130850843,4423.546875
2013-09-27,4423.546875,4452.709312905826,4412.112261955372,4436.5912886000815,26544600.0,4447.75101766067,4451.75673828125,4443.046256510416,4285.568627929688,51.29847045457917,33.52141761437451,22.544396569681645,4316.00732421875
2013-09-30,4316.00732421875,4403.208998796416,4313.116812037628,4385.335672968346,30568900.0,4421.402278972287,4402.422265625,4451.373763020833,4285.657202148437,45.36961537194498,21.50063484986913,22.335644225719143,4345.7294921875
2013-10-01,4345.7294921875,4379.5104016820815,4314.79271008583,4314.79271008583,30909000.0,4406.26772161533,4379.52021484375,4450.557486979166,4291.354174804687,47.186423026888555,14.208620329888618,20.71023944655304,4387.43310546875
2013-10-02,4387.43310546875,4425.750460594866,4371.843868947647,4371.843868947647,31854400.0,4402.500798386014,4375.6876953125,4453.103059895833,4296.9924723307295,49.7134197520334,11.660365906984225,18.900264738639276,4418.470703125
2013-10-03,4418.470703125,4422.607260509077,4395.576576687089,4396.349495754486,26710400.0,4405.694779333811,4378.2375,4457.238736979167,4305.233146158854,51.57065447348081,12.006922329913323,17.521596256894085,4389.17626953125
2013-10-04,4389.17626953125,4411.994228739796,4372.842921116975,4408.573463494358,27086500.0,4402.3910773733,4371.36337890625,4458.159244791666,4312.550203450521,49.70472983527309,9.804731977665142,15.978223401048297,4374.78857421875
2013-10-07,4374.78857421875,4409.595323868002,4357.28632629238,4392.374803248822,30917100.0,4396.87057674239,4383.11962890625,4448.340983072917,4321.026212565104,48.77137397820066,6.81989795051777,14.146558310942192,4432.333984375
2013-10-08,4432.333984375,4439.549035034678,4357.849096157867,4358.857845881282,36366600.0,4403.963258268912,4400.44052734375,4442.666927083334,4336.514420572917,52.60480779278342,8.99415018729087,13.116076686211928,4457.2646484375
2013-10-09,4457.2646484375,4469.066435568165,4409.445707300772,4420.462856976677,39994400.0,4414.62353630263,4414.4068359375,4442.279231770834,4350.879288736979,54.203679749474965,12.58389764630283,13.009640878230108,4486.50390625
2013-10-10,4486.50390625,4502.900241851127,4477.2830731054455,4481.089077572578,39080800.0,4428.999610292104,4428.0134765625,4430.009407552084,4363.6483154296875,56.07524893713666,17.58544801494554,13.924802305573195,4519.736328125
2013-10-11,4519.736328125,4543.557179029984,4506.675800917806,4523.7522852179445,33864900.0,4447.146953858683,4454.12548828125,4425.74853515625,4374.475333658854,58.167755374017084,23.954657051460345,15.930773254750626,4492.0859375
2013-10-16,4492.0859375,4532.856319189082,4484.200014760627,4527.632401946276,25323800.0,4456.134750586947,4477.5849609375,4421.04228515625,4387.509090169271,55.78647582304865,26.46606138005245,18.037830879810993,4518.75439453125
2013-10-17,4518.75439453125,4550.365957798268,4501.451844950703,4524.976808726991,41345800.0,4468.658679375808,4494.86904296875,4424.94326171875,4399.3392333984375,57.58982347611048,30.259476598620495,20.482160023572895,4546.39404296875
2013-10-18,4546.39404296875,4546.39404296875,4500.978816465442,4519.009365461445,42220300.0,4484.205752094396,4512.694921875,4434.263151041667,4415.109147135417,59.436452121499485,35.09156045891086,23.404040110640487,4578.0
2013-10-21,4578.0,4584.804422602168,4549.752076261058,4557.432441325074,40023700.0,4502.964601675518,4530.994140625,4445.748372395833,4432.685603841146,61.50079739168858,40.998750249847944,26.922982138481977,4512.56787109375
2013-10-22,4512.56787109375,4559.325820382691,4499.510272853971,4551.050262944632,30719400.0,4504.885255559165,4529.56044921875,4451.68310546875,4447.364680989584,55.23381813029879,39.940011167606826,29.526387944306947,4546.322265625
2013-10-23,4546.322265625,4608.929694773433,4529.9601088054005,4529.9601088054005,41033000.0,4513.172657572332,4540.40771484375,4467.037434895833,4459.205598958333,57.6322995505226,41.34801616643472,31.890713588732503,4594.66650390625
2013-10-24,4594.66650390625,4594.66650390625,4533.170848923272,4537.384552217513,43646100.0,4529.471426839116,4555.59013671875,4483.633235677084,4467.095361328125,60.866274015662704,45.83647195528556,34.679865262043116,4580.66748046875
2013-10-25,4580.66748046875,4604.027408944291,4567.227575127995,4579.185116426952,36936600.0,4539.710637565043,4562.44482421875,4496.51552734375,4474.809293619792,59.451133595205214,47.713984199909646,37.28668904961643,4590.359375
2013-10-28,4590.359375,4611.084642346857,4573.216975978142,4593.826036911624,33982100.0,4549.840385052034,4564.91669921875,4507.974772135417,4482.606754557291,60.142062345717044,49.41436305274965,39.71222385024308,4562.5927734375
2013-10-29,4562.5927734375,4592.346500387064,4543.234638737159,4580.923116033919,30531300.0,4552.390862729128,4574.9216796875,4519.535872395833,4488.84755859375,57.13820126494467,47.96844250736558,41.36346758166758,4574.69970703125
2013-10-30,4574.69970703125,4579.238592703849,4541.585274457959,4563.528267251876,30158400.0,4556.852631589552,4580.59716796875,4532.86328125,4490.602132161458,58.12040176190436,47.25474513020072,42.54172309137421,4510.45556640625
2013-10-31,4510.45556640625,4547.172401173138,4483.448803488843,4533.581620767331,37646900.0,4547.573218552892,4563.75498046875,4538.07138671875,4490.369156901042,51.39066548398245,41.03217619361476,42.23981371182232,4432.416015625
2013-11-01,4432.416015625,4518.477600875278,4432.416015625,4473.555524582924,34940900.0,4524.541777967314,4534.1046875,4536.414811197917,4489.347021484375,44.630367749668764,29.463963702986803,39.68464371005523,4423.11572265625
2013-11-04,4423.11572265625,4446.156816961156,4403.224407952127,4426.36168991497,24258800.0,4504.256566905102,4500.65595703125,4532.188932291667,4481.099169921875,43.8893857859283,19.322873979740507,35.61228976399228,4449.5869140625
2013-11-06,4449.5869140625,4449.5869140625,4415.575539978075,4428.648762595872,26905300.0,4493.322636336582,4478.05478515625,4527.5123046875,4476.630419921875,46.60661436514911,13.269034063965591,31.14363862398694,4485.9345703125
2013-11-07,4485.9345703125,4494.17350797276,4451.211798491394,4454.234141985349,30954000.0,4491.845023131766,4460.3017578125,4527.102213541667,4474.072249348958,50.174572821822935,11.274311163413586,27.169773131872272,4476.5458984375
2013-11-08,4476.5458984375,4484.805342440288,4446.310747667306,4460.469376018738,35769900.0,4488.7851981929125,4453.51982421875,4524.288313802083,4474.615787760416,49.25892246528126,8.83405801581921,23.50263010866166,4441.55126953125
2013-11-11,4441.55126953125,4484.882591021524,4433.0393937561175,4473.703826846014,36429000.0,4479.33841246058,4455.346875,4517.298795572917,4475.780973307292,45.8968232393785,4.029911414603703,19.60808636985007,4380.46923828125
2013-11-12,4380.46923828125,4454.987327146514,4370.854379017759,4449.103279361407,36922800.0,4459.564577624715,4446.817578125,4504.130078125,4474.939225260417,40.67790004207393,-4.652586693637204,14.755951757152616,4301.72412109375
2013-11-13,4301.72412109375,4358.317627268613,4283.863486315508,4358.317627268613,32504600.0,4427.996486318521,4417.24501953125,4490.073828125,4470.878466796875,35.13173572561065,-17.68375454047964,8.268010497626165,4367.201171875
2013-11-14,4367.201171875,4382.734258909899,4323.710676531194,4323.710676531194,36053800.0,4415.837423429817,4393.49833984375,4478.132421875,4472.584928385417,42.18984677922037,-22.468594192459022,2.1206895596091275,4335.27978515625
2013-11-15,4335.27978515625,4406.465007375839,4321.913117048155,4388.737668867635,32686700.0,4399.725895775104,4365.2451171875,4460.839973958334,4472.236604817708,39.90995232466657,-28.507783239893797,-4.005005000291457,4393.4208984375
2013-11-18,4393.4208984375,4403.383889796166,4360.693167598,4361.053505143831,30183300.0,4398.464896307583,4355.61904296875,4448.356868489584,4472.436197916667,45.668881254773716,-28.27642906100482,-8.859289812434131,4398.1650390625
2013-11-19,4398.1650390625,4404.896711085295,4364.8533451657,4391.064240757756,30832200.0,4398.404924858567,4359.158203125,4435.543912760417,4471.759342447916,46.12261861880372,-27.39448019223346,-12.566327888393996,4350.61669921875
2013-11-20,4350.61669921875,4408.223342462318,4331.437270375182,4408.223342462318,30035000.0,4388.847279730604,4368.93671875,4421.412174479166,4470.4740234375,42.30888815370327,-30.184336761873965,-16.08992966308999,4326.03662109375
2013-11-21,4326.03662109375,4337.980003671465,4299.966347214737,4327.6395860176135,24792700.0,4376.285148003233,4360.70380859375,4404.834635416667,4468.848958333333,40.44699446657853,-33.986944730831055,-19.669332676638206,4317.79150390625
2013-11-22,4317.79150390625,4359.4109738880925,4303.361891090983,4352.381951247799,25509100.0,4364.586419183836,4357.20615234375,4391.990364583334,4465.030875651041,39.81406108358323,-37.23661052510488,-23.18278824633154,4334.634765625
2013-11-25,4334.634765625,4346.489285391219,4316.567108413864,4329.213589589564,25714100.0,4358.596088472069,4345.44892578125,4385.471614583334,4460.943212890625,41.81706331114168,-38.01467412396414,-26.14916542185806,4235.09619140625
2013-11-26,4235.09619140625,4332.218383177389,4235.09619140625,4329.3830444500245,52135200.0,4333.8961090589055,4312.83515625,4372.936979166667,4452.562955729167,34.508078329961094,-46.131451535119595,-30.14562264451037,4251.32373046875
2013-11-27,4251.32373046875,4272.267253365511,4219.885986058021,4259.16082857142,27901300.0,4317.381633340874,4292.9765625,4359.71943359375,4443.615869140625,36.45797031096195,-50.67053098861652,-34.25060431333161,4233.759765625
2013-11-28,4233.759765625,4274.353398060817,4202.755114863332,4264.03495263489,29298300.0,4300.657259797699,4274.52119140625,4342.907779947916,4435.004996744791,35.23517481784528,-55.050461875744986,-38.410575825814284,4256.2705078125
2013-11-29,4256.2705078125,4256.2705078125,4218.378915019051,4220.106875162032,27304500.0,4291.77990940066,4262.2169921875,4328.22275390625,4426.255533854167,38.10066713937261,-56.05894724670634,-41.9402501099927,4321.80859375
2013-12-02,4321.80859375,4331.421012042405,4265.431884971912,4268.910753277564,38667000.0,4297.785646270528,4259.6517578125,4320.239908854167,4418.769352213541,45.64145156242131,-50.98211329165679,-43.748622746325516,4288.59716796875
2013-12-03,4288.59716796875,4319.890871309164,4269.178978774338,4318.174629543552,30536200.0,4295.9479506101725,4270.351953125,4314.115104166666,4409.122591145833,42.79623965138132,-49.07288859384971,-44.81347591583035,4241.13671875
2013-12-04,4241.13671875,4267.435011787772,4241.13671875,4265.869154752586,31912200.0,4284.985704238138,4268.31455078125,4310.075944010417,4400.074886067709,39.049923970228875,-50.803840821349695,-46.01154889693422,4216.72998046875
2013-12-05,4216.72998046875,4241.939937111893,4186.780950398694,4237.84292854758,29998800.0,4271.33455948426,4264.90859375,4300.04453125,4389.0884765625,37.24432439874695,-53.528015098136166,-47.51484213717461,4180.62548828125
2013-12-06,4180.62548828125,4204.213438059295,4160.861120260851,4202.096332900165,29545200.0,4253.1927452436585,4249.77958984375,4289.734244791666,4375.287109375,34.68909223383413,-57.93246423481378,-49.598366556702445,4214.177734375
2013-12-09,4214.177734375,4227.067369286313,4192.307003794961,4210.036294043254,27668900.0,4245.389743069927,4228.25341796875,4277.784700520833,4363.070784505208,38.88533622790777,-58.04651199840919,-51.28799564504379,4275.51171875
2013-12-10,4275.51171875,4275.782704290592,4220.749691225374,4224.288615906833,38028300.0,4251.4141382059415,4225.636328125,4269.6078125,4352.575862630209,45.74747128117574,-52.58162745281061,-51.546722006597165,4271.57666015625
2013-12-11,4271.57666015625,4281.93807267986,4235.251904201937,4273.773351874063,32579700.0,4255.446642596004,4231.72431640625,4264.3384765625,4342.875325520833,45.39529557738434,-48.01470973421965,-50.84031955212167,4212.0537109375
2013-12-12,4212.0537109375,4248.171444750975,4212.0537109375,4238.789974228452,29566700.0,4246.768056264304,4230.7890625,4256.739615885416,4330.787125651042,40.33690053227963,-48.63773357061655,-50.399802355820654,4174.66748046875
2013-12-13,4174.66748046875,4214.423744515996,4163.699645932332,4213.4989758469865,27293900.0,4232.347941105193,4229.5974609375,4247.198014322917,4319.594189453125,37.50969520019352,-51.55395885224516,-50.630633655105555,4125.79541015625
2013-12-16,4125.79541015625,4160.357052723931,4109.149085651625,4157.599347599649,34507700.0,4211.037434915404,4211.92099609375,4233.275390625,4309.373502604167,34.14097819610872,-57.14986792856689,-51.93448050979782,4182.18359375
2013-12-17,4182.18359375,4196.499931681345,4147.744503007889,4147.744503007889,36968600.0,4205.266666682323,4193.25537109375,4229.747884114583,4301.342431640625,40.7525224633336,-56.38464395035953,-52.824513197910164,4196.119140625
2013-12-18,4196.119140625,4213.781051835214,4171.861782627746,4191.148142421058,28115200.0,4203.437161470859,4178.1638671875,4226.067578125,4292.893505859375,42.2943180794455,-54.030881892501384,-53.06578693682841,4231.81494140625
2013-12-19,4231.81494140625,4257.001947404505,4208.338806184731,4227.877106698953,29113000.0,4209.112717457937,4182.11611328125,4225.937923177084,4284.4228515625,46.159283131393614,-48.72350150687089,-52.19732985083691,4195.39306640625
2013-12-20,4195.39306640625,4230.44150866883,4180.649498902407,4228.627614335913,26647900.0,4206.3687872476,4186.26123046875,4221.879427083333,4275.051090494791,42.995003632682206,-46.915492640558114,-51.14096240878116,4189.4453125
2013-12-23,4189.4453125,4205.021856392186,4153.955967229998,4201.544940554425,21238800.0,4202.98409229808,4198.9912109375,4213.055208333333,4266.64755859375,42.4828447059692,-45.43877668778623,-50.00052526458217,4202.669921875
2013-12-24,4202.669921875,4206.477878689935,4174.297006050419,4196.282964175786,18850100.0,4202.921258213464,4203.0884765625,4207.326725260416,4260.720914713542,44.07793224881677,-42.70903008874484,-48.54222622941471,4212.81591796875
2013-12-27,4212.81591796875,4233.6871754779495,4207.780957798562,4209.56799757968,20628100.0,4204.9001901645215,4206.42783203125,4205.438671875,4257.757307942708,45.33057760205854,-39.27425993000816,-46.6886329695334,4274.01025390625
2013-12-30,4274.01025390625,4274.01025390625,4232.420077272303,4240.223972472353,25138400.0,4218.722202912867,4214.86689453125,4209.257356770833,4254.650944010416,52.27438495213627,-31.254031327094708,-43.601712641045665,4327.0966796875
2014-01-02,4327.0966796875,4327.0966796875,4287.64118446872,4294.327935867358,23129000.0,4240.397098267794,4241.2076171875,4219.022102864584,4254.378173828125,57.33686043222329,-20.379390549361233,-38.957248222708785,4257.4970703125
2014-01-03,4257.4970703125,4298.06335957595,4247.8211780802285,4297.547266419089,21869100.0,4243.817092676735,4254.81796875,4221.91005859375,4249.847379557292,49.86819436846632,-17.17923467023229,-34.60164551221349,4202.64501953125
2014-01-06,4202.64501953125,4263.45661041727,4188.211500954474,4259.416729063316,19723100.0,4235.582678047638,4254.81298828125,4217.052278645833,4243.330045572917,44.903833922811046,-18.851877452094413,-31.451691900189672,4175.6435546875
2014-01-07,4175.6435546875,4212.152875218704,4175.6435546875,4206.133090095143,23847200.0,4223.594853375611,4247.378515625,4210.65673828125,4237.497607421875,42.652877250984474,-22.10147936328758,-29.581649392809254,4200.42919921875
2014-01-08,4200.42919921875,4204.138039163129,4161.030831136613,4183.386894134677,23002200.0,4218.961722544239,4232.6623046875,4209.881770833334,4233.310693359375,45.360499105464655,-22.418392643201514,-28.14899804288771,4201.05419921875
2014-01-09,4201.05419921875,4216.657595583833,4188.957990514911,4199.804247887442,27582400.0,4215.380217879141,4207.45380859375,4211.640885416667,4229.419449869792,45.43046576000157,-22.36134871557715,-26.9914681774256,4254.8056640625
2014-01-10,4254.8056640625,4269.993061499008,4190.399966552298,4196.525704801403,29637400.0,4223.265307115813,4206.91552734375,4220.241569010416,4226.758479817709,51.21615832462162,-17.773959853514498,-25.147966512643382,4390.60009765625
2014-01-13,4390.60009765625,4393.14882657527,4292.1669173219,4294.026708213191,49046700.0,4256.732265223901,4244.50654296875,4234.136002604167,4231.941943359375,62.137787787032316,-3.144695132414199,-20.747312236597548,4441.42138671875
2014-01-15,4441.42138671875,4459.3035032812295,4397.946027914695,4402.186585536613,45629500.0,4293.670089522871,4297.662109375,4250.489485677083,4238.278531901042,65.27141229370024,12.406936413404765,-14.116462506597088,4412.3173828125
2014-01-16,4412.3173828125,4457.5910148833045,4411.734397644771,4455.371862800113,32109500.0,4317.399548180798,4340.03974609375,4262.522981770833,4244.230452473958,62.101586384808435,22.12818661303936,-6.8675326826697995,4412.056640625
2014-01-17,4412.056640625,4429.396787358012,4391.006188800357,4408.194974225513,29189900.0,4336.330966669639,4382.240234375,4276.967220052084,4249.423323567708,62.072502333463746,29.471577716164575,0.4002893970970751,4431.3994140625
2014-01-20,4431.3994140625,4435.795239176663,4407.705511439485,4407.854431428358,26458300.0,4355.344656148211,4417.558984375,4293.097493489583,4253.076350911459,63.44037619303706,36.43210164421271,7.606651846520203,4452.326171875
2014-01-21,4452.326171875,4457.343066949068,4440.067858713973,4442.172757464757,32864800.0,4374.740959293569,4429.90419921875,4309.741243489583,4258.533984375,64.91467414057601,43.13969393021398,14.713260263258958,4477.314453125
2014-01-22,4477.314453125,4477.314453125,4436.884386573918,4445.081821327386,32916400.0,4395.255658059856,4437.0828125,4327.374479166667,4266.406575520833,66.64437781970132,49.89667677331818,21.749943565270804,4495.86669921875
2014-01-23,4495.86669921875,4510.039974730493,4483.071299671392,4495.304709411874,31577000.0,4415.377866291635,4453.79267578125,4342.164908854166,4275.7111328125,67.90931785483033,56.10193735846224,28.620342323909092,4437.169921875
2014-01-24,4437.169921875,4480.442650232683,4437.169921875,4479.217600298697,24068500.0,4419.7362774083085,4458.81533203125,4349.503125,4284.262613932292,60.13867114810378,55.64190643497386,34.02465514612205,4322.611328125
2014-01-27,4322.611328125,4360.183106098002,4286.27680662222,4357.564067539884,26954600.0,4400.311287551647,4437.05771484375,4353.844075520833,4287.877067057291,48.47914615067833,45.508810267740046,36.32148617044565,4341.48193359375
2014-01-28,4341.48193359375,4353.692395933331,4293.817772781615,4311.4611291732,25324000.0,4388.545416760067,4414.8888671875,4363.099869791667,4290.07607421875,50.19218558231182,38.556503333451474,36.76848960304682,4417.1767578125
2014-01-29,4417.1767578125,4432.175195993815,4355.754838159695,4355.754838159695,29260400.0,4394.271684970554,4402.861328125,4379.202083333334,4294.929410807292,56.44766734114176,38.70848241567819,37.156488165573094,4418.58447265625
2014-01-30,4418.58447265625,4418.58447265625,4347.560387745446,4368.492676672603,26539700.0,4399.134242507693,4387.4048828125,4393.745768229167,4301.81376953125,56.55694134600041,38.49872838027932,37.42493620851434,4386.087890625
2014-02-03,4386.087890625,4410.605001752631,4377.371433375872,4406.828293438604,21838000.0,4396.524972131155,4377.1884765625,4406.08134765625,4308.861116536458,53.23630712575136,35.30333929158678,37.00061682512883,4352.08642578125
2014-02-04,4352.08642578125,4367.130761956497,4320.614994763733,4335.111012442135,23487000.0,4387.637262861174,4383.08349609375,4412.566731770833,4316.404150390625,49.932868325647384,29.685144499047055,35.53752235991248,4384.13916015625
2014-02-05,4384.13916015625,4391.713571928821,4365.86301711112,4377.875244174151,28335200.0,4386.937642320189,4391.61494140625,4412.136002604167,4323.136002604167,52.89996510832375,27.50204597071388,33.93042708207276,4424.53662109375
2014-02-06,4424.53662109375,4424.53662109375,4385.125070481814,4386.372092215044,34276000.0,4394.457438074902,4393.0869140625,4411.0103515625,4330.749918619792,56.40647192891548,28.70081698802278,32.884505063262765,4466.49072265625
2014-02-07,4466.49072265625,4474.023631789897,4440.412638858732,4441.546871936089,37734700.0,4408.864094991171,4402.6681640625,4414.621907552083,4338.572444661459,59.75725344846567,32.65971614915725,32.839547280441664,4450.5751953125
2014-02-10,4450.5751953125,4502.600030239272,4448.869206882226,4485.2886908588,36906100.0,4417.206315055438,4415.565625,4417.189811197916,4347.078515625,57.937895711034045,34.11961255682127,33.095560335717586,4470.015625
2014-02-11,4470.015625,4474.973439473489,4452.167199938115,4453.858540231218,38371000.0,4427.7681770443505,4439.15146484375,4419.764225260416,4356.430859375,59.5575934450249,36.4253820529193,33.76152467915793,4496.11083984375
2014-02-12,4496.11083984375,4502.011488697341,4480.796495508386,4489.4270183992485,40536800.0,4441.436709604231,4461.54580078125,4422.683203125,4366.212223307291,61.690115454950345,39.898462106595616,34.98891216464547,4491.48486328125
2014-02-13,4491.48486328125,4500.146146343799,4484.111127624752,4493.462813429871,29317800.0,4451.446340339635,4474.93544921875,4423.627897135417,4375.501188151042,61.07529355412896,41.79582912250589,36.35029555621756,4507.86865234375
2014-02-14,4507.86865234375,4512.573547514208,4498.091200518466,4504.475717875141,28633900.0,4462.730802740458,4483.21103515625,4424.42802734375,4383.296468098958,62.500743609466475,44.11303341491384,37.902843127956814,4555.19091796875
2014-02-17,4555.19091796875,4559.924620495378,4524.3508093881,4524.3508093881,44265400.0,4481.222825786117,4504.1341796875,4432.29609375,4390.899609375,66.33547552416587,49.20078978030597,40.16243245842665,4556.013671875
2014-02-18,4556.013671875,4570.127380611066,4549.825924320438,4558.801649349674,44432800.0,4496.180995003893,4521.3337890625,4447.85625,4400.850162760416,66.39980991510154,52.69186371402884,42.668318709547094,4592.47216796875
2014-02-19,4592.47216796875,4592.47216796875,4559.15461682788,4559.31671989482,43032900.0,4515.439229596865,4540.6060546875,4464.588932291666,4413.844401041667,69.2079738474837,57.73492857882229,45.68164068340214,4598.04248046875
2014-02-20,4598.04248046875,4598.04248046875,4574.794360609961,4583.391682710048,36065600.0,4531.959879771242,4561.917578125,4476.646647135417,4427.924365234375,69.62566283547636,61.47245528395888,48.83980360351349,4645.9716796875
2014-02-21,4645.9716796875,4650.278640659865,4613.719031009286,4614.710203299717,38012500.0,4554.762239754495,4589.53818359375,4491.805794270834,4442.77578125,73.01727276481347,67.52358805005952,52.57656049282269,4623.39453125
2014-02-24,4623.39453125,4665.085782019857,4622.749536786358,4652.596033056983,32741400.0,4568.488698053596,4603.17890625,4507.626236979167,4456.853792317708,69.103012767053,69.69397836979624,56.000044068217406,4577.11279296875
2014-02-25,4577.11279296875,4642.932007457755,4567.696167443836,4628.0116899844425,33190500.0,4570.213517036626,4607.39873046875,4522.627994791666,4467.59736328125,61.790433888744346,66.9082027361028,58.18167580179448,4532.54345703125
2014-02-26,4532.54345703125,4570.876923059839,4520.044921005268,4562.31231565177,38523200.0,4562.679505035551,4595.41298828125,4532.521614583334,4472.32880859375,55.67984857962639,60.40773972624629,58.62688858668484,4568.76220703125
2014-02-27,4568.76220703125,4575.151118645518,4529.960005580283,4533.763568551253,33783900.0,4563.896045434691,4589.55693359375,4542.136653645834,4476.573502604167,59.21002929285322,57.515622100559995,58.404635289459875,4620.0361328125
2014-02-28,4620.0361328125,4620.0361328125,4579.36681613056,4581.260785436984,35868400.0,4575.124062910253,4584.36982421875,4552.373014322917,4483.4974609375,63.62698278740706,58.6844969906133,58.460607629690564,4584.0263671875
2014-03-03,4584.0263671875,4589.746847296252,4567.581695792591,4589.445101247497,28506100.0,4576.904523765703,4576.49619140625,4561.269759114583,4489.22978515625,58.8104723222539,56.058939068398104,57.98027391743207,4601.10546875
2014-03-04,4601.10546875,4602.020472272968,4568.477341523585,4581.130170389209,33728000.0,4581.744712762563,4581.2947265625,4570.00908203125,4494.886653645834,60.34378881599205,54.725465162036926,57.32931216635305,4658.99072265625
2014-03-05,4658.99072265625,4658.99072265625,4620.8642754132725,4620.945326949301,38330100.0,4597.1939147413,4606.5841796875,4580.867740885416,4501.775472005208,65.08745489484332,57.674695716104,57.398388876303244,4687.67431640625
2014-03-06,4687.67431640625,4687.67431640625,4656.831767935852,4667.598926605894,46392700.0,4615.28999507429,4630.3666015625,4593.947037760417,4508.787467447916,67.18234270914527,61.61623487423458,58.241958075889514,4685.70751953125
2014-03-07,4685.70751953125,4708.2784172140655,4680.317592875386,4700.231855814606,44138700.0,4629.373499965683,4643.50087890625,4605.802962239583,4515.115494791667,66.88597902895556,63.845260562237854,59.36261857315918,4677.064453125
2014-03-10,4677.064453125,4689.162127825394,4654.397364684466,4665.059059996966,36835700.0,4638.911690597546,4662.10849609375,4613.927864583334,4523.111979166667,65.51817261907028,64.17459150974992,60.32501316047733,4704.03076171875
2014-03-11,4704.03076171875,4706.420805404505,4672.358166456734,4673.199930565875,50571900.0,4651.935504821788,4682.6935546875,4623.795670572917,4535.825960286458,67.73513217500894,65.85243847599486,61.43049822358084,4684.2021484375
2014-03-12,4684.2021484375,4698.2919311678415,4667.210135102829,4680.522604387327,50664200.0,4658.38883354493,4687.73583984375,4629.911002604166,4547.249967447917,64.45364647809218,64.83476608265573,62.11135179539582,4725.98291015625
2014-03-13,4725.98291015625,4725.98291015625,4691.108291997001,4694.739986476161,52683300.0,4671.907648867194,4695.39755859375,4638.440364583334,4557.543505859375,67.97430417215496,66.63152493059442,63.01538642243554,4878.453125
2014-03-14,4878.453125,4878.453125,4676.049872709745,4693.633172483171,64183200.0,4713.216744093756,4733.9466796875,4653.939127604167,4572.8724609375,76.94739549040344,79.44277450063964,66.30086403807636,4875.998046875
2014-03-17,4875.998046875,4903.306065139746,4845.591028236094,4887.168510174199,68624800.0,4745.773004650005,4773.7333984375,4670.779361979166,4589.202799479167,76.57534876676077,88.37890084325954,70.71647139911299,4805.4248046875
2014-03-18,4805.4248046875,4895.308513733119,4801.8321710637765,4878.348236272714,48254600.0,4757.703364657504,4794.01220703125,4686.000162760417,4604.314078776041,66.605809121882,88.74319816405023,74.32181675210043,4821.26953125
2014-03-19,4821.26953125,4837.994955014147,4816.523622069223,4817.314606932686,42089300.0,4770.416597976004,4821.42568359375,4705.248567708333,4618.885091145833,67.62493113979545,89.28126458658971,77.31370631899829,4698.7900390625
2014-03-20,4698.7900390625,4808.742785603239,4690.958313004232,4807.529453978876,46822200.0,4756.091286193303,4815.987109375,4713.91708984375,4628.026871744792,53.92524298115266,78.91493246864684,77.633951548928,4700.03173828125
2014-03-21,4700.03173828125,4736.116269987531,4661.4302147890585,4710.326259098732,46340400.0,4744.879376610892,4780.30283203125,4719.250130208334,4635.811572265625,54.026925222609556,69.99289975017382,76.10574118917717,4720.236328125
2014-03-24,4720.236328125,4727.438196445591,4695.175291156122,4711.936846246125,32516000.0,4739.950766913714,4749.15048828125,4728.330794270833,4644.800276692708,55.73861619214723,63.81682544545674,73.64795804043308,4702.90771484375
2014-03-25,4702.90771484375,4712.5816545997695,4694.0652856820125,4706.071654157282,33550100.0,4732.542156499721,4728.6470703125,4735.117610677084,4652.563346354166,53.885543193994785,56.86842399971829,70.29205123229012,4728.05615234375
2014-03-26,4728.05615234375,4744.711265612697,4707.676574708014,4708.070602335703,34028700.0,4731.6449556685275,4710.00439453125,4739.72197265625,4660.294856770834,56.16329365001301,52.7825896875338,66.79015892333885,4722.87353515625
2014-03-27,4722.87353515625,4757.826277989772,4717.546593794619,4721.336485531464,35690000.0,4729.890671566072,4714.82109375,4742.068587239583,4668.0078125,55.554304483342044,48.566498303342996,63.14542679933969,4768.09130859375
2014-03-28,4768.09130859375,4769.03463126002,4737.036852993257,4737.449434594188,38896300.0,4737.5307989716075,4728.4330078125,4747.56083984375,4676.681901041667,59.66387037487395,48.31694426455124,60.179730292382004,4873.744140625
2014-04-01,4873.744140625,4873.744140625,4793.702338169502,4795.975198809464,46120400.0,4764.773467302286,4759.1345703125,4760.672819010417,4687.300341796875,67.27718177966834,55.99895041597301,59.343574317100206,4870.015625
2014-04-02,4870.015625,4901.914286423483,4857.493162929497,4878.150074179031,47891300.0,4785.821898841829,4792.55615234375,4771.7384765625,4697.767073567708,66.79801967340734,61.082020081150404,59.69126346991025,4891.12939453125
2014-04-03,4891.12939453125,4896.420204165538,4876.214936143564,4877.127010008168,40869900.0,4806.883397979714,4825.17080078125,4785.533626302084,4707.722314453125,68.18008381332585,66.05267997993815,60.96354677191583,4857.7548828125
2014-04-04,4857.7548828125,4899.015484821801,4839.0715275567645,4894.144580548151,35297400.0,4817.057694946271,4852.1470703125,4794.318424479166,4716.37939453125,63.66856183018118,66.53198033356148,62.077233484244964,4920.84765625
2014-04-07,4920.84765625,4930.688093798923,4852.786338787851,4855.678316142335,40078800.0,4837.815687207018,4882.69833984375,4797.1447265625,4725.541927083334,67.98187353749296,71.1823431032526,63.898255408046495,4921.21240234375
2014-04-08,4921.21240234375,4932.920931325761,4905.880967396496,4922.408644879443,37402300.0,4854.495030234364,4892.1919921875,4800.159016927083,4735.469189453125,68.00552178709579,74.0436914789725,65.9273426222317,4765.54345703125
2014-04-10,4765.54345703125,4829.124965854327,4739.607455133131,4829.124965854327,64619800.0,4836.704715593742,4871.29755859375,4797.500260416667,4741.750211588542,50.77053835040137,63.02365036403444,65.34660417059226,4816.388671875
2014-04-11,4816.388671875,4816.388671875,4721.412388793295,4734.1208784321,38265800.0,4832.641506849994,4856.3494140625,4797.174869791666,4751.21171875,54.79992238132364,57.727525314350714,63.82278839934395,4864.69482421875
2014-04-14,4864.69482421875,4869.912883246531,4812.440994598361,4812.440994598361,36899400.0,4839.052170323745,4857.73740234375,4808.235188802083,4761.076139322917,58.29263883756081,56.77375829356606,62.412982378188374,4870.025390625
2014-04-15,4870.025390625,4893.04060857109,4862.824010615944,4872.109293932252,40691200.0,4845.246814383996,4847.57294921875,4819.568098958333,4769.409114583334,58.672148270704255,55.80474090178632,61.09133408290797,4872.8212890625
2014-04-16,4872.8212890625,4893.344414857224,4870.42196852494,4883.297443204522,42634400.0,4850.761709319697,4837.8947265625,4829.7404296875,4779.035611979167,58.88347720293935,54.63262241148186,59.79959174862275,4896.861328125
2014-04-17,4896.861328125,4906.096320556088,4883.083055342253,4897.006342016934,30456400.0,4859.981633080758,4864.15830078125,4842.670670572917,4788.894140625,60.74230592867554,55.00942588518592,58.841558575935395,4892.09765625
2014-04-21,4892.09765625,4915.011803356905,4887.584648329498,4912.316595770498,26343900.0,4866.404837714606,4879.30009765625,4853.606770833333,4796.664371744791,60.16189463517855,54.29774622486639,57.9327961057216,4898.015625
2014-04-22,4898.015625,4898.015625,4858.6309257668645,4889.677082006268,31361100.0,4872.726995171685,4885.9642578125,4865.28291015625,4803.675748697917,60.66474876286669,53.59347338587122,57.06493156175152,4892.95751953125
2014-04-23,4892.95751953125,4916.706595237702,4887.076889025318,4892.581557600864,36209700.0,4876.773100043599,4890.55068359375,4873.60732421875,4810.58408203125,59.96802125275316,52.0274452451531,56.05743429843184,4890.888671875
2014-04-24,4890.888671875,4916.041501128238,4880.658113176697,4891.491675740433,36628100.0,4879.596214409879,4894.16416015625,4874.75029296875,4817.711555989584,59.66617895642147,50.042558481469314,54.85445913503934,4897.45263671875
2014-04-25,4897.45263671875,4916.4006304247805,4891.079837639946,4893.195966295136,35213900.0,4883.167498871654,4894.282421875,4876.579427083333,4824.158951822917,60.34811961214382,48.44078332957815,53.5717239739471,4818.5703125
2014-04-28,4818.5703125,4901.656434925141,4818.5703125,4895.645438356029,32217400.0,4870.248061597324,4879.576953125,4871.742154947917,4828.637890625,49.51380069263003,40.341192508457425,50.92561768084917,4819.49365234375
2014-04-29,4819.49365234375,4823.386567298083,4799.820101327203,4810.327016779641,32679700.0,4860.097179746609,4863.87255859375,4869.19140625,4831.754915364583,49.62779820359146,33.60928729416264,47.46235160351187,4839.95751953125
2014-04-30,4839.95751953125,4846.043220043238,4827.293950173186,4834.046616899822,34856200.0,4856.069247703537,4853.27255859375,4863.79873046875,4830.471728515625,52.20369146413147,29.584436006819487,43.886768484173395,4838.5712890625
2014-05-02,4838.5712890625,4858.717965227793,4835.006486515778,4845.152087408576,36574400.0,4852.5696559753305,4842.80908203125,4858.289322916667,4829.224169921875,52.00966836917131,25.983335433680622,40.30608187407484,4842.31396484375
2014-05-05,4842.31396484375,4856.147409387027,4837.885426724043,4842.341795788934,28312600.0,4850.518517749015,4831.78134765625,4863.407356770834,4830.45380859375,52.52272984226109,23.16441498503991,36.877748496267856,4834.27978515625
2014-05-06,4834.27978515625,4854.90300662859,4828.449445471577,4845.279357421246,25575900.0,4847.270771230462,4834.9232421875,4864.60009765625,4830.887483723958,51.255941992287546,20.050973917899682,33.51239358059422,4861.8798828125
2014-05-07,4861.8798828125,4869.399610077359,4828.02914769495,4833.12904713534,32100000.0,4850.19259354687,4843.40048828125,4864.412434895833,4836.323811848958,55.24906318798469,19.584884303199033,30.726891725115184,4860.7001953125
2014-05-08,4860.7001953125,4888.861698160642,4842.209703212371,4878.620397083267,30018200.0,4852.294113899996,4847.5490234375,4863.790755208333,4841.679427083333,55.04151343590755,18.902418687086538,28.361997117509453,4897.94775390625
2014-05-09,4897.94775390625,4897.94775390625,4863.301151729559,4865.337693643607,33843600.0,4861.4248419012465,4859.42431640625,4865.465852864583,4847.603141276041,60.13385015890302,21.123626440492444,26.914322982106054,4912.806640625
2014-05-12,4912.806640625,4929.540851930126,4907.535849884802,4907.547568178249,35967400.0,4871.701201645998,4873.5228515625,4866.528873697916,4854.599772135417,61.98374850843433,23.80848813436569,26.29315601255798,4921.20263671875
2014-05-13,4921.20263671875,4941.052938875836,4902.61253945325,4933.470225986904,32367800.0,4881.601488660548,4890.907421875,4868.469205729167,4861.03798828125,63.02772421691159,26.310456521552624,26.296616114356908,4991.44189453125
2014-05-14,4991.44189453125,4991.44189453125,4936.335641591094,4938.069949067866,47067000.0,4903.569569834689,4916.81982421875,4874.697623697916,4869.990266927083,70.36071573899967,33.57398557893248,27.752090007272024,5031.375
2014-05-16,5031.375,5031.375,4976.980144171708,4983.092211002268,42269900.0,4929.130655867752,4950.95478515625,4883.925455729167,4878.766389973958,73.57020975386507,42.06772205069592,30.615216415956805,5014.80126953125
2014-05-19,5014.80126953125,5091.119105376913,4976.205600997984,5052.854478670226,46633800.0,4946.264778600452,4974.32548828125,4892.186295572917,4883.468294270833,70.17383249683724,46.92083369857937,33.87633987248132,4895.7646484375
2014-05-20,4895.7646484375,5010.009228123887,4865.134003934736,5009.423313414107,40347100.0,4936.164752567862,4970.91708984375,4892.073763020833,4884.326595052084,51.70963601626375,40.692619959972035,35.23959588997946,4910.1005859375
2014-05-21,4910.1005859375,4913.220581500883,4868.010429827043,4885.294424028635,31688400.0,4930.95191924179,4968.6966796875,4898.17578125,4884.958968098958,53.30321072823929,36.49283931052105,35.49024457408778,4969.6884765625
2014-05-22,4969.6884765625,4973.931475539475,4925.882563764311,4931.168979175555,38541200.0,4938.699230705933,4964.34599609375,4908.18876953125,4888.690087890625,59.3133010939707,37.53999002749788,35.9001936647698,4972.86376953125
2014-05-23,4972.86376953125,4977.303538306405,4958.977102453916,4973.348613960342,28414800.0,4945.532138470997,4952.64375,4917.049186197916,4890.423958333334,59.61160643811632,38.185900825741555,36.35733509696415,4963.7314453125
2014-05-26,4963.7314453125,4985.890738359665,4961.232519219265,4984.495773168503,25200100.0,4949.171999839297,4942.42978515625,4925.393196614584,4891.841259765625,58.28796702543615,37.528284837391766,36.59152504504967,4985.38427734375
2014-05-28,4985.38427734375,4987.991109575541,4957.621196704708,4959.351109908909,28955700.0,4956.414455340188,4960.3537109375,4934.931217447916,4899.169287109375,60.526007750207164,38.31267731810112,36.93575549965996,4893.7177734375
2014-05-30,4893.7177734375,4997.899754550786,4893.7177734375,4996.507718875448,40385400.0,4943.875118959651,4957.0771484375,4938.89375,4901.746923828125,48.630213401670694,31.17819046211207,35.78424249215038,4911.8994140625
2014-06-02,4911.8994140625,4911.8994140625,4875.429155543235,4900.782171496496,30879300.0,4937.4799779802215,4945.5193359375,4942.228385416666,4903.32041015625,50.699907847748534,26.683573055429406,33.964108604806185,4941.96435546875
2014-06-03,4941.96435546875,4941.96435546875,4896.758111929929,4919.852913729189,30753300.0,4938.376853477927,4939.339453125,4947.64599609375,4905.718375651041,54.0002993055655,25.256405762881514,32.22256803642125,4932.3720703125
2014-06-04,4932.3720703125,4946.694755274211,4919.724613144599,4932.926247970901,27047400.0,4937.175896844842,4933.067578125,4949.940950520833,4907.703401692708,52.78611715785852,23.085235925624147,30.39510161426183,4935.3720703125
2014-06-05,4935.3720703125,4938.085831984951,4912.696194171444,4932.243285714251,26269900.0,4936.815131538374,4923.06513671875,4951.4453125,4908.987093098958,53.14098341288173,21.360413563947986,28.58816400419906,4936.98388671875
2014-06-06,4936.98388671875,4958.239408198852,4928.704423375124,4931.303443448139,25952600.0,4936.848882574449,4931.718359375,4952.497395833333,4910.48330078125,53.343883657795814,19.894211443316635,26.849373492022576,4884.89306640625
2014-06-09,4884.89306640625,4948.419404877953,4875.998392730437,4945.646563476792,30762400.0,4926.4577193408095,4926.31708984375,4945.394140625,4910.045882161458,46.35767775261174,14.363369854436314,24.352172764505326,4945.89697265625
2014-06-10,4945.89697265625,4945.89697265625,4893.516202806234,4893.516202806234,24751500.0,4930.345570003898,4927.10361328125,4939.69560546875,4911.810530598958,53.96190710403504,14.732812756546082,22.42830076291348,4971.75244140625
2014-06-11,4971.75244140625,4971.75244140625,4939.78688772257,4942.532874676762,28149800.0,4938.626944284369,4934.9796875,4936.82568359375,4914.505989583334,56.75970136665499,16.916911537326996,21.326022917796184,4934.21533203125
2014-06-12,4934.21533203125,4965.689693912337,4920.795443782333,4962.923199940412,27230000.0,4937.744621833745,4934.74833984375,4939.3890625,4915.731412760417,51.83464016409742,15.440901440646485,20.148998622366246,4926.4716796875
2014-06-13,4926.4716796875,4929.420295594846,4918.28693909223,4927.179659993122,22470600.0,4935.490033404497,4932.6458984375,4940.48046875,4919.328125,50.85431745294586,13.490791332455956,18.817357164384187,4885.26904296875
2014-06-16,4885.26904296875,4929.360102126503,4879.970420856505,4923.876428615387,26973900.0,4925.445835317348,4932.72109375,4934.852506510417,4921.520638020834,45.882038071731024,8.522366052663529,16.758358942040054,4909.32568359375
2014-06-17,4909.32568359375,4909.32568359375,4878.128657725174,4889.525186050188,25567700.0,4922.221804972629,4925.4068359375,4930.616634114584,4923.83291015625,49.01642517241002,6.451652438266137,14.69701764128527,4887.669921875
2014-06-18,4887.669921875,4906.47924951306,4881.760483554946,4906.354254370538,27414900.0,4915.311428353103,4908.59033203125,4925.545865885417,4925.46953125,46.410564358215275,3.0282502108102562,12.363264155190269,4864.083984375
2014-06-19,4864.083984375,4900.1314120931465,4859.014357106247,4895.773671230812,29341400.0,4905.065939557483,4894.5640625,4917.4591796875,4926.195198567709,43.6864773782262,-1.569911793160827,9.576628965520051,4847.51220703125
2014-06-20,4847.51220703125,4884.292511549324,4847.51220703125,4874.783116617837,24636300.0,4893.555193052236,4878.77216796875,4914.37880859375,4926.636279296875,41.82875960289189,-6.4765347833163105,6.365996215752778,4841.93994140625
2014-06-23,4841.93994140625,4867.830044282723,4840.790083937621,4857.733270357545,28836200.0,4883.232142723039,4870.10634765625,4909.71484375,4925.971614583334,41.194424774932486,-10.691459628499615,2.9545050469022995,4862.05126953125
2014-06-24,4862.05126953125,4868.828838150594,4847.237392151315,4847.237392151315,31768800.0,4878.995968084681,4860.65146484375,4904.3873046875,4926.016650390625,44.46770236978906,-12.267588706595234,-0.08991370379720687,4838.79345703125
2014-06-25,4838.79345703125,4874.83404539644,4838.79345703125,4859.694498380434,29631600.0,4870.955465873995,4850.876171875,4898.14873046875,4924.044840494792,41.58491289326264,-15.217970164286271,-3.11552499589502,4872.22998046875
2014-06-26,4872.22998046875,4872.22998046875,4846.024947371129,4846.792983835869,30351500.0,4871.210368792947,4852.50537109375,4893.9392578125,4922.69228515625,46.91324572418817,-14.688797412030908,-5.430179479122199,4844.94482421875
2014-06-27,4844.94482421875,4870.887171777964,4834.8485383113975,4863.993397683472,30815500.0,4865.957259878108,4851.99189453125,4887.8033203125,4920.150358072917,43.43176638579697,-16.283403333630304,-7.60082425002382,4878.39208984375
2014-06-30,4878.39208984375,4878.39208984375,4845.417299506642,4847.015381816161,34393700.0,4868.444225871236,4859.28232421875,4887.369921875,4916.38203125,48.47919133017463,-14.679014665838622,-9.01646233318678,4884.63525390625
2014-07-01,4884.63525390625,4884.63525390625,4862.230851674775,4877.460239941391,31894300.0,4871.682431478239,4863.79912109375,4883.285807291667,4911.490706380208,49.386987305401895,-12.756702597303956,-9.764510386010215,4908.08251953125
2014-07-02,4908.08251953125,4908.08251953125,4879.00894631623,4887.659487867167,27591100.0,4878.962449088841,4877.65693359375,4879.041145833334,4907.933414713541,52.75398561750135,-9.23480497127457,-9.658569303063086,4888.544921875
2014-07-03,4888.544921875,4908.044164243931,4887.786162293637,4905.541331802446,31386200.0,4880.878943646073,4880.919921875,4875.996451822916,4907.692757161459,49.78219380039968,-7.9287983254962455,-9.312615107549718,4905.6337890625
2014-07-04,4905.6337890625,4917.480006538559,4884.251322574616,4884.251322574616,37805700.0,4885.8299127293585,4893.05771484375,4874.607259114583,4907.543863932292,52.312618278778864,-5.452002592901408,-8.540492604620056,4988.83642578125
2014-07-07,4988.83642578125,4988.83642578125,4918.673631570284,4921.594416231068,52427200.0,4906.431215339737,4915.14658203125,4881.511751302083,4908.18212890625,62.27881525825727,3.1878853414591504,-6.194817015404214,5024.51611328125
2014-07-08,5024.51611328125,5050.362274048837,5007.958653041528,5008.267723028604,58921700.0,4930.04819492804,4943.12275390625,4889.19111328125,4909.903873697916,65.59902399976573,12.766942009787272,-2.4024652103659174,5097.8115234375
2014-07-10,5097.8115234375,5165.215152265108,5072.785641167861,5109.416540895012,77323400.0,4963.600860629932,4981.0685546875,4903.200553385416,4914.373209635417,71.20593287327017,25.973336027242112,3.272695037155689,5032.4033203125
2014-07-11,5032.4033203125,5078.505530473656,5002.790214686907,5072.946664726791,35879900.0,4977.361352566446,5009.840234375,4914.421842447917,4915.940511067708,61.56293305177832,30.80648509616185,8.779453048956922,5020.8671875
2014-07-14,5020.8671875,5047.564388565991,4999.659030188059,5041.156435334526,32253000.0,4986.0625195531575,5032.8869140625,4925.978841145833,4920.178824869791,60.01910750406932,33.32180798738136,13.68792403664181,5070.62353515625
2014-07-15,5070.62353515625,5070.62353515625,5032.76319165452,5032.76319165452,38450100.0,5002.974722673776,5049.2443359375,4941.2244140625,4925.46962890625,64.19023376593114,38.88193419111576,18.726726067536603,5113.73095703125
2014-07-16,5113.73095703125,5132.527099778401,5076.072267873877,5076.072267873877,53934100.0,5025.125969545272,5067.0873046875,4958.003059895834,4931.195182291666,67.36673893560638,46.23382815625246,24.228146485279773,5071.0048828125
2014-07-17,5071.0048828125,5136.578015565674,5039.151141476494,5128.3073412069225,41497600.0,5034.301752198718,5061.7259765625,4973.483821614584,4935.816276041666,61.53993091892909,48.05863000714271,28.994243189652362,5086.81640625
2014-07-18,5086.81640625,5100.580519596991,5040.055040540363,5048.686540921636,33320100.0,5044.804683008974,5072.60859375,4987.789583333333,4940.864420572917,62.821501243649145,50.201959480693404,33.23578644786057,5126.923828125
2014-07-21,5126.923828125,5129.789439431145,5107.263459262626,5107.263459262626,47565100.0,5061.228512032179,5093.819921875,5006.58818359375,4947.195751953125,65.92337861814917,54.508556574150134,37.49034047311848,5083.3232421875
2014-07-22,5083.3232421875,5154.8336438489205,5013.817157084434,5141.769210681587,55994600.0,5065.647458063244,5096.35986328125,5020.250260416667,4953.810091145833,60.05726353821458,53.78338155464644,40.748948689424076,5093.03173828125
2014-07-23,5093.03173828125,5139.465966022319,5087.022206572466,5104.63138443055,41403600.0,5071.124314106845,5092.22001953125,5034.143359375,4958.714583333333,60.89175851640845,53.37677538382832,43.27451402830492,5098.44287109375
2014-07-24,5098.44287109375,5119.2931345940215,5079.861562338713,5109.799363114283,33848600.0,5076.588025504227,5097.7076171875,5046.834049479166,4962.93759765625,61.376112430384694,52.88158427340022,45.195928077323984,5088.60400390625
2014-07-25,5088.60400390625,5109.973290638104,5059.795553151032,5104.357786212224,38431900.0,5078.991221184631,5098.06513671875,5060.171321614584,4968.08388671875,59.92290054737083,51.106107995019556,46.3779640608631,5119.0458984375
2014-08-04,5119.0458984375,5119.0458984375,5050.32054568959,5076.029506107256,35513500.0,5087.002156635205,5096.48955078125,5074.398795572916,4974.50302734375,62.85351414712506,51.56107277661613,47.41458580401371,5108.8876953125
2014-08-05,5108.8876953125,5124.783071573288,5091.095420364162,5122.865177610691,37076000.0,5091.379264370665,5101.60244140625,5082.402213541666,4981.956982421875,61.24414109196069,50.51959510235065,48.0355876636811,5058.02978515625
2014-08-06,5058.02978515625,5085.524806587024,5050.4939462451375,5081.618708926734,35401100.0,5084.709368527781,5094.60205078125,5084.636458333333,4986.913785807292,53.81472641651905,45.07085941799869,47.44264201454462,5066.78076171875
2014-08-07,5066.78076171875,5068.220647065759,5043.328549786725,5051.895110794956,39067200.0,5081.123647165975,5088.26962890625,5082.567740885416,4992.884147135416,54.830090884606484,40.986362531621126,46.15138611795992,5053.56298828125
2014-08-08,5053.56298828125,5076.358487381151,5047.8063764966455,5067.831475658815,29496000.0,5075.6115153890305,5081.26142578125,5083.978385416666,4999.200113932292,52.93703043354977,36.26476780190387,44.174062454748714,5113.03662109375
2014-08-11,5113.03662109375,5113.03662109375,5087.7885813931725,5090.575582178531,32870700.0,5083.096536529974,5080.0595703125,5090.123014322917,5008.050927734375,59.68220423339988,36.89657434569381,42.71856483293773,5132.1953125
2014-08-12,5132.1953125,5143.806677077937,5127.014361760482,5128.921514110737,41202400.0,5092.916291723979,5084.72109375,5094.227799479167,5017.726106770833,61.591893776986346,38.49943435006571,41.874738736363334,5168.0673828125
2014-08-13,5168.0673828125,5168.0673828125,5134.030625003561,5136.995353068629,35659000.0,5107.946509941684,5106.72861328125,5097.850227864584,5027.926643880209,64.94037972633501,42.17808600975786,41.93540819104224,5155.34619140625
2014-08-14,5155.34619140625,5177.780376698235,5133.288944566077,5170.273832970049,41651000.0,5117.426446234597,5124.44169921875,5103.472981770833,5038.478401692709,62.847848115239664,43.56476265648507,42.261279084130805,5148.76171875
2014-08-15,5148.76171875,5161.154303304987,5143.87323695005,5155.388414214335,33668300.0,5123.693500737678,5143.4814453125,5107.602669270834,5047.696126302083,61.73894324723909,43.62946861901855,42.53491699110836,5156.55029296875
2014-08-18,5156.55029296875,5165.379050931988,5147.185911319766,5154.195404148006,35966500.0,5130.264859183892,5152.1841796875,5109.577766927084,5058.082975260417,62.58000758846299,43.80427301601412,42.78878819608951,5164.966796875
2014-08-19,5164.966796875,5178.124487517073,5159.952832009204,5171.3518020897245,37429600.0,5137.205246722115,5158.7384765625,5115.020670572917,5067.635465494792,63.51339966343548,44.113436054431986,43.05371776775801,5189.96533203125
2014-08-20,5189.96533203125,5190.731415545727,5166.6732683125765,5167.39443169746,33486800.0,5147.757263783942,5163.11806640625,5121.48291015625,5077.813134765625,66.20942236615716,45.847125728854735,43.61239935997736,5205.93310546875
2014-08-21,5205.93310546875,5205.93310546875,5154.484917560679,5189.964490250628,35229600.0,5159.392432120903,5173.23544921875,5128.64892578125,5087.741487630208,67.84386066937134,47.95673773398448,44.48126703477879,5198.69384765625
2014-08-22,5198.69384765625,5223.77197406918,5186.360342863006,5215.628247764884,36120200.0,5167.252715227973,5183.221875,5135.988248697917,5098.07978515625,66.27862135811776,48.485561471092296,45.28212592204149,5184.75439453125
2014-08-25,5184.75439453125,5199.80751997995,5177.488563853271,5194.272090748295,33878800.0,5170.753051088628,5188.8626953125,5140.368815104167,5107.383805338542,63.252513809075815,47.23536088510991,45.67277291465517,5146.3515625
2014-08-26,5146.3515625,5194.905826061795,5144.065030353344,5191.050995547627,40146700.0,5165.8727533709025,5185.1396484375,5142.86640625,5112.634309895833,55.706479029811376,42.65409051029292,45.06903643378272,5165.0458984375
2014-08-27,5165.0458984375,5171.181401655064,5144.761532237397,5144.761532237397,32634100.0,5165.707382384223,5180.15576171875,5150.000813802083,5117.318636067708,58.31363217177943,40.06997567022063,44.069224281070305,5184.27734375
2014-08-28,5184.27734375,5194.273048682951,5164.814233646576,5166.009011390369,36533300.0,5169.421374657379,5175.824609375,5157.833919270834,5120.200830078125,60.865580069683006,39.12287876152732,43.07995517716171,5136.66259765625
2014-08-29,5136.66259765625,5192.626725114726,5136.66259765625,5175.061491730045,33487700.0,5162.869619257153,5163.418359375,5163.373893229166,5123.676139322916,52.32476589505652,34.13667917303337,41.29129997633605,5177.41650390625
2014-09-01,5177.41650390625,5179.653233191988,5157.13799687825,5159.741899362608,29369000.0,5165.778996186973,5161.95078125,5167.665885416666,5128.894449869792,57.78494979743329,33.0921144193926,39.65146286494736,5201.3837890625
2014-09-02,5201.3837890625,5201.748032718904,5179.13074766265,5179.13074766265,35068300.0,5172.899954762079,5172.9572265625,5172.278450520834,5133.253125,60.639939079816024,33.80852530100492,38.48287535215887,5223.93115234375
2014-09-03,5223.93115234375,5226.050210374178,5205.920135609552,5205.920135609552,38597900.0,5183.106194278413,5184.73427734375,5176.002701822917,5136.92646484375,63.16384447851811,35.78318360047706,37.94293700182251,5205.119140625
2014-09-04,5205.119140625,5232.459384855528,5195.201557969219,5225.085648479611,35334600.0,5187.508783547731,5188.90263671875,5179.3208984375,5141.396940104167,59.72286482606747,35.42182169115404,37.43871393968882,5217.1318359375
2014-09-05,5217.1318359375,5224.096408527244,5199.706733120424,5200.163746576959,35082300.0,5193.433394025686,5204.996484375,5183.87890625,5145.740787760416,61.177283280817825,35.69331359121588,37.08963386999423,5246.27880859375
2014-09-08,5246.27880859375,5262.363143785256,5240.939172577287,5241.029989356645,32766300.0,5204.002476939299,5218.7689453125,5189.860807291667,5149.719287109375,64.52459276933129,37.82437413972639,37.23658192394066,5196.9169921875
2014-09-09,5196.9169921875,5251.459792469665,5196.9169921875,5248.87688512648,38958100.0,5202.585379988939,5217.8755859375,5191.9908203125,5153.505745442709,55.75680223197111,35.12526671780779,36.81431888271409,5142.791015625
2014-09-10,5142.791015625,5190.047965098891,5129.534207458884,5190.047965098891,44024300.0,5190.626507116152,5201.64755859375,5188.845865885417,5155.164388020833,48.047195382114964,28.292551755845125,35.1099654573403,5132.83349609375
2014-09-11,5132.83349609375,5178.101754338672,5132.83349609375,5146.892519401207,49002700.0,5179.067904911672,5187.1904296875,5183.97255859375,5156.3107421875,46.766059322985114,21.82253076314373,32.45247851850099,5143.5107421875
2014-09-12,5143.5107421875,5156.7724330482815,5127.528454092585,5134.905120103582,31846800.0,5171.956472366837,5172.4662109375,5180.293684895833,5158.140966796875,48.35620932566363,17.356482314652567,29.433279277731305,5144.69775390625
2014-09-15,5144.69775390625,5148.520847325947,5117.526936202636,5118.066954251446,30356000.0,5166.504728674719,5152.15,5177.6232421875,5158.996028645834,48.5402431474512,13.754337230696365,26.29749086832432,5130.30322265625
2014-09-16,5130.30322265625,5156.526322964817,5130.30322265625,5151.587550372396,29834000.0,5159.264427471026,5138.82724609375,5176.553352864584,5159.709879557292,46.381734835462225,9.627117509868185,22.963416196633094,5187.982421875
2014-09-17,5187.982421875,5198.088962621123,5157.660358325278,5158.941558524216,39827300.0,5165.00802635182,5147.86552734375,5178.082454427084,5164.041634114584,55.01417949294095,10.885019745930549,20.547736906492585,5207.93896484375
2014-09-18,5207.93896484375,5216.373694458135,5186.723483716419,5196.196258781466,31830200.0,5173.594214050207,5162.88662109375,5179.659895833333,5168.746907552083,57.56010735482632,13.338484814472395,19.105886488088547,5227.37841796875
2014-09-19,5227.37841796875,5250.623606288018,5210.111024150255,5216.23187948487,40243200.0,5184.351054833916,5179.66015625,5185.7076171875,5174.540755208333,59.93848715806145,16.65943536174109,18.61659626281906,5219.60009765625
2014-09-22,5219.60009765625,5228.705700335537,5208.749445699481,5219.123065439098,30026800.0,5191.400863398383,5194.640625,5188.519856770833,5178.09287109375,58.52518128717263,18.45097578995137,18.58347216824552,5187.912109375
2014-09-23,5187.912109375,5202.247977904425,5183.95425540887,5201.7445795033545,32744600.0,5190.703112593707,5206.16240234375,5187.621744791667,5179.95009765625,53.03843801164093,17.116520071213927,18.290081748839203,5173.80517578125
2014-09-24,5173.80517578125,5206.999194473159,5173.80517578125,5189.895857206172,36258500.0,5187.323525231216,5203.326953125,5184.280013020833,5180.141357421875,50.75709158979119,14.75060684169057,17.58218676740948,5201.1767578125
2014-09-25,5201.1767578125,5213.04153105236,5180.112635082426,5201.310053413096,33661400.0,5190.094171747473,5201.97451171875,5184.0171875,5181.66904296875,54.81795478612692,14.91236106217275,17.048221626362135,5132.36328125
2014-09-26,5132.36328125,5142.832112175217,5105.121177213734,5142.832112175217,40531500.0,5178.547993647979,5182.971484375,5178.365950520833,5181.122428385416,44.81258877731115,9.379755998451401,15.51452850077999,5141.81103515625
2014-09-29,5141.81103515625,5141.81103515625,5082.529163595736,5122.626723499569,33727200.0,5171.200601949634,5167.413671875,5171.401432291666,5180.631119791667,46.262779450598195,5.691869083516394,13.549996617327272,5137.37890625
2014-09-30,5137.37890625,5150.805140863942,5102.2123078852255,5115.613641125784,37241000.0,5164.436262809708,5157.30703125,5167.4322265625,5179.7115234375,45.656660693745046,2.384074247857825,11.316812143433383,5140.712890625
2014-10-01,5140.712890625,5165.19289432894,5124.030434822847,5148.373725100832,40331500.0,5159.691588372766,5150.68857421875,5167.293684895833,5178.069775390625,46.22738064504155,0.031287027637517895,9.05970712027421,5000.6142578125
2014-10-02,5000.6142578125,5106.910897739303,4996.767239723796,5106.910897739303,39398900.0,5127.876122260713,5110.57607421875,5158.479069010416,5171.225813802083,31.335062185878954,-12.988380643078017,4.650089567603764,4949.1533203125
2014-10-03,4949.1533203125,5024.382322192695,4932.847803403273,5009.475676549973,37239200.0,5092.1315618710705,5073.93408203125,5145.521907552084,5162.907796223958,27.79321155505471,-27.146105249557877,-1.7091493958285637,4999.943359375
2014-10-06,4999.943359375,5006.143801366759,4946.504035403497,4975.01024886951,23889300.0,5073.693921371857,5045.560546875,5135.871614583333,5156.747428385416,35.5376725904342,-33.877355255352086,-8.142790567733268,5032.64501953125
2014-10-07,5032.64501953125,5048.032604453499,4999.966603422215,5016.959594634304,38708700.0,5065.484141003736,5024.61376953125,5129.361067708333,5152.957210286459,39.99979845587541,-36.15638045819196,-13.745508545825007,4958.326171875
2014-10-08,4958.326171875,5004.368326220073,4958.326171875,4992.225732141645,29867600.0,5044.052547177989,4988.13642578125,5114.050651041666,5146.066552734375,34.20498923524457,-43.45847203461199,-19.688101243582405,4993.6845703125
2014-10-09,4993.6845703125,5014.3097442186745,4992.479539082908,4993.030787161599,31353500.0,5033.978951804891,4986.75048828125,5099.767024739584,5139.713460286458,38.751274639077806,-45.8636177301305,-24.923204540892023,4962.7666015625
2014-10-10,4962.7666015625,4970.835134852455,4933.192558514239,4948.091392088197,28086500.0,5019.736481756413,4989.47314453125,5082.126236979167,5133.916927083334,36.38385371074595,-49.69171949750216,-29.876907532214055,4912.86181640625
2014-10-13,4912.86181640625,4946.8141068982895,4912.86181640625,4937.171416173534,26100100.0,4998.36154868638,4972.0568359375,5061.677018229167,5125.0984375,32.89098479705065,-56.10566562973054,-35.12265915171736,4922.390625
2014-10-14,4922.390625,4941.404045822895,4900.527217342067,4902.268360575535,26701000.0,4983.167363949104,4950.00595703125,5043.9755859375,5115.798665364583,34.190094873342744,-59.7313234166777,-40.04439200470943,4962.74658203125
2014-10-15,4962.74658203125,4972.801366056297,4942.809370547019,4947.590434266403,32146500.0,4979.083207565533,4950.8900390625,5029.905013020833,5107.092513020833,39.529155475799335,-58.67196102599064,-43.769905808965675,4951.4208984375
2014-10-16,4951.4208984375,4976.426272067534,4924.381424353622,4933.101787797131,32452200.0,4973.550745739926,4942.4373046875,5013.254622395833,5098.635904947917,38.58310944572682,-58.07682324559755,-46.63128929629205,5028.75
2014-10-17,5028.75,5043.56875895026,4953.30616015817,4957.986153717915,44043200.0,4984.590596591941,4955.633984375,5006.3470703125,5092.356510416666,47.77376830242373,-50.77999980872937,-47.46103139877952,5040.33642578125
2014-10-20,5040.33642578125,5101.014732687621,5040.33642578125,5068.386117391379,41636200.0,4995.739762429803,4981.12890625,4999.582096354166,5085.491764322916,49.005104731446224,-43.56015261144057,-46.68085564131173,5029.1484375
2014-10-21,5029.1484375,5060.13209448871,5016.263685238231,5057.091197255533,28722900.0,5002.421497443842,5002.48046875,4992.366731770833,5079.899479166666,47.832376979866055,-38.299654270057545,-45.00461536706089,5074.1259765625
2014-10-22,5074.1259765625,5079.037406715713,5054.191692949295,5055.297606986181,32725400.0,5016.762393267574,5024.75634765625,4987.927604166666,5077.61064453125,52.72984161112153,-30.153766079999514,-42.03444550964862,5103.3193359375
2014-10-23,5103.3193359375,5103.3193359375,5069.043815205978,5076.388255765581,36205100.0,5034.07378180156,5055.13603515625,4994.774609375,5076.626839192709,55.64074360934643,-21.099212293429446,-37.84739886640479,5072.87060546875
2014-10-24,5072.87060546875,5107.065564812723,5062.70693819708,5098.09374572563,28341500.0,5041.833146534998,5063.96015625,5003.022428385417,5074.27216796875,52.041121012361145,-16.193700363642165,-33.51665916585226,5024.09619140625
2014-10-27,5024.09619140625,5090.8474962017535,5024.09619140625,5086.055690762121,26439700.0,5038.285755509249,5060.712109375,5004.6326171875,5070.252115885417,46.81632956287098,-16.056643416644874,-30.024656016010784,5001.109375
2014-10-28,5001.109375,5032.3537633061,4995.660368522587,5028.133224597251,31703100.0,5030.850479407399,5055.104296875,5002.530240885417,5065.945654296875,44.54642984903197,-17.59998707842351,-27.539722228493332,5073.85888671875
2014-10-29,5073.85888671875,5074.10790047489,5018.778020385106,5019.290695765394,36601600.0,5039.45216086967,5055.05087890625,5010.232421875,5062.141536458334,52.41064002014151,-12.805209957484294,-24.592819774291527,5058.65185546875
2014-10-30,5058.65185546875,5076.0891637701125,5032.179743235811,5072.707947966709,34495600.0,5043.292099789486,5046.1173828125,5014.56357421875,5057.165299479167,50.78921764488458,-10.115786387431399,-21.697413096919504,5089.34912109375
2014-10-31,5089.34912109375,5089.34912109375,5060.399562376322,5075.898960125155,32489800.0,5052.503504050339,5049.4130859375,5023.002408854167,5052.564322916666,53.89027077965626,-5.444623809614313,-18.446855239458465,5085.31103515625
2014-11-03,5085.31103515625,5103.499780970426,5060.119143706597,5102.338693309466,29379500.0,5059.065010271522,5061.6560546875,5034.4990234375,5048.088020833334,53.413444620711914,-2.0449605677677027,-15.166476305120314,5070.74267578125
2014-11-04,5070.74267578125,5090.247776355005,5070.288591883844,5078.323435556661,31631200.0,5061.400543373467,5075.58271484375,5044.38916015625,5044.182373046875,51.63826967096161,-0.5202506780842668,-12.237231179713106,5066.634765625
2014-11-05,5066.634765625,5087.0451037762905,5051.811124022369,5075.046547493581,38222200.0,5062.447387823774,5074.137890625,5051.3150390625,5040.610026041667,51.12233321646451,0.35255484328445164,-9.719273975113595,5034.03515625
2014-11-06,5034.03515625,5074.051666198326,5029.754561026688,5069.747634386589,30956200.0,5056.76494150902,5069.21455078125,5056.82265625,5035.038639322916,47.10048176355837,-1.5681795256514306,-8.089055085221162,4987.22998046875
2014-11-07,4987.22998046875,5040.775262509017,4979.002272926138,5033.169601100717,38116100.0,5042.8579493009665,5048.79072265625,5054.054654947917,5030.200862630209,41.9924588969712,-6.788903614625269,-7.8290247911019835,4965.19384765625
2014-11-10,4965.19384765625,5008.594989518309,4965.19384765625,4997.105202589691,30091600.0,5027.325128972024,5024.76728515625,5049.045149739583,5024.313623046875,39.80379942251956,-12.559716232173741,-8.775163079316336,5032.08837890625
2014-11-11,5032.08837890625,5043.324758100023,4970.304650125923,4970.926696234335,35239300.0,5028.277778958869,5017.03642578125,5049.241145833334,5020.803938802083,48.567446751245875,-11.601561616495928,-9.340442786752254,5048.64404296875
2014-11-12,5048.64404296875,5067.767321052085,5035.508812743608,5047.044495938137,30576300.0,5032.351031760845,5013.43828125,5047.542350260416,5017.734977213541,50.48859864847321,-9.397979395620496,-9.351950108525903,5048.47119140625
2014-11-13,5048.47119140625,5052.288913694308,5029.424082254552,5046.301354106323,28575000.0,5035.5750636899265,5016.32548828125,5043.885807291666,5019.330208333334,50.46740303628958,-7.578215337006441,-8.997203154222012,5049.291015625
2014-11-14,5049.291015625,5067.879646670968,5035.264706779486,5047.441478328839,28434900.0,5038.318254076941,5028.7376953125,5042.313834635416,5022.668131510417,50.57338832930667,-6.000713754124263,-8.397905274202461,5053.74609375
2014-11-17,5053.74609375,5073.564658013505,5036.839037215079,5037.103675348383,35071900.0,5041.4038220115535,5046.44814453125,5044.290494791667,5024.461555989584,51.18465418928245,-4.341004415636235,-7.586525102489216,5102.2705078125
2014-11-18,5102.2705078125,5102.2705078125,5068.083362819414,5076.906261360147,40957300.0,5053.577159171743,5060.4845703125,5051.0345703125,5026.782405598959,57.36888452222843,0.8797012239547257,-5.893279837200428,5127.73388671875
2014-11-19,5127.73388671875,5140.778301802227,5111.497212845942,5113.956101690095,49030800.0,5068.408504681145,5076.3025390625,5054.626236979167,5032.429329427084,60.21705898557046,6.991239273434076,-3.3163760150735273,5093.36767578125
2014-11-20,5093.36767578125,5126.0792932166805,5071.242560364372,5122.992499297241,38567900.0,5073.400338901166,5085.2818359375,5056.940625,5035.752099609375,54.8872497614094,8.95834497218857,-0.8614318176211082,5111.845703125
2014-11-21,5111.845703125,5122.622138614718,5083.897085306733,5090.850427602464,48990800.0,5081.089411745933,5097.7927734375,5058.440397135417,5040.721402994792,57.086596584028186,11.87146592060435,1.6851477300239837,5141.56396484375
2014-11-24,5141.56396484375,5156.883192582984,5124.609546867107,5133.748351188868,56104100.0,5093.184322365497,5115.35634765625,5062.190592447917,5048.344807942708,60.42804246411994,16.38922582162013,4.6259633483432125,5118.74560546875
2014-11-25,5118.74560546875,5149.278596829101,5118.74560546875,5136.834256937182,51968200.0,5098.296578986148,5118.6513671875,5065.390787760417,5054.889973958333,56.77271071167842,17.921741511058826,7.2851189808863355,5132.83642578125
2014-11-26,5132.83642578125,5136.864101104782,5107.373061034307,5125.039365865929,48196500.0,5105.204548345169,5119.671875,5069.804231770833,5060.559635416666,58.444395616222835,20.042248113056303,9.83654480732033,5145.11474609375
2014-11-27,5145.11474609375,5148.21277008155,5134.502366050434,5134.502366050434,53116900.0,5113.186587894886,5130.0212890625,5077.209537760416,5067.016097005208,59.89962746511379,22.454679143960675,12.360171674648399,5149.68798828125
2014-11-28,5149.68798828125,5149.68798828125,5126.78067568333,5139.442292835032,57208800.0,5120.4868679721585,5137.58974609375,5088.040071614583,5071.04736328125,60.455100510737054,24.45368369715925,14.778874079150569,5164.0869140625
2014-12-01,5164.0869140625,5167.489613538383,5134.553884862,5150.179252723561,44997300.0,5129.206877190227,5142.0943359375,5101.299609375,5075.172379557292,62.229135116294046,26.88981315361434,17.201061894043324,5175.59130859375
2014-12-02,5175.59130859375,5193.844503631844,5166.427603145566,5169.413814916724,49816800.0,5138.483763470931,5153.4634765625,5110.866471354167,5080.05380859375,63.63291327383681,29.409754449300635,19.64280040509479,5165.8427734375
2014-12-03,5165.8427734375,5187.148096094422,5156.95200638674,5180.059504955813,46603500.0,5143.9555654642445,5160.06474609375,5118.679720052083,5083.11103515625,61.5455479134415,30.271252609247313,21.768490845925292,5176.95849609375
2014-12-04,5176.95849609375,5199.128530932924,5160.579739570821,5171.841507917858,48176700.0,5150.556151590146,5166.43349609375,5127.245540364584,5085.565673828125,63.03455125225363,31.4879683298268,23.712386342705592,5187.79248046875
2014-12-05,5187.79248046875,5206.021752328235,5185.013291626532,5185.04942303453,39735600.0,5158.003417365868,5174.05439453125,5136.478971354167,5089.396402994792,64.47825639970804,32.94664785216355,25.559238644597183,5143.81396484375
2014-12-08,5143.81396484375,5207.013165310794,5124.3445077439765,5197.687844655031,51834200.0,5155.165526861445,5169.9998046875,5142.48349609375,5093.386995442708,55.07507776615523,30.20576990268728,26.488544896215203,5122.11279296875
2014-12-09,5122.11279296875,5142.616878298178,5122.11279296875,5132.709548788737,49879300.0,5148.554980082907,5159.3041015625,5143.806315104167,5097.420442708333,51.113871294994375,25.98298549181345,26.387433015334853,5165.2060546875
2014-12-10,5165.2060546875,5168.528679185824,5121.378660092554,5121.378660092554,43753000.0,5151.885195003826,5159.1767578125,5146.304459635417,5100.465348307292,57.63067669135778,25.816072879754756,26.273160988218837,5152.49462890625
2014-12-11,5152.49462890625,5166.499455855676,5136.999625481224,5139.086458461799,45944000.0,5152.007081784312,5154.283984375,5150.246256510417,5103.593440755209,55.289359536735226,24.37708375807324,25.89394554218972,5160.232421875
2014-12-12,5160.232421875,5178.313749934601,5150.384660327309,5150.960809795616,51577700.0,5153.65214980245,5148.77197265625,5153.472037760416,5105.956217447917,56.44923104055505,23.589128942206116,25.432982222193,5108.23291015625
2014-12-15,5108.23291015625,5125.870894157931,5094.217343475698,5124.06237093951,66874600.0,5144.568301873211,5141.65576171875,5151.249967447917,5106.720279947916,47.52643320500057,18.5548542463157,24.057356627017544,5025.83203125
2014-12-16,5025.83203125,5069.065698477296,5005.079910041876,5067.7527613466045,67950500.0,5120.821047748569,5122.399609375,5145.055729166666,5105.223258463541,37.42977780879023,7.825881118878897,20.811061525389817,5035.453125
2014-12-17,5035.453125,5059.53519639461,5021.75395065349,5030.619328584473,54841000.0,5103.747463198855,5096.4490234375,5138.563509114583,5104.183870442708,39.05771750551129,0.09830131967646594,16.66850948424715,5113.14599609375
2014-12-18,5113.14599609375,5113.14599609375,5076.028301650943,5076.028301650943,63737700.0,5105.627169777835,5088.579296875,5136.432259114584,5106.8208984375,50.30240513046586,0.24053134977748414,13.382913857353216,5144.4208984375
2014-12-19,5144.4208984375,5162.170207722531,5127.523606777424,5141.505972809428,66679000.0,5113.385915509768,5085.4169921875,5136.081119791666,5112.060595703125,53.98322318085045,2.8440880406715223,11.27514869401688,5125.57275390625
2014-12-22,5125.57275390625,5166.820174155209,5125.57275390625,5160.818454302701,60447700.0,5115.823283189065,5088.8849609375,5133.513509114583,5117.406559244791,51.50731130348323,3.3479447100671678,9.689707897226937,5138.86767578125
2014-12-23,5138.86767578125,5151.1723722073775,5138.854980963303,5139.587862568621,41732000.0,5120.432161707502,5111.49208984375,5131.065266927083,5120.965869140625,53.13991695413705,4.765114561188966,8.704789230019342,5166.78173828125
2014-12-24,5166.78173828125,5175.181313582288,5140.767614438665,5141.177754719597,36701800.0,5129.7020770222525,5137.7578125,5131.127864583334,5124.903792317708,56.45479326416166,8.04789234128475,8.573409852272425,5178.17138671875
2014-12-29,5178.17138671875,5185.462118411454,5167.22796524617,5168.519907119924,31914700.0,5139.395938961552,5150.762890625,5131.208723958333,5129.227132161458,57.767544872734156,11.436731305419016,9.146074142901744,5226.7431640625
2014-12-30,5226.7431640625,5226.7431640625,5175.440475112746,5177.741166736882,46686400.0,5156.865383981742,5167.22734375,5133.805436197917,5135.142203776041,62.90362754393987,17.83614314456554,10.884087943234505,5242.56494140625
2015-01-02,5242.56494140625,5247.733685491154,5230.546366340135,5233.592146200482,38133000.0,5174.0052954666435,5190.62578125,5140.388834635417,5141.436165364584,64.4214798432395,23.908802542890044,13.489030863165613,5219.7919921875
2015-01-05,5219.7919921875,5233.456499504088,5206.08256474395,5229.480580005805,44846100.0,5183.162634810816,5206.81064453125,5146.90078125,5145.353548177083,60.57935554310242,26.577473614806877,16.106719413493867,5168.8583984375
2015-01-06,5168.8583984375,5194.600558183852,5168.8583984375,5186.001772566974,51516500.0,5180.301787536153,5207.2259765625,5147.144270833333,5146.724365234375,52.97011435078122,24.302356877820785,17.74584690635925,5206.9150390625
2015-01-07,5206.9150390625,5207.172841505466,5174.594034300035,5175.352305500653,72088500.0,5185.624437841423,5212.97470703125,5150.772298177083,5150.50927734375,57.28715387693763,25.27876544567698,19.2524306142228,5211.625
2015-01-08,5211.625,5229.975359006762,5208.790149551838,5218.196521216295,69163000.0,5190.824550273139,5209.95107421875,5154.198470052083,5153.83525390625,57.80340504677357,26.131404193904018,20.628225330159044,5216.4619140625
2015-01-09,5216.4619140625,5240.033750099652,5212.076830908003,5226.683684003419,73930500.0,5195.952023031012,5204.73046875,5161.413736979167,5156.331852213541,58.36001232309711,26.88748291965021,21.88007684805728,5187.7314453125
2015-01-12,5187.7314453125,5220.04610712915,5183.012390472769,5202.546787371679,47662000.0,5194.30790748731,5198.318359375,5172.20703125,5158.631380208333,53.8188704069633,24.88155298489619,22.480372075425063,5214.15576171875
2015-01-13,5214.15576171875,5217.017954905363,5196.883485366576,5199.732495473005,72921400.0,5198.277478333599,5207.37783203125,5184.120540364584,5161.342024739583,57.12344327883543,25.134327672583822,23.011163194856817,5159.46728515625
2015-01-14,5159.46728515625,5224.819723664465,5159.46728515625,5217.001180119731,6397239800.0,5190.51543969813,5197.88828125,5187.208626302084,5161.820442708334,49.2661002138762,20.6833259195173,22.545595739788915,5188.51025390625
2015-01-15,5188.51025390625,5193.753214192302,5167.80695701212,5180.232743594326,54180100.0,5190.114402539754,5193.26533203125,5190.147916666667,5163.114518229167,52.966103914064966,19.277184435837626,21.891913478998656,5148.1787109375
2015-01-16,5148.1787109375,5204.290786740559,5148.1787109375,5181.809727359412,46196100.0,5181.727264219304,5179.60869140625,5191.65498046875,5162.584244791667,47.75736292118091,14.73849255868663,20.461229294936253,5151.892578125
2015-01-19,5151.892578125,5171.483125457586,5132.506612686399,5151.958981794647,44823900.0,5175.760327000444,5172.44091796875,5192.523307291666,5161.794287109375,48.26192109718767,11.310840264665785,18.631151488882157,5165.888671875
2015-01-20,5165.888671875,5165.888671875,5121.615493633112,5154.16940168849,47230800.0,5173.785995975355,5162.7875,5192.46376953125,5161.795817057292,50.21339966560454,9.612956740693335,16.827512539244395,5215.06298828125
2015-01-21,5215.06298828125,5215.06298828125,5164.103059091347,5176.149464887776,39723300.0,5182.041394436535,5173.906640625,5194.923209635416,5163.065966796875,56.431306318401916,12.095894243029761,15.881188880001469,5252.978515625
2015-01-22,5252.978515625,5267.366627120498,5214.822775129303,5215.437009018991,60342700.0,5196.228818674228,5186.80029296875,5196.672233072916,5165.238834635416,60.52501686780117,16.927971171220634,16.090545338245303,5323.67724609375
2015-01-23,5323.67724609375,5324.83149797545,5280.977250404124,5280.977250404124,61824800.0,5221.718504158132,5221.9,5202.079720052084,5171.23427734375,66.79085881604848,26.16065984270881,18.104568239138004,5259.81884765625
2015-01-26,5259.81884765625,5309.316917747312,5208.218808738819,5302.4324205459625,47668400.0,5229.338572857757,5243.48525390625,5204.748177083334,5175.824479166667,57.857616550199396,28.00200340122319,20.084055271555044,5276.94384765625
2015-01-27,5276.94384765625,5276.94384765625,5243.549149382281,5254.252834966928,40300400.0,5238.8596278174555,5265.6962890625,5211.953873697917,5179.549072265625,59.4249047838382,30.49163720460365,22.165571658164765,5268.64697265625
2015-01-28,5268.64697265625,5279.708553811264,5263.340050317965,5272.015982145087,45228300.0,5244.817096785215,5276.4130859375,5216.0693359375,5183.420817057292,58.29375412216729,31.432862979849233,24.01902992250166,5262.5126953125
2015-01-29,5262.5126953125,5266.783524973637,5253.247431376323,5263.330046273143,39427200.0,5248.3562164906725,5278.319921875,5219.461848958334,5186.830159505208,57.423442609399714,31.32273725520099,25.479771389041527,5289.19775390625
2015-01-30,5289.19775390625,5298.253553457377,5281.375304744196,5290.181114034355,39480500.0,5256.524523973789,5271.4240234375,5224.310904947916,5192.862320963542,60.20669236586738,33.00822476894973,26.98546206502317,5276.03076171875
2015-02-02,5276.03076171875,5291.208394423842,5257.002692741747,5276.948694788899,33697000.0,5260.425771522781,5274.66640625,5230.197526041667,5201.202278645834,58.18553661625434,32.90224296255383,28.168818244529305,5291.51171875
2015-02-03,5291.51171875,5309.906021995885,5281.85145039548,5287.417151632436,45254600.0,5266.642960968225,5277.57998046875,5235.35458984375,5209.737565104167,59.89043641742672,33.6792025872428,29.270895113072008,5315.0771484375
2015-02-04,5315.0771484375,5348.632482025469,5297.913754480742,5315.241204547237,53583900.0,5276.32979846208,5286.866015625,5245.728580729166,5216.468603515625,62.40338346001693,35.783986398328125,30.573513370123234,5279.689453125
2015-02-05,5279.689453125,5314.079227429332,5253.831573191119,5308.921225132809,40395900.0,5277.001729394665,5290.3013671875,5251.807194010416,5220.977555338542,56.66233194879718,34.202288773555665,31.29926845080972,5342.30712890625
2015-02-06,5342.30712890625,5342.30712890625,5296.390947946456,5297.144824843541,47310400.0,5290.062809296982,5300.9232421875,5264.749088541666,5228.202034505209,63.126682084924425,37.56843954269607,32.55310266918699,5348.26220703125
2015-02-09,5348.26220703125,5374.878847622195,5333.022565365508,5341.551042264634,41689400.0,5301.702688843836,5315.36953125,5277.840397135416,5235.181852213542,63.681515053573264,40.252655755924025,34.0930132865344,5321.2666015625
2015-02-10,5321.2666015625,5362.364119929233,5309.875932496224,5353.5983484968165,43593200.0,5305.615471387569,5321.3205078125,5288.19892578125,5240.33134765625,59.32370215764344,39.743458839937375,35.223102397214994,5336.3115234375
2015-02-11,5336.3115234375,5344.873202208004,5327.685882310628,5336.449701657749,47042000.0,5311.754681797556,5325.5673828125,5296.282161458334,5245.602685546875,60.928416567042326,40.09176318536265,36.19683455484453,5343.203125
2015-02-12,5343.203125,5345.932022671839,5320.037034655021,5341.8491738022885,42684700.0,5318.044370438045,5338.2701171875,5302.297135416667,5249.484684244791,61.67428378635915,40.457522404736665,37.04897212482296,5373.95556640625
2015-02-13,5373.95556640625,5380.627181351829,5352.743502611188,5363.773834376087,36806200.0,5329.226609631687,5344.5998046875,5305.6490234375,5253.864371744791,64.89473610041424,42.73621771836588,38.18642124353154,5325.28759765625
2015-02-16,5325.28759765625,5383.814125547332,5320.191604834212,5377.762603554773,35327900.0,5328.4388072366,5340.0048828125,5310.013606770834,5257.380891927083,56.765342355471795,40.15215280490247,38.579567555805724,5337.29345703125
2015-02-17,5337.29345703125,5342.71707428036,5319.258025455123,5325.4770219353095,34670400.0,5330.209737195531,5343.21025390625,5314.0369140625,5262.995393880208,58.157849402143135,38.62775850313119,38.58920574527082,5390.23974609375
2015-02-18,5390.23974609375,5415.172370925224,5372.545121232936,5372.545121232936,51676100.0,5342.215738975176,5353.9958984375,5322.143098958333,5269.106217447917,63.709091580145234,41.2168657018492,39.11473773658649,5399.8935546875
2015-02-20,5399.8935546875,5427.102455216716,5398.13776374067,5399.22170587136,42104400.0,5353.751302117641,5365.333984375,5331.301822916666,5275.3818359375,64.63050157301016,43.5457650108674,40.00094319144267,5403.06640625
2015-02-23,5403.06640625,5418.373915491882,5387.169076231614,5409.733138768537,39458000.0,5363.614322944113,5371.15615234375,5338.89306640625,5281.601985677084,64.94551885219266,45.12725815527301,41.02620618420874,5417.103515625
2015-02-24,5417.103515625,5422.229293056017,5397.573512627929,5399.448439788826,41829200.0,5374.31216148029,5389.5193359375,5348.297916666666,5289.247721354167,66.37248245403867,46.971818396271374,42.21532862662127,5444.89599609375
2015-02-25,5444.89599609375,5448.482770559837,5425.683853200801,5426.01684805322,49451900.0,5388.428928402983,5411.03984375,5358.52353515625,5296.9390625,69.05813683364615,50.0987592675383,43.79201475480468,5451.2099609375
2015-02-26,5451.2099609375,5458.855659807125,5429.273801979989,5429.273801979989,42517100.0,5400.985134909886,5423.23388671875,5367.599055989584,5306.663818359375,69.65114029144587,52.48139379219174,45.5298905622821,5450.08203125
2015-02-27,5450.08203125,5464.0067827864095,5440.92760204294,5455.012991864544,44392400.0,5410.804514177909,5433.27158203125,5378.958561197916,5315.382877604166,69.39527861576347,53.66007438438828,47.155927326703335,5477.61767578125
2015-03-02,5477.61767578125,5477.61767578125,5451.3555152218605,5452.6186496106,42848700.0,5424.1671464985775,5448.1818359375,5387.979264322917,5326.364176432292,72.09068407178924,56.168606897754216,48.95846324091351,5474.40576171875
2015-03-03,5474.40576171875,5499.550777721464,5472.359943022244,5479.407519887487,43155600.0,5434.214869542612,5459.64228515625,5396.388834635417,5337.114615885416,71.30184251903992,57.237662224918495,50.614303037714514,5447.84716796875
2015-03-04,5447.84716796875,5484.642611674568,5435.223635569994,5477.611146908014,39650100.0,5436.9413292278405,5460.23251953125,5404.8275390625,5346.513232421875,64.9710728455614,55.30432587469204,51.55230760511002,5450.73486328125
2015-03-05,5450.73486328125,5476.413064181056,5450.73486328125,5457.684788394061,41358800.0,5439.700036038523,5460.1375,5412.45576171875,5354.368961588541,65.33150351909578,53.389712395885,51.91978856326502,5514.57275390625
2015-03-06,5514.57275390625,5514.57275390625,5460.676899658701,5466.935445446957,43788200.0,5454.674579612069,5473.03564453125,5423.880403645833,5363.08876953125,72.15306947187034,56.373710633049086,52.81057297722184,5444.421875
2015-03-09,5444.421875,5484.789444391943,5424.742953465662,5483.644469426728,41992900.0,5452.624038689655,5466.396484375,5428.578157552083,5367.113590494791,58.525116314715135,52.473084032801125,52.7430751883377,5462.7158203125
2015-03-10,5462.7158203125,5471.069499409428,5407.356644673377,5436.917507001119,48243400.0,5454.642395014224,5464.05849609375,5437.7400390625,5373.876822916666,60.6142849571305,50.278399752317455,52.25014010113365,5419.35498046875
2015-03-11,5419.35498046875,5439.050502922625,5405.731487298339,5438.116457247226,53837200.0,5447.58491210513,5458.36005859375,5443.210807291666,5378.623860677083,53.7085945831548,44.52696017463404,50.70550411583373,5439.6201171875
2015-03-12,5439.6201171875,5449.390732642388,5417.388073136359,5417.98082348178,45223300.0,5445.991953121604,5456.137109375,5446.50283203125,5384.322965494792,56.21905721620022,41.130008902735426,48.790405073214075,5426.2548828125
2015-03-13,5426.2548828125,5462.375548988412,5420.589087436777,5457.72387434652,42344300.0,5442.044539059783,5438.47353515625,5448.26025390625,5389.781038411458,54.13392020060181,36.93368925064624,46.41906190870051,5435.05908203125
2015-03-16,5435.05908203125,5449.7303849941545,5415.256631476587,5415.256631476587,36520500.0,5440.647447654077,5436.6009765625,5450.393098958333,5394.643082682292,55.30979570972216,33.927406962320674,43.92073091942455,5438.94091796875
2015-03-17,5438.94091796875,5463.803230523973,5431.585247531899,5452.620560758611,50622800.0,5440.306141717012,5431.84599609375,5451.84892578125,5400.073421223959,55.84727194168896,31.495082600815294,41.4356012557027,5412.9404296875
2015-03-18,5412.9404296875,5434.8287388501685,5412.745613043008,5425.598140694505,43007100.0,5434.83299931111,5430.5630859375,5449.7185546875,5404.121044921875,51.38919320694777,27.156384020495352,38.579757808661235,5453.64208984375
2015-03-19,5453.64208984375,5461.084671738514,5443.892468688161,5444.85532189924,48809800.0,5438.594817417638,5433.36748046875,5449.880696614583,5408.739876302084,57.1550132917206,26.694500370082096,36.20270632094541,5442.85302734375
2015-03-20,5442.85302734375,5453.480543255596,5423.066688337426,5432.939350826516,53282300.0,5439.4464594028605,5436.687109375,5449.398763020833,5414.178662109375,55.28313674536203,25.16774893035563,33.995714842827454,5436.88623046875
2015-03-23,5436.88623046875,5467.727801791217,5436.88623046875,5455.666260196389,55475400.0,5438.934413616038,5437.0525390625,5446.683333333333,5417.331298828125,54.22542323618777,23.208780400023898,31.83832795426674,5447.43603515625
2015-03-24,5447.43603515625,5457.73348613127,5434.25246598714,5440.376251199501,40017200.0,5440.634737924081,5438.7515625,5444.8853515625,5420.637093098959,55.83439137179513,22.251068331102942,29.920876029633984,5405.2783203125
2015-03-25,5405.2783203125,5440.238384957865,5396.202013533367,5437.530482574893,51711500.0,5433.563454401765,5437.219140625,5442.047428385416,5423.437483723958,48.498267493389775,17.88414209776238,27.513529243259665,5368.59033203125
2015-03-26,5368.59033203125,5413.075900972546,5368.461430810742,5380.810070082987,48225500.0,5420.568829927662,5420.2087890625,5436.571126302083,5424.513444010417,43.18099371163966,11.332276130712671,24.277278620750266,5396.64404296875
2015-03-27,5396.64404296875,5397.630820983578,5350.262058436042,5352.535895751755,33640800.0,5415.78387253588,5410.9669921875,5428.709212239583,5426.294807942709,47.886080493475674,8.307807927830254,21.083384482166267,5438.44384765625
2015-03-30,5438.44384765625,5459.533357914964,5411.758364043634,5415.068781925098,46861300.0,5420.315867559953,5411.278515625,5428.310677083334,5428.444417317708,53.99851816792158,9.177991813146036,18.70230594836222,5518.4599609375
2015-03-31,5518.4599609375,5518.4599609375,5483.832402801738,5490.7613322645775,47535700.0,5439.944686235463,5425.48330078125,5432.026953125,5434.88349609375,62.95567659884585,16.138219086889876,18.189488576067752,5466.65478515625
2015-04-01,5466.65478515625,5523.821509303034,5454.321279989378,5516.58350927953,45716700.0,5445.286706019621,5437.75859375,5435.1802734375,5439.195540364583,55.430333446782946,17.274870659703083,18.00656499279482,5456.18701171875
2015-04-02,5456.18701171875,5489.4269316435975,5436.742942692527,5479.95122545391,48074400.0,5447.466767159447,5455.2779296875,5436.284733072916,5441.393782552083,54.02508625045136,17.1335089606564,17.831953786367137,5479.8173828125
2015-04-06,5479.8173828125,5489.389275717043,5465.394116315856,5467.483878692486,36173400.0,5453.936890290059,5471.91259765625,5439.85556640625,5444.05791015625,56.69411392193065,18.71254567730739,18.008072164555188,5523.07470703125
2015-04-07,5523.07470703125,5523.07470703125,5493.626636394069,5502.102380162984,47767100.0,5467.764453638298,5488.83876953125,5445.723274739584,5448.058186848958,61.141381890865674,23.18716104054056,19.043889939752262,5486.3701171875
2015-04-08,5486.3701171875,5518.585658250913,5476.677623922119,5513.7640688601705,43099300.0,5471.485586348139,5482.42080078125,5448.885221354167,5450.367073567709,55.89605085531946,23.50067119752657,19.935246191307126,5500.68603515625
2015-04-09,5500.68603515625,5500.68603515625,5478.300186770129,5494.332278284661,42564500.0,5477.325676109761,5489.22705078125,5454.734928385416,5452.226741536459,57.430047216249285,24.620495446831228,20.872296042411946,5491.1259765625
2015-04-10,5491.1259765625,5508.786421539807,5471.185835218064,5504.027817814375,45254000.0,5480.08573620031,5496.21484375,5457.233854166667,5453.557275390625,56.02858138626514,24.454649424456875,21.58876671882093,5447.197265625
2015-04-13,5447.197265625,5486.669362841841,5430.707672749921,5479.520715166725,39271600.0,5473.508042085248,5489.6908203125,5457.523470052083,5453.461116536459,49.991685224246424,20.54174298542239,21.379361972141226,5418.89599609375
2015-04-14,5418.89599609375,5448.236162583763,5397.517922012795,5438.3171151017,40873000.0,5462.5856328869495,5468.855078125,5456.32412109375,5451.503727213541,46.514449698116756,14.984330479577693,20.10035567362852,5414.33642578125
2015-04-15,5414.33642578125,5429.858771663726,5394.096489828738,5426.019077158369,41511500.0,5452.93579146581,5454.44833984375,5454.11748046875,5449.501416015625,45.95980206525812,10.09574435486229,18.099433409875274,5420.52197265625
2015-04-16,5420.52197265625,5428.010939038542,5401.469003157633,5420.679193100577,54273800.0,5446.453027703898,5438.41552734375,5455.133723958334,5448.590576171875,46.88510611554385,6.644038231738705,15.808354374247962,5410.43359375
2015-04-17,5410.43359375,5428.719015315865,5410.43359375,5417.801471224738,38333800.0,5439.249140913119,5422.27705078125,5457.923274739584,5447.247200520834,45.51623723388845,3.059223570312497,13.25852821346087,5400.5927734375
2015-04-20,5400.5927734375,5406.851318618264,5383.043164338406,5406.552502137484,40809000.0,5431.517867417996,5412.95615234375,5458.1865234375,5443.447867838541,44.1617714658398,-0.5692775548259306,10.492967059803512,5460.36083984375
2015-04-21,5460.36083984375,5460.36083984375,5404.792688886888,5406.410790006941,45083200.0,5437.286461903147,5421.24912109375,5459.64765625,5443.979166666667,53.25923081200706,1.3621901379983683,8.666811675442483,5436.9072265625
2015-04-22,5436.9072265625,5457.989412655682,5425.993589442792,5452.248425484353,43405200.0,5437.210614835018,5425.76328125,5454.210807291666,5443.118880208333,49.828463787466426,0.9889812579394857,7.131245591941885,5435.9970703125
2015-04-23,5435.9970703125,5464.122926993835,5430.070543536615,5441.498808960602,41195200.0,5436.9679059305145,5428.85830078125,5452.166959635417,5443.673616536458,49.69468195762737,0.6127056395698673,5.827537601467482,5435.14306640625
2015-04-24,5435.14306640625,5464.127776147717,5424.552659009515,5451.563324624425,32195600.0,5436.602938025661,5433.8001953125,5450.764029947916,5443.524381510417,49.56022555336595,0.2427947364785723,4.7105890284697,5245.24169921875
2015-04-27,5245.24169921875,5403.383983124865,5223.822610798082,5398.351952367516,50962900.0,5398.330690264279,5402.72998046875,5435.125651041667,5437.490608723959,30.07432767305839,-15.198615401828647,0.7287481424100308,5241.95361328125
2015-04-28,5241.95361328125,5241.95361328125,5164.540604610884,5210.9357751388425,37156900.0,5367.055274867673,5359.04853515625,5416.384244791667,5431.053759765625,29.855445467973894,-27.385680167290957,-4.894137519530167,5105.36376953125
2015-04-29,5105.36376953125,5237.006581855216,5014.812127207322,5229.356001485785,48559700.0,5314.716973800389,5292.73984375,5390.983821614584,5419.934521484375,22.522339503648,-47.51791867108932,-13.418893749841999,5086.22705078125
2015-04-30,5086.22705078125,5141.297175264668,5030.060289247882,5087.726992463105,39908600.0,5269.018989196561,5222.78583984375,5363.35322265625,5409.044075520834,21.717502323123213,-64.27610111798367,-23.590335223470333,5140.93701171875
2015-05-04,5140.93701171875,5170.885552511731,5089.219787378901,5093.135650514687,38506600.0,5243.402593700999,5163.94462890625,5340.007291666667,5398.620572916667,29.476602686453674,-72.30891269112908,-33.334050717002086,5160.107421875
2015-05-05,5160.107421875,5201.879723074659,5130.438653858728,5153.559336695186,40033500.0,5226.7435593358,5146.9177734375,5320.86796875,5389.195719401042,32.01922859263371,-76.24912935060274,-41.91706644372222,5184.74853515625
2015-05-06,5184.74853515625,5184.74853515625,5120.946817497457,5133.536171586079,32612300.0,5218.344554499889,5135.4767578125,5305.258138020833,5380.791129557291,35.250683034922474,-76.5015848835883,-48.83397013169544,5150.28564453125
2015-05-07,5150.28564453125,5183.289732732321,5137.616215126096,5155.127741471704,49827400.0,5204.732772506161,5144.4611328125,5287.654752604167,5370.886116536459,32.895500827319125,-78.57674120705542,-54.78252434676744,5182.01123046875
2015-05-08,5182.01123046875,5200.322529595559,5175.552497438075,5175.582769697517,45731600.0,5200.18846409868,5163.61796875,5271.754036458334,5363.443880208333,37.06417127876878,-76.77629852293921,-59.181279182001795,5172.2802734375
2015-05-11,5172.2802734375,5215.077432959598,5172.2802734375,5200.607294005587,38003700.0,5194.606825966444,5169.88662109375,5255.8771484375,5356.900211588541,36.318908722647194,-75.26701038804276,-62.39842542320999,5205.4091796875
2015-05-12,5205.4091796875,5216.90677898274,5173.3244911836455,5175.752619317467,42992700.0,5196.7672967106555,5178.94697265625,5242.864908854167,5350.525716145833,40.69121204421046,-70.5840142238012,-64.03554318332824,5245.9287109375
2015-05-13,5245.9287109375,5254.659328289593,5199.006708390879,5216.942045743064,48525900.0,5206.599579556025,5191.1830078125,5228.56943359375,5344.108544921875,45.6100284761285,-62.87829662533477,-63.80409387172955,5226.892578125
2015-05-15,5226.892578125,5264.72313568794,5213.874042292518,5252.222157819019,40639600.0,5210.65817926982,5206.50439453125,5214.56845703125,5334.389632161458,43.77328014083625,-57.64304361300037,-62.57188381998372,5237.607421875
2015-05-18,5237.607421875,5239.667400386577,5218.150170467951,5222.232043034148,40150100.0,5216.048027790856,5217.6236328125,5201.34248046875,5326.754720052083,45.113110248034786,-52.029703505182624,-60.4634477570235,5269.166015625
2015-05-19,5269.166015625,5273.282554626346,5219.364731255377,5236.699994059764,36060800.0,5226.671625357685,5237.00078125,5190.27734375,5320.520686848959,48.97009752539713,-44.52136171409802,-57.27503054843841,5292.54296875
2015-05-20,5292.54296875,5312.696969250122,5277.895589797965,5288.004082962537,40032200.0,5239.845894036148,5254.4275390625,5193.43076171875,5314.278206380209,51.67886459866181,-36.266563631747886,-53.073337165100305,5313.0009765625
2015-05-21,5313.0009765625,5335.233020404618,5275.781235494685,5309.778934146799,41387500.0,5254.476910541418,5267.8419921875,5198.167252604167,5307.275748697916,53.981067419557434,-27.753857233106828,-48.009441178701614,5314.94580078125
2015-05-22,5314.94580078125,5328.814401187444,5298.650537087535,5319.757625066669,32871300.0,5266.570688589385,5285.45263671875,5212.139388020833,5301.561604817708,54.204440850418564,-20.612931971899343,-42.53013933734116,5288.15576171875
2015-05-25,5288.15576171875,5311.086997102049,5285.215934863797,5309.627093050179,33194400.0,5270.887703215258,5295.5623046875,5225.601302083333,5294.477262369792,50.56353007340185,-16.920381883667687,-37.40818784660647,5320.693359375
2015-05-26,5320.693359375,5346.924269901663,5283.903778630012,5284.85979603059,38867900.0,5280.848834447206,5305.8677734375,5237.58505859375,5288.796175130208,54.55605819429579,-11.238941609668473,-32.17433859921887,5253.18359375
2015-05-27,5253.18359375,5315.29592082468,5253.18359375,5296.030557849893,37463500.0,5275.315786307765,5297.9958984375,5243.79013671875,5282.329052734375,46.216169113792006,-12.044986041894845,-28.14846808775407,5237.197265625
2015-05-28,5237.197265625,5278.211784331841,5232.730642404679,5263.109344145161,34175300.0,5267.692082171212,5282.83515625,5247.28671875,5276.272428385417,44.48208856412025,-13.814500179201787,-25.28167450604361,5216.17578125
2015-05-29,5216.17578125,5252.000558059324,5214.367746188602,5230.111273739164,60489400.0,5257.38882198697,5263.08115234375,5251.67939453125,5269.667073567708,42.237813463988665,-16.720368981316824,-23.569413401098256,5213.61279296875
2015-06-01,5213.61279296875,5215.346612137025,5183.121305151338,5211.930729596542,30905700.0,5248.633616183326,5248.17255859375,5253.786165364583,5262.770100911458,41.95984678468598,-19.01095620790329,-22.657721962459263,5130.29931640625
2015-06-03,5130.29931640625,5205.3593828262,5129.286172251137,5201.153491861311,3374877500.0,5224.966756227911,5210.09375,5250.987434895834,5253.432291666667,34.10316273462948,-27.235016054710286,-23.573180780909468,5095.62255859375
2015-06-04,5095.62255859375,5143.024034779802,5094.319874898891,5121.353979403014,33417100.0,5199.097916701079,5178.58154296875,5243.668326822916,5243.266617838542,31.462535911174,-36.134234323664714,-26.08539148946052,5100.373046875
2015-06-05,5100.373046875,5100.373046875,5074.978040269964,5081.413824662899,29073300.0,5179.3529427358635,5151.21669921875,5233.964615885417,5231.267024739584,32.23662659408875,-42.31581385298978,-29.331475962166373,5014.79736328125
2015-06-08,5014.79736328125,5088.731502668398,5006.234707658046,5086.1554308734485,35800600.0,5146.441826844941,5110.941015625,5219.824934895833,5217.196695963542,26.442771924519946,-53.50325047913702,-34.16583086556051,4899.69140625
2015-06-09,4899.69140625,5002.351478799631,4852.575561656639,5002.0385026824015,40852100.0,5097.091742725953,5048.15673828125,5197.297200520833,5199.319840494792,20.98057352213513,-70.84085408924784,-41.500835510297975,4933.365234375
2015-06-10,4933.365234375,4973.831433787063,4912.642895886531,4914.552001315005,45234400.0,5064.346441055763,5008.769921875,5174.910481770833,5182.593912760417,25.80884830950758,-80.93091217734855,-49.38685084370809,4928.62060546875
2015-06-11,4928.62060546875,4979.066400279102,4911.150092541457,4970.9988424943085,33172400.0,5037.201273938361,4975.36953125,5150.648990885416,5172.039876302083,25.57175836207142,-88.29242766137486,-57.16796620724145,4935.625
2015-06-12,4935.625,4947.310580826949,4915.833777284939,4933.687087063796,33566100.0,5016.886019150688,4942.419921875,5125.490592447916,5161.828922526041,26.643125613232755,-92.49506014167946,-64.23338499412905,4837.60546875
2015-06-15,4837.60546875,4926.355917219171,4837.60546875,4925.022961339583,31548400.0,4981.02990907055,4906.98154296875,5093.667903645834,5152.903645833333,21.8936516049898,-102.55286802349383,-71.89728160000202,4872.4091796875
2015-06-16,4872.4091796875,4892.31416544905,4825.941752848613,4847.200201473042,35011200.0,4959.305763193941,4901.52509765625,5065.95146484375,5145.776383463542,26.87797452049611,-106.48785887578742,-78.81539705515911,4945.56005859375
2015-06-17,4945.56005859375,4955.371687670371,4894.445352789113,4894.445352789113,38823400.0,4956.556622273903,4903.9640625,5040.942578125,5139.263818359375,36.106924812762124,-102.52189431596616,-83.55669650732052,4945.30615234375
2015-06-18,4945.30615234375,4964.2111767506685,4932.726564833229,4947.769923442108,30178100.0,4954.306528287872,4907.301171875,5020.417415364584,5132.103776041667,36.08989819928405,-98.26657107888695,-86.49867142163382,4984.81201171875
2015-06-19,4984.81201171875,4988.385114956639,4958.666055817447,4958.666055817447,25867100.0,4960.407624974048,4917.13857421875,5003.591731770834,5125.439225260417,40.769970177189784,-90.66131684238462,-87.33120050578398,4959.05859375
2015-06-22,4959.05859375,4991.847354341167,4957.152906336185,4991.847354341167,24572000.0,4960.1378187292385,4941.42919921875,4986.4505859375,5119.064990234375,38.776500291809405,-85.72401063360212,-87.0097625313476,4937.4560546875
2015-06-23,4937.4560546875,4971.9825448446,4937.4560546875,4966.687828749065,29948900.0,4955.60146592089,4954.43857421875,4968.04013671875,5110.913151041666,37.13620726476355,-82.60211845069807,-86.1282337152177,4953.3232421875
2015-06-24,4953.3232421875,4973.287308582352,4937.937610800096,4953.06006884112,38971300.0,4955.145821174212,4955.9912109375,4956.241731770833,5103.614583333333,39.17155845950898,-77.94909829656171,-84.4924066314865,4919.8505859375
2015-06-25,4919.8505859375,4945.647433876447,4919.8505859375,4943.939492511219,31720600.0,4948.08677412687,4950.90009765625,4944.523600260417,5094.095963541667,36.487696752873305,-76.08544427783363,-82.81101416075593,4922.8134765625
2015-06-26,4922.8134765625,4942.133037889455,4897.704589551817,4916.835681644235,26287600.0,4943.032114613997,4938.500390625,4932.686295572917,5083.325455729167,36.89982272858335,-73.52188994802782,-80.9531893182103,4882.38818359375
2015-06-29,4882.38818359375,4896.399357261726,4858.227014169923,4896.04243755336,26871700.0,4930.903328409948,4923.16630859375,4923.859016927084,5071.841975911459,33.68787828561578,-73.900360610809,-79.54262357673005,4910.466796875
2015-06-30,4910.466796875,4930.057830106469,4873.87984410026,4887.178642129507,28855500.0,4926.816022102958,4917.76845703125,4924.577376302083,5060.937288411458,37.74155558592589,-71.11482447960316,-77.85706375730467,4903.87158203125
2015-07-01,4903.87158203125,4932.240591929191,4903.87158203125,4923.873731001665,34310600.0,4922.227134088617,4907.878125,4922.6111328125,5048.760807291666,37.166844055916116,-68.64811303124134,-76.015273612092,4944.587890625
2015-07-02,4944.587890625,4966.385380224857,4914.233117627364,4914.233117627364,42023100.0,4926.699285395895,4912.8255859375,4923.675618489583,5037.1623046875,42.94329312844637,-62.68516505104435,-73.34925189988247,4982.71630859375
2015-07-03,4982.71630859375,4982.71630859375,4937.217102132935,4940.084666354432,38550000.0,4937.902690035466,4924.80615234375,4926.8150390625,5026.152815755208,47.7843260369639,-54.257395655364235,-69.53088065097883,4916.5498046875
2015-07-06,4916.5498046875,4960.801011630816,4913.094861066945,4945.90754847963,32933900.0,4933.632112965873,4931.6384765625,4932.077994791666,5012.87294921875,41.24443155890233,-52.31436415377448,-66.08757735153796,4905.8583984375
2015-07-07,4905.8583984375,4927.358536153788,4890.857030603662,4918.091319597147,34396700.0,4928.0773700601985,4930.716796875,4934.307942708333,5000.129703776041,40.28500869232259,-51.04874664792624,-63.07981121081562,4871.380859375
2015-07-08,4871.380859375,4912.445664455424,4856.252542997517,4912.445664455424,43917300.0,4916.738067923159,4924.21865234375,4929.362662760416,4985.152620442708,37.27384061942243,-52.22575887883886,-60.90900074442027,4838.095703125
2015-07-09,4838.095703125,4854.94465611928,4811.717336209619,4849.612832579883,3382475900.0,4901.009594963527,4902.92021484375,4922.215299479167,4971.316357421875,34.586072450114585,-55.207980254866015,-59.76879664650942,4858.84521484375
2015-07-10,4858.84521484375,4882.451230378406,4845.596706652604,4858.795900355385,38549600.0,4892.576718939572,4878.14599609375,4913.817513020834,4958.704622395833,37.60650366561945,-55.26009600775251,-58.86705651875804,4893.7265625
2015-07-13,4893.7265625,4897.945636604329,4861.125780313692,4862.722886134229,25536100.0,4892.806687651658,4873.58134765625,4909.462044270834,4947.956315104167,42.41979336247456,-51.88862510643412,-57.471370236293254,4901.6162109375
2015-07-14,4901.6162109375,4927.18113315244,4891.931529562124,4907.675056976676,31023100.0,4894.568592308826,4872.73291015625,4907.072721354167,4937.556429036458,43.4818308400201,-48.02646227299283,-55.58238864363317,4869.65966796875
2015-07-15,4869.65966796875,4897.669320446383,4854.2642708298135,4894.757812624256,26826300.0,4889.586807440811,4872.388671875,4901.495149739583,4928.868440755208,40.24399701990144,-47.00248100472072,-53.86640711585069,4906.49755859375
2015-07-22,4906.49755859375,4906.49755859375,4859.270397055458,4887.546149465321,29108800.0,4892.968957671399,4886.06904296875,4900.604947916667,4922.564274088541,45.30049432818186,-42.72594051955457,-51.638313796591476,4902.654296875
2015-07-23,4902.654296875,4912.850677153794,4889.640643493269,4897.014379784527,32060700.0,4894.906025512119,4894.830859375,4899.261002604167,4915.973649088542,44.873864124874586,-39.19505428772027,-49.149661894817235,4856.40625
2015-07-24,4856.40625,4892.221750934795,4848.5383920792165,4890.588513703504,25948200.0,4887.206070409696,4887.366796875,4897.528873697916,4910.6939453125,39.99285934941182,-39.67132603015489,-47.25399472188477,4771.099609375
2015-07-27,4771.099609375,4848.515544001092,4771.099609375,4832.958043559658,34786400.0,4863.984778202756,4861.2634765625,4888.237727864584,4906.407552083333,32.8870330729645,-46.397466664197964,-47.08268911034741,4714.57275390625
2015-07-28,4714.57275390625,4749.564558950404,4711.308232256859,4747.1608437126015,31954400.0,4834.102373343456,4830.24609375,4875.617805989584,4899.114469401042,29.18645063186449,-55.64775373208886,-48.7957020346957,4720.9375
2015-07-29,4720.9375,4765.549534602387,4720.217313163781,4733.633783594719,32029900.0,4811.469398674764,4793.13408203125,4860.707779947917,4892.19169921875,30.139657231793635,-61.75323817116714,-51.387209261989995,4712.30908203125
2015-07-30,4712.30908203125,4754.536445115352,4711.379918916848,4740.067769041221,32072100.0,4791.637335346062,4755.0650390625,4842.680631510417,4884.747835286458,29.55877002601497,-66.521303616144,-54.414028132820796,4802.341796875
2015-07-31,4802.341796875,4802.341796875,4721.282941732034,4721.474340528624,33495400.0,4793.77822765185,4744.2521484375,4835.066764322916,4883.572379557291,42.09871329938267,-62.3167929816118,-55.994581102579,4799.9951171875
2015-08-03,4799.9951171875,4815.335339832433,4774.594739619395,4777.857796081808,28503100.0,4795.021605558981,4750.03125,4828.009212239584,4881.158577473959,41.88939323363782,-58.49969735433842,-56.49560435293088,4780.9013671875
2015-08-04,4780.9013671875,4805.634294020879,4771.701040658601,4783.966189647931,32406600.0,4792.197557884685,4763.29697265625,4821.97724609375,4875.669954427083,40.140563200417624,-56.365580297593624,-56.46959954186344,4850.34326171875
2015-08-05,4850.34326171875,4850.34326171875,4780.77858908093,4786.204647218022,38299300.0,4803.826698651498,4789.178125,4822.79375,4872.504524739584,48.55294649568322,-48.51168411904564,-54.87801645729988,4806.376953125
2015-08-06,4806.376953125,4867.884813816807,4806.376953125,4855.751008588289,31647100.0,4804.336749546199,4807.99169921875,4819.295865885417,4866.556689453125,44.30729101368155,-45.312790828584184,-52.96497133155674,4770.11767578125
2015-08-07,4770.11767578125,4804.142231208634,4760.719603845162,4801.468018823246,29900400.0,4797.492934793209,4801.546875,4811.0552734375,4860.258658854166,41.11424414356595,-45.18262828566094,-51.408502722377584,4748.7646484375
2015-08-10,4748.7646484375,4764.553585549876,4720.729605263477,4761.2207072764095,30072400.0,4787.747277522068,4791.30078125,4800.865169270834,4853.9689453125,39.31728338240684,-46.269122739159684,-50.38062672573401,4622.4111328125
2015-08-11,4622.4111328125,4771.53570697016,4619.10657377099,4763.447642472137,42568800.0,4754.680048580154,4759.602734375,4784.38193359375,4842.938541666666,30.75214699924574,-56.67256411025846,-51.639014202638904,4479.31689453125
2015-08-12,4479.31689453125,4571.869933376448,4455.545846945426,4571.869933376448,38324000.0,4699.607417770374,4685.3974609375,4755.90322265625,4828.254085286459,24.296802737135707,-75.59249229398029,-56.42970982090718,4584.0712890625
2015-08-13,4584.0712890625,4600.370458323621,4481.09727618127,4481.09727618127,39138400.0,4676.5001920288,4640.936328125,4734.66435546875,4816.962679036458,35.04618309015903,-81.19786903036947,-61.38334166279964,4585.21240234375
2015-08-14,4585.21240234375,4594.388802501483,4559.680194349276,4587.332436901847,32954100.0,4658.24263409179,4603.9552734375,4716.584765625,4807.056819661459,35.15420012522003,-84.57318514008603,-66.02131035825693,4510.302734375
2015-08-18,4510.302734375,4578.904072089454,4505.038778802445,4572.171423597667,31826200.0,4628.654654148432,4556.262890625,4699.198307291666,4793.718017578125,31.456042227538205,-92.22956660087402,-71.26296160678035,4484.06787109375
2015-08-19,4484.06787109375,4529.074910524979,4475.952952183088,4502.019809937812,2736435000.0,4599.7372975374965,4528.59423828125,4683.831315104167,4779.724560546875,30.255604382427677,-99.26991647890372,-76.86435258120503,4441.73828125
2015-08-20,4441.73828125,4472.908943234444,4427.692929391534,4470.379256521704,33125600.0,4568.137494279998,4521.078515625,4665.218033854167,4762.962906901042,28.37409025451437,-107.03129843379702,-82.89774175172343,4335.78466796875
2015-08-21,4335.78466796875,4401.497935142026,4335.78466796875,4401.497935142026,34546000.0,4521.666929017748,4471.42119140625,4640.11640625,4741.398518880208,24.300532836402937,-120.34456343589227,-90.3871060885572,4163.56689453125
2015-08-24,4163.56689453125,4241.746956042444,4110.951755613031,4241.141999127822,39607800.0,4450.0469221204485,4387.09208984375,4597.531412760417,4716.299088541667,19.420172748686554,-143.14190610849255,-100.93806609254429,4228.3359375
2015-08-25,4228.3359375,4301.607003388327,4181.859724201015,4182.05356429136,46350400.0,4405.704725196359,4330.69873046875,4559.42080078125,4693.715006510417,25.48158564594253,-154.2050639643503,-111.59146566690549,4237.56787109375
2015-08-26,4237.56787109375,4237.56787109375,4161.049855120202,4200.657199265678,36844400.0,4372.077354375837,4281.39873046875,4523.198567708333,4672.587906901042,26.33220465724432,-160.37900702383286,-121.34897393829098,4430.45947265625
2015-08-27,4430.45947265625,4433.285534585699,4295.529663392689,4295.529663392689,46862700.0,4383.75377803192,4279.14296875,4495.206315104167,4659.000032552083,41.386887051160684,-148.00109668056393,-126.67939848674558,4446.0283203125
2015-08-28,4446.0283203125,4511.071690010353,4433.485839185903,4479.9327639028825,43053100.0,4396.208686488037,4301.19169921875,4471.183072916667,4645.239469401042,42.409873291379505,-135.3747221349904,-128.41846321639454,4509.431640625
2015-08-31,4509.431640625,4509.431640625,4442.518226093002,4446.830070199509,34176600.0,4418.853277315429,4370.3646484375,4453.80400390625,4632.429638671875,46.504659019071056,-118.88171684347162,-126.51111394180997,4412.28759765625
2015-09-01,4412.28759765625,4484.614866369355,4410.959524242676,4484.029928152641,30515200.0,4417.540141383593,4407.15498046875,4431.372200520834,4616.118684895833,41.62161207165302,-112.35445154598892,-123.67978146264576,4401.1220703125
2015-09-02,4401.1220703125,4417.199571012673,4350.313984629821,4367.640460268983,36698200.0,4414.256527169375,4439.8658203125,4416.619596354167,4600.500764973958,41.08759771365339,-106.85080198084233,-120.31398556628508,4432.93798828125
2015-09-03,4432.93798828125,4445.634758826772,4404.703249382009,4427.78047454212,32500700.0,4417.99281939175,4440.3615234375,4413.527669270833,4584.715445963541,43.31921538848711,-98.78313092254211,-116.0078146375365,4415.1708984375
2015-09-04,4415.1708984375,4433.373314848775,4406.963210136172,4422.29269151086,29169700.0,4417.4284352009,4434.1900390625,4402.267643229166,4568.465999348959,42.354348094934146,-92.75389004192039,-111.35702971841329,4301.1982421875
2015-09-07,4301.1982421875,4397.838044875873,4297.653946199531,4397.051454321166,29523000.0,4394.18239659822,4392.543359375,4383.333365885416,4549.959065755208,36.70631936553576,-96.06493725747987,-108.29861122622661,4318.42236328125
2015-09-08,4318.42236328125,4325.261451964475,4269.309533026407,4282.005815101791,33941100.0,4379.030389934826,4373.7703125,4370.541341145833,4534.86982421875,38.050803424447125,-96.19030148717775,-105.87694927841684,4347.107421875
2015-09-09,4347.107421875,4366.07494431239,4323.387643256101,4347.315421580469,37713200.0,4372.645796322861,4362.9673828125,4361.41064453125,4522.620979817709,40.32430947115642,-92.90406877091937,-103.28237317691736,4343.09228515625
2015-09-10,4343.09228515625,4343.491195419981,4290.5162053539225,4312.488006905787,35256700.0,4366.735094089539,4344.9982421875,4354.834244791667,4510.026139322917,40.102458815413854,-89.5909449990395,-100.5440875413418,4360.2978515625
2015-09-11,4360.2978515625,4381.48403765039,4360.193851709149,4363.279180691874,33100500.0,4365.447645584132,4334.0236328125,4356.46845703125,4498.292431640625,41.58554845358222,-84.60168951004289,-97.35560793508202,4390.2021484375
2015-09-14,4390.2021484375,4390.2021484375,4365.3979382156085,4378.021470253891,25003300.0,4370.398546154806,4351.8244140625,4371.577473958333,4484.554443359375,44.172884845075345,-77.3430788832211,-93.35310212470984,4346.99072265625
2015-09-15,4346.99072265625,4376.611638427936,4334.444824941657,4372.699681530123,34375900.0,4365.716981455095,4357.5380859375,4379.48779296875,4469.454296875,41.324553878161616,-74.22179593155761,-89.5268408860794,4332.3447265625
2015-09-16,4332.3447265625,4370.175286825246,4325.233674940577,4360.018455196624,37372100.0,4359.042530476577,4354.585546875,4385.80625,4454.502408854167,40.37428921628761,-72.09885546201713,-86.04124380126694,4378.2138671875
2015-09-17,4378.2138671875,4389.192442557952,4341.653770830433,4345.88846881522,32111900.0,4362.876797818762,4361.60986328125,4382.323209635417,4438.764762369791,44.665856907954236,-65.95486689087284,-82.02396841918812,4380.14892578125
2015-09-18,4380.14892578125,4414.284800947345,4358.835792503101,4382.896865441038,43928900.0,4366.33122341126,4365.580078125,4377.93125,4424.557161458333,44.84620684034677,-60.23521456821436,-77.66621764899337,4375.91162109375
2015-09-21,4375.91162109375,4382.069584410549,4343.243947951203,4352.19770082969,28687800.0,4368.247302947758,4362.72197265625,4369.029915364584,4411.416959635417,44.50414587086988,-55.40558289939963,-73.21409069907463,4343.875
2015-09-22,4343.875,4389.135446727301,4336.921168891224,4380.447796332802,32859800.0,4363.372842358207,4362.098828125,4364.469075520833,4397.920638020833,41.901872417171454,-53.54590868316882,-69.28045429589348,4244.26171875
2015-09-23,4244.26171875,4308.811454812882,4238.969932334793,4308.589295482847,35255000.0,4339.550617636566,4344.4822265625,4354.01171875,4385.315657552083,35.04093614051578,-59.425047802269546,-67.3093729971687,4209.27490234375
2015-09-25,4209.27490234375,4251.060383069971,4193.973740915866,4250.56430865518,34101900.0,4313.495474578003,4310.69443359375,4339.100846354167,4376.3142578125,32.99731484496638,-66.14497351713635,-67.07649310116223,4120.34228515625
2015-09-28,4120.34228515625,4199.299167710812,4120.34228515625,4197.776277866723,29317000.0,4274.864836693652,4258.73310546875,4319.44560546875,4360.856624348959,28.45457240904696,-77.75042354212201,-69.21127918935419,4178.24560546875
2015-09-29,4178.24560546875,4178.24560546875,4033.4299519499855,4070.42167646865,38883300.0,4255.540990448672,4219.19990234375,4311.248763020833,4347.291064453125,34.752933848731374,-81.33789959326896,-71.63660327013714,4223.744140625
2015-09-30,4223.744140625,4223.744140625,4168.062221441347,4189.311396061638,37990200.0,4249.181620483938,4195.17373046875,4304.936881510416,4337.739111328125,39.2765017057791,-79.5921597964525,-73.22771457540023,4254.71044921875
2015-10-01,4254.71044921875,4270.7459581779385,4228.816437080858,4231.245541796527,32978200.0,4250.287386230901,4197.2634765625,4298.777083333333,4330.093863932291,42.212982132544994,-74.84713494193511,-73.55159864870721,4207.634765625
2015-10-02,4207.634765625,4252.508015944231,4207.634765625,4243.801324182256,36384600.0,4241.756862109721,4196.93544921875,4289.74658203125,4322.290413411459,39.11614572864493,-74.03188926063922,-73.64765677109361,4343.5322265625
2015-10-05,4343.5322265625,4346.203997641733,4240.853114883528,4243.161130580081,38012600.0,4262.111935000277,4241.5734375,4288.628873697917,4322.548665364583,50.42321346060461,-61.70867266334881,-71.25985994954465,4445.60791015625
2015-10-06,4445.60791015625,4464.727283955286,4381.104558763353,4381.104558763353,48812000.0,4298.811130031472,4295.0458984375,4292.322591145833,4331.950032552083,56.89820040436581,-43.2077085735109,-65.64942967433791,4486.95751953125
2015-10-07,4486.95751953125,4486.95751953125,4414.659547026974,4458.665649908447,49962400.0,4336.440407931428,4347.68857421875,4301.6537109375,4340.570751953125,59.221603003435334,-24.92171136126126,-57.503886011722585,4491.2578125
2015-10-08,4491.2578125,4537.07584844921,4484.500752008082,4501.920482275455,41378800.0,4367.403888845143,4394.998046875,4312.247916666666,4349.027083333333,59.466315678569,-9.968023948330483,-47.99671359904416,4589.16552734375
2015-10-09,4589.16552734375,4611.913176662758,4538.327175055777,4538.327175055777,68650200.0,4411.756216544865,4471.30419921875,4326.311360677083,4354.31728515625,64.66543325770903,9.671725766696,-36.46302572589613,4630.52685546875
2015-10-12,4630.52685546875,4639.762335956002,4595.764047948214,4596.698093635348,68010100.0,4455.510344329643,4528.703125,4343.00322265625,4360.467236328125,66.6136816785739,28.24825413155577,-23.520769754405755,4482.90185546875
2015-10-13,4482.90185546875,4621.9281877492895,4482.90185546875,4621.705051894615,50616600.0,4460.988646557465,4536.1619140625,4350.135904947917,4359.58291015625,54.964908474624806,30.70424354411989,-12.675767094700628,4507.01953125
2015-10-15,4507.01953125,4551.763884743384,4507.01953125,4513.096443336192,37675800.0,4470.194823495972,4540.17431640625,4361.01220703125,4362.740641276042,56.30912046586652,34.20246302034138,-3.3001210716922262,4521.70556640625
2015-10-16,4521.70556640625,4544.640707482488,4500.886553774531,4530.104164785157,38805700.0,4480.496972078027,4546.2638671875,4379.508463541667,4366.760091145833,57.14789013896725,37.72499717491246,4.904902577628711,4569.66650390625
2015-10-19,4569.66650390625,4570.988229842281,4533.761650403498,4534.533593035513,45937600.0,4498.330878443672,4542.3640625,4403.5345703125,4371.317708333333,59.85818604693762,43.880846615958944,12.700091385294758,4585.6455078125
2015-10-20,4585.6455078125,4608.175391500746,4561.839306677164,4566.658943065927,4575565100.0,4515.793804317438,4533.38779296875,4434.55478515625,4377.0001953125,60.7489096239607,49.478417325927694,20.05575657342135,4605.046875
2015-10-21,4605.046875,4645.057036808251,4591.048396294512,4597.013007939654,44046000.0,4533.6444184539505,4557.816796875,4463.008203125,4387.128483072916,61.85564438925194,54.84780922674781,27.014167104086642,4584.38330078125
2015-10-22,4584.38330078125,4616.041246361398,4581.972261957184,4613.585287413433,40381800.0,4543.792194919411,4573.28955078125,4487.050813802083,4395.99384765625,59.917858010303036,56.78117520308206,32.96756872388573,4652.96484375
2015-10-23,4652.96484375,4666.724073691445,4627.123076401495,4653.0356417748935,44071700.0,4565.626724685529,4599.54140625,4513.601106770833,4406.189095052084,63.954030892107944,63.11973402303829,38.99800178371624,4691.5283203125
2015-10-26,4691.5283203125,4695.974436310458,4674.878089514524,4682.929533925498,38604600.0,4590.807043810923,4623.91376953125,4545.860677083333,4417.803629557292,66.02571158310337,70.44281688100273,45.28696480317354,4673.87646484375
2015-10-27,4673.87646484375,4673.87646484375,4624.098125939321,4666.296681291496,30887000.0,4607.420928017488,4641.5599609375,4567.883626302083,4428.25625,64.20665982472798,73.96938259408398,51.023448361355626,4608.560546875
2015-10-28,4608.560546875,4657.228571186643,4594.565975335007,4647.208942320124,41937600.0,4607.648851788991,4642.2626953125,4578.747135416666,4435.53486328125,57.85501332613999,70.67901888353117,54.95456246579074,4471.8466796875
2015-10-29,4471.8466796875,4605.582677481484,4471.8466796875,4601.385575463109,39451100.0,4580.488417368693,4619.75537109375,4577.73974609375,4439.696728515625,47.30622154738331,56.389690173599774,55.24158800735255,4455.0068359375
2015-10-30,4455.0068359375,4480.423815738331,4441.162159776201,4462.797548433698,34745100.0,4555.392101082455,4580.16376953125,4575.323014322917,4443.785465494791,46.1890724583051,43.208380256432974,52.834946457168634,4464.78515625
2015-11-02,4464.78515625,4470.243928097848,4422.085646801165,4442.24599470793,28735100.0,4537.270712115964,4534.81513671875,4567.030989583333,4446.671175130208,46.97215534847909,33.16877689604371,48.901712544943656,4532.9091796875
2015-11-03,4532.9091796875,4546.206512729243,4496.4848187815,4496.4848187815,34186000.0,4536.398405630272,4506.6216796875,4560.52314453125,4451.76318359375,52.192010491448116,30.359394060027626,45.19324884796045,4612.38525390625
2015-11-04,4612.38525390625,4612.38525390625,4560.202228238396,4560.554265305123,34751500.0,4551.595775285467,4507.38662109375,4569.15537109375,4459.645638020834,57.45382784656671,34.15230637336299,42.98506035304096,4577.0546875
2015-11-05,4577.0546875,4614.0781482137145,4573.952757502582,4600.463932234175,25049000.0,4556.6875577283745,4528.42822265625,4573.824381510417,4467.418294270833,54.578069837943445,33.91636848532562,41.1713219794979,4566.3740234375
2015-11-06,4566.3740234375,4601.580660922104,4563.521595398432,4586.413282523333,23574400.0,4558.6248508702,4550.70166015625,4576.802278645833,4478.15537109375,53.70295729221013,32.49298675626051,39.43565493485042,4499.33154296875
2015-11-09,4499.33154296875,4555.392347133382,4490.867028994355,4553.241552021637,24543400.0,4546.7661892899105,4557.6109375,4572.11328125,4487.82392578125,48.45139495982628,25.659393093460494,36.68040256657244,4450.88037109375
2015-11-10,4450.88037109375,4518.61358049361,4450.88037109375,4463.958476482007,40294800.0,4527.589025650678,4541.20517578125,4563.128938802083,4498.841861979166,45.02466627442236,16.14797246057151,32.573916545372256,4451.416015625
2015-11-11,4451.416015625,4463.134798857792,4425.7070529843,4450.042045539709,29303300.0,4512.354423645543,4509.011328125,4552.886881510417,4507.947542317708,45.07091852231278,8.554711728344955,27.770075581966797,4462.05126953125
2015-11-12,4462.05126953125,4494.67988123097,4457.389341770963,4458.481096114491,27282200.0,4502.293792822684,4486.01064453125,4544.731412760417,4515.89111328125,46.04160694176138,3.356482557687741,22.887356977110986,4472.66357421875
2015-11-13,4472.66357421875,4490.161915680522,4435.078125001599,4441.842021543536,28120300.0,4496.367749101897,4467.2685546875,4532.711328125,4523.156217447917,47.04717887985442,0.09211098814012075,18.328307779316813,4442.00732421875
2015-11-16,4442.00732421875,4452.090916211544,4395.794767016445,4438.514296080242,23444500.0,4485.495664125268,4455.8037109375,4516.076595052084,4530.968636067709,44.469042325873836,-4.912007603251368,13.680244702803176,4500.771484375
2015-11-17,4500.771484375,4520.5197386710015,4474.3486853471,4474.3486853471,27587600.0,4488.550828175215,4465.78193359375,4504.536263020834,4536.209944661458,50.1124648204525,-4.088896770899737,10.126416408062594,4497.73486328125
2015-11-18,4497.73486328125,4521.380914365504,4497.73486328125,4513.5291695951,21896900.0,4490.387635196423,4475.045703125,4497.147884114584,4537.947509765625,49.830648142036274,-3.639649832566647,7.373203159936747,4518.76416015625
2015-11-19,4518.76416015625,4530.719749767811,4513.176486893377,4517.406302821048,29276900.0,4496.062940188389,4486.38828125,4500.275716145833,4539.007731119792,51.85010733462103,-1.5686474967487811,5.5848330285996415,4561.15673828125
2015-11-20,4561.15673828125,4561.15673828125,4505.196022284065,4505.725786853717,32354400.0,4509.081699806961,4504.0869140625,4507.352376302083,4541.3376953125,55.71963162365209,3.4535531295678084,5.158577048793275,4540.88916015625
2015-11-23,4540.88916015625,4590.136266609983,4540.88916015625,4569.982265964639,26089600.0,4515.443191876819,4523.86328125,4512.4259765625,4539.728483072917,53.50572540554096,5.732182110247777,5.273298061084176,4545.201171875
2015-11-24,4545.201171875,4555.095806614923,4534.401787163547,4535.528696464298,24223000.0,4521.394787876455,4532.74921875,4513.245442708333,4536.884293619792,53.92517275954755,7.796086866290352,5.777855822125412,4585.3671875
2015-11-25,4585.3671875,4585.3671875,4557.21447613516,4557.294551139302,25372400.0,4534.189267801164,4550.27568359375,4511.44423828125,4540.2998046875,57.748840269489904,12.528388569841809,7.1279623716686915,4596.87841796875
2015-11-26,4596.87841796875,4621.076207710054,4583.126022927413,4595.683151936612,27083500.0,4546.727097834681,4565.89853515625,4512.7658203125,4543.295100911459,58.80400219392847,17.01153349098786,9.104676595532526,4560.3828125
2015-11-27,4560.3828125,4606.621738011303,4541.789296883523,4598.902311475853,23214500.0,4549.458240767745,4565.74375,4512.36640625,4544.584342447916,54.18387389108318,17.418774990207567,10.767496274467534,4446.28515625
2015-11-30,4446.28515625,4535.794860109178,4446.28515625,4527.232204705447,43022200.0,4528.823623864197,4546.82294921875,4508.82998046875,4540.471630859375,42.84916546504736,8.437526948398045,10.301502409253636,4557.49072265625
2015-12-01,4557.49072265625,4557.49072265625,4504.047000363271,4504.047000363271,25770400.0,4534.557043622608,4549.280859375,4515.937337239583,4539.533138020834,53.13857160189136,10.175881763451798,10.27637828009327,4545.68603515625
2015-12-02,4545.68603515625,4568.235451296851,4541.489420996744,4558.970674836511,24716100.0,4536.782841929336,4541.34462890625,4522.222005208333,4537.554443359375,52.06694742890592,10.480191726659541,10.317140969406525,4537.205078125
2015-12-03,4537.205078125,4548.649944762502,4518.640859932831,4526.313900854688,21783400.0,4536.867289168469,4529.4099609375,4527.232259114583,4535.9818359375,51.26702877372523,9.922635248312872,10.238239825187796,4508.27685546875
2015-12-04,4508.27685546875,4531.128994264751,4501.278104160033,4513.390426171707,23919700.0,4531.149202428525,4518.98876953125,4529.606477864583,4531.158902994792,48.52835173099311,7.065060299840297,9.603603920118296,4521.2158203125
2015-12-07,4521.2158203125,4553.473351744272,4521.2158203125,4523.73183550137,22062000.0,4529.162526005321,4533.97490234375,4534.887044270833,4525.481819661459,49.81956957724943,5.777874156238795,8.838457967342396,4464.00830078125
2015-12-08,4464.00830078125,4522.176934136835,4464.00830078125,4495.088145222101,25537200.0,4516.131680960507,4515.27841796875,4532.436165364584,4518.486214192709,44.50379278287086,0.13998745256321854,7.098763864386561,4466.03564453125
2015-12-10,4466.03564453125,4473.595408055521,4438.023554293508,4441.392563420774,2373896100.0,4506.112473674655,4499.34833984375,4530.322884114584,4513.735384114583,44.728866144878985,-4.117030121000425,4.855605067309164,4393.35107421875
2015-12-11,4393.35107421875,4472.880207150824,4393.35107421875,4471.183007545761,20329300.0,4483.5601937834745,4470.5775390625,4521.96201171875,4511.118863932292,38.67309754378279,-13.20358191871037,1.2437676701052576,4374.0205078125
2015-12-14,4374.0205078125,4374.0205078125,4330.591047463817,4360.723174308998,22081900.0,4461.65225658928,4443.72626953125,4509.486263020834,4508.419319661459,37.22946964093699,-21.714246522899884,-3.3478351684957715,4409.00048828125
2015-12-15,4409.00048828125,4409.00048828125,4369.838924632512,4369.931206201592,23128300.0,4451.1219029276745,4421.283203125,4500.693684895833,4506.559830729167,41.48609161815545,-25.344264548357387,-7.747121044468095,4483.27880859375
2015-12-16,4483.27880859375,4483.27880859375,4429.61487950043,4450.544729779885,27097100.0,4457.55328406089,4425.1373046875,4496.56552734375,4504.905485026042,49.34181379487098,-21.974136143961914,-10.59252406436686,4555.78662109375
2015-12-17,4555.78662109375,4555.78662109375,4525.565140631777,4541.944386198168,29164100.0,4477.199951467463,4443.0875,4494.593489583333,4503.018863932291,55.60718877845755,-13.299205643151254,-11.133860380123739,4468.4794921875
2015-12-18,4468.4794921875,4514.359050071711,4466.888733930843,4512.0339454620735,26687800.0,4475.45585961147,4458.11318359375,4486.033561197916,4499.399690755208,47.92158191366871,-13.31572102514383,-11.570232509127758,4490.505859375
2015-12-21,4490.505859375,4490.505859375,4451.844274236918,4452.475109123615,21633700.0,4478.465859564176,4481.41025390625,4481.37509765625,4496.870751953125,49.806416656632265,-11.419825198071521,-11.540151046916511,4517.392578125
2015-12-22,4517.392578125,4517.392578125,4487.560727908059,4494.134691561876,26019300.0,4486.251203276341,4503.088671875,4486.115592447916,4497.472786458334,52.086010327086804,-7.659486798534999,-10.764018197240208,4522.4775390625
2015-12-23,4522.4775390625,4522.4775390625,4498.80853971799,4514.280104662075,23935000.0,4493.4964704335725,4510.92841796875,4483.781380208334,4499.859358723958,52.52515467733521,-4.220427216436292,-9.455300001079426,4557.177734375
2015-12-28,4557.177734375,4567.947335035238,4511.441720254985,4512.119428271325,20487400.0,4506.232723221858,4511.206640625,4484.547493489584,4503.384749348958,55.521061878599625,1.290195469298851,-7.306200907003771,4569.18310546875
2015-12-29,4569.18310546875,4569.18310546875,4551.925964245681,4551.963072177237,20088700.0,4518.822799671237,4531.34736328125,4486.679361979167,4506.955810546875,56.54283515737433,6.550625233756364,-4.534835678851744,4592.8291015625
2015-12-30,4592.8291015625,4595.334375173896,4571.578951861634,4573.885990999003,27466600.0,4533.624060049489,4551.81201171875,4492.316178385417,4510.961328125,58.561972729779065,12.483683851750357,-1.1311317727313237,4525.74267578125
2016-01-04,4525.74267578125,4603.644915066748,4525.74267578125,4579.986656825823,21276600.0,4532.0477831958415,4553.48203125,4492.61796875,4513.752506510416,51.28197876228598,11.638203688406975,1.4227353194963364,4557.64453125
2016-01-05,4557.64453125,4594.1621540540245,4526.827858611902,4527.255088090763,24364900.0,4537.167132806673,4560.5154296875,4498.860384114583,4515.648274739583,54.197842528852874,13.388038712486377,3.8157959980943446,4608.80224609375
2016-01-06,4608.80224609375,4639.05594937803,4562.395363994167,4563.475888273048,29976300.0,4551.494155464089,4570.84033203125,4508.378157552083,4519.350520833334,58.48851832888126,18.68737914666508,6.790112627808492,4530.271484375
2016-01-07,4530.271484375,4577.457631592157,4530.271484375,4573.51442606939,24018600.0,4547.249621246272,4563.0580078125,4517.506184895833,4519.734098307292,50.645331817195995,16.36176027113106,8.704442156473007,4546.111328125
2016-01-08,4546.111328125,4550.730289159711,4507.238816093556,4524.686868162836,23991300.0,4547.021962622018,4553.714453125,4528.97890625,4519.232584635417,52.042267248926734,15.616812673250934,10.086916259828593,4465.30908203125
2016-01-11,4465.30908203125,4517.762118234232,4459.613502970784,4515.32617790567,19983800.0,4530.679386503864,4541.627734375,4532.7328125,4516.713248697916,45.0390926716198,8.409431674005646,9.751419342664004,4512.3515625
2016-01-12,4512.3515625,4526.022418142029,4486.470731964574,4487.373528924541,23702200.0,4527.013821703092,4532.569140625,4534.67099609375,4515.61826171875,49.31537567889009,6.4194657242524045,9.085028618981685,4537.00244140625
2016-01-13,4537.00244140625,4559.332137866241,4533.504530806916,4535.702199093851,26689000.0,4529.011545643723,4518.2091796875,4533.418717447917,4514.006103515625,51.447210776876595,6.7536711666898555,8.61875712852332,4513.005859375
2016-01-14,4513.005859375,4526.333954969919,4456.296148015968,4492.608702417175,36253200.0,4525.810408389979,4514.7560546875,4536.387141927084,4511.2103515625,49.27450313376711,5.024290867911077,7.899863876400873,4523.7998046875
2016-01-15,4523.7998046875,4541.924098475707,4515.955872044517,4518.804882126796,2249218200.0,4525.408287649483,4510.29375,4538.60673828125,4509.99091796875,50.29142200549391,4.473161873934259,7.2145234759075505,4481.1015625
2016-01-18,4481.1015625,4503.687597957881,4471.069237917159,4491.1470701637645,21081300.0,4516.546942619587,4513.45224609375,4536.187337239583,4511.15146484375,46.33431990273941,0.5842618679816951,5.88847115432238,4491.5615234375
2016-01-19,4491.5615234375,4499.399596445884,4464.553788410669,4486.412798596449,23042100.0,4511.54985878317,4509.29423828125,4534.12626953125,4508.953824869792,47.42566445048945,-1.6348425276273701,4.38380841793243,4427.8125
2016-01-20,4427.8125,4490.943343260907,4427.8125,4476.973672220296,26395500.0,4494.802387026536,4487.45625,4525.501920572917,4505.02470703125,41.84101844510379,-8.440218581565205,1.8190030180329033,4413.9541015625
2016-01-21,4413.9541015625,4462.854052915587,4408.632531435419,4447.577792289293,24323700.0,4478.632729933729,4467.6458984375,4515.1533203125,4500.916341145833,40.718488175551116,-14.78139435580033,-1.5010764567337433,4456.57080078125
2016-01-22,4456.57080078125,4456.57080078125,4420.884200542508,4446.248936628682,27603800.0,4474.220344103233,4454.20009765625,4506.06943359375,4499.192805989584,45.55574680513996,-16.181480345448108,-4.437157234476617,4505.61279296875
2016-01-25,4505.61279296875,4519.420361247611,4465.033317044702,4483.431527035004,28197300.0,4480.498833876337,4459.10234375,4504.72744140625,4498.672705078125,50.55573459872941,-13.18182776573667,-6.186091340728628,4510.29248046875
2016-01-26,4510.29248046875,4517.1926029198,4483.112872744425,4489.5183855122805,22989000.0,4486.45756319482,4462.84853515625,4501.570638020833,4500.215511067709,51.01799520849428,-10.308143946695964,-7.010501861922095,4583.44921875
2016-01-27,4583.44921875,4583.44921875,4526.039347814081,4526.039347814081,36625500.0,4505.855894305856,4493.97587890625,4499.880436197916,4504.129296875,57.679123224325835,-2.1033453771851782,-6.029070564974712,4602.650390625
2016-01-28,4602.650390625,4608.219022063362,4579.324147894941,4582.538866824373,31734400.0,4525.214793569685,4531.71513671875,4504.705696614584,4511.105940755208,59.24566895384806,5.880602772740531,-3.6471358974316637,4614.9833984375
2016-01-29,4614.9833984375,4618.63706477328,4568.261096508177,4611.758426347719,35913800.0,4543.1685145432475,4563.39765625,4509.29716796875,4519.138037109375,60.26310770496255,13.052647071568572,-0.3071793036316164,4624.45458984375
2016-02-01,4624.45458984375,4625.248015961912,4559.70857729058,4619.97185434169,26818600.0,4559.425729603348,4587.166015625,4519.906868489584,4526.319840494792,61.06695429810994,19.278558619336764,3.60996828096206,4587.25634765625
2016-02-02,4587.25634765625,4617.793243933319,4586.120161451192,4598.763711850839,30581900.0,4564.991853213929,4602.5587890625,4524.900520833334,4529.785758463541,56.25376075288285,20.969329730187383,7.081840570807125,4595.92919921875
2016-02-03,4595.92919921875,4595.92919921875,4544.963407566437,4552.949913420482,23645400.0,4571.179322414893,4605.05478515625,4528.828971354166,4531.123844401041,57.10270879986598,22.746892637062956,10.214850984058291,4665.6357421875
2016-02-04,4665.6357421875,4668.92955961116,4606.865074853732,4606.865074853732,32515500.0,4590.070606369415,4617.65185546875,4539.004296875,4537.695719401042,63.27198436212198,29.440982186828478,14.06007722461233,4798.7587890625
2016-02-05,4798.7587890625,4798.7587890625,4673.805650780264,4674.4237907533225,37635400.0,4631.808242908032,4654.40693359375,4557.334895833334,4547.970817057291,71.65566848353647,44.96963178779242,20.24198813724835,4768.439453125
2016-02-09,4768.439453125,4779.619193886369,4736.384548083961,4773.581342890383,22997900.0,4659.134484951426,4683.20390625,4576.490755208333,4556.339046223959,67.8565707227313,54.20484177885737,27.034558865570155,4732.29833984375
2016-02-10,4732.29833984375,4782.753403232439,4725.8234947210685,4748.350936412516,28910100.0,4673.767255929891,4712.2123046875,4592.539876302083,4563.333072916666,63.5325037416802,57.93963439581603,33.215573971619335,4775.67431640625
2016-02-11,4775.67431640625,4785.988857066834,4723.811585309136,4723.811585309136,36960300.0,4694.148668025163,4748.161328125,4615.7306640625,4570.616292317708,66.30752221240603,63.665665096186785,39.30559219653283,4714.2099609375
2016-02-12,4714.2099609375,4771.155503011808,4710.355130194917,4757.52419653031,26882200.0,4698.16092660763,4757.876171875,4635.747721354167,4575.450520833333,59.40878856976584,62.523197372802315,43.949113231786725,4740.54150390625
2016-02-15,4740.54150390625,4761.518714514124,4729.641049403054,4749.598280192018,32930700.0,4706.637042067355,4746.23271484375,4654.6791015625,4580.374267578125,61.26794028115013,63.01610845457799,47.76251227634498,4744.8193359375
2016-02-16,4744.8193359375,4769.820316541003,4726.407942753434,4745.807578745513,37203200.0,4714.273500841384,4741.50869140625,4670.626204427083,4587.676822916666,61.575847040719445,63.02541161852423,50.815092144780834,4765.3212890625
2016-02-17,4765.3212890625,4774.272112420118,4737.232539001568,4738.2334765906535,43118200.0,4724.483058485607,4748.11328125,4687.628125,4594.599381510417,63.09026499283701,63.94994555331323,53.442062826487316,4778.6083984375
2016-02-18,4778.6083984375,4803.422376350684,4760.051990051389,4783.858194595045,47306600.0,4735.308126475986,4748.70009765625,4700.638736979166,4600.259586588541,64.0784017511429,65.00546154292533,55.75474256977492,4697.376953125
2016-02-19,4697.376953125,4758.991250595938,4679.960639831751,4744.060191989054,34015700.0,4727.721891805789,4745.33349609375,4706.953841145833,4605.829768880209,54.476379302966365,58.611628443841255,56.32611974458819,4708.43701171875
2016-02-22,4708.43701171875,4715.436739507731,4682.199750804361,4701.226354632557,26863900.0,4723.864915788381,4738.91259765625,4713.18408203125,4611.240625,55.455118065654,53.816560137862325,55.82420782324302,4653.873046875
2016-02-23,4653.873046875,4722.199000563579,4628.72558824164,4715.018615998066,35293100.0,4709.866542005705,4720.72333984375,4715.1453125,4617.526090494792,49.770101963133364,45.09376515119311,53.67811928883304,4657.541015625
2016-02-24,4657.541015625,4673.638045790392,4627.464060450645,4643.643606937862,26851200.0,4699.401436729564,4699.16728515625,4719.83095703125,4622.365738932292,50.140139273694466,38.03837894908884,50.5501712208842,4658.14208984375
2016-02-25,4658.14208984375,4686.382690802517,4652.680876445804,4681.809138196477,31829200.0,4691.149567352401,4675.0740234375,4723.978483072917,4626.403727213542,50.20487696182506,32.12511785720926,46.86516054814922,4732.96435546875
2016-02-26,4732.96435546875,4736.342153433046,4691.241861417417,4695.633779990538,27831900.0,4699.512524975671,4682.19150390625,4728.467057291667,4633.735677083333,57.58716324868963,33.0948505233182,44.11109854318302,4770.7705078125
2016-02-29,4770.7705078125,4774.331404476813,4722.80948250849,4738.109668697015,26304100.0,4713.764121543037,4694.658203125,4726.601171875,4641.968033854167,60.75325857261209,36.493338690587734,42.58754657266397,4779.79931640625
2016-03-01,4779.79931640625,4781.073192736936,4758.697108228436,4760.051059575693,32028500.0,4726.97116051568,4719.84345703125,4727.35849609375,4651.924625651041,61.49256403826196,39.46034020586376,41.96210529930393,4836.00732421875
2016-03-02,4836.00732421875,4840.558416377604,4808.059682969887,4808.675381630151,34594900.0,4748.778393256294,4755.53671875,4734.272428385417,4663.40615234375,65.81040550382548,45.81905323898991,42.73349488724112,4843.85009765625
2016-03-03,4843.85009765625,4868.064973315199,4812.670161682043,4848.716607026188,38870000.0,4767.792734136286,4792.6783203125,4738.81748046875,4677.274072265625,66.37692605160862,50.904430809941005,44.367682071781104,4850.69384765625
2016-03-04,4850.69384765625,4860.449815256584,4802.187924765124,4844.298100716818,45127100.0,4784.372956840279,4816.22421875,4747.91640625,4691.832063802083,66.89246059647674,54.85453368393519,46.465052394211924,4831.38720703125
2016-03-07,4831.38720703125,4870.086384847961,4821.273342747127,4860.01890547776,45624500.0,4793.775806878473,4828.34755859375,4753.972786458334,4704.325944010417,63.91516778502021,55.7840898608938,48.328859887548305,4810.85498046875
2016-03-08,4810.85498046875,4842.478751162164,4775.886124964618,4830.862991762518,40452100.0,4797.191641596529,4834.55869140625,4758.375162760417,4714.50068359375,60.815109298146425,54.23876007590752,49.510839925220154,4793.01611328125
2016-03-10,4793.01611328125,4798.196575214847,4761.195089234467,4791.497129579514,33233700.0,4796.356535933473,4825.96044921875,4760.221484375,4723.9248046875,58.175021241957204,50.986882547632376,49.8060484497026,4813.59130859375
2016-03-11,4813.59130859375,4813.59130859375,4776.812956035463,4784.051443611655,31534700.0,4799.803490465529,4819.90869140625,4762.553678385417,4731.596207682292,60.3149309022529,49.49939428063499,49.74471761588908,4877.3408203125
2016-03-14,4877.3408203125,4878.005833476967,4835.084653421462,4838.841343059792,44561400.0,4815.310956434923,4825.2380859375,4774.55126953125,4740.752555338541,66.10191688039725,52.85531871817875,50.36683783634702,4849.591796875
2016-03-15,4849.591796875,4884.07971086238,4843.73216191503,4880.684823613261,44545000.0,4822.167124522939,4828.87900390625,4783.961588541667,4748.572835286458,61.872518379504,52.6686671204634,50.8272036931703,4861.251953125
2016-03-16,4861.251953125,4861.251953125,4837.394970328835,4848.41846760865,42292200.0,4829.984090243352,4838.9583984375,4797.786848958333,4756.466080729167,62.94539094170666,52.85237229751874,51.23223741403999,4885.498046875
2016-03-17,4885.498046875,4900.222572062078,4869.621710999978,4882.983984462019,49838900.0,4841.086881569681,4857.45478515625,4812.983984375,4766.407470703125,65.14191343840983,54.32815594281874,51.851421119795745,4885.51806640625
2016-03-18,4885.51806640625,4908.06894747528,4858.396073992478,4889.7058918713055,51103000.0,4849.973118536995,4871.84013671875,4828.1423828125,4776.060432942709,65.14375069951387,54.866869405956095,52.45451077702782,4884.97314453125
2016-03-21,4884.97314453125,4905.123239945484,4865.052044119301,4871.056693454256,37618600.0,4856.9731237358465,4873.3666015625,4838.276302083334,4783.3716796875,65.0432579694668,54.62020533826035,52.887649689274326,4855.91796875
2016-03-22,4855.91796875,4886.23368356521,4833.516008476253,4870.705479241286,36051400.0,4856.762092738678,4874.6318359375,4843.952799479167,4785.276985677084,59.75055214389756,51.486705731866095,52.607460897792684,4853.98681640625
2016-03-23,4853.98681640625,4853.98681640625,4822.148212127454,4849.981112972572,42812300.0,4856.2070374721925,4873.17880859375,4848.8986328125,4788.128564453125,59.40455467189555,48.29088954864346,51.74414662796284,4826.8994140625
2016-03-24,4826.8994140625,4849.706633589096,4817.533078677287,4836.435176460102,34571400.0,4850.345512790254,4861.45908203125,4848.291438802084,4791.28193359375,54.62631010109419,43.07590301244545,50.01049790485936,4773.4404296875
2016-03-28,4773.4404296875,4813.730855758745,4757.614872962649,4809.000082615863,29163800.0,4834.964496169703,4839.0435546875,4843.5974609375,4791.207470703125,46.65099940429379,34.23465950246191,46.85533022437987,4781.111328125
2016-03-29,4781.111328125,4786.027152975121,4759.898284179994,4767.3472138495845,33131800.0,4824.193862560763,4818.27119140625,4838.958626302084,4793.437516276042,47.82804442236619,27.52954426882843,42.990173033269585,4816.46728515625
2016-03-30,4816.46728515625,4832.930023185443,4792.070285687001,4796.967067716682,38235200.0,4822.64854707986,4810.3810546875,4837.96396484375,4795.968375651041,52.97763072819579,24.782940082362984,39.34872644308827,4845.18212890625
2016-03-31,4845.18212890625,4845.18212890625,4808.076642447461,4826.915751461553,50891800.0,4827.155263445138,4808.6201171875,4840.25244140625,4799.313802083333,56.71448655270398,24.639258354135563,36.40683282529773,4842.9970703125
2016-04-01,4842.9970703125,4844.169876114273,4819.745047876176,4843.205070009234,30942800.0,4830.32362481861,4811.8396484375,4843.584505208333,4801.902994791667,56.34752715921398,24.07159126210081,33.93978451265835,4849.98681640625
2016-04-04,4849.98681640625,4864.7474717713885,4838.790475293552,4839.958398539008,37038800.0,4834.256263136139,4827.14892578125,4846.010872395834,4804.282275390625,57.299318623813846,23.910104297050566,31.933848469536795,4857.8828125
2016-04-05,4857.8828125,4883.493144418925,4842.973724473912,4848.658561935439,33922100.0,4838.981573008911,4842.50322265625,4844.713671875,4809.632470703125,58.40270657408486,24.14098337980795,30.375275451591026,4868.04052734375
2016-04-06,4868.04052734375,4878.810127746515,4861.389907264589,4862.87178318708,47514100.0,4844.79336387588,4852.81787109375,4845.943587239583,4814.952587890625,59.84036899491736,24.857062667169885,29.271632894706798,4867.095703125
2016-04-07,4867.095703125,4900.275075670711,4858.310888826468,4884.644824707805,49260900.0,4849.253831725704,4857.2005859375,4846.333170572917,4822.060009765625,59.63391426011976,25.05945148549108,28.429196612863656,4846.51513671875
2016-04-08,4846.51513671875,4862.615583183689,4829.256532285204,4839.464142104644,42326600.0,4848.706092724314,4857.90419921875,4843.734309895834,4828.359147135417,55.1689661192169,23.29068584367269,27.401494459025464,4786.78759765625
2016-04-11,4786.78759765625,4843.441151795188,4766.629203466937,4833.166649810842,33211700.0,4836.322393710701,4845.26435546875,4837.152278645834,4832.647330729166,44.707247865215884,16.87488986468452,25.296173540157277,4829.38525390625
2016-04-12,4829.38525390625,4829.38525390625,4776.795992398073,4788.235488511373,37252800.0,4834.934965749811,4839.56484375,4833.446419270834,4835.861360677083,51.736692609831046,15.054066278699793,23.24775208786578,4852.81591796875
2016-04-13,4852.81591796875,4856.40269236507,4831.386088366999,4846.789297171885,67431700.0,4838.511156193599,4836.519921875,4833.239615885416,4838.596207682292,55.11672548608561,15.325051584937682,21.66321198728016,4814.65869140625
2016-04-14,4814.65869140625,4873.23844135163,4814.65869140625,4872.03633972826,44628800.0,4833.740663236129,4826.03251953125,4830.617740885416,4839.758186848959,49.08762216575262,12.318836226321764,19.794336835088483,4823.38037109375
2016-04-15,4823.38037109375,4838.828012782721,4792.952842970186,4834.712938373636,36074500.0,4831.6686048076535,4821.40556640625,4830.383138020833,4839.337288411459,50.42256116606237,10.518900222689808,17.93924951260875,4865.34521484375
2016-04-18,4865.34521484375,4865.34521484375,4800.077730232323,4812.3912168333245,3041610200.0,4838.403926814873,4837.11708984375,4836.510123697916,4840.053792317708,56.35270870205917,12.336443308474372,16.818688271781873,4881.740234375
2016-04-19,4881.740234375,4886.308904270955,4864.701834814325,4875.308355723786,44507100.0,4847.071188326899,4847.5880859375,4843.218717447917,4841.088671875,58.444053317933815,14.927722858991729,16.440495189223846,4876.40625
2016-04-20,4876.40625,4882.948963904071,4857.5329616979125,4876.063978175615,44144900.0,4852.93820066152,4852.30615234375,4847.2146484375,4842.589306640625,57.47910776757754,16.362308108155958,16.42485777301027,4902.89892578125
2016-04-21,4902.89892578125,4906.637061468944,4884.652565978594,4884.731664461014,38051900.0,4862.930345685466,4869.95419921875,4851.062434895834,4845.657438151042,60.92951277501933,19.413181706339856,17.022522559676187,4914.54541015625
2016-04-22,4914.54541015625,4917.397349863323,4883.69163134617,4898.535291513049,39258200.0,4873.253358579623,4888.18720703125,4855.83232421875,4849.708414713542,62.3749476419134,22.511298729630653,18.120277793667082,4878.671875
2016-04-25,4878.671875,4920.211273370972,4863.145624015016,4920.211273370972,42334500.0,4874.337061863698,4890.8525390625,4857.744661458333,4851.877766927083,55.55701628352122,21.820352866700887,18.860292808273844,4813.9052734375
2016-04-26,4813.9052734375,4866.195228948725,4788.188501659657,4865.960374814965,38074400.0,4862.250704178458,4877.285546875,4854.812825520833,4849.763248697916,45.81938543309079,15.863782019057908,18.260990650430657,4845.46923828125
2016-04-27,4845.46923828125,4845.46923828125,4803.02167491214,4807.498551103032,47033900.0,4858.894410999017,4871.09814453125,4853.308072916667,4849.625830078125,50.38358763634145,13.5340922881378,17.315610977972085,4848.201171875
2016-04-28,4848.201171875,4876.980811870459,4830.498736850054,4861.760701968716,47575300.0,4856.755763174214,4860.15859375,4852.0484375,4849.190804036459,50.77014396340194,11.77253415557243,16.206995613492154,4838.39453125
2016-04-29,4838.39453125,4839.436482848942,4818.667272368994,4839.177703867012,37300400.0,4853.083516789371,4844.92841796875,4851.507063802083,4847.620686848958,49.28576850380295,9.475939965892394,14.860784483972203,4808.1318359375
2016-05-02,4808.1318359375,4835.334879440842,4770.371585867958,4828.775075989871,31240600.0,4844.093180618997,4830.82041015625,4852.930013020833,4845.041145833334,44.9210403038776,5.154507969379665,12.919529181053697,4812.0771484375
2016-05-03,4812.0771484375,4833.803354873349,4805.843992239104,4818.786848615971,3420718900.0,4837.689974182698,4830.45478515625,4851.776139322917,4842.611279296875,45.59745552355824,2.024755602091318,10.740574465261222,4822.40771484375
2016-05-04,4822.40771484375,4822.40771484375,4765.22487957541,4808.466850628392,37196200.0,4834.633522314909,4825.84248046875,4849.74892578125,4841.494270833334,47.418368163650214,0.3736870435786841,8.667196980924716,4749.13037109375
2016-05-09,4749.13037109375,4812.703095714412,4745.316554470258,4808.334124885195,32668900.0,4817.532892070678,4806.0283203125,4845.38037109375,4837.999055989583,37.76303866912394,-6.769629841791357,5.579831616381502,4762.9296875
2016-05-10,4762.9296875,4766.52818012797,4728.354862537751,4749.337931830422,31662200.0,4806.612251156543,4790.9353515625,4841.350325520833,4835.866731770833,40.23116739163338,-11.188298687190581,2.2262055556670854,4799.77685546875
2016-05-11,4799.77685546875,4811.411656053081,4770.181328899501,4780.951905343739,27307500.0,4805.245172018985,4789.26435546875,4836.9791015625,4836.744612630208,46.34939050676364,-11.583341520838985,-0.5357038596341286,4803.134765625
2016-05-12,4803.134765625,4824.996219129223,4792.021428795376,4795.550099999088,30551600.0,4804.8230907401885,4787.47587890625,4831.738736979167,4837.478727213542,46.88301237103747,-11.492976645611634,-2.7271584168296297,4761.529296875
2016-05-13,4761.529296875,4802.816750488964,4745.724248702294,4801.004809377784,34288500.0,4796.164331967151,4775.3001953125,4824.0802734375,4835.6474609375,41.38989017181521,-14.61015863344619,-5.103758460152942,4731.37744140625
2016-05-16,4731.37744140625,4748.632627659065,4720.059035279297,4745.289008093155,29534000.0,4783.206953854971,4771.749609375,4812.6455078125,4831.853971354167,37.92216126150618,-19.29117391904674,-7.941241551931703,4728.9716796875
2016-05-17,4728.9716796875,4744.963244692808,4717.0761466445,4736.981621795221,34494500.0,4772.359899021478,4764.9580078125,4800.27392578125,4828.053125,37.65110971050119,-22.930706215311147,-10.939134484607592,4734.17236328125
2016-05-18,4734.17236328125,4742.886867280476,4713.532054699937,4721.711911574603,36940600.0,4764.722391873433,4751.837109375,4790.640625,4824.192643229167,38.671609429673445,-25.10600369675467,-13.77250832703701,4704.03369140625
2016-05-19,4704.03369140625,4739.1397467709,4691.388187541311,4733.287923773051,30558600.0,4752.584651779996,4732.01689453125,4783.315852864584,4819.064339192709,35.08747239000397,-28.92841282812242,-16.80368922725409,4711.69482421875
2016-05-20,4711.69482421875,4722.095298942669,4690.375828496932,4698.785169662607,29906000.0,4744.406686267747,4722.05,4774.39755859375,4813.852815755208,36.69364866911898,-30.982364796964248,-19.639424341196122,4743.4775390625
2016-05-23,4743.4775390625,4743.4775390625,4714.493315285933,4714.493315285933,27747200.0,4744.220856826698,4724.47001953125,4767.415983072917,4809.732210286458,42.99534788933052,-29.703137778784367,-21.652167028713773,4710.60205078125
2016-05-24,4710.60205078125,4750.175219566742,4710.60205078125,4737.978916304607,33466000.0,4737.4970956176085,4720.79609375,4758.896484375,4805.201774088541,38.70365825668943,-30.98494316556571,-23.518722256084164,4772.79150390625
2016-05-25,4772.79150390625,4772.79150390625,4733.367743574223,4733.703179752568,36892200.0,4744.555977275337,4728.519921875,4756.540462239584,4804.735237630209,49.06175626748694,-26.675119864147746,-24.150001777696882,4784.37841796875
2016-05-26,4784.37841796875,4784.473629100606,4761.274338234013,4777.380643908473,30609400.0,4752.52046541402,4744.5888671875,4754.693880208333,4803.235009765625,50.7322465405155,-22.070175473560084,-23.734036516869523,4814.54345703125
2016-05-27,4814.54345703125,4814.54345703125,4778.35394844491,4782.26199937281,3112906900.0,4764.925063737466,4765.15859375,4754.169596354167,4801.959261067708,54.880672921404454,-15.804473185652569,-22.148123850626135,4835.8447265625
2016-05-30,4835.8447265625,4844.935192575001,4816.882086723233,4818.866384385431,36790900.0,4779.108996302473,4783.63203125,4759.950553385416,4802.665462239584,57.59595053663117,-9.016092647781988,-19.521717610057305,4796.68212890625
2016-05-31,4796.68212890625,4836.183518524475,4792.014342142632,4833.529325130435,42407700.0,4782.623622823228,4800.848046875,4762.200716145833,4801.775520833334,51.46390906932054,-6.718895257095937,-16.961153139465033,4839.4794921875
2016-06-01,4839.4794921875,4851.552264193326,4800.52104851101,4801.666023450493,27373000.0,4793.994796696083,4814.18564453125,4764.84755859375,4800.913330078125,56.868224339431144,-1.4284934470051667,-13.85462120097306,4833.037109375
2016-06-02,4833.037109375,4860.673729719391,4833.037109375,4836.3167669640125,28193100.0,4801.803259231867,4823.9173828125,4766.841048177083,4799.289892578125,55.8599228471361,2.2187651080175783,-10.639943939174932,4853.73291015625
2016-06-03,4853.73291015625,4861.1105526184165,4838.89462065094,4845.234217588648,2607634700.0,4812.189189416744,4831.7552734375,4772.987955729167,4798.534114583334,58.41097795997549,6.701965860364908,-7.171561979266964,4895.83447265625
2016-06-06,4895.83447265625,4895.83447265625,4860.438876756568,4862.378742709273,31677400.0,4828.918246064645,4843.75322265625,4783.9517578125,4798.2986328125,63.084995531117585,13.496598605249346,-3.0379298623637023,4933.796875
2016-06-07,4933.796875,4933.796875,4907.315971351487,4908.054223887978,42211700.0,4849.893971851716,4871.176171875,4797.606770833333,4798.940348307292,66.71721022962532,21.69456121506937,1.9085683531229125,4915.86962890625
2016-06-08,4915.86962890625,4939.905802399264,4892.437435802666,4927.902363519922,37066100.0,4863.089103262622,4886.45419921875,4809.719921875,4800.1802734375,63.537808588396544,26.440141221381054,6.814882926774541,4876.60400390625
2016-06-09,4876.60400390625,4918.972470862116,4876.60400390625,4912.816460635786,43300300.0,4865.792083391349,4895.167578125,4821.224609375,4802.270231119792,57.11744124080865,26.724575514401295,10.796821444299892,4847.8671875
2016-06-10,4847.8671875,4887.397384935081,4847.8671875,4882.084603740542,77424800.0,4862.207104213079,4893.99443359375,4830.302766927083,4802.350162760416,52.90408954201878,24.35047371710334,13.507551898860584,4807.0390625
2016-06-13,4807.0390625,4837.831809859969,4807.0390625,4837.831809859969,67373300.0,4851.173495870464,4876.2353515625,4834.540201822917,4800.978092447916,47.538583687127215,18.955979730990293,14.597237465286526,4821.40234375
2016-06-14,4821.40234375,4833.209013505484,4792.3487861167205,4797.433549312354,62010100.0,4845.2192654463715,4853.7564453125,4841.926888020834,4800.411686197916,49.47976328146334,15.659290585392228,14.809648089307666,4814.63671875
2016-06-15,4814.63671875,4814.63671875,4788.89943980611,4811.038714338528,53712900.0,4839.102756107097,4833.50986328125,4844.716569010417,4800.628515625,48.56813853449488,12.358253042995784,14.319369080045291,4814.20361328125
2016-06-16,4814.20361328125,4829.26308534995,4801.6850578758285,4819.047174637847,39908400.0,4834.122927541928,4821.02978515625,4846.704915364583,4800.699397786459,48.50652741418461,9.596585551667886,13.37481237436981,4834.955078125
2016-06-17,4834.955078125,4837.841684640618,4806.408336490681,4825.539428590635,42528600.0,4834.289357658543,4818.44736328125,4848.065690104167,4801.117643229167,51.67000097004486,8.9789106607941,12.495632031654669,4863.341796875
2016-06-20,4863.341796875,4863.341796875,4828.400283431587,4849.502490850377,43916600.0,4840.099845501834,4829.70791015625,4849.898828125,4804.924690755209,55.68100459761969,10.65712116611212,12.127929858546159,4878.52392578125
2016-06-21,4878.52392578125,4889.26471853462,4868.037517654868,4873.2492288035855,51514400.0,4847.784661557717,4841.1322265625,4855.354947916667,4808.77783203125,57.702857073391435,13.061619780564797,12.314667842949888,4896.66162109375
2016-06-22,4896.66162109375,4899.008697785398,4876.682417610173,4876.682417610173,57228200.0,4857.560053464924,4857.53720703125,4859.16708984375,4812.00732421875,60.04781065792922,16.24351752586972,13.100437779533856,4874.119140625
2016-06-23,4874.119140625,4899.306147384185,4855.861551330705,4896.60508076808,53476900.0,4860.871870896939,4869.5203125,4861.905891927084,4814.373470052084,55.89981874447129,16.753085493764047,13.830967322379895,4834.380859375
2016-06-24,4834.380859375,4884.6049805936655,4754.172064287601,4877.856219586458,57226600.0,4855.573668592551,4869.40546875,4860.615755208333,4816.80185546875,49.419041401267194,13.79139596155801,13.823053050215517,4835.86328125
2016-06-27,4835.86328125,4846.229088182766,4795.775976455183,4803.8586692467525,38717800.0,4851.631591124041,4863.909765625,4856.61767578125,4820.284716796875,49.6535361346428,11.43207290542523,13.344857021257459,4881.98095703125
2016-06-28,4881.98095703125,4890.414710933593,4835.244005877069,4835.940756112618,47765500.0,4857.701464305483,4864.601171875,4853.16328125,4825.385026041667,56.422047180483666,13.132223303761748,13.302330277758317,4979.9111328125
2016-06-29,4979.9111328125,4979.9111328125,4905.787065035536,4905.787065035536,40998400.0,4882.143398006886,4881.25107421875,4857.43271484375,4833.576318359375,66.66920901211296,22.126688797216048,15.067201981649864,5016.4521484375
2016-06-30,5016.4521484375,5033.046718797039,4996.200981808135,4999.683756703671,54961500.0,4909.005148093009,4909.71767578125,4866.755924479166,4843.990266927083,69.54673585410333,31.83643151234719,18.421047887789328,4971.3876953125
2016-07-01,4971.3876953125,5039.490026978724,4971.3876953125,5027.421648715372,40459000.0,4921.481657536907,4937.11904296875,4874.990625,4852.646695963542,62.39277972605732,35.486086307538244,21.83405557173911,5068.82177734375
2016-07-11,5068.82177734375,5080.105517896826,5018.200700512046,5021.047757680587,42889500.0,4950.949681498276,4983.7107421875,4892.442805989584,4863.49150390625,69.65970637692783,45.71362197797225,26.609968852985737,5099.3349609375
2016-07-12,5099.3349609375,5119.928886888752,5075.362748352062,5091.967083309249,58326000.0,4980.626737386121,5027.18154296875,4910.971647135417,4876.449267578125,71.51598055744888,55.639795659119045,32.4159342142124,5133.7333984375
2016-07-13,5133.7333984375,5133.7333984375,5090.389869697561,5112.786947649029,58783300.0,5011.248069596397,5057.94599609375,4932.244759114584,4888.4806640625,73.48542144504844,65.5266755157545,39.03808247452082,5083.34130859375
2016-07-14,5083.34130859375,5130.83116034582,5080.831152338469,5125.485665173126,52550300.0,5025.666717395868,5071.323828125,4950.187272135417,4898.44609375,66.25792563073952,68.5061819057446,44.93170236076558,5109.97900390625
2016-07-15,5109.97900390625,5130.138862480881,5090.050581621294,5090.050581621294,49941000.0,5042.529174697945,5099.04208984375,4968.522200520833,4908.2939453125,68.04695656535884,72.18480013473163,50.38232191555879,5127.3017578125
2016-07-18,5127.3017578125,5131.505696033079,5092.955924333963,5107.717557809314,49213200.0,5059.483691320856,5110.7380859375,4986.11953125,4918.0091796875,69.19096477882512,75.62616173532297,55.43108987951163,5172.62841796875
2016-07-19,5172.62841796875,5193.695467742234,5132.701751894003,5132.701751894003,52188500.0,5082.112636650435,5125.39677734375,5005.726497395834,4930.54072265625,72.01437150404914,81.0763505603827,60.560142015685855,5242.619140625
2016-07-20,5242.619140625,5242.619140625,5185.392364626992,5185.392364626992,51072100.0,5114.213937445348,5147.17392578125,5028.79033203125,4943.9787109375,75.71521744479878,90.00580001629442,66.44927361580757,5216.77001953125
2016-07-21,5216.77001953125,5268.662041984045,5213.785760729121,5246.095537841898,63172100.0,5134.725153862529,5173.85966796875,5051.633723958334,4956.769807942708,71.93186128692155,93.91406215215011,71.94223132307609,5197.048828125
2016-07-22,5197.048828125,5215.32790228422,5179.421584080441,5214.966099950914,40604200.0,5147.189888715024,5191.2736328125,5075.811588541666,4968.213671875,69.09515921828708,94.33264471447728,76.42031400135633,5220.5986328125
2016-07-25,5220.5986328125,5226.903563279163,5197.602945506034,5201.245870172012,37450800.0,5161.871637534519,5209.9330078125,5101.460611979167,4979.039143880208,70.58683039908215,95.46419501941273,80.2290902049676,5224.19140625
2016-07-26,5224.19140625,5231.296109812356,5200.420360072191,5218.062738865306,50637700.0,5174.335591277616,5220.24560546875,5124.274641927083,4988.718961588542,70.8182420626085,95.54942923602175,83.29315801117843,5274.15576171875
2016-07-27,5274.15576171875,5301.724025703099,5245.199856378383,5245.199856378383,49296300.0,5194.299625365844,5226.5529296875,5143.890950520833,5000.661832682292,73.89429613858512,98.51308634641555,86.33714367822586,5299.0068359375
2016-07-28,5299.0068359375,5299.0068359375,5255.261466686854,5278.291821139323,55657300.0,5215.241067480176,5243.00029296875,5162.7279296875,5014.741927083333,75.289487651543,101.69480554327492,89.40867605123567,5215.791015625
2016-07-29,5215.791015625,5333.913368565125,5215.791015625,5300.692494357964,68556100.0,5215.351057109141,5246.74873046875,5179.021484375,5027.0060546875,63.12379277936032,96.39039126467924,90.80501909392439,5361.36767578125
2016-08-01,5361.36767578125,5368.043197429545,5279.380629767852,5280.0046289388965,62344100.0,5244.554380843563,5274.9025390625,5198.524544270834,5045.483675130208,71.72980439038449,102.7489980814953,93.19381489143856,5373.11376953125
2016-08-02,5373.11376953125,5386.353976013575,5356.21940863237,5356.696929078574,63205300.0,5270.266258581101,5304.68701171875,5216.77646484375,5063.874055989583,72.29169533084902,107.4968941136849,96.05443073588783,5351.669921875
2016-08-03,5351.669921875,5383.28783358029,5331.118962833743,5367.375366125917,59763500.0,5286.546991239881,5320.18984375,5231.30556640625,5081.775162760417,69.57301602871695,108.28109952115665,98.49976449294161,5373.6533203125
2016-08-04,5373.6533203125,5389.398800281276,5357.406395047025,5364.799661534473,56277200.0,5303.9682570544055,5335.119140625,5250.659700520833,5100.423486328125,70.78595263118086,109.41519423688351,100.68285044172998,5420.03515625
2016-08-05,5420.03515625,5427.306845905865,5377.209674499117,5379.902440795504,57902200.0,5327.181636893525,5375.96796875,5271.330110677083,5119.926155598959,73.21229709635529,112.75680869878488,103.09764209314096,5458.7666015625
2016-08-08,5458.7666015625,5458.7666015625,5427.05689789715,5434.99457732077,61349000.0,5353.498629827321,5395.44775390625,5293.427766927083,5139.773649088542,75.07401353872714,117.17959277564478,105.91403222964172,5440.0810546875
2016-08-09,5440.0810546875,5476.006901318258,5428.46676101939,5459.681365391621,69806100.0,5370.815114799358,5408.8412109375,5311.257942708334,5158.492220052083,72.45770227187805,117.81877208485821,108.29498020068503,5423.73828125
2016-08-10,5423.73828125,5456.911795768643,5405.680878061355,5439.546260203454,88003800.0,5381.399748089487,5423.2548828125,5323.332552083333,5176.061442057292,70.15487038647936,115.67319249922912,109.77062266039385,5418.876953125
2016-08-11,5418.876953125,5455.587438179607,5397.101921842843,5437.880119649689,88527100.0,5388.89518909659,5432.299609375,5336.80634765625,5194.220035807291,69.44782034037888,112.28617157744793,110.27373244380468,5376.986328125
2016-08-12,5376.986328125,5448.85169250979,5366.131770520076,5432.620391243069,46370500.0,5386.513416902272,5423.68984375,5348.802180989584,5212.306884765625,63.50807450536517,105.01120593699397,109.22122714244254,5320.353515625
2016-08-15,5320.353515625,5396.738719826173,5296.38521222356,5389.808814344769,56913800.0,5373.281436646818,5396.0072265625,5355.452506510416,5228.456559244792,56.47563020157936,93.59702039604508,106.09638579316305,5371.63671875
2016-08-16,5371.63671875,5377.212184922549,5338.432935441655,5341.725775783862,43406600.0,5372.952493067455,5382.318359375,5365.282194010417,5244.77841796875,60.71759553578868,87.6786174962026,102.41283213377096,5461.23779296875
2016-08-18,5461.23779296875,5461.23779296875,5385.912597569813,5387.556576599763,51925600.0,5390.609553047714,5389.81826171875,5377.754329427084,5260.822639973959,66.80497506290745,89.19016966339132,99.76829963969504,5415.82470703125
2016-08-19,5415.82470703125,5470.766419751245,5415.82470703125,5467.800714680716,46129700.0,5395.652583844422,5389.2078125,5385.5421875,5274.13505859375,61.59505958805435,85.73532567784514,96.96170484732508,5426.9638671875
2016-08-22,5426.9638671875,5434.980645431762,5398.585087413275,5425.685108297085,64659600.0,5401.914840513038,5399.2033203125,5399.620377604167,5289.320930989584,62.370251624682176,82.94009230359461,94.157382338579,5416.9296875
2016-08-23,5416.9296875,5438.288720976883,5350.858035651975,5433.824050680561,59172200.0,5404.917809910431,5418.5185546875,5403.32451171875,5300.924527994792,61.17243027179561,79.00446102615024,91.12679807609325,5403.78173828125
2016-08-24,5403.78173828125,5418.238206526933,5385.033444992351,5406.59461701549,55692400.0,5404.690595584595,5424.94755859375,5405.36904296875,5311.07275390625,59.558375653769275,73.97181423547681,87.69580130796996,5453.904296875
2016-08-25,5453.904296875,5453.904296875,5412.317533842337,5413.780855890509,48041800.0,5414.533335842676,5423.480859375,5412.18466796875,5321.7451171875,63.510990226353336,73.18425445270623,84.7934919369172,5438.619140625
2016-08-26,5438.619140625,5456.425575709179,5419.531017200149,5453.855363356684,63101200.0,5419.350496799141,5428.03974609375,5416.51572265625,5333.587711588541,61.535817037950785,70.51388313341067,81.9375701762159,5370.5546875
2016-08-29,5370.5546875,5426.007602744231,5347.842194469888,5424.934402415745,54184900.0,5409.591334939314,5416.75791015625,5413.217024739583,5342.273567708334,53.54949469761126,62.18849187175874,77.98775451532448,5362.107421875
2016-08-30,5362.107421875,5388.428664044903,5336.503436972063,5368.3571788642175,56546900.0,5400.094552326451,5405.79345703125,5406.773079427084,5350.100423177083,52.636462624485084,54.28319272092813,73.24684215644521,5385.87255859375
2016-08-31,5385.87255859375,5398.950174966223,5353.082818259602,5354.914778259211,49524600.0,5397.250153579911,5402.21162109375,5403.1591796875,5357.208561197916,54.96299452974044,49.36676477438414,68.470826680033,5334.33935546875
2016-09-01,5334.33935546875,5376.433909288507,5319.877027465534,5368.3072723106025,47156400.0,5384.667993957679,5378.2986328125,5397.199251302083,5360.265901692708,49.30704691173043,40.84136753251187,62.944934850528774,5353.2529296875
2016-09-02,5353.2529296875,5359.700921329649,5322.835166297937,5323.366395656309,46566900.0,5378.384981103643,5361.225390625,5392.82431640625,5364.81533203125,51.28829770341893,35.20527171051708,57.39700222252644,5356.74560546875
2016-09-05,5356.74560546875,5396.706940712384,5347.384641692653,5378.415660460966,49406800.0,5374.057105976665,5358.46357421875,5391.474934895833,5370.138557942709,51.663989757367645,30.666945454064262,52.050990868834006,5371.88671875
2016-09-06,5371.88671875,5372.998491803502,5342.34978458289,5362.835802152392,41155400.0,5373.623028531333,5360.41943359375,5394.910481770833,5375.181494140625,53.34391970375498,27.969633971253643,47.23471948931793,5381.14453125
2016-09-07,5381.14453125,5392.876984695196,5357.313427677103,5382.00729063398,37206200.0,5375.127329075067,5359.473828125,5395.5443359375,5380.413264973959,54.38776697832178,26.276128433767553,43.04300127820786,5370.86865234375
2016-09-08,5370.86865234375,5383.326174292532,5364.40064288794,5382.853048213972,41376500.0,5374.275593728804,5366.7796875,5389.5197265625,5383.637027994791,52.97111520809119,23.83013656505409,39.20042833557711,5281.7109375
2016-09-09,5281.7109375,5358.297793377161,5281.7109375,5355.133854311495,43296700.0,5355.762662483044,5352.4712890625,5380.57880859375,5383.060498046875,42.60248382523229,14.529896320660555,34.2663219325938,5215.36376953125
2016-09-13,5215.36376953125,5268.333874450702,5211.663230063991,5265.90379331486,43786000.0,5327.682883892685,5324.194921875,5366.472135416667,5383.046256510416,36.82575337317463,1.785148868764736,27.770087319827987,5145.837890625
2016-09-14,5145.837890625,5189.156029581107,5127.968468635171,5188.196105988779,50757500.0,5291.313885239148,5278.98515625,5348.399348958334,5375.861930338541,31.938445100650924,-13.766619661495497,19.46274592356329,5265.61376953125
2016-09-15,5265.61376953125,5270.283509535424,5158.526143362752,5160.547060748498,45898400.0,5286.173862097568,5255.87900390625,5339.188151041667,5372.278597005208,45.38565998951259,-16.239398173749578,12.322317104100717,5267.56396484375
2016-09-16,5267.56396484375,5304.883312698764,5252.050408665171,5287.216031775788,47385800.0,5282.451882646805,5235.21806640625,5326.765462239583,5369.475065104167,45.574210901849106,-17.83612475330665,6.290628732619243,5321.63330078125
2016-09-19,5321.63330078125,5331.766206425197,5285.930103200064,5288.91582661416,33639200.0,5290.288166273694,5243.2025390625,5318.96640625,5367.741064453125,50.66021612737216,-14.570637300642375,2.1183755259669197,5302.287109375
2016-09-20,5302.287109375,5336.04361004766,5298.0719411513965,5323.091964930167,54051100.0,5292.687954893955,5260.58720703125,5314.415234375,5363.816129557292,48.899436322646345,-13.389445735656409,-0.9831887263577459,5342.3837890625
2016-09-21,5342.3837890625,5347.791781625184,5274.979675186914,5295.676623249357,46464800.0,5302.627121727664,5299.89638671875,5313.100325520833,5359.936702473959,52.57829251766913,-9.112828942026681,-2.609116769491533,5380.052734375
2016-09-22,5380.052734375,5411.401123198715,5368.352018068048,5382.111247976657,47353800.0,5318.112244257131,5322.7841796875,5312.712337239584,5357.935758463542,55.7978089852165,-2.6534232361400427,-2.617978062821235,5388.69873046875
2016-09-23,5388.69873046875,5388.69873046875,5355.716614131413,5375.502954360195,43903000.0,5332.229541499455,5347.0111328125,5316.336295572916,5356.7677734375,56.52734359478678,3.1273122416041588,-1.4689200019361563,5351.93115234375
2016-09-26,5351.93115234375,5375.669975805911,5336.810646266368,5374.951253739718,37701800.0,5336.169863668314,5353.070703125,5316.248177083334,5354.536246744791,52.55496590672997,4.687713437938328,-0.2375933139612596,5419.39306640625
2016-09-27,5419.39306640625,5419.39306640625,5295.452089744499,5336.338193658768,50958300.0,5352.814504215901,5376.49189453125,5320.424674479166,5355.9498046875,58.3398083962343,11.238405942183817,2.057606537267756,5425.1259765625
2016-09-28,5425.1259765625,5432.772651903889,5382.0265781167,5390.551637273883,67191800.0,5367.276798685221,5393.04033203125,5323.973958333333,5359.442220052083,58.79953962361812,16.69996804837683,4.986078839489571,5431.7451171875
2016-09-29,5431.7451171875,5474.093562661822,5431.7451171875,5442.611880731671,69425300.0,5380.170462385678,5403.37880859375,5327.347330729167,5361.445833333333,59.35720979073868,21.316679286295766,8.25219892885081,5364.59521484375
2016-09-30,5364.59521484375,5437.753985947996,5364.59521484375,5412.172951238525,53630200.0,5377.055412877293,5398.55810546875,5326.9291015625,5358.2244140625,51.71037831054989,19.334148253981766,10.468588793877002,5463.70263671875
2016-10-03,5463.70263671875,5463.70263671875,5403.649795501636,5403.649795501636,53888800.0,5394.384857645584,5420.91240234375,5339.061881510416,5359.820345052083,59.91777366879771,25.466556190157462,13.468182273133095,5472.103515625
2016-10-04,5472.103515625,5482.628007577285,5460.496058089317,5475.419304298067,53748000.0,5409.928589241467,5431.4544921875,5356.177864583334,5361.325,60.53015258242875,30.651087720249052,16.904763362556288,5420.43701171875
2016-10-05,5420.43701171875,5459.952563806089,5399.0120642253005,5457.785655944285,65033700.0,5412.030273736924,5430.51669921875,5374.48447265625,5361.441910807292,54.96794809098605,30.242198006630133,19.57225029137106,5409.1337890625
2016-10-06,5409.1337890625,5447.045888262889,5389.876237520747,5428.241932354671,71799300.0,5411.45097680204,5425.99443359375,5384.052473958333,5361.6203125,53.80312341636035,28.675520805357337,21.392904394168315,5376.939453125
2016-10-07,5376.939453125,5408.986056228756,5363.2612750564895,5403.624448697868,59414300.0,5404.548672066632,5428.46328125,5391.344173177084,5359.054817708334,50.519367891254035,24.553071461136824,22.02493780756202,5360.61962890625
2016-10-10,5360.61962890625,5396.937064031135,5352.60871001441,5370.794037869995,64774600.0,5395.7628634345565,5407.8466796875,5393.94326171875,5356.454833984375,48.890417847276034,19.74155882971081,21.568262011991777,5381.78759765625
2016-10-11,5381.78759765625,5385.548193471939,5344.863741856473,5372.477901419201,84864400.0,5392.967810278895,5389.78349609375,5399.243294270834,5356.829264322917,51.093180337309974,17.435493063441754,20.741708222281773,5364.40185546875
2016-10-12,5364.40185546875,5380.351429423672,5350.183659375953,5364.143076487666,55480600.0,5387.254619316866,5378.57646484375,5400.711165364583,5356.905745442708,49.21698072122143,14.043154490142115,19.40199747585384,5340.19189453125
2016-10-13,5340.19189453125,5384.345448127165,5339.275914584928,5368.007705598437,52638100.0,5377.8420743597435,5364.7880859375,5398.053776041666,5355.383056640625,46.64814673940358,9.294024484820511,17.380402877647175,5399.67431640625
2016-10-14,5399.67431640625,5408.559224028306,5331.87227145218,5338.490177585573,55367700.0,5382.208522769045,5369.33505859375,5398.785481770833,5357.560888671875,53.12208553937336,10.212317826977596,15.94678586751326,5410.0927734375
2016-10-17,5410.0927734375,5422.138203315326,5386.011678926987,5390.751240654756,61546400.0,5387.7853729027365,5379.2296875,5402.662923177083,5359.455550130208,54.17104446948285,11.646500717747585,15.086728837560125,5429.83642578125
2016-10-18,5429.83642578125,5446.617022382055,5422.705844055279,5424.457728965768,62742900.0,5396.195583478439,5388.839453125,5403.359147135417,5361.891910807291,56.172498806707054,14.212416836596276,14.911866437367356,5409.07763671875
2016-10-19,5409.07763671875,5445.587934974488,5401.9436369352015,5436.068285821121,116737500.0,5398.771994126502,5397.774609375,5402.2892578125,5363.131608072917,53.52566308686153,14.4048133368442,14.810455817262726,5403.529296875
2016-10-20,5403.529296875,5423.132717980228,5395.136479983476,5409.629213183442,201336300.0,5399.723454676202,5410.44208984375,5400.408203125,5363.877766927083,52.80942013082157,13.948791310051092,14.6381229158204,5409.08251953125
2016-10-21,5409.08251953125,5416.7912749636525,5395.262617469005,5407.0733018593255,79093700.0,5401.595267647212,5412.32373046875,5403.3740234375,5365.1515625,53.48038706170987,13.87554063132393,14.485606458921108,5420.83740234375
2016-10-24,5420.83740234375,5433.179810018519,5411.720485020256,5415.316569857849,81119800.0,5405.443694586519,5414.47265625,5400.516341145833,5369.789111328125,54.940837482622044,14.597736128687757,14.508032392874439,5397.66064453125
2016-10-25,5397.66064453125,5436.0437829928205,5397.66064453125,5425.945938078957,85020700.0,5403.887084575465,5408.0375,5395.553483072917,5375.865673828125,51.50732386774867,13.148344671452833,14.236094848590119,5399.5888671875
2016-10-26,5399.5888671875,5406.4906071940895,5381.614070239315,5387.610063679776,198835200.0,5403.027441097873,5406.13974609375,5394.163606770833,5384.324039713541,51.777336371662116,12.016761209771175,13.79222812082633,5416.8359375
2016-10-27,5416.8359375,5427.52685546875,5403.85888671875,5405.69580078125,333149600.0,5405.789140378299,5408.80107421875,5394.677083333333,5389.364778645833,54.23211001131915,12.369084491674585,13.507599394995982,5410.26904296875
2016-10-28,5410.26904296875,5426.26416015625,5402.42919921875,5414.5087890625,109309200.0,5406.685120896389,5409.03837890625,5396.899055989584,5394.121614583333,53.12325609960124,11.98030818877396,13.202141153751578,5422.5419921875
2016-10-31,5422.5419921875,5429.06787109375,5406.0068359375,5413.56884765625,135128600.0,5409.856495154612,5409.379296875,5401.027213541666,5397.485237630209,54.97608233647111,12.518222325731585,13.06535738814758,5416.0068359375
2016-11-01,5416.0068359375,5439.02783203125,5415.02978515625,5430.7451171875,80147600.0,5411.08656331119,5413.04853515625,5403.30849609375,5401.275895182292,53.757628505320625,12.275684215646834,12.907422753647431,5405.455078125
2016-11-02,5405.455078125,5420.35888671875,5393.5068359375,5415.02197265625,95507600.0,5409.960266273953,5414.22177734375,5406.045377604167,5403.378271484375,51.76279554649038,11.104031976656188,12.546744598249184,5329.501953125
2016-11-03,5329.501953125,5402.046875,5329.501953125,5395.87109375,71645500.0,5393.868603644162,5396.75498046875,5405.33271484375,5401.693245442709,40.199273069060425,4.000590399365137,10.837513758472374,5362.66015625
2016-11-04,5362.66015625,5362.66015625,5303.35986328125,5310.7822265625,63398900.0,5387.62691416533,5387.233203125,5402.865104166666,5400.82529296875,45.88303503851899,1.0347239952279779,8.876955805823496,5386.2080078125
2016-11-07,5386.2080078125,5395.3251953125,5341.86181640625,5361.02392578125,83980500.0,5387.3431328947645,5379.96640625,5401.272786458333,5401.967854817708,49.55022681283939,0.5777088574250229,7.217106416143801,5470.68115234375
2016-11-08,5470.68115234375,5476.07177734375,5407.38916015625,5407.38916015625,9734142100.0,5404.010736784562,5390.90126953125,5403.995768229167,5403.677457682292,60.01728285273416,6.951663411696245,7.16401781525429,5414.32080078125
2016-11-09,5414.32080078125,5491.701171875,5345.1279296875,5478.0341796875,107152200.0,5406.0727495839,5392.6744140625,5404.3453125,5403.31728515625,52.23094989314633,7.370298753656243,7.205274002934681,5450.30615234375
2016-11-10,5450.30615234375,5482.10595703125,5443.73388671875,5444.041015625,86519300.0,5414.91943013587,5416.83525390625,5407.46376953125,5403.935986328125,56.14323068646457,10.4849237330709,7.861203948961926,5231.97119140625
2016-11-11,5231.97119140625,5380.68505859375,5231.97119140625,5380.64111328125,9788202500.0,5378.329782389947,5390.6974609375,5395.65634765625,5399.515185546875,36.57211144735984,-4.611363252237425,5.366690508722056,5115.73876953125
2016-11-14,5115.73876953125,5196.7841796875,5043.35107421875,5194.9267578125,91613700.0,5325.811579818207,5336.60361328125,5375.316438802083,5387.916389973959,30.4805369008852,-25.658489407369416,-0.8383454744962382,5078.5009765625
2016-11-15,5078.5009765625,5169.35693359375,5073.419921875,5121.47802734375,76584600.0,5276.349459167066,5258.167578125,5354.039127604166,5374.796305338542,28.82409380663158,-44.82653481522175,-9.63598334264134,5185.46484375
2016-11-16,5185.46484375,5201.1728515625,5112.49609375,5112.49609375,80425400.0,5258.1725360836535,5212.39638671875,5339.764192708333,5366.963899739583,39.06742644016099,-50.80066036122935,-17.868918746358943,5193.01513671875
2016-11-17,5193.01513671875,5202.31494140625,5162.81201171875,5180.48193359375,75311800.0,5245.141056210673,5160.93818359375,5324.842805989583,5359.759944661459,39.726818596867325,-54.300015576563965,-25.155138112399946,5170.10888671875
2016-11-18,5170.10888671875,5196.9091796875,5139.205078125,5195.076171875,71630400.0,5230.134622312288,5148.56572265625,5308.83212890625,5352.865592447916,38.370183622107156,-58.250151251522766,-31.77414074022451,5148.31884765625
2016-11-21,5148.31884765625,5158.76318359375,5130.44287109375,5150.826171875,91116600.0,5213.771467381081,5155.08173828125,5290.5505859375,5345.788899739583,37.07321875575011,-62.41940424114546,-37.9031934404087,5204.673828125
2016-11-22,5204.673828125,5204.673828125,5140.51904296875,5140.658203125,97703800.0,5211.951939529865,5180.31630859375,5276.46171875,5339.885107421875,42.487668033525935,-60.47902675412752,-42.418360103152466,5211.99609375
2016-11-23,5211.99609375,5211.99609375,5182.34521484375,5192.34619140625,86828200.0,5211.960770373892,5185.62255859375,5263.564453125,5334.804915364583,43.17186327241421,-57.68545594658826,-45.47177927183962,5107.623046875
2016-11-24,5107.623046875,5194.244140625,5102.4208984375,5179.22216796875,78976000.0,5191.093225674114,5168.544140625,5248.772526041666,5327.052620442709,36.505292830320144,-63.165431777472804,-49.01050977296626,5122.10400390625
2016-11-25,5122.10400390625,5129.7529296875,5096.6708984375,5097.10791015625,84213300.0,5177.295381320542,5158.9431640625,5232.73544921875,5317.800276692708,37.93723792424669,-65.5838500951595,-52.325177837404915,5114.57177734375
2016-11-28,5114.57177734375,5120.86181640625,5091.60986328125,5111.423828125,121168300.0,5164.750660525184,5152.19375,5214.6263671875,5307.949576822916,37.46396315534574,-67.33208935650782,-55.3265601412255,5136.6669921875
2016-11-29,5136.6669921875,5164.580078125,5108.751953125,5108.751953125,124696800.0,5159.133926857648,5138.5923828125,5192.358756510416,5298.177262369792,39.83506723093772,-66.17189398277515,-57.49562690953543,5148.91015625
2016-11-30,5148.91015625,5182.14208984375,5146.52490234375,5148.908203125,116497500.0,5157.089172736118,5125.9751953125,5174.664713541667,5289.505013020834,41.16621771683957,-63.53215068517511,-58.70293166466337,5198.7548828125
2016-12-01,5198.7548828125,5211.921875,5168.06884765625,5168.6337890625,109410600.0,5165.422314751394,5144.2015625,5157.89462890625,5282.67919921875,46.36871818840909,-56.76374512013081,-58.315094355756855,5245.9560546875
2016-12-02,5245.9560546875,5250.2919921875,5199.14208984375,5207.91796875,77029900.0,5181.529062738615,5168.97197265625,5158.826953125,5277.241650390625,50.80505101126159,-47.048647332757355,-56.06180495115696,5268.30810546875
2016-12-05,5268.30810546875,5280.32177734375,5239.89697265625,5239.89697265625,69209000.0,5198.884871284642,5199.71923828125,5168.9982421875,5272.157340494791,52.79632505261425,-37.11786698308879,-52.273017357543324,5272.96484375
2016-12-06,5272.96484375,5288.9140625,5259.19384765625,5279.98388671875,66277100.0,5213.700865777714,5226.97880859375,5181.9625,5268.000813802083,53.22114920959221,-28.542867735322034,-47.526987433099066,5265.3681640625
2016-12-07,5265.3681640625,5273.51513671875,5229.7978515625,5272.10009765625,60338200.0,5224.034325434672,5250.27041015625,5187.289388020833,5263.526790364584,52.39276581140148,-22.10529157342262,-42.442648261163775,5303.73388671875
2016-12-08,5303.73388671875,5303.73388671875,5263.43505859375,5268.23876953125,65715900.0,5239.974237691487,5271.2662109375,5194.670638020833,5259.756722005209,56.108398835066765,-13.749180903361776,-36.70395478960337,5308.1259765625
2016-12-09,5308.1259765625,5308.1259765625,5284.76611328125,5297.5498046875,49814700.0,5253.60458546569,5283.7001953125,5203.87177734375,5256.351953125,56.52670564077993,-6.695318585682799,-30.70222754881926,5293.619140625
2016-12-13,5293.619140625,5300.7177734375,5264.73779296875,5296.19189453125,53794200.0,5261.607496497552,5288.76240234375,5213.558463541666,5252.054524739583,54.67328150213408,-2.2497288265531097,-25.011727804366032,5262.81689453125
2016-12-14,5262.81689453125,5306.3369140625,5259.68115234375,5287.19287109375,51760500.0,5261.849376104293,5286.7328125,5217.43466796875,5246.948193359375,50.860057187414355,-1.1982382042115205,-20.24902988433513,5254.36181640625
2016-12-15,5254.36181640625,5266.06103515625,5210.6328125,5230.56494140625,64359300.0,5260.351864164684,5284.53154296875,5220.259049479167,5241.911751302084,49.832630257132735,-1.035244795491053,-16.406272866566315,5231.65185546875
2016-12-16,5231.65185546875,5263.005859375,5231.65185546875,5260.1259765625,58386700.0,5254.611862425498,5270.11513671875,5228.52763671875,5238.650081380209,47.08151984544704,-2.7073665609323143,-13.666491605439516,5191.912109375
2016-12-19,5191.912109375,5240.4267578125,5190.93310546875,5224.07080078125,60026700.0,5242.071911815399,5246.87236328125,5233.181510416666,5232.958479817708,42.64487708164213,-7.156702486510767,-12.364533781653767,5162.47705078125
2016-12-20,5162.47705078125,5194.72900390625,5142.39306640625,5179.18212890625,71959000.0,5226.15293960857,5220.6439453125,5236.3751953125,5225.50078125,39.663483315059274,-12.90918741589212,-12.473464508501438,5111.39208984375
2016-12-21,5111.39208984375,5188.94580078125,5111.39208984375,5179.02587890625,54114100.0,5203.200769655607,5190.358984375,5234.690201822917,5213.524479166666,35.07972699886757,-21.344160385026953,-14.247603683806542,5042.8701171875
2016-12-22,5042.8701171875,5120.35693359375,5032.9140625,5114.39697265625,52470700.0,5171.134639161985,5148.06064453125,5227.620865885417,5201.142789713542,30.061376335720865,-33.17565941450539,-18.03321482994631,5027.7041015625
2016-12-23,5027.7041015625,5078.23095703125,5022.84814453125,5036.2880859375,51530100.0,5142.448531642089,5107.27109375,5216.21748046875,5187.0560546875,29.070137715734276,-43.27710680182372,-23.081993224321792,5102.9541015625
2016-12-27,5102.9541015625,5112.77587890625,5028.19921875,5028.35595703125,56151600.0,5134.549645626171,5089.4794921875,5206.684016927084,5182.755485026041,39.69539634222043,-44.69531080269371,-27.404656739996177,5209.44482421875
2016-12-28,5209.44482421875,5213.27001953125,5139.76904296875,5140.13623046875,52440100.0,5149.528681344686,5098.873046875,5202.759798177083,5185.879020182291,50.90389377112165,-36.802104599427366,-29.284146311882417,5302.56591796875
2016-12-29,5302.56591796875,5311.615234375,5200.26513671875,5205.27099609375,54184200.0,5180.136128669499,5137.1078125,5204.733203125,5193.3478515625,58.21722418642089,-22.770108162685574,-27.98133868204305,5296.7109375
2016-12-30,5296.7109375,5334.787109375,5296.7109375,5307.365234375,60042700.0,5203.4510904356,5187.8759765625,5206.822721354167,5197.0560546875,57.63589350961696,-11.983954317587632,-24.781861809151966,5275.97119140625
2017-01-03,5275.97119140625,5292.18115234375,5246.85205078125,5290.38818359375,33217000.0,5217.95511062973,5237.52939453125,5204.971875,5199.821256510417,55.520985034780125,-5.051147382980162,-20.835718923917604,5301.18310546875
2017-01-04,5301.18310546875,5312.9560546875,5249.23388671875,5270.01611328125,53111300.0,5234.600709597535,5277.1751953125,5204.509016927083,5204.190397135417,57.559733807891774,2.4493087147375263,-16.17871339618658,5325.50390625
2017-01-05,5325.50390625,5328.490234375,5302.6328125,5302.6328125,77219400.0,5252.781348928028,5300.38701171875,5206.63466796875,5210.096565755209,59.488771446068824,10.237942942339942,-10.895382128481277,5347.02197265625
2017-01-06,5347.02197265625,5350.2451171875,5318.384765625,5321.7451171875,71615300.0,5271.629473673673,5309.27822265625,5212.24833984375,5214.84150390625,61.17042042146317,17.94001844147442,-5.128302014490137,5316.36376953125
2017-01-09,5316.36376953125,5360.06103515625,5307.5849609375,5350.8798828125,97010200.0,5280.5763328451885,5313.2087890625,5216.381803385417,5218.320426432291,57.5076183414274,21.324294797588664,0.16221734792562348,5309.923828125
2017-01-10,5309.923828125,5331.1328125,5292.06298828125,5330.01513671875,70792500.0,5286.445831901151,5319.99931640625,5221.599934895833,5225.063785807291,56.73906491532037,23.219053941082166,4.773584666556933,5301.23681640625
2017-01-11,5301.23681640625,5322.97900390625,5301.23681640625,5316.15185546875,84703100.0,5289.404028802171,5320.01005859375,5228.888248697916,5231.034879557292,55.65849391918194,23.74596625040249,8.568060983326044,5292.75
2017-01-12,5292.75,5322.419921875,5292.75,5301.0361328125,100764000.0,5290.073223041737,5313.45927734375,5237.573111979166,5236.974153645833,54.56517770368268,23.211168987400015,11.496682584140839,5272.98291015625
2017-01-13,5272.98291015625,5310.419921875,5272.98291015625,5299.05078125,70293600.0,5286.65516046464,5298.65146484375,5248.345833333334,5241.518017578125,52.00290946325872,20.95079166859614,13.387504401031897,5270.01123046875
2017-01-16,5270.01123046875,5291.49609375,5270.01123046875,5283.6181640625,73077600.0,5283.326374465462,5289.38095703125,5263.48857421875,5245.554720052083,51.61054343846715,18.70402824809753,14.450809170445025,5266.93798828125
2017-01-17,5266.93798828125,5287.1240234375,5265.60205078125,5266.9228515625,86901800.0,5280.048697228621,5280.7837890625,5279.4375,5247.827490234375,51.18046521277384,16.485433276930053,14.85773399174203,5294.7841796875
2017-01-18,5294.7841796875,5294.7841796875,5273.2939453125,5273.2939453125,113444600.0,5282.995793720396,5279.49326171875,5292.226171875,5249.455094401042,54.85163719882214,16.780698260396093,15.242326845472842,5298.9482421875
2017-01-19,5298.9482421875,5309.9521484375,5288.5771484375,5302.2109375,85392800.0,5286.186283413817,5280.73291015625,5298.19306640625,5250.476432291666,55.39184576488162,17.15297412196651,15.624456300771575,5254.31103515625
2017-01-20,5254.31103515625,5293.0810546875,5243.74609375,5290.56298828125,153081800.0,5279.811233762304,5276.99853515625,5294.97607421875,5249.854638671875,48.669228603342205,13.688364915610691,15.2372380237394,5250.9677734375
2017-01-23,5250.9677734375,5265.44287109375,5228.2861328125,5250.634765625,147556800.0,5274.042541697344,5273.18984375,5291.926529947917,5249.374625651041,48.197410829072446,10.551235800125141,14.30003757901655,5292.087890625
2017-01-24,5292.087890625,5297.4912109375,5267.73388671875,5267.73388671875,147150800.0,5277.6516114828755,5278.21982421875,5293.0009765625,5248.98642578125,54.0922804741436,11.253366373603967,13.690703337934035,5293.7822265625
2017-01-25,5293.7822265625,5310.6689453125,5287.1259765625,5302.8740234375,269423400.0,5280.877734498801,5278.01943359375,5292.507584635417,5248.50830078125,54.32292908730334,11.81038588489264,13.314639847325758,5317.6328125
2017-01-26,5317.6328125,5327.509765625,5291.43603515625,5305.11376953125,190768100.0,5288.2287500990415,5281.75634765625,5291.982845052084,5249.308756510417,57.555657028104925,14.014816734791566,13.454675224818919,5312.83984375
2017-01-27,5312.83984375,5321.68017578125,5297.2548828125,5304.9638671875,142739500.0,5293.1509688292335,5293.462109375,5289.704036458334,5250.976188151041,56.68740124213695,15.199876825341562,13.803715544923449,5302.662109375
2017-01-30,5302.662109375,5331.51611328125,5302.662109375,5321.55419921875,193337900.0,5295.053196938387,5303.8009765625,5288.790592447916,5252.586197916667,54.797026689588705,15.143225700270705,14.071617575992901,5294.10302734375
2017-01-31,5294.10302734375,5321.35498046875,5294.10302734375,5316.6689453125,191451600.0,5294.8631630194595,5304.20400390625,5287.735872395833,5254.667903645834,53.19061417255619,14.243492768445321,14.105992614483387,5327.1611328125
2017-02-01,5327.1611328125,5341.48095703125,5317.4951171875,5319.94384765625,256731400.0,5301.322756978068,5310.87978515625,5289.46416015625,5259.176204427084,58.278062477901365,16.013368625423027,14.487467816671316,5353.712890625
2017-02-02,5353.712890625,5353.712890625,5326.98681640625,5327.02001953125,165664500.0,5311.800783707456,5318.09580078125,5293.528352864583,5265.550732421875,61.86324147741177,19.335623910086724,15.4570990353544,5360.76708984375
2017-02-03,5360.76708984375,5366.44384765625,5354.58984375,5355.27197265625,13055400.0,5321.5940449347145,5327.68125,5299.380631510417,5273.863232421875,62.77836752666945,22.28090962452461,16.821861153188443,5395.9951171875
2017-02-06,5395.9951171875,5395.9951171875,5369.44189453125,5369.52197265625,153355200.0,5336.474259385272,5346.3478515625,5307.779557291667,5285.634065755208,67.03282478419072,27.144769164687204,18.886442755488197,5381.47509765625
2017-02-07,5381.47509765625,5396.09912109375,5380.59814453125,5387.64794921875,171422900.0,5345.474427039468,5363.822265625,5315.415364583333,5297.426432291667,63.79609528841009,29.4878510735507,21.0067244191007,5361.087890625
2017-02-08,5361.087890625,5382.0732421875,5349.462890625,5380.10986328125,325033400.0,5348.597119756574,5370.6076171875,5319.835611979167,5306.030891927084,59.45515682477814,29.36122521534162,22.677624578348887,5372.0771484375
2017-02-09,5372.0771484375,5384.9560546875,5363.46923828125,5366.34423828125,258337100.0,5353.29312549276,5374.28046875,5324.710872395834,5311.451969401041,60.995780049752995,29.80405201557096,24.102910065793303,5371.6689453125
2017-02-10,5371.6689453125,5400.171875,5371.6689453125,5378.916015625,167200000.0,5356.968289456708,5376.46083984375,5332.534733072916,5313.755403645833,60.903205073310026,29.778785561157747,25.23808516486619,5409.55615234375
2017-02-13,5409.55615234375,5418.3759765625,5388.67822265625,5396.56298828125,182414000.0,5367.4858620341165,5379.173046875,5343.107291666666,5317.516910807291,66.05306419768611,32.441971828015085,26.678862497495974,5380.669921875
2017-02-14,5380.669921875,5409.35498046875,5370.494140625,5402.55810546875,142907500.0,5370.122674002294,5379.01201171875,5349.012760416666,5321.006868489583,59.606466962065674,31.8544900130546,27.713988000607703,5377.998046875
2017-02-16,5377.998046875,5395.27880859375,5357.7119140625,5389.06884765625,218393700.0,5371.697748576836,5382.39404296875,5354.6271484375,5323.567366536458,59.03256308845163,30.81805708095544,28.334801816677253,5350.93212890625
2017-02-17,5350.93212890625,5370.3310546875,5340.85791015625,5366.85400390625,179271900.0,5367.544624642719,5378.1650390625,5356.847102864584,5324.414973958334,53.42140634768027,27.49572948045443,28.16698734943269,5359.2880859375
2017-02-20,5359.2880859375,5373.091796875,5351.01806640625,5358.5517578125,107921200.0,5365.8933169016755,5375.6888671875,5359.94365234375,5324.823844401041,54.848304398927134,25.245996685056525,27.58278921655746,5340.990234375
2017-02-21,5340.990234375,5375.69580078125,5336.8349609375,5363.61376953125,209661500.0,5360.91270039634,5361.97568359375,5362.498860677083,5325.6447265625,51.15287264382399,21.73602418014343,26.413436209274657,5358.68310546875
2017-02-22,5358.68310546875,5360.4140625,5331.43115234375,5353.10693359375,189512900.0,5360.4667814108225,5357.5783203125,5366.80419921875,5327.270035807292,54.35527207204713,20.149738866904045,25.160696740800535,5372.748046875
2017-02-23,5372.748046875,5373.63818359375,5347.85791015625,5348.35888671875,174887600.0,5362.923034503658,5356.5283203125,5369.843326822916,5329.653743489584,56.78096506365029,19.799285712393612,24.088414535119153,5385.90576171875
2017-02-24,5385.90576171875,5391.259765625,5370.7890625,5371.01708984375,116360700.0,5367.5195799466765,5363.523046875,5371.989518229167,5332.758935546875,58.97729091832698,20.34869954511396,23.340471537118116,5382.8740234375
2017-02-27,5382.8740234375,5393.662109375,5368.4228515625,5387.81689453125,102443500.0,5370.590468644841,5368.240234375,5373.463313802084,5336.42197265625,58.24284435009249,20.30540989822657,22.73345920933981,5386.69189453125
2017-02-28,5386.69189453125,5405.7900390625,5386.69189453125,5390.3427734375,82270600.0,5373.810753822123,5377.38056640625,5372.843098958333,5340.311328125,58.93634555431505,20.34465234306481,22.25569783608481,5363.05615234375
2017-03-01,5363.05615234375,5392.7919921875,5350.91015625,5389.16796875,80795600.0,5371.659833526449,5378.25517578125,5371.615169270834,5343.515266927084,53.06110969104029,18.25807764707679,21.456173798283206,5408.25390625
2017-03-02,5408.25390625,5431.1728515625,5394.72705078125,5394.72705078125,74167000.0,5378.97864807116,5385.35634765625,5374.7595703125,5347.297591145833,61.05603730341764,20.02074647155041,21.16908833293665,5391.21484375
2017-03-03,5391.21484375,5410.90283203125,5384.7890625,5402.580078125,106883400.0,5381.425887206928,5386.4181640625,5376.035416666667,5350.37314453125,57.10705652554616,19.814356701874203,20.898142006724164,5409.81689453125
2017-03-06,5409.81689453125,5409.81689453125,5386.8251953125,5398.0517578125,102030600.0,5387.104088671792,5391.80673828125,5378.57861328125,5355.556673177083,60.13824301115465,20.910774959444097,20.90066859726815,5402.615234375
2017-03-07,5402.615234375,5427.9072265625,5386.32080078125,5416.02099609375,96160400.0,5390.206317812434,5394.99140625,5378.115885416667,5360.611588541667,58.417075659674865,20.957001274597133,20.911935132733948,5393.76416015625
2017-03-08,5393.76416015625,5415.23095703125,5390.0068359375,5407.52978515625,72878500.0,5390.917886281198,5401.1330078125,5378.988834635416,5364.000797526041,56.28495050117967,20.048323649080885,20.739212836003336,5402.38623046875
2017-03-09,5402.38623046875,5405.587890625,5386.9970703125,5393.93896484375,69424400.0,5393.211555118709,5399.95947265625,5380.614713541667,5367.620930989583,57.897027929883095,19.795726290495622,20.550515526901794,5390.6767578125
2017-03-10,5390.6767578125,5415.72216796875,5369.7529296875,5414.9150390625,79484800.0,5392.7045956574675,5399.85185546875,5383.26435546875,5370.055729166666,54.934188626048694,18.438141067852484,20.128040635091935,5409.3720703125
2017-03-13,5409.3720703125,5409.3720703125,5386.3427734375,5389.201171875,70965500.0,5396.038090588475,5399.762890625,5386.603287760417,5373.273470052083,58.57882586123867,18.65574861629011,19.83358223133157,5431.5849609375
2017-03-14,5431.5849609375,5449.76318359375,5412.9619140625,5415.9501953125,82241800.0,5403.147464658281,5405.5568359375,5392.642936197916,5377.5708984375,62.46320274079524,20.385606219865622,19.943987029038382,5432.380859375
2017-03-15,5432.380859375,5447.48583984375,5424.51611328125,5433.68017578125,75739600.0,5408.994143601625,5413.28017578125,5397.556119791667,5382.180159505208,62.598542294910644,21.572083633979673,20.269606350026642,5518.2412109375
2017-03-16,5518.2412109375,5518.2412109375,5458.419921875,5461.912109375,79972200.0,5430.8435570688,5436.451171875,5407.2556640625,5388.549495442709,73.64011132807818,29.105083058753735,22.03670169177206,5540.43212890625
2017-03-17,5540.43212890625,5557.97509765625,5499.38720703125,5539.81884765625,87948800.0,5452.76127143629,5466.40224609375,5417.557421875,5394.773470052083,75.64162203269977,36.44553950520003,24.918469254457655,5533.9921875
2017-03-20,5533.9921875,5566.93212890625,5510.27490234375,5552.39404296875,83916000.0,5469.007454649032,5491.32626953125,5427.631966145834,5400.547639973958,73.88822246325142,41.26754806752706,28.188285017071536,5543.0927734375
2017-03-21,5543.0927734375,5554.44384765625,5525.97705078125,5541.0458984375,78762300.0,5483.824518406726,5513.62783203125,5438.05869140625,5405.450895182292,74.77798074264459,45.30116222313973,31.610860458285178,5534.0927734375
2017-03-22,5534.0927734375,5534.0927734375,5486.85107421875,5512.72900390625,81597500.0,5493.878169412881,5533.97021484375,5449.4611328125,5410.538151041666,72.15928140586121,47.22719995505213,34.73412835763857,5563.7587890625
2017-03-23,5563.7587890625,5576.66796875,5532.64794921875,5539.63818359375,71128500.0,5507.854293342805,5543.07373046875,5459.828125,5417.29384765625,75.23755252083566,50.564521932132266,37.90020707253731,5567.1337890625
2017-03-24,5567.1337890625,5581.18310546875,5546.83203125,5565.6240234375,64734100.0,5519.710192486745,5548.4140625,5471.5560546875,5423.795735677083,75.5685125714148,52.872229783894,40.89461161480865,5541.2021484375
2017-03-27,5541.2021484375,5567.43115234375,5531.326171875,5557.9248046875,62855600.0,5524.008583676896,5549.8560546875,5480.315071614584,5429.446842447916,68.04346377087427,52.00910956337975,43.11751120452287,5592.509765625
2017-03-29,5592.509765625,5592.77490234375,5552.783203125,5552.783203125,72492200.0,5537.708820066517,5559.739453125,5492.97470703125,5435.545296223959,73.63714191012791,54.83309469829419,45.460627903277135,5592.9521484375
2017-03-30,5592.9521484375,5592.9521484375,5555.3671875,5581.1162109375,98370200.0,5548.757485740714,5571.511328125,5506.25390625,5442.621370442708,73.67992045953247,56.45602988934206,47.659708300490124,5568.10595703125
2017-03-31,5568.10595703125,5606.02490234375,5568.10595703125,5589.52392578125,73764600.0,5552.627179998823,5572.38076171875,5517.301888020834,5448.95830078125,67.0947314395629,55.10215438679552,49.14819751775121,5606.7890625
2017-04-03,5606.7890625,5616.94287109375,5581.31396484375,5583.34521484375,81392100.0,5563.459556499059,5580.31181640625,5531.709375,5457.486865234375,71.38306365978892,56.49931271265723,50.61842055673242,5651.8232421875
2017-04-04,5651.8232421875,5654.39892578125,5608.52392578125,5611.6650390625,106415400.0,5581.132293636748,5602.43603515625,5547.872786458333,5467.238037109375,75.40213730471757,60.54255578961238,52.60324760330842,5676.97998046875
2017-04-05,5676.97998046875,5676.97998046875,5644.7919921875,5668.001953125,83898800.0,5600.301831003148,5619.330078125,5564.232454427083,5478.4376953125,77.31847416233559,65.02720050436801,55.08803818352034,5680.23876953125
2017-04-06,5680.23876953125,5680.23876953125,5645.30615234375,5668.30615234375,68797100.0,5616.289218708769,5636.78740234375,5580.756315104167,5489.156217447917,77.5623331557214,68.05972069892687,57.68237468660165,5653.48583984375
2017-04-07,5653.48583984375,5677.7177734375,5643.35009765625,5674.01123046875,64404200.0,5623.728542935766,5653.86337890625,5589.772623697917,5498.514143880208,70.82974612384074,67.52588064040265,59.65107587736185,5644.298828125
2017-04-10,5644.298828125,5677.07080078125,5628.98486328125,5662.6689453125,72743800.0,5627.842599973614,5661.36533203125,5596.6970703125,5507.12724609375,68.62675778311028,65.60523714530063,60.841908130949605,5627.93310546875
2017-04-11,5627.93310546875,5658.72705078125,5621.7861328125,5647.90380859375,95131900.0,5627.860701072641,5656.5873046875,5602.959798177083,5515.295882161458,64.7625031187404,62.0472937147897,61.08298524771763,5644.15478515625
2017-04-12,5644.15478515625,5650.03515625,5631.7470703125,5633.97509765625,84273900.0,5631.119517889363,5650.022265625,5609.697265625,5523.877978515625,66.76040128532429,59.84667665781126,60.835723529736356,5616.544921875
2017-04-13,5616.544921875,5660.384765625,5613.5439453125,5658.19921875,62159000.0,5628.204598686491,5637.28349609375,5615.194075520833,5532.327604166667,60.4754682399944,55.238036859590466,59.71618619570718,5577.48681640625
2017-04-17,5577.48681640625,5631.509765625,5577.48681640625,5624.6171875,60945800.0,5618.0610422304435,5622.08369140625,5616.10927734375,5537.968701171875,52.88993140233076,47.88203958017766,57.349356872601284,5606.51708984375
2017-04-18,5606.51708984375,5626.52392578125,5597.1689453125,5597.666015625,69950500.0,5615.752251753105,5614.52734375,5618.734830729167,5545.145442708334,57.18821488647819,43.88893486818597,54.65727247171823,5595.30615234375
2017-04-20,5595.30615234375,5619.36083984375,5590.03076171875,5609.89208984375,73938500.0,5611.663031871234,5608.001953125,5622.341764322917,5551.32841796875,55.09752834401312,39.36595542297073,51.59900906196874,5664.47509765625
2017-04-21,5664.47509765625,5664.47509765625,5599.4951171875,5600.419921875,53480800.0,5622.225445028237,5612.066015625,5627.139453125,5560.057080078125,63.87296293632049,40.89144630508872,49.45749651059274,5680.7958984375
2017-04-25,5680.7958984375,5696.38916015625,5653.67578125,5690.89404296875,59697700.0,5633.93953571009,5624.9162109375,5632.995703125,5569.6248046875,65.58217819518484,42.92257630291624,48.150512469057446,5726.52978515625
2017-04-26,5726.52978515625,5726.52978515625,5679.59423828125,5687.080078125,65935900.0,5652.457585599323,5654.7248046875,5643.557291666667,5580.42958984375,69.88218557635327,47.67305856022631,48.05502168729122,5707.02783203125
2017-04-27,5707.02783203125,5718.89501953125,5697.791015625,5708.23095703125,68662300.0,5663.371634885708,5674.826953125,5650.239876302084,5590.974625651042,66.09035781069804,49.29595228962717,48.30320780775842,5685.2978515625
2017-04-28,5685.2978515625,5724.5078125,5684.58984375,5715.0849609375,57985100.0,5667.7568782210665,5692.82529296875,5652.471516927083,5600.172151692708,62.050262092448335,48.27222725629781,48.2970116974663,5675.80810546875
2017-05-02,5675.80810546875,5714.34423828125,5675.80810546875,5703.8671875,57814800.0,5669.367123670603,5695.09189453125,5652.393391927083,5608.312923177084,60.3161890561058,46.16303584941488,47.87021652785602,5647.3681640625
2017-05-03,5647.3681640625,5686.8251953125,5647.3232421875,5681.59912109375,65683200.0,5664.967331748982,5688.40634765625,5650.202018229166,5615.479166666667,55.326054531607724,41.71574770222014,46.63932276272885,5669.44287109375
2017-05-04,5669.44287109375,5676.0087890625,5643.05419921875,5656.0908203125,66172000.0,5665.862439617937,5676.98896484375,5651.2658203125,5620.519222005209,58.215686700528366,39.51695729078892,45.21484966834087,5683.376953125
2017-05-05,5683.376953125,5696.47607421875,5659.9658203125,5665.10693359375,75048200.0,5669.36534231935,5672.2587890625,5653.871028645834,5625.284049479166,59.975560828674,38.45547325822008,43.86297438631671,5707.86181640625
2017-05-08,5707.86181640625,5727.4921875,5692.56103515625,5699.30078125,69605600.0,5677.064637136731,5676.77158203125,5659.199609375,5631.079703776041,62.930125226422135,39.138795679547,42.918138644962774,5697.05615234375
2017-05-09,5697.05615234375,5745.84716796875,5693.6748046875,5730.2509765625,59581000.0,5681.062940178135,5681.02119140625,5662.7263671875,5636.21181640625,60.797130656740734,38.36614579178786,42.00774007432779,5653.0078125
2017-05-10,5653.0078125,5718.5869140625,5636.2041015625,5697.9560546875,73073800.0,5675.451914642508,5682.14912109375,5665.1572265625,5640.175651041666,52.922435624213584,33.80974460111611,40.368140979685464,5675.2158203125
2017-05-12,5675.2158203125,5698.9619140625,5668.7177734375,5680.5859375,79691200.0,5675.404695776507,5683.3037109375,5671.672493489584,5643.890885416667,56.015673684460374,31.62619734445161,38.6197522526387,5688.8701171875
2017-05-15,5688.8701171875,5693.9931640625,5649.083984375,5689.80517578125,61924800.0,5678.097780058706,5684.40234375,5677.1626953125,5647.948763020833,57.84945270683949,30.64426010097486,37.024653822305936,5646.9990234375
2017-05-16,5646.9990234375,5696.623046875,5646.9990234375,5690.2978515625,54203300.0,5671.878028734465,5672.22978515625,5680.60888671875,5651.475325520833,50.84850416948418,26.185569481715902,34.85683695418793,5615.4921875
2017-05-17,5615.4921875,5664.31689453125,5608.80322265625,5661.48193359375,53254300.0,5660.600860487572,5655.9169921875,5677.343359375,5652.24140625,46.30719304351017,19.88051647751854,31.861572858854057,5645.451171875
2017-05-18,5645.451171875,5645.451171875,5577.52197265625,5590.47314453125,68547400.0,5657.570922765059,5654.4056640625,5674.987044270833,5653.991373697917,50.80623568448417,17.103992034313706,28.910056693945986,5791.8837890625
2017-05-19,5791.8837890625,5825.2080078125,5630.07177734375,5643.537109375,70741400.0,5684.433496024547,5677.7392578125,5679.343977864583,5661.450634765625,65.86283452625511,26.414969502211534,28.411039255599096,5749.44482421875
2017-05-22,5749.44482421875,5874.43896484375,5743.38818359375,5837.17578125,58742100.0,5697.435761663388,5689.85419921875,5682.17177734375,5666.205826822917,60.119744905045664,30.023425086364114,28.733516421752103,5730.61279296875
2017-05-23,5730.61279296875,5777.68701171875,5692.98388671875,5770.6171875,53659300.0,5704.0711679244605,5706.576953125,5685.1927734375,5668.832145182291,57.71477710406101,31.006145058719085,29.1880421491455,5703.43310546875
2017-05-24,5703.43310546875,5704.7060546875,5672.04296875,5678.39306640625,59809800.0,5703.9435554333195,5724.16513671875,5687.034440104167,5669.713916015625,54.33634983620085,29.254555777132737,29.201344874742947,5716.81494140625
2017-05-26,5716.81494140625,5728.60498046875,5703.89013671875,5713.35400390625,57655300.0,5706.517832627906,5738.437890625,5691.664225260417,5670.933121744792,55.71096059029421,28.61633962529504,29.084343824853367,5712.3310546875
2017-05-29,5712.3310546875,5730.84423828125,5703.4619140625,5728.80712890625,50129600.0,5707.680477039825,5722.52734375,5694.5234375,5672.89462890625,55.11229919065041,27.43251162420802,28.7539773847243,5693.39111328125
2017-05-30,5693.39111328125,5730.05615234375,5693.39111328125,5700.77392578125,62769800.0,5704.82260428811,5711.3166015625,5695.191048177084,5674.531038411458,52.54384884530519,24.681511321727157,27.939484172124875,5738.15478515625
2017-05-31,5738.15478515625,5738.15478515625,5697.81494140625,5697.81494140625,91263500.0,5711.489040461738,5712.825,5697.210579427084,5678.205094401042,57.5761277899822,25.815789623808996,27.5147452624617,5742.44580078125
2017-06-02,5742.44580078125,5752.65576171875,5726.01416015625,5749.4208984375,64775200.0,5717.680392525641,5720.6275390625,5700.236555989583,5681.481461588542,58.0355090020897,26.752575413202976,27.362311292609956,5748.23486328125
2017-06-05,5748.23486328125,5765.8291015625,5737.580078125,5747.89111328125,56536500.0,5723.791286676763,5726.9115234375,5706.585026041666,5685.871126302083,58.685486603923884,27.643457294771906,27.418540493042347,5707.8310546875
2017-06-06,5707.8310546875,5754.2939453125,5701.658203125,5743.39501953125,61071500.0,5720.599240278911,5726.0115234375,5708.759375,5690.215934244791,52.56593533092442,24.80332067832569,26.895496530099017,5717.3251953125
2017-06-07,5717.3251953125,5735.990234375,5709.14697265625,5716.96923828125,46852400.0,5719.9444312856285,5730.79833984375,5710.656380208334,5693.909537760416,53.78544618700573,23.052850835773825,26.12696739123398,5702.921875
2017-06-08,5702.921875,5725.8828125,5702.921875,5719.02978515625,45346000.0,5716.539920028504,5723.7517578125,5714.3845703125,5697.496728515625,51.61733021117528,20.269706736642547,24.955515260315696,5675.52294921875
2017-06-09,5675.52294921875,5704.86181640625,5669.873046875,5699.25390625,51126700.0,5708.336525866553,5710.3671875,5718.38662109375,5697.864990234375,47.679935166846896,15.672517630992843,23.098915734451126,5691.43603515625
2017-06-12,5691.43603515625,5716.5361328125,5668.72216796875,5668.72216796875,37789600.0,5704.956427724492,5699.007421875,5721.452278645834,5698.219661458334,50.06250564164892,13.161547065957166,21.111442000752334,5707.64501953125
2017-06-13,5707.64501953125,5715.2080078125,5693.8759765625,5694.9501953125,43934000.0,5705.494146085844,5698.97021484375,5715.836360677084,5697.590169270833,52.43836295836718,12.33729768946614,19.3566131384951,5792.89697265625
2017-06-14,5792.89697265625,5792.89697265625,5707.9189453125,5708.06591796875,49219200.0,5722.974711399925,5714.0845703125,5718.733170572917,5700.452473958333,62.534557152370475,18.351647883788246,19.15562008755373,5776.283203125
2017-06-15,5776.283203125,5791.2041015625,5768.15380859375,5776.30078125,33694700.0,5733.63640974494,5728.7568359375,5721.777864583333,5703.485319010417,59.8674516191645,21.52929507760109,19.630355085563203,5723.63623046875
2017-06-16,5723.63623046875,5797.1181640625,5720.9248046875,5768.1640625,52479900.0,5731.636373889702,5738.3794921875,5723.124739583333,5705.07958984375,52.260913845926325,19.57379810783732,19.619043690018025,5741.9091796875
2017-06-19,5741.9091796875,5745.56787109375,5726.76708984375,5731.076171875,55163600.0,5733.6909350492615,5748.47412109375,5724.797688802083,5708.23095703125,54.425324994607145,19.276321523818297,19.55049925677808,5791.90380859375
2017-06-20,5791.90380859375,5791.90380859375,5747.4541015625,5749.5791015625,47631600.0,5745.333509758159,5765.32587890625,5730.1025390625,5712.31298828125,59.79605932096657,22.811758169613313,20.202751039345127,5818.5517578125
2017-06-21,5818.5517578125,5818.5517578125,5771.576171875,5772.0859375,41419800.0,5759.977159369028,5770.4568359375,5738.44658203125,5716.818815104167,62.34334116087824,27.447486440382818,21.651698119552666,5829.7080078125
2017-06-22,5829.7080078125,5831.33984375,5804.60302734375,5830.97802734375,36295400.0,5773.923329057723,5781.141796875,5744.550130208333,5720.880354817708,63.38916172695072,31.656632675995752,23.652685030841283,5910.23681640625
2017-07-03,5910.23681640625,5910.23681640625,5831.2041015625,5846.60302734375,47327700.0,5801.186026527429,5818.4619140625,5755.736197916666,5727.986376953125,69.8896861705799,41.017588017061826,27.125665628085393,5865.36376953125
2017-07-04,5865.36376953125,5896.3701171875,5858.61376953125,5886.72021484375,38141000.0,5814.021575128193,5843.15283203125,5763.544791666666,5735.064908854167,63.15992997230855,44.30461666157862,30.56145583478404,5825.05419921875
2017-07-05,5825.05419921875,5874.68505859375,5808.34521484375,5865.4248046875,45875400.0,5816.2280999463055,5849.78291015625,5771.35966796875,5740.059521484375,57.777795989284705,43.15944982923065,33.08105463367336,5849.5751953125
2017-07-06,5849.5751953125,5852.34423828125,5817.39111328125,5817.794921875,40285800.0,5822.897519019544,5855.98759765625,5780.176334635416,5745.416357421875,60.01021911334043,43.72648462242796,35.21014063142428,5814.79296875
2017-07-07,5814.79296875,5863.5849609375,5810.36181640625,5839.88818359375,36388600.0,5821.276608965636,5853.00458984375,5787.634407552084,5751.009488932292,55.52553059505891,40.89778458222736,36.3476694215849,5771.505859375
2017-07-10,5771.505859375,5826.31396484375,5769.3388671875,5814.79296875,29086900.0,5811.322459047509,5825.2583984375,5794.033268229166,5756.209944661458,50.4704282652832,34.7623922406774,36.0306139854034,5773.326171875
2017-07-11,5773.326171875,5784.0810546875,5765.36279296875,5772.97998046875,50424600.0,5803.723201613007,5806.85087890625,5799.492610677084,5760.472444661458,50.67379829769096,29.704518414782797,34.765394871279284,5819.1318359375
2017-07-12,5819.1318359375,5827.1318359375,5771.47314453125,5771.47314453125,43977100.0,5806.804928477906,5805.66640625,5806.925065104167,5761.380712890625,55.612788485889986,29.057296813556604,33.62377525973475,5830.0439453125
2017-07-13,5830.0439453125,5843.17578125,5809.40185546875,5839.39794921875,41691200.0,5811.452731844825,5801.76015625,5809.401529947917,5764.067350260417,56.72446179062562,29.089558736373874,32.71693195506258,5831.794921875
2017-07-14,5831.794921875,5833.7587890625,5804.43603515625,5827.548828125,35734600.0,5815.521169850861,5805.160546875,5813.102311197917,5767.440087890625,56.91094622054472,28.923009270788498,31.958147418207762,5841.27978515625
2017-07-17,5841.27978515625,5841.27978515625,5824.26416015625,5831.02392578125,49922900.0,5820.67289291194,5819.11533203125,5820.94521484375,5772.034977213541,57.96756915303205,29.219542124793406,31.41042635952489,5822.35205078125
2017-07-18,5822.35205078125,5831.69384765625,5806.60302734375,5824.93212890625,53830100.0,5821.008724485802,5828.9205078125,5826.308072916667,5775.552880859375,55.065645068739066,27.60897746340379,30.650136580300675,5806.68994140625
2017-07-19,5806.68994140625,5822.48193359375,5797.34619140625,5822.23681640625,43518400.0,5818.144967869892,5826.43212890625,5827.293815104166,5778.698177083334,52.71404427347571,24.783107793216004,29.476730822883745,5825.2080078125
2017-07-20,5825.2080078125,5828.14013671875,5808.1162109375,5808.8818359375,43771900.0,5819.557575858415,5825.46494140625,5827.737565104167,5783.092073567708,55.15269330704845,23.76390343110961,28.33416534452892,5765.423828125
2017-07-21,5765.423828125,5831.462890625,5760.958984375,5824.52587890625,40711100.0,5808.730826311732,5812.19072265625,5823.451953125,5784.001041666666,46.767114800259925,17.925459429531656,26.25242416152947,5801.5869140625
2017-07-24,5801.5869140625,5801.5869140625,5756.51318359375,5760.083984375,49340900.0,5807.302043861886,5804.2521484375,5816.208626302084,5785.972412109375,51.56439338457152,16.031705777389107,24.208280484701397,5813.53515625
2017-07-25,5813.53515625,5813.53515625,5780.48486328125,5805.59716796875,46895400.0,5808.548666339509,5802.48876953125,5812.753385416667,5788.149088541667,53.06925175856301,15.318434278246968,22.430311243410515,5800.2060546875
2017-07-26,5800.2060546875,5831.64013671875,5785.89990234375,5809.89306640625,56453600.0,5806.880144009107,5801.1919921875,5811.096842447917,5791.228255208333,51.15966191864263,13.521744126887825,20.648597820105977,5819.744140625
2017-07-27,5819.744140625,5820.962890625,5805.9228515625,5807.27587890625,49848700.0,5809.452943332286,5800.09921875,5809.10810546875,5794.642220052084,53.78477504726005,13.518580702725558,19.222594396629894,5831.02685546875
2017-07-28,5831.02685546875,5831.02685546875,5804.794921875,5822.80712890625,63785400.0,5813.767725759579,5813.21982421875,5810.190364583334,5798.912386067708,55.27960327384428,14.262089965315681,18.230493510367054,5840.93896484375
2017-07-31,5840.93896484375,5847.2451171875,5816.52978515625,5820.01123046875,52731300.0,5819.201973576413,5821.090234375,5814.81923828125,5804.426253255208,56.607481450336635,15.472790107341098,17.678952829761865,5805.205078125
2017-08-01,5805.205078125,5858.93408203125,5805.205078125,5853.505859375,69809900.0,5816.4025944861305,5819.42421875,5816.944498697917,5808.2185546875,50.75632622255563,13.39444979538348,16.82205222288619,5824.2490234375
2017-08-02,5824.2490234375,5824.2490234375,5792.1669921875,5815.06591796875,51290400.0,5817.971880276405,5824.2328125,5817.28564453125,5812.105354817709,53.514050519937086,13.132652313276594,16.08417224096427,5780.576171875
2017-08-03,5780.576171875,5825.0517578125,5780.576171875,5818.55517578125,44658800.0,5810.492738596124,5816.39921875,5813.98779296875,5811.694661458333,47.01202505381865,9.294006271729813,14.72613904711738,5777.48193359375
2017-08-04,5777.48193359375,5800.12890625,5769.39794921875,5775.9208984375,39744400.0,5803.890577595649,5805.690234375,5810.366927083333,5811.734619140625,46.58019877484374,5.9337716324498615,12.967665564183877,5749.2919921875
2017-08-07,5749.2919921875,5812.791015625,5749.2919921875,5780.89404296875,42147500.0,5792.9708605140195,5787.36083984375,5804.234407552083,5812.589811197917,42.72939039911186,0.9847175820032135,10.571075967747744,5810.56298828125
2017-08-08,5810.56298828125,5810.56298828125,5755.044921875,5755.044921875,48403600.0,5796.489286067465,5788.432421875,5803.448470052083,5814.878271484375,52.014840562378645,1.9837465176851765,8.853610077735231,5824.0068359375
2017-08-09,5824.0068359375,5824.0068359375,5792.77783203125,5813.60400390625,55021100.0,5801.992796041473,5788.383984375,5804.6029296875,5815.948372395834,53.78537318436099,3.816298385539085,7.846147739296002,5825.94580078125
2017-08-10,5825.94580078125,5833.85791015625,5810.76123046875,5828.5419921875,56586000.0,5806.783396989429,5797.45791015625,5804.652115885417,5816.194840494792,54.04871853410511,5.363243074264574,7.349566806289717,5766.13818359375
2017-08-11,5766.13818359375,5812.90576171875,5756.462890625,5812.24609375,55175200.0,5798.654354310294,5795.18916015625,5804.699739583333,5814.075846354167,45.446376373619515,1.743139187804445,6.228281282592663,5801.48779296875
2017-08-14,5801.48779296875,5812.87109375,5780.69921875,5780.69921875,48743500.0,5799.221042041986,5805.6283203125,5804.693131510417,5810.45087890625,50.46470258338146,1.7069224840224706,5.324009522878625,5835.041015625
2017-08-15,5835.041015625,5842.8349609375,5808.26123046875,5808.64599609375,62419400.0,5806.385036758589,5810.52392578125,5806.12685546875,5809.440120442709,54.722204590716295,4.335705819916257,5.1263487822861515,5891.94921875
2017-08-16,5891.94921875,5891.94921875,5836.14794921875,5842.56005859375,57886400.0,5823.497873156872,5824.11240234375,5812.24306640625,5811.669954427083,60.865790916122165,10.885569870033578,6.278192999835637,5893.8408203125
2017-08-18,5893.8408203125,5912.1162109375,5869.1318359375,5879.67919921875,46506900.0,5837.566462587998,5837.69140625,5817.182845052083,5813.145475260417,61.05495053336532,16.044074650808398,8.23136933003019,5861.00390625
2017-08-21,5861.00390625,5901.58203125,5855.23583984375,5893.416015625,42745100.0,5842.253951320399,5856.66455078125,5819.181315104167,5814.68583984375,55.99508335543624,17.28333083986763,10.04176163199768,5880.296875
2017-08-22,5880.296875,5885.59619140625,5862.47607421875,5862.5927734375,58668100.0,5849.862536056319,5872.4263671875,5821.80517578125,5818.31220703125,58.187608818079546,19.596337260471046,11.952676757692354,5914.02392578125
2017-08-23,5914.02392578125,5914.02392578125,5881.7548828125,5900.40087890625,77528100.0,5862.694814001306,5888.22294921875,5829.059765625,5823.002132161459,61.773310244224696,23.875678680696183,14.337277142293118,5894.1171875
2017-08-24,5894.1171875,5916.82080078125,5874.27685546875,5914.09814453125,86700500.0,5868.979288701045,5888.65654296875,5833.717643229166,5825.501643880209,58.58011298643274,25.36834963216188,16.543491640266872,5915.36279296875
2017-08-25,5915.36279296875,5915.36279296875,5880.02001953125,5906.119140625,64107900.0,5878.255989554586,5892.9609375,5842.70341796875,5828.34560546875,60.90296925603504,27.943529308086,18.823499173830697,5903.3408203125
2017-08-28,5903.3408203125,5914.47998046875,5890.48095703125,5904.369140625,86874800.0,5883.272955706169,5901.4283203125,5851.094010416667,5830.73046875,58.8904071471658,28.683657682079684,20.795530875480495,5888.2119140625
2017-08-29,5888.2119140625,5902.60986328125,5865.4091796875,5899.74609375,57947400.0,5884.260747377435,5903.011328125,5860.355338541666,5832.294873046875,56.366082785922295,27.729786733701985,22.182382047124793,5872.505859375
2017-08-30,5872.505859375,5893.90380859375,5863.14599609375,5888.4267578125,51307600.0,5881.909769776948,5894.70771484375,5864.48486328125,5833.966666666666,53.78837726941703,25.41353833202629,22.828613304105094,5864.05908203125
2017-08-31,5864.05908203125,5881.73583984375,5845.27392578125,5873.73095703125,63529600.0,5878.339632227809,5888.69609375,5867.155013020833,5835.878971354166,52.40047372622033,22.635383832271145,22.789967409738306,5813.7412109375
2017-09-04,5813.7412109375,5861.60009765625,5806.31689453125,5858.2099609375,50726200.0,5865.419947969747,5868.37177734375,5866.341373697916,5835.496744791667,44.95834683362655,16.186852740001086,21.469344475790862,5829.97900390625
2017-09-05,5829.97900390625,5834.18408203125,5774.30712890625,5823.01318359375,64988500.0,5858.3317591570485,5853.6994140625,5870.597428385417,5837.648583984375,47.54727123614985,12.2454417479521,19.62456393022311,5824.13818359375
2017-09-06,5824.13818359375,5831.47998046875,5803.123046875,5809.30615234375,61681800.0,5851.493044044389,5840.88466796875,5872.107454427083,5838.40029296875,46.69644043119606,8.551958105343147,17.41004276524712,5832.31103515625
2017-09-07,5832.31103515625,5835.8779296875,5810.48388671875,5824.51513671875,50424900.0,5847.656642266761,5832.845703125,5871.925455729167,5839.026155598958,48.09603607799008,6.212710269478521,15.1705762660934,5857.119140625
2017-09-08,5857.119140625,5866.98876953125,5819.52880859375,5825.1220703125,46573100.0,5849.549141938409,5831.45771484375,5869.603450520834,5840.923258463542,52.19891583915368,6.288160289946973,13.394093070864116,5871.880859375
2017-09-11,5871.880859375,5883.951171875,5858.2421875,5863.423828125,51533200.0,5854.015485425727,5843.08564453125,5868.139453125,5842.661149088542,54.503508531647526,7.4531866132201685,12.205911779335327,5872.376953125
2017-09-12,5872.376953125,5884.15087890625,5861.53515625,5877.2451171875,59543200.0,5857.687778965582,5851.565234375,5868.89765625,5844.039485677084,54.582756605832344,8.320594355234789,11.42884829451522,5845.73388671875
2017-09-13,5845.73388671875,5881.69482421875,5840.91796875,5860.48779296875,67508200.0,5855.297000516215,5855.884375,5866.59345703125,5844.19931640625,49.58718278802443,6.779992908676832,10.499077217347542,5852.001953125
2017-09-14,5852.001953125,5867.20703125,5841.39794921875,5849.72314453125,73420600.0,5854.637991037972,5859.82255859375,5862.458658854167,5845.759212239584,50.72966512546733,5.995720800235176,9.59840593392507,5872.39208984375
2017-09-15,5872.39208984375,5875.52978515625,5831.18017578125,5854.44580078125,62775100.0,5858.188810799128,5862.8771484375,5861.010319010416,5847.363981119792,54.3536456613541,6.939498905941036,9.066624528328264,5884.61083984375
2017-09-18,5884.61083984375,5884.61083984375,5851.22509765625,5875.11181640625,51691500.0,5863.473216608052,5865.42314453125,5858.960188802083,5850.831803385417,56.422154686028975,8.574558687836543,8.96821136022992,5901.326171875
2017-09-19,5901.326171875,5901.326171875,5868.337890625,5885.212890625,57340500.0,5871.043807661443,5871.21298828125,5858.82587890625,5854.959944661458,59.149390995370084,11.091289463177418,9.39282698081942,5906.5732421875
2017-09-20,5906.5732421875,5908.85791015625,5885.83203125,5902.2080078125,59948400.0,5878.149694566655,5883.380859375,5860.049967447917,5860.202652994792,59.99574063033625,13.355260329605699,10.185313650576676,5911.7080078125
2017-09-22,5911.7080078125,5928.7861328125,5883.56591796875,5905.22509765625,50278100.0,5884.861357215824,5895.3220703125,5862.663444010416,5863.574153645834,60.85054247174353,15.386440912082435,11.225539102877828,5894.61181640625
2017-09-25,5894.61181640625,5918.0859375,5882.94384765625,5910.1611328125,46527500.0,5886.811449053909,5899.766015625,5864.70029296875,5865.927652994792,56.520162122708676,15.438678909682494,12.06816706423876,5863.9619140625
2017-09-26,5863.9619140625,5904.9541015625,5859.84814453125,5897.01318359375,59271800.0,5882.241542055628,5895.63623046875,5868.04833984375,5867.194856770833,49.69257158174131,12.85866030021407,12.226265711433824,5863.02685546875
2017-09-27,5863.02685546875,5873.02783203125,5841.02197265625,5872.58984375,53676700.0,5878.398604738253,5887.9763671875,5870.251529947916,5870.424479166667,49.49613166486984,10.61614919072781,11.904242407292621,5841.046875
2017-09-28,5841.046875,5866.60693359375,5839.5908203125,5860.5498046875,60274300.0,5870.928258790603,5874.87109375,5871.378776041666,5871.743115234375,44.99354914085009,6.984825529768386,10.920359031787775,5900.85400390625
2017-09-29,5900.85400390625,5907.43798828125,5851.7001953125,5855.0791015625,50217900.0,5876.913407813733,5872.70029296875,5875.948307291666,5873.936881510416,56.57031896012749,8.831111286156556,10.502509482661532,5914.02978515625
2017-10-02,5914.02978515625,5936.13818359375,5909.10791015625,5917.751953125,48741000.0,5884.336683282237,5876.58388671875,5879.742350260417,5874.672900390625,58.63573339431381,11.228051493741077,10.647617884877441,5939.453125
2017-10-03,5939.453125,5953.47607421875,5899.533203125,5915.42919921875,60605100.0,5895.3599716257895,5891.68212890625,5884.24716796875,5876.193310546875,62.35586887091421,15.006113792132965,11.519317066328545,5951.47509765625
2017-10-04,5951.47509765625,5967.119140625,5946.64306640625,5952.37890625,58319800.0,5906.582996831881,5909.37177734375,5889.520377604166,5879.209016927083,64.00444903148951,18.754142029352806,12.966282058933398,5901.90576171875
2017-10-05,5901.90576171875,5956.39794921875,5901.90576171875,5954.72509765625,56536700.0,5905.647549809255,5921.5435546875,5893.265169270833,5879.929313151041,53.58433070846045,17.5226599520538,13.877557637557478,5905.3779296875
2017-10-06,5905.3779296875,5922.748046875,5894.23876953125,5922.11181640625,46067100.0,5905.593625784904,5922.44833984375,5896.823567708333,5879.64111328125,54.147447288688575,16.63511719438884,14.429069548923751,5914.93310546875
2017-10-09,5914.93310546875,5926.376953125,5902.46484375,5906.71484375,41022200.0,5907.461521721673,5922.62900390625,5899.659635416667,5880.334977213542,55.73884623498537,16.512411196496032,14.845737878438207,5905.76220703125
2017-10-10,5905.76220703125,5927.68408203125,5896.4580078125,5918.12890625,47250700.0,5907.12165878359,5915.8908203125,5901.0697265625,5880.014957682291,53.808546742371625,15.496516750750743,14.975893652900716,5882.787109375
2017-10-11,5882.787109375,5906.134765625,5860.76123046875,5900.72900390625,47636200.0,5902.254748901872,5902.15322265625,5899.8337890625,5879.329833984375,49.21068122712115,12.691218249445228,14.518958572209618,5926.2041015625
2017-10-12,5926.2041015625,5932.0068359375,5883.49609375,5886.4248046875,73889100.0,5907.044619433998,5907.012890625,5901.142513020834,5880.596240234375,56.73443289809432,13.812169304697818,14.37760071870726,5924.1240234375
2017-10-13,5924.1240234375,5947.86376953125,5915.134765625,5926.02587890625,66819100.0,5910.4605002347,5910.762109375,5901.970247395833,5882.316845703125,56.30409790118804,14.367071514030613,14.375494877771931,5949.701171875
2017-10-16,5949.701171875,5956.9541015625,5927.98583984375,5927.98583984375,71106000.0,5918.30863456276,5917.71572265625,5905.64287109375,5885.17158203125,60.292422532480074,16.67843897203602,14.836083696624751,5947.330078125
2017-10-17,5947.330078125,5961.51220703125,5922.06982421875,5957.580078125,51689400.0,5924.112923275208,5926.029296875,5911.200748697916,5889.624544270833,59.747977195348184,18.11012464173291,15.490891885646382,5929.201171875
2017-10-18,5929.201171875,5958.0009765625,5903.6162109375,5955.205078125,71998500.0,5925.130572995167,5935.312109375,5915.612369791666,5892.931949869791,55.61297949286864,17.57925195113421,15.90856389874395,5910.52978515625
2017-10-19,5910.52978515625,5934.6767578125,5903.865234375,5927.73193359375,74254100.0,5922.210415427384,5932.17724609375,5920.244563802084,5895.811669921875,51.64838760227088,15.473537347588717,15.821558588512904,5929.548828125
2017-10-20,5929.548828125,5959.578125,5918.5322265625,5923.078125,63590000.0,5923.678097966907,5933.26220703125,5922.157552083333,5899.0529296875,55.15533969056516,15.164612953741198,15.690169461558565,5950.02587890625
2017-10-23,5950.02587890625,5965.98681640625,5945.3291015625,5946.15478515625,77697000.0,5928.947654154776,5933.3271484375,5924.557291666667,5902.149820963542,58.63410202303861,16.383258998618658,15.828787368970584,5952.076171875
2017-10-24,5952.076171875,5974.2001953125,5949.328125,5955.26513671875,80765300.0,5933.5733576988205,5934.2763671875,5925.398828125,5904.822998046875,58.977242592353946,17.314890991416178,16.126008093459703,6025.43408203125
2017-10-25,6025.43408203125,6025.43408203125,5961.7470703125,5962.0322265625,63953500.0,5951.945502565307,5953.52294921875,5930.329427083333,5909.92490234375,68.91340146743264,23.69939446272292,17.640685367312347,5995.84716796875
2017-10-26,5995.84716796875,6042.44921875,5995.84716796875,6018.27099609375,59713900.0,5960.725835645996,5970.58642578125,5936.5921875,5914.928678385417,62.35357378143049,26.0712100838291,19.3267903106157,5975.28076171875
2017-10-27,5975.28076171875,6020.2919921875,5969.77978515625,5998.1728515625,48687400.0,5963.636820860547,5979.7328125,5941.252376302084,5919.037972005209,58.20594826957423,25.991737378612925,20.659779724215145,5974.0771484375
2017-10-30,5974.0771484375,6008.630859375,5969.2109375,5990.19482421875,58489300.0,5965.724886375938,5984.54306640625,5945.1953125,5922.427473958333,57.96295070693122,25.537255568573528,21.635274893086823,6005.7841796875
2017-10-31,6005.7841796875,6034.6181640625,5989.85888671875,6034.3818359375,54137200.0,5973.73674503825,5995.28466796875,5951.863444010417,5926.466585286458,62.41447238214024,27.41949304710579,22.792118523890615,6038.14599609375
2017-11-01,6038.14599609375,6038.990234375,6008.369140625,6017.0419921875,54590800.0,5986.61859524935,5997.82705078125,5962.220703125,5931.02724609375,66.333159767432,31.163277074977486,24.466350234107992,6031.10693359375
2017-11-02,6031.10693359375,6082.22802734375,6031.10693359375,6052.02880859375,54973300.0,5995.5162629182305,6004.87900390625,5969.214225260416,5935.178369140625,64.75177247826952,33.179783483425126,26.209036883971418,6039.541015625
2017-11-03,6039.541015625,6046.26220703125,5989.67919921875,6044.7939453125,46256000.0,6004.321213459584,6017.7310546875,5976.90869140625,5939.439469401042,65.80372007232236,35.054354495573534,27.978100406291844,6050.8232421875
2017-11-06,6050.8232421875,6062.06494140625,6025.0732421875,6031.51806640625,60106200.0,6013.621619205167,6033.0802734375,5983.650162760417,5944.646516927083,67.2133202305283,37.02356234203671,29.78719279344082,6060.453125
2017-11-07,6060.453125,6065.28515625,6047.26513671875,6055.74609375,48839400.0,6022.987920364134,6044.0140625,5991.19169921875,5951.196223958334,68.41026451293607,38.91266384391565,31.612287003535787,6049.3837890625
2017-11-08,6049.3837890625,6069.76513671875,6033.55322265625,6052.98779296875,69448300.0,6028.267094103807,6046.26162109375,5999.203873697917,5957.408121744792,65.45234106944697,39.06625601312044,33.10308080545272,6042.4599609375
2017-11-09,6042.4599609375,6071.541015625,6039.85986328125,6055.548828125,55020000.0,6031.105667470545,6048.5322265625,6007.99921875,5964.121891276041,63.59995352466968,38.18906408998282,34.12027746235874,6021.828125
2017-11-10,6021.828125,6054.5341796875,6020.455078125,6044.2822265625,52158500.0,6029.250158976437,6044.9896484375,6014.151171875,5968.154361979166,58.3047027386297,35.42075798892074,34.38037356767114,6021.4560546875
2017-11-13,6021.4560546875,6045.48583984375,6016.98681640625,6020.7490234375,52371100.0,6027.69133811865,6039.1162109375,6018.91318359375,5971.735237630209,58.21057806703818,32.818521013144164,34.06800305676575,5988.2919921875
2017-11-14,5988.2919921875,6039.296875,5988.2919921875,6019.10595703125,61832000.0,6019.81146893242,6024.683984375,6021.327571614584,5973.363199869792,50.40039493486212,27.760164880975026,32.8064354216076,5972.31103515625
2017-11-15,5972.31103515625,6012.658203125,5972.31103515625,6001.91796875,71148600.0,6010.311382177186,6009.26943359375,6017.78603515625,5974.057731119791,47.11958900592828,22.205876012754743,30.68632353983703,6037.9072265625
2017-11-16,6037.9072265625,6054.2412109375,5984.7041015625,5985.6259765625,53679500.0,6015.83055105425,6008.35888671875,6020.5900390625,5978.59111328125,58.93563635767417,22.833911387579064,29.11584110938544,6051.73193359375
2017-11-17,6051.73193359375,6092.35205078125,6049.95703125,6052.51123046875,50404200.0,6023.01082756215,6014.3396484375,6025.686783854167,5983.469580078125,60.91770831927442,24.168572012655204,28.126387290039393,6053.2822265625
2017-11-20,6053.2822265625,6098.77880859375,6053.2822265625,6066.7470703125,52184800.0,6029.06510736222,6020.7048828125,6030.967122395833,5988.081217447917,61.1442002309675,25.062491063850757,27.513608044801668,6031.86181640625
2017-11-21,6031.86181640625,6076.22705078125,6008.68505859375,6062.23388671875,55320400.0,6029.624449171026,6029.41884765625,6032.705631510416,5992.284537760416,56.29015510386936,23.76849189134009,26.764584814109355,6069.78515625
2017-11-22,6069.78515625,6071.33984375,6038.73681640625,6039.0859375,63604500.0,6037.656590586821,6048.913671875,6034.814908854167,5998.517805989583,62.036345730227794,25.509032562620632,26.513474363811614,6063.2451171875
2017-11-23,6063.2451171875,6090.64306640625,6056.125,6081.4189453125,64708300.0,6042.7742959069565,6053.98125,6036.957454427084,6003.08583984375,60.55781814674943,26.060290285132396,26.422837548075773,6067.14208984375
2017-11-24,6067.14208984375,6069.85400390625,6035.2529296875,6064.6728515625,55260100.0,6047.647854694315,6057.06328125,6038.797526041667,6007.853108723958,61.15195176546054,26.50607360970571,26.43948476040176,6064.5888671875
2017-11-27,6064.5888671875,6072.48681640625,6035.923828125,6059.7080078125,58933800.0,6051.036057192952,6059.324609375,6039.715234375,6011.682698567708,60.50883768050242,26.34959465085467,26.421506738492344,6070.7158203125
2017-11-28,6070.7158203125,6070.7158203125,6015.908203125,6055.10009765625,64775900.0,6054.972009816862,6067.09541015625,6040.3994140625,6015.795556640625,61.55373216586242,26.41547668849853,26.420300728493583,6061.3671875
2017-11-29,6061.3671875,6073.89892578125,6045.3369140625,6066.43115234375,62226800.0,6056.25104535349,6065.41181640625,6041.198307291666,6020.201090494792,58.98905792879107,25.420302713706405,26.22030112553615,5952.13818359375
2017-11-30,5952.13818359375,6058.59521484375,5952.13818359375,6053.02587890625,92104400.0,6035.428473001542,6043.1904296875,6035.17685546875,6021.588037109375,38.69995537802693,15.637493131661358,24.103739526761192,5952.13818359375
2017-12-01,5952.13818359375,6058.59521484375,5952.13818359375,6053.02587890625,0.0,6018.770415119984,6020.1896484375,6030.530859375,6022.341015625,38.69995537802693,7.794693679840748,20.8419303573771,5998.19482421875
2017-12-04,5998.19482421875,6031.921875,5994.34814453125,6014.06201171875,64002400.0,6014.655296939737,6006.91083984375,6028.980110677084,6023.946647135416,47.52587961387642,5.235255826650246,17.72059545123173,6000.47412109375
2017-12-05,6000.47412109375,6026.412109375,5979.47998046875,6021.0849609375,65146500.0,6011.81906177054,5992.8625,6029.792252604167,6025.559912109375,47.9254727881657,3.3521614664405206,14.84690865427349,6035.5078125
2017-12-06,6035.5078125,6044.3349609375,6001.0859375,6002.5400390625,49403800.0,6016.556811916433,5987.690625,6034.00537109375,6025.895703125,53.754690462225625,4.633311792513268,12.804189281921445,6006.8349609375
2017-12-07,6006.8349609375,6039.294921875,6006.8349609375,6032.05419921875,48461900.0,6014.6124417206465,5998.62998046875,6031.93388671875,6026.261962890625,48.92736647744148,3.296967771857453,10.902744979908647,6030.9580078125
2017-12-08,6030.9580078125,6041.1328125,6013.75,6017.962890625,51772100.0,6017.881554939017,6014.3939453125,6030.548958333334,6028.11787109375,52.77020471030639,4.136747930638194,9.549545570054557,6026.6328125
2017-12-11,6026.6328125,6052.51513671875,6024.037109375,6043.34521484375,55665900.0,6019.631806451214,6020.08154296875,6028.772330729166,6029.8697265625,52.01450961238284,4.402523096428922,8.52014107532943,6032.37109375
2017-12-12,6032.37109375,6042.0029296875,6012.98095703125,6038.43212890625,52951400.0,6022.1796639109725,6026.4609375,6028.806282552084,6030.75595703125,52.976636402124505,5.018334928925469,7.819779846048638,6054.60400390625
2017-12-13,6054.60400390625,6054.60400390625,6020.10888671875,6027.44091796875,54220300.0,6028.664531910029,6030.28017578125,6027.794205729167,6031.304557291666,56.606931257938896,7.217185067374885,7.699260890313887,6113.65283203125
2017-12-14,6113.65283203125,6117.1259765625,6061.0859375,6065.30810546875,65223300.0,6045.662191934274,6051.64375,6031.154720052084,6034.056087239584,64.45564515629412,13.5681316067039,8.87303503359189,6119.4189453125
2017-12-15,6119.4189453125,6119.4189453125,6075.88720703125,6098.8349609375,54744800.0,6060.413542609919,6069.3359375,6034.63984375,6036.718684895834,65.11911651731563,18.84929668865061,10.868287364603635,6133.962890625
2017-12-18,6133.962890625,6133.962890625,6080.15380859375,6111.68408203125,49833300.0,6075.123412212935,6090.801953125,6039.264778645834,6039.490006510417,66.80234362434183,23.93235560469384,13.481101012621675,6167.666015625
2017-12-19,6167.666015625,6176.4501953125,6110.28076171875,6113.091796875,54873700.0,6093.631932895349,6117.8609375,6045.728125,6043.06376953125,70.37056090198271,30.330644150257285,16.8510096401488,6109.48193359375
2017-12-20,6109.48193359375,6167.43310546875,6088.56201171875,6165.60400390625,57345000.0,6096.80193303503,6128.8365234375,6048.935774739583,6045.067041015625,58.65040067532409,30.356434681750216,19.552094648469083,6183.39111328125
2017-12-21,6183.39111328125,6183.39111328125,6126.7861328125,6129.533203125,50733000.0,6114.119769084274,6142.7841796875,6064.35263671875,6049.76474609375,66.32317687554124,35.92658764096177,22.82699324696762,6221.01318359375
2017-12-22,6221.01318359375,6221.01318359375,6167.0380859375,6181.85986328125,43710700.0,6135.498451986169,6163.10302734375,6082.27763671875,6056.404248046875,69.43252782244423,42.882438586743774,26.838082314922854,6277.1650390625
2017-12-27,6277.1650390625,6277.1650390625,6214.2587890625,6214.2587890625,43398400.0,6163.831769401436,6191.74345703125,6100.875651041667,6064.927880859375,73.38264222094685,52.322840891210944,31.935034030180475,6314.0458984375
2017-12-28,6314.0458984375,6314.0458984375,6259.60791015625,6282.44091796875,57218200.0,6193.874595208648,6221.01943359375,6121.780436197917,6075.786344401042,75.611850278945,62.06495864808858,37.96101895376209,6355.65380859375
2017-12-29,6355.65380859375,6368.32177734375,6321.0927734375,6325.62109375,63985200.0,6226.23043788567,6270.25380859375,6143.123502604167,6088.564436848958,77.86422172119222,72.30952854245788,44.830720871501256,6339.23779296875
2018-01-02,6339.23779296875,6445.91015625,6326.0927734375,6366.0830078125,52168200.0,6248.831908902286,6301.42314453125,6165.28369140625,6098.6087890625,74.92413959873838,78.20232104753359,51.50504090670773,6251.47900390625
2018-01-03,6251.47900390625,6342.19091796875,6220.69482421875,6341.27099609375,48866400.0,6249.36132790308,6307.51630859375,6179.985091145833,6105.267024739584,61.54516059669959,74.9272856086618,56.18948984709854,6292.32080078125
2018-01-04,6292.32080078125,6292.32080078125,6233.93701171875,6257.716796875,57864900.0,6257.9532224787135,6310.5474609375,6197.697623697916,6113.234977213541,64.70398700964276,74.76553752996006,59.904699383670845,6353.73779296875
2018-01-05,6353.73779296875,6353.73779296875,6278.72412109375,6279.45703125,74223700.0,6277.110136576721,6318.48583984375,6219.1220703125,6123.964176432291,68.84806712782544,78.6861441096953,63.66098832887574,6385.40380859375
2018-01-08,6385.40380859375,6385.40380859375,6349.0419921875,6354.36181640625,66702400.0,6298.768870980127,6324.43583984375,6241.175390625,6134.484798177084,70.75462193348602,83.3872001509726,67.60623069329512,6373.14404296875
2018-01-09,6373.14404296875,6402.744140625,6351.23291015625,6393.8740234375,66932000.0,6313.643905377852,6331.21708984375,6258.4748046875,6144.814762369791,68.99406743312187,85.14209523144928,71.11340360092595,6371.173828125
2018-01-10,6371.173828125,6412.02880859375,6355.21923828125,6380.91796875,70066900.0,6325.149889927283,6355.1560546875,6275.258463541667,6154.949153645834,68.69822784066501,85.38956460632198,73.96863580200515,6386.3388671875
2018-01-11,6386.3388671875,6386.3388671875,6344.0400390625,6375.03076171875,117346700.0,6337.387685379327,6373.95966796875,6292.083528645833,6165.674153645833,69.77261247976598,85.82009712317267,76.33892806623867,6370.06494140625
2018-01-12,6370.06494140625,6409.1748046875,6359.83203125,6391.466796875,86340200.0,6343.923136584712,6377.22509765625,6305.576790364584,6175.652457682291,67.11056828107908,83.88119721367548,77.84738189572603,6382.19482421875
2018-01-15,6382.19482421875,6390.88916015625,6361.60986328125,6379.0732421875,73531200.0,6351.57747411152,6376.58330078125,6323.757649739583,6186.346712239583,68.08788389731701,82.37383098798728,78.75267171417829,6429.69189453125
2018-01-16,6429.69189453125,6429.69189453125,6381.31005859375,6386.216796875,81954500.0,6367.200358195467,6387.89287109375,6340.177701822917,6202.265169270833,71.64139904463494,84.04305301856766,79.81074797505616,6444.51806640625
2018-01-17,6444.51806640625,6452.5068359375,6420.06005859375,6429.77294921875,86927700.0,6382.663899837624,6402.56171875,6355.07802734375,6218.67783203125,72.66463169294796,85.57580703234362,80.96375978651366,6472.666015625
2018-01-18,6472.666015625,6483.26904296875,6452.05419921875,6456.89892578125,111698100.0,6400.6643229951,6419.8271484375,6368.11142578125,6234.493538411459,74.5426716301894,88.04688026249733,82.3803838817104,6490.89599609375
2018-01-19,6490.89599609375,6490.89599609375,6443.009765625,6483.8330078125,70168900.0,6418.71065761483,6443.993359375,6379.901432291666,6250.840934244791,75.70676898308768,90.43376650286064,83.99106040594044,6500.52880859375
2018-01-22,6500.52880859375,6529.201171875,6484.12109375,6495.3837890625,87812600.0,6435.074287810614,6467.66015625,6389.559765625,6266.341634114583,76.32287718590618,92.04167932362543,85.60118418947745,6635.333984375
2018-01-23,6635.333984375,6635.333984375,6537.078125,6538.01318359375,85330100.0,6475.126227123492,6508.78857421875,6409.29951171875,6287.2916015625,82.87018246695915,103.00622129026578,89.08219160963512,6615.4921875
2018-01-24,6615.4921875,6641.1728515625,6588.625,6635.7587890625,116046200.0,6503.199419198793,6542.9833984375,6433.567057291667,6306.77607421875,79.39033341299805,108.8399929232146,93.03375187235102,6615.328125
2018-01-25,6615.328125,6636.5859375,6581.6728515625,6629.3681640625,121967500.0,6525.625160359035,6571.5158203125,6455.10087890625,6326.399251302083,79.36065911962214,112.15718231742449,96.85843796136572,6660.6181640625
2018-01-26,6660.6181640625,6677.3662109375,6615.8662109375,6616.1259765625,102507800.0,6552.623761099729,6605.46025390625,6475.5595703125,6347.3408203125,81.42473574014082,117.09085595813212,100.90492156071902,6680.619140625
2018-01-29,6680.619140625,6686.34716796875,6634.88818359375,6672.990234375,99262500.0,6578.222837004783,6641.4783203125,6495.240592447916,6368.207991536458,82.26810604452238,121.21742054819606,104.96742135821444,6575.4921875
2018-01-30,6575.4921875,6675.759765625,6546.64599609375,6666.8271484375,99970800.0,6577.676707103827,6629.5099609375,6508.73046875,6383.60263671875,65.44804577645505,114.6828931766131,106.91051572189417,6605.630859375
2018-01-31,6605.630859375,6627.8349609375,6522.6611328125,6547.98681640625,113846700.0,6583.267537558062,6627.5376953125,6524.3609375,6399.809700520834,67.49958431740043,110.6605462039879,107.66052181831293,6598.458984375
2018-02-01,6598.458984375,6658.876953125,6598.458984375,6625.35400390625,119722100.0,6586.305826921451,6624.1638671875,6538.502278645833,6415.292903645834,66.48790470974262,105.67593052795382,107.26360356024111,6628.81982421875
2018-02-02,6628.81982421875,6655.61279296875,6621.44287109375,6638.1630859375,88106200.0,6594.808626380911,6617.80419921875,6555.752604166667,6430.664697265625,68.63130877330828,102.98826808522881,106.40853646523865,6589.6748046875
2018-02-05,6589.6748046875,6612.451171875,6522.544921875,6556.67919921875,97541600.0,6593.7818620422295,6599.61533203125,6569.584602864584,6446.671126302083,63.03346154898992,96.5862145497149,104.4440720821339,6478.54296875
2018-02-06,6478.54296875,6519.291015625,6426.76416015625,6505.19287109375,139033900.0,6570.734083383784,6580.22548828125,6572.841341145833,6456.509521484375,50.45216899985921,81.60444535679471,99.87614673706608,6534.869140625
2018-02-07,6534.869140625,6582.51123046875,6512.07177734375,6525.56298828125,117224500.0,6563.561094832028,6566.07314453125,6578.86474609375,6466.97138671875,55.31988079575618,73.42988268733552,94.58689392711997,6544.6337890625
2018-02-08,6544.6337890625,6549.17919921875,6519.09423828125,6543.625,106322700.0,6559.775633678123,6555.30810546875,6583.66259765625,6475.88701171875,56.12461454116901,66.96744932949969,89.06300500759592,6505.52294921875
2018-02-09,6505.52294921875,6505.52294921875,6460.64306640625,6491.2861328125,95625500.0,6548.925096786248,6530.64873046875,6584.637727864583,6482.269580078125,52.078643524375494,58.021174439619244,82.85463889400059,6523.4541015625
2018-02-12,6523.4541015625,6531.56005859375,6498.68798828125,6508.0517578125,118793800.0,6543.830897741499,6517.40458984375,6586.166080729166,6487.862923177084,53.72568720047584,51.78118006112709,76.6399471274259,6578.17822265625
2018-02-13,6578.17822265625,6595.89599609375,6544.671875,6545.0,102882100.0,6550.70036272445,6537.331640625,6582.355696614583,6495.827604166667,58.422367971942734,50.66765361182661,71.44548842430603,6594.40087890625
2018-02-14,6594.40087890625,6599.31103515625,6572.4990234375,6577.11083984375,77060800.0,6559.440465960811,6549.23798828125,6580.949609375,6507.258333333333,59.7273051661957,50.51193847505874,67.25877843445659,6591.58203125
2018-02-15,6591.58203125,6624.626953125,6583.18603515625,6615.90380859375,85432100.0,6565.868779018649,6558.62763671875,6579.366536458333,6517.233707682291,59.37857145914704,49.5894394696852,63.72491064150231,6689.287109375
2018-02-19,6689.287109375,6689.287109375,6607.9072265625,6610.73291015625,96729300.0,6590.552445089919,6595.38046875,6581.277799479167,6528.418684895833,66.64762662268349,56.09569930770067,62.19906837474199,6662.8759765625
2018-02-20,6662.8759765625,6693.4658203125,6625.7421875,6687.23095703125,129364100.0,6605.017151384436,6623.26484375,6580.094921875,6537.667757161458,63.34767171129924,58.44705810961932,61.44866632171746,6643.39990234375
2018-02-21,6643.39990234375,6665.89306640625,6614.23388671875,6649.17919921875,179201300.0,6612.693701576299,6636.3091796875,6584.622102864583,6546.676285807292,60.9510282574303,58.069580502680765,60.77284915791012,6593.06005859375
2018-02-22,6593.06005859375,6648.751953125,6586.31103515625,6646.34716796875,107066100.0,6608.76697297979,6636.041015625,6583.784049479166,6554.072493489583,55.14385212444101,53.09636030633101,59.2375513875943,6619.80419921875
2018-02-23,6619.80419921875,6659.26123046875,6608.5341796875,6608.5341796875,93737300.0,6610.974418227583,6641.68544921875,6585.207063802083,6561.854671223959,57.462614385609996,50.728311708832734,57.53570345184199,6554.6728515625
2018-02-26,6554.6728515625,6624.02001953125,6554.6728515625,6615.3740234375,97778800.0,6599.714104894567,6614.76259765625,6580.263932291667,6568.008268229167,50.60220835922941,43.099239499368196,54.648410661347235,6598.92578125
2018-02-27,6598.92578125,6598.92578125,6562.83984375,6573.69580078125,107099600.0,6599.556440165654,6601.97255859375,6580.8806640625,6575.232633463542,54.57079799063999,40.16103498554912,51.75093552618762,6597.2177734375
2018-02-28,6597.2177734375,6609.40380859375,6564.48193359375,6595.85986328125,97106200.0,6599.088706820024,6592.7361328125,6588.792317708333,6580.816829427084,54.38917382598187,37.26509595423158,48.853767611796414,6606.05322265625
2018-03-01,6606.05322265625,6630.12890625,6596.8720703125,6605.31396484375,92351900.0,6600.48160998727,6595.334765625,6593.537923177083,6586.201334635417,55.219456830259695,35.276346554504926,46.138283400338125,6582.31591796875
2018-03-02,6582.31591796875,6597.7099609375,6561.044921875,6597.7099609375,82306900.0,6596.848471583566,6587.837109375,6596.050065104167,6589.856331380209,52.45667602927033,31.422625749966755,43.19515187026385,6550.5927734375
2018-03-05,6550.5927734375,6607.1650390625,6543.6611328125,6594.51611328125,77760400.0,6587.597331954354,6587.02109375,6599.054720052083,6591.846223958333,48.93307811962226,25.51461500602727,39.65904449741654,6500.11083984375
2018-03-06,6500.11083984375,6589.72119140625,6492.951171875,6577.17919921875,77769000.0,6570.100033532233,6567.25810546875,6597.498502604167,6591.832291666667,43.8816626997661,16.56801798257311,35.040839194447855,6368.26708984375
2018-03-07,6368.26708984375,6516.88818359375,6346.6650390625,6500.9638671875,108599800.0,6529.733444794538,6521.46796875,6583.504427083333,6582.930061848959,34.00761934267243,-1.1476835940093224,27.803134636756422,6443.02099609375
2018-03-08,6443.02099609375,6443.05908203125,6371.97216796875,6410.708984375,87324300.0,6512.39095505438,6488.8615234375,6573.412434895833,6577.181022135416,41.97936542931977,-9.051153178578716,20.432277073689395,6433.32177734375
2018-03-09,6433.32177734375,6459.03076171875,6382.89306640625,6448.19384765625,73609100.0,6496.577119512254,6459.0626953125,6562.861751302084,6571.114143880209,41.28255636711883,-15.91391001060856,13.163039656829806,6500.68603515625
2018-03-12,6500.68603515625,6500.68603515625,6459.32080078125,6459.32080078125,76177600.0,6497.398902641054,6449.08134765625,6550.288346354167,6565.783072916666,47.76736699310522,-15.735571748544317,7.383317375754983,6412.84619140625
2018-03-13,6412.84619140625,6501.130859375,6399.39111328125,6497.4638671875,82608900.0,6480.488360394093,6431.62841796875,6533.619694010416,6556.857307942709,41.35389390950153,-22.423692306773773,1.421915439249232,6382.623046875
2018-03-14,6382.623046875,6412.74609375,6363.630859375,6410.88818359375,86246600.0,6460.915297690275,6434.499609375,6516.2345703125,6550.428336588541,39.394033241456434,-29.819095244553864,-4.826286697511388,6321.90380859375
2018-03-15,6321.90380859375,6372.091796875,6316.2099609375,6366.93017578125,82187500.0,6433.112999870971,6410.276171875,6498.157486979167,6540.970768229166,35.73035389810559,-40.117095525995865,-11.884448463208283,6304.9521484375
2018-03-16,6304.9521484375,6328.7890625,6236.23876953125,6323.4130859375,88297100.0,6407.480829584278,6384.60224609375,6477.167350260416,6531.18720703125,34.75846155531866,-49.0804236731974,-19.323643505206107,6289.57177734375
2018-03-19,6289.57177734375,6319.65185546875,6277.7587890625,6315.33203125,77658600.0,6383.899019136173,6342.37939453125,6459.4939453125,6519.878938802083,33.8585729496111,-56.77057733819038,-26.813030271802962,6243.5771484375
2018-03-20,6243.5771484375,6271.716796875,6207.16796875,6266.5810546875,76662600.0,6355.834644996439,6308.5255859375,6435.804036458333,6508.342350260416,31.252769225007796,-65.81775556581215,-34.6139753306048,6312.8310546875
2018-03-21,6312.8310546875,6315.06689453125,6260.06689453125,6260.18505859375,89583500.0,6347.233926934651,6294.5671875,6416.844921875,6502.818619791667,38.88017719146028,-66.63141258955329,-41.0174627823945,6254.07421875
2018-03-22,6254.07421875,6351.30810546875,6252.97509765625,6331.97998046875,77992400.0,6328.6019852977215,6281.00126953125,6393.379654947917,6493.4587890625,35.30156575775575,-71.19671583006675,-47.05331339192895,6210.6982421875
2018-03-23,6210.6982421875,6210.6982421875,6085.205078125,6138.10888671875,75539100.0,6305.021236675678,6262.15048828125,6368.605143229167,6482.327604166667,32.89451450013253,-77.4223536408108,-53.12712144170532,6200.171875
2018-03-26,6200.171875,6205.5732421875,6167.3388671875,6178.72802734375,62145400.0,6284.051364340543,6244.2705078125,6345.24375,6472.149235026041,32.318600222101864,-82.25739428081397,-58.953176009527056,6209.35009765625
2018-03-27,6209.35009765625,6274.298828125,6188.60791015625,6246.22802734375,70878900.0,6269.111111003685,6237.42509765625,6325.859700520833,6461.6791015625,33.41327912968994,-84.37595942184726,-64.0377326919911,6140.8369140625
2018-03-28,6140.8369140625,6197.005859375,6116.88720703125,6195.47705078125,61446800.0,6243.456271615449,6203.02626953125,6310.697688802084,6447.101057942708,29.56869148067861,-90.53969365752255,-69.33812488509739,6188.98681640625
2018-03-29,6188.98681640625,6188.98681640625,6101.76513671875,6153.64501953125,59162000.0,6232.5623805736095,6190.0087890625,6293.762076822916,6433.587255859375,35.21077365776951,-90.49602093545855,-73.56970409516963,6240.57080078125
2018-04-02,6240.57080078125,6240.57080078125,6168.373046875,6194.51318359375,58966000.0,6234.164064615138,6195.98330078125,6280.91201171875,6421.886881510417,40.69215423689421,-85.31554901292475,-75.91887307872065,6229.01318359375
2018-04-03,6229.01318359375,6234.56884765625,6202.12890625,6212.76708984375,61788600.0,6233.133888410861,6201.7515625,6262.80048828125,6406.544417317708,39.87808827191344,-81.20649290609072,-76.97639704419467,6157.09619140625
2018-04-04,6157.09619140625,6250.14208984375,6137.162109375,6240.98388671875,72730600.0,6217.926349009939,6191.30078125,6245.75048828125,6389.685091145833,35.16402517306501,-82.7986848726041,-78.14085460987656,6183.22705078125
2018-04-05,6183.22705078125,6211.87109375,6176.7041015625,6194.10107421875,62063900.0,6210.9864893642025,6199.77880859375,6232.457421875,6374.34599609375,38.030486005020876,-81.01804096605338,-78.71629188111191,6175.0517578125
2018-04-06,6175.0517578125,6192.4228515625,6165.205078125,6184.8701171875,59659700.0,6203.799543053863,6196.991796875,6222.66728515625,6360.412386067708,37.472305459202765,-79.35182719100976,-78.84339894309149,6246.130859375
2018-04-09,6246.130859375,6246.130859375,6178.1767578125,6179.380859375,64251100.0,6212.265806318092,6198.10380859375,6218.745865885417,6347.956608072916,45.026979163348,-71.4719669612341,-77.36911254672002,6325.81787109375
2018-04-10,6325.81787109375,6334.47021484375,6243.0,6244.35205078125,63897300.0,6234.976219273223,6217.46474609375,6221.162272135417,6340.328108723958,52.02518762215461,-58.12699328841882,-73.52068869505977,6360.93212890625
2018-04-11,6360.93212890625,6380.35400390625,6349.64208984375,6352.60498046875,72747400.0,6260.167401199829,6258.23193359375,6228.9859375,6332.394986979167,54.75829605114537,-44.20797633135862,-67.65814622231954,6310.8017578125
2018-04-12,6310.8017578125,6356.14599609375,6289.86376953125,6351.046875,65143600.0,6270.294272522364,6283.746875,6228.850651041666,6322.847786458334,50.34837192187164,-36.7979729755416,-61.48611157296396,6270.3271484375
2018-04-13,6270.3271484375,6335.205078125,6270.3271484375,6322.94677734375,55764300.0,6270.300847705392,6302.801953125,6229.9341796875,6311.656917317709,47.05349278211765,-33.80180843921244,-55.94925094621366,6286.748046875
2018-04-16,6286.748046875,6305.03076171875,6262.23876953125,6279.6328125,56984800.0,6273.590287539314,6310.925390625,6235.004166666667,6301.804654947917,48.5252864429157,-29.759251067423975,-50.71125097045573,6285.76220703125
2018-04-17,6285.76220703125,6303.97119140625,6259.5927734375,6290.86376953125,89647000.0,6276.024671437701,6302.9142578125,6240.710188802083,6292.976969401042,48.43823178199834,-26.331510993672964,-45.83530297509918,6320.0048828125
2018-04-18,6320.0048828125,6320.0048828125,6297.94677734375,6302.97900390625,79669800.0,6284.820713712661,6294.72880859375,6248.087174479167,6286.9734375,51.68080381137875,-20.61427599045055,-40.791097578169456,6355.90087890625
2018-04-19,6355.90087890625,6355.90087890625,6319.576171875,6321.22412109375,75020900.0,6299.036746751379,6303.7486328125,6262.424772135417,6286.56123046875,54.883806335215496,-13.03654202898906,-35.24018646833338,6337.69482421875
2018-04-20,6337.69482421875,6360.31591796875,6314.2021484375,6355.99609375,60183000.0,6306.768362244854,6317.22216796875,6272.338639322917,6283.050358072916,52.96606595074618,-8.403341241902126,-29.872817423047128,6308.14794921875
2018-04-23,6308.14794921875,6335.44921875,6298.37890625,6328.64599609375,62110600.0,6307.044279639634,6321.5021484375,6276.843782552083,6278.877897135417,49.91761102123815,-7.034591722195728,-25.30517228287685,6229.634765625
2018-04-24,6229.634765625,6316.703125,6225.5478515625,6313.72314453125,58631000.0,6291.562376836708,6310.27666015625,6276.885221354167,6269.842854817708,42.85871306248842,-12.145203277229484,-22.673178481747378,6079.85009765625
2018-04-25,6079.85009765625,6220.0380859375,6070.7900390625,6219.76416015625,58356100.0,6249.2199210006165,6262.245703125,6271.735481770834,6258.742985026041,33.21013682085744,-27.95947127623458,-23.73043704064482,5909.1982421875
2018-04-26,5909.1982421875,6089.09521484375,5894.15478515625,6080.3837890625,67664100.0,6181.215585237994,6172.90517578125,6253.46689453125,6242.962158203125,26.02230111568575,-53.64419426126733,-29.713188484769322,5919.23779296875
2018-04-27,5919.23779296875,5997.5009765625,5885.341796875,5968.876953125,55164900.0,6128.820026784146,6089.21376953125,6236.412630208333,6229.539957682292,27.022995492293376,-72.35534703039502,-38.24162019389446,5994.59521484375
2018-04-30,5994.59521484375,6005.87890625,5936.52685546875,5937.0751953125,59188600.0,6101.975064396067,6026.50322265625,6219.643587239583,6219.1947265625,34.21610481541771,-80.17910147737075,-46.62911645058972,6012.23779296875
2018-05-02,6012.23779296875,6012.93896484375,5970.39892578125,5999.36181640625,67805700.0,6084.027610110604,5983.023828125,6198.738248697917,6209.950260416666,35.8112859464846,-83.98771651870629,-54.10083646421303,5858.73193359375
2018-05-03,5858.73193359375,5996.48583984375,5858.73193359375,5990.1611328125,61109700.0,6038.968474807233,5938.8001953125,6165.258235677084,6197.122086588542,29.18092633079509,-98.26003085714638,-62.932675342799705,5792.34521484375
2018-05-04,5792.34521484375,5855.10595703125,5768.3837890625,5849.30908203125,52388700.0,5989.643822814536,5915.42958984375,6130.694466145834,6179.77255859375,26.86440981208125,-113.61807770797896,-73.06975581583555,5885.09814453125
2018-05-07,5885.09814453125,5885.09814453125,5808.18896484375,5814.9560546875,52856100.0,5968.734687157879,5908.60166015625,6105.012532552083,6167.473356119792,34.66798302617846,-116.95684848261499,-81.84717434919145,5774.7158203125
2018-05-08,5774.7158203125,5866.0791015625,5752.80078125,5862.77978515625,57813800.0,5929.930913788803,5864.62578125,6070.87705078125,6152.940608723959,30.49750673628138,-127.04528052597561,-90.88679558454828,5907.93798828125
2018-05-09,5907.93798828125,5917.81689453125,5716.64599609375,5734.18017578125,66282300.0,5925.532328687293,5843.7658203125,6045.68876953125,6143.199479166667,39.895323837234685,-122.8741038498938,-97.28425723761738,5956.83203125
2018-05-11,5956.83203125,6023.041015625,5921.19384765625,5923.0927734375,66776200.0,5931.792269199835,5863.38583984375,6021.47724609375,6134.782210286458,42.944538258473195,-114.3054337517533,-100.68849254044457,5947.15478515625
2018-05-14,5947.15478515625,5947.15478515625,5853.43896484375,5933.4609375,56191400.0,5934.864772391118,5894.34775390625,5994.227506510417,6128.326139322917,42.48513169958304,-107.06143625497134,-101.96308128334994,5838.1162109375
2018-05-15,5838.1162109375,5940.421875,5833.634765625,5926.0771484375,64487000.0,5915.515060100395,5884.9513671875,5960.922265625,6116.630452473958,37.60384248077146,-108.86410013386103,-103.34328505345216,5841.4638671875
2018-05-16,5841.4638671875,5841.4638671875,5738.578125,5780.8779296875,62283300.0,5900.7048215178165,5898.3009765625,5929.809993489584,6103.326888020833,37.839974094137865,-108.76877760155003,-104.42838356307175,5815.919921875
2018-05-17,5815.919921875,5898.2978515625,5815.919921875,5854.869140625,67370600.0,5883.747841589254,5879.89736328125,5902.22900390625,6089.557112630208,36.69872851334364,-109.49225811994984,-105.44115847444738,5783.31005859375
2018-05-18,5783.31005859375,5843.451171875,5783.31005859375,5831.0517578125,55495900.0,5863.660284990154,5845.19296875,5882.45966796875,6077.097574869792,35.23762626471364,-111.41266917965186,-106.63546061548828,5733.85400390625
2018-05-21,5733.85400390625,5786.39111328125,5719.47509765625,5779.2421875,63717500.0,5837.699028773373,5802.5328125,5870.770052083333,6062.118473307291,33.086175862850624,-115.59281703135912,-108.42693189866245,5751.119140625
2018-05-22,5751.119140625,5813.42919921875,5751.119140625,5767.6279296875,67420300.0,5820.383051143699,5785.1333984375,5859.562141927084,6047.987386067708,34.587656173657365,-116.17328872072994,-109.97620326307596,5792.0009765625
2018-05-23,5792.0009765625,5850.5390625,5764.31201171875,5764.4189453125,60646300.0,5814.706636227459,5775.2408203125,5846.055859375,6032.849723307291,38.12798116305291,-112.0429330325369,-110.38954921696816,5946.5380859375
2018-05-24,5946.5380859375,5954.30810546875,5833.35302734375,5833.6162109375,71497000.0,5841.072926169468,5801.364453125,5841.67587890625,6020.207063802083,49.29887854042768,-95.2023102152043,-107.3521014166154,5975.7421875
2018-05-25,5975.7421875,6003.244140625,5949.52197265625,5957.42578125,58672900.0,5868.006778435574,5839.85087890625,5849.4765625,6007.367399088542,51.095826291726176,-78.5934915275202,-101.60037943879635,6068.3251953125
2018-05-28,6068.3251953125,6080.5068359375,5977.00390625,5979.6201171875,66767100.0,5908.070461810959,5906.7451171875,5867.875227864583,5999.284847005209,56.37456075150544,-57.299692883721946,-92.74024212778149,6011.05517578125
2018-05-30,6011.05517578125,6095.828125,6001.8017578125,6037.43408203125,76998100.0,5928.6674046050175,5958.73232421875,5876.27236328125,5990.642447916666,52.59282549334573,-44.53207792160174,-83.09860928654554,5983.5869140625
2018-05-31,5983.5869140625,6055.01513671875,5934.80419921875,6037.26220703125,91923400.0,5939.651306496515,5997.04951171875,5890.197102864583,5980.537076822917,50.831540040361205,-36.21267308358347,-73.72142204595313,6014.81884765625
2018-06-04,6014.81884765625,6032.9931640625,6001.201171875,6004.119140625,77906000.0,5954.684814728463,6010.7056640625,5897.322493489583,5971.505631510417,52.76835741897916,-26.790504526847144,-64.33523854213193,6088.7900390625
2018-06-05,6088.7900390625,6088.7900390625,6025.55712890625,6031.3701171875,71163800.0,5981.5058595952705,6033.315234375,5906.119694010416,5963.798470052084,57.08060857546551,-13.20232295823007,-54.108655425351564,6069.712890625
2018-06-06,6069.712890625,6096.72314453125,6063.3349609375,6083.9208984375,68433200.0,5999.147265801217,6033.5927734375,5914.290234375,5954.258870442708,55.668982062315536,-3.9276817418394785,-44.07246068864915,6106.6982421875
2018-06-07,6106.6982421875,6116.43310546875,6077.85595703125,6090.97509765625,61086000.0,6020.657461078474,6052.72138671875,5932.195703125,5946.558984375,57.84556614357409,6.33393337275993,-33.991181876367335,5993.626953125
2018-06-08,5993.626953125,6096.6572265625,5987.3291015625,6083.33203125,53952100.0,6015.251359487779,6054.72939453125,5942.339908854166,5936.074951171875,49.796047783287904,5.281546846475067,-26.136636131798856,5884.0390625
2018-06-20,5884.0390625,5947.7841796875,5834.134765625,5941.7939453125,62441700.0,5989.0089000902235,6028.5734375,5946.881184895833,5924.555094401042,43.48077640906506,-4.345215032767555,-21.778351911992598,5822.3330078125
2018-06-21,5822.3330078125,5922.7021484375,5815.453125,5890.06494140625,51405000.0,5955.673721634679,5975.28203125,5949.48271484375,5915.97119140625,40.37573444982223,-16.760452035361595,-20.774771936666397,5821.81201171875
2018-06-22,5821.81201171875,5837.65283203125,5787.68212890625,5820.18798828125,58773500.0,5928.901379651494,5925.70185546875,5955.34658203125,5913.058317057292,40.349534522738175,-26.33804821256126,-21.88742719184537,5859.0830078125
2018-06-25,5859.0830078125,5891.48193359375,5801.59423828125,5850.31396484375,54948400.0,5914.937705283695,5876.17880859375,5962.544173177083,5911.053157552084,43.18960222740997,-30.56852931015328,-23.62364761550695,5825.64892578125
2018-06-26,5825.64892578125,5878.037109375,5820.751953125,5831.59521484375,59068400.0,5897.079949383206,5842.583203125,5964.787369791667,5905.421614583333,41.29041746372069,-36.2017557530944,-26.139269243024444,5787.5517578125
2018-06-27,5787.5517578125,5859.60302734375,5787.5517578125,5832.5849609375,55552900.0,5875.174311069066,5823.2857421875,5954.18828125,5897.932080078125,39.176437223551986,-43.24178695514911,-29.55977278544938,5667.31884765625
2018-06-28,5667.31884765625,5801.34912109375,5661.0078125,5791.5830078125,60061700.0,5833.603218386504,5792.28291015625,5933.626725260417,5891.551643880209,33.369846586232285,-57.855926320162325,-35.21900349239197,5799.23681640625
2018-06-29,5799.23681640625,5799.23681640625,5682.658203125,5691.68603515625,65331400.0,5826.729937990453,5787.76787109375,5915.6875,5891.781363932291,43.2997792039848,-58.12305308682244,-39.799813411278066,5746.77001953125
2018-07-02,5746.77001953125,5832.22216796875,5746.77001953125,5828.4951171875,48029600.0,5810.737954298613,5765.3052734375,5898.068489583334,5887.170426432292,40.701694773140446,-61.855354969968175,-44.21092172301609,5633.93701171875
2018-07-03,5633.93701171875,5752.31787109375,5630.10009765625,5737.35498046875,49554000.0,5775.37776578264,5726.962890625,5874.75849609375,5882.477799479167,35.735700886321936,-73.07554248203542,-49.983845874819956,5733.63916015625
2018-07-04,5733.63916015625,5738.92578125,5557.55810546875,5640.56298828125,56623500.0,5767.030044657362,5716.18037109375,5856.01318359375,5876.667838541666,42.420862039763506,-73.08007023029859,-54.60309074591569,5739.33203125
2018-07-05,5739.33203125,5739.33203125,5685.751953125,5727.912109375,51660500.0,5761.49044197589,5730.5830078125,5832.715983072917,5869.417838541666,42.786835499482095,-71.79666413122777,-58.04180542297811,5694.912109375
2018-07-06,5694.912109375,5743.35986328125,5694.912109375,5733.130859375,46286700.0,5748.174775455712,5709.71806640625,5807.729264322917,5861.009749348958,40.61749040852411,-73.51642048088706,-61.1367284345599,5807.375
2018-07-09,5807.375,5815.44677734375,5716.39404296875,5719.85693359375,52683800.0,5760.01482036457,5721.8390625,5787.774381510417,5859.985042317709,47.82954835395091,-65.05461528639444,-61.92030580492681,5881.759765625
2018-07-10,5881.759765625,5888.5927734375,5829.68115234375,5839.0361328125,53761000.0,5784.363809416657,5771.40361328125,5780.316569010417,5861.328238932291,51.98340460749547,-51.74980523758677,-59.886205691458805,5893.35888671875
2018-07-11,5893.35888671875,5897.95703125,5822.751953125,5842.990234375,62397700.0,5806.162824877077,5803.34755859375,5780.937890625,5863.909537760416,52.61694699051182,-39.81078137719487,-55.871120828606024,5907.8720703125
2018-07-12,5907.8720703125,5931.51904296875,5873.048828125,5873.048828125,57014300.0,5826.504673964162,5837.05556640625,5786.640494791666,5868.061604817708,53.44465311295872,-28.845414346592406,-50.465979532203306,5944.07421875
2018-07-13,5944.07421875,5961.3369140625,5908.47802734375,5908.47802734375,54856000.0,5850.018582921331,5886.88798828125,5794.79130859375,5875.0689453125,55.531368557837645,-17.037671477499316,-43.780317921262515,5905.158203125
2018-07-16,5905.158203125,5956.796875,5847.3408203125,5941.912109375,46500100.0,5861.046506962065,5906.44462890625,5797.86298828125,5880.203580729167,52.792059844553926,-10.69684088658505,-37.163622514327024,5861.5078125
2018-07-17,5861.5078125,5884.7998046875,5840.93701171875,5881.791015625,52518200.0,5861.138768069652,5902.39423828125,5800.253580729167,5882.520475260417,49.823271141575546,-9.08913479385592,-31.548724970232804,5890.73095703125
2018-07-18,5890.73095703125,5899.65283203125,5858.97509765625,5868.87109375,69005100.0,5867.057205861972,5901.86865234375,5807.132194010416,5880.660237630208,51.77840175666689,-5.394765102828387,-26.31793299675192,5871.0771484375
2018-07-19,5871.0771484375,5920.92919921875,5857.14306640625,5902.02587890625,61506700.0,5867.8611943770775,5894.50966796875,5820.716080729167,5877.171402994792,50.357251782834275,-4.006662297076218,-21.85567885681678,5872.7841796875
2018-07-20,5872.7841796875,5884.6337890625,5842.93017578125,5867.80810546875,56088500.0,5868.845791439162,5880.25166015625,5825.61923828125,5870.653369140625,50.48437152373169,-2.7372839615491102,-18.031999877763248,5915.7958984375
2018-07-23,5915.7958984375,5928.080078125,5884.97607421875,5886.51611328125,51917100.0,5878.23581283883,5882.37919921875,5836.887630208334,5867.478059895833,53.70140100898347,1.719571602884571,-14.081685581633685,5931.841796875
2018-07-24,5931.841796875,5945.85009765625,5925.0498046875,5934.408203125,59374900.0,5888.957009646064,5896.44599609375,5856.74794921875,5865.75322265625,54.879147891824466,6.471828440656282,-9.970982777175694,5933.88916015625
2018-07-25,5933.88916015625,5947.501953125,5923.2001953125,5941.1298828125,84148200.0,5897.943439748101,5905.07763671875,5870.09794921875,5863.05556640625,55.036314964966415,10.284675986238653,-5.919851024492825,5946.13623046875
2018-07-26,5946.13623046875,5967.59521484375,5928.7431640625,5949.6572265625,82412300.0,5907.581997892231,5920.089453125,5883.884895833334,5858.300439453125,56.02311847786282,14.131719689487,-1.9095368816968596,5989.13623046875
2018-07-27,5989.13623046875,5992.05322265625,5947.06005859375,5947.35595703125,65570700.0,5923.892844407535,5943.35986328125,5903.499837239583,5855.61455078125,59.392827982084185,20.41493946052833,2.5553583867481784,6027.93603515625
2018-07-30,6027.93603515625,6027.93603515625,5994.0791015625,5998.09716796875,72156300.0,5944.701482557279,5965.787890625,5918.20390625,5852.989143880209,62.20684638491598,28.20018222532599,7.6843231544637405,5936.44287109375
2018-07-31,5936.44287109375,6013.86376953125,5910.52880859375,6012.9267578125,86530400.0,5943.049760264573,5966.70810546875,5921.849446614583,5851.0830078125,52.897792804010784,26.679761819822488,11.483410887535491,6033.4189453125
2018-08-01,6033.4189453125,6034.548828125,5945.44287109375,5952.93896484375,59853600.0,5961.123597274159,5986.6140625,5931.186783854167,5856.062337239583,59.769753597672945,32.920489510228435,15.770826612074082,6011.72314453125
2018-08-02,6011.72314453125,6055.06689453125,6011.72314453125,6039.5869140625,77818300.0,5971.243506725577,5999.7314453125,5938.110188802083,5862.375341796875,57.74014157133222,35.70406710266525,19.757474710192316,6007.5380859375
2018-08-03,6007.5380859375,6023.47509765625,5994.04296875,6014.796875,57227000.0,5978.502422567962,6003.41181640625,5942.34111328125,5868.5662109375,57.335689426381634,37.14419795418871,23.234819358991597,6101.130859375
2018-08-06,6101.130859375,6102.5390625,6025.42578125,6025.60693359375,66226000.0,6003.02810992937,6018.05078125,5955.40595703125,5876.63447265625,63.49421134296372,45.315300086957905,27.65091550458486,6091.25
2018-08-07,6091.25,6113.9912109375,6079.47998046875,6100.0029296875,60294800.0,6020.672487943496,6049.01220703125,5970.722102864584,5885.487841796875,62.46900001087555,50.41253035380669,32.20323847442923,6094.8291015625
2018-08-08,6094.8291015625,6117.29296875,6081.6337890625,6110.8408203125,64676700.0,6035.503810667297,6061.29423828125,5984.328645833333,5895.730419921875,62.703912725995586,54.1170974356246,36.5860102666683,6065.255859375
2018-08-09,6065.255859375,6105.91796875,6055.26904296875,6084.751953125,62375600.0,6041.454220408838,6072.00078125,5997.273893229167,5908.994986979166,59.39578971398827,54.043697938494915,40.07754780103363,6077.1728515625
2018-08-10,6077.1728515625,6107.69580078125,6059.98876953125,6084.8017578125,52870700.0,6048.597946639571,6085.927734375,6010.8998046875,5918.259521484375,60.30461300214697,54.32095186380957,42.92622861358882,5861.24609375
2018-08-13,5861.24609375,6034.56005859375,5861.24609375,6029.46923828125,60906300.0,6011.127576061657,6037.95078125,6007.263151041667,5922.075390625,41.97293529749541,36.69420486453873,41.6798238637788,5769.873046875
2018-08-14,5769.873046875,5890.98876953125,5744.5751953125,5850.71923828125,56998100.0,5962.876670224326,5973.675390625,5996.465234375,5926.606591796875,36.86585882934773,15.176889888020924,36.379237068627226,5816.58984375
2018-08-15,5816.58984375,5819.64208984375,5689.93603515625,5782.3818359375,62023800.0,5933.619304929462,5918.0275390625,5988.645279947917,5929.371614583333,40.829958169660884,1.8723347153872965,29.47785659797924,5783.7978515625
2018-08-16,5783.7978515625,5811.625,5743.4951171875,5788.06298828125,53443300.0,5903.655014256069,5861.7359375,5977.822721354167,5930.85380859375,38.97983892807399,-11.188684636709695,21.344548351041457,5892.19189453125
2018-08-20,5892.19189453125,5919.33203125,5833.5390625,5833.5390625,55005100.0,5901.362390311106,5824.73974609375,5971.359765625,5937.429801432291,47.455445615628584,-12.647352386437888,14.546168203545587,5944.30078125
2018-08-21,5944.30078125,5953.9072265625,5899.2978515625,5899.2978515625,59014700.0,5909.950068498884,5841.35068359375,5965.78408203125,5941.993994140625,50.9804361186328,-9.489219604399295,9.739090641956611,5982.98486328125
2018-08-23,5982.98486328125,5991.298828125,5934.2900390625,5962.10107421875,53558900.0,5924.5570274553575,5883.973046875,5968.886881510417,5945.3681640625,53.475693398332965,-3.8208501162125685,7.0271024903227755,5968.75
2018-08-24,5968.75,5993.60498046875,5949.60791015625,5975.4150390625,49474100.0,5933.395621964286,5914.405078125,5964.575618489584,5947.881201171875,52.4183049790324,-0.47182208817594073,5.527317574623033,6025.9677734375
2018-08-27,6025.9677734375,6025.9677734375,5993.703125,5993.76318359375,65676000.0,5951.910052258929,5962.8390625,5965.525260416666,5951.817724609375,56.169875909599384,6.721817946903684,5.766217649079163,6042.64990234375
2018-08-28,6042.64990234375,6065.25390625,6023.22119140625,6042.89111328125,59104800.0,5970.058022275894,5992.9306640625,5967.866048177083,5955.103580729166,57.22871687312947,13.612026913382579,7.335379501939846,6065.14892578125
2018-08-29,6065.14892578125,6065.14892578125,6003.494140625,6025.60205078125,63016700.0,5989.076202976965,6017.10029296875,5965.467252604167,5960.436604817708,58.67859014558252,20.65000986032919,9.998305573617715,6018.9638671875
2018-08-30,6018.9638671875,6086.94384765625,6013.373046875,6075.27001953125,58498700.0,5995.053735819072,6024.29609375,5960.648177083333,5965.685139973958,54.5878992839233,22.244493137663085,12.44754308642679,6018.4599609375
2018-08-31,6018.4599609375,6018.4599609375,5940.64892578125,5984.9619140625,59513900.0,5999.734980842759,6034.2380859375,5955.556901041667,5969.9427734375,54.54322159444387,23.20003602574252,14.598041674289938,5967.5791015625
2018-09-03,5967.5791015625,6026.9150390625,5954.92822265625,6025.4111328125,44310800.0,5993.303804986707,6022.5603515625,5949.0451171875,5973.159505208333,50.08566237391767,19.625420890753958,15.603517517582743,5905.30078125
2018-09-04,5905.30078125,5978.72998046875,5889.09521484375,5974.76318359375,53980900.0,5975.703200239366,5995.09052734375,5937.586979166666,5974.243391927083,45.21481794729506,11.633073841081568,14.80942878228251,5683.5009765625
2018-09-05,5683.5009765625,5868.77587890625,5621.60400390625,5868.77587890625,71761700.0,5917.2627555039935,5918.7609375,5925.7373046875,5966.500227864583,32.93159046880233,-12.454738880496734,9.356595249726661,5776.09521484375
2018-09-06,5776.09521484375,5786.6650390625,5660.865234375,5661.9638671875,57940400.0,5889.029247371945,5870.18720703125,5926.152115885417,5961.308675130208,40.23141123824513,-23.798587515930194,2.7255586965952903,5851.46484375
2018-09-07,5851.46484375,5851.46484375,5769.251953125,5780.80615234375,54320700.0,5881.5163666475555,5836.78818359375,5928.477115885416,5958.561197916667,45.43721525385901,-26.40261718916463,-3.1000764805566936,5831.1171875
2018-09-10,5831.1171875,5840.8671875,5776.01513671875,5835.3759765625,53873400.0,5871.436530818044,5809.49580078125,5931.63173828125,5954.727229817709,44.3150199165068,-29.765101708774637,-8.433081526200283,5798.15087890625
2018-09-12,5798.15087890625,5870.59912109375,5798.15087890625,5839.31494140625,61414500.0,5856.779400435686,5788.0658203125,5925.362337239583,5948.361051432292,42.48428413839652,-34.6901144628564,-13.684488113531508,5858.27392578125
2018-09-13,5858.27392578125,5865.06884765625,5834.76513671875,5834.76513671875,66435500.0,5857.078305504799,5823.02041015625,5919.627213541667,5942.705647786458,46.800816783514726,-33.35727325778771,-17.61904514238275,5931.28076171875
2018-09-14,5931.28076171875,5931.28076171875,5870.98486328125,5870.98486328125,56571400.0,5871.918796747589,5854.05751953125,5916.1802734375,5942.533577473959,51.55528685290387,-26.108977443899676,-19.317031602686136,5824.2568359375
2018-09-17,5824.2568359375,5911.65283203125,5811.919921875,5908.42578125,59608300.0,5862.386404585572,5848.61591796875,5906.547395833333,5935.561507161458,45.18069871592951,-28.670096142702278,-21.187644510689367,5811.7900390625
2018-09-18,5811.7900390625,5844.951171875,5781.2890625,5818.72021484375,70975800.0,5852.267131480958,5844.75048828125,5892.268880208333,5928.8970703125,44.49060836296059,-31.344448194269717,-23.21900524740544,5873.59716796875
2018-09-19,5873.59716796875,5882.66015625,5835.794921875,5835.794921875,69601100.0,5856.533138778516,5859.83974609375,5880.998697916667,5924.432373046875,48.676051479824665,-28.152053356744545,-24.205614869273262,5931.26611328125
2018-09-20,5931.26611328125,5941.01513671875,5897.59814453125,5898.48193359375,70876500.0,5871.479733679063,5874.43818359375,5872.073177083334,5918.77021484375,52.290700534652046,-20.729696483536827,-23.510431192125974,5957.744140625
2018-09-21,5957.744140625,5975.169921875,5935.0380859375,5956.4990234375,86255700.0,5888.732615068251,5879.730859375,5867.991861979167,5914.32001953125,53.89620334254341,-12.566016450228744,-21.321548243746527,5882.22021484375
2018-09-24,5882.22021484375,5958.56787109375,5876.64892578125,5958.56787109375,68687600.0,5887.430135023351,5891.32353515625,5858.909212239583,5907.233056640625,48.84692962616982,-12.05146900553973,-19.46753239610517,5874.298828125
2018-09-25,5874.298828125,5895.02001953125,5850.75,5875.158203125,65935500.0,5884.803873643681,5903.82529296875,5852.69052734375,5900.867822265625,48.33543891612916,-12.142900358283441,-18.002605988540825,5873.27099609375
2018-09-26,5873.27099609375,5908.5888671875,5870.2998046875,5871.55810546875,75063400.0,5882.497298133695,5903.76005859375,5850.555208333333,5894.07109375,48.26481744454001,-12.15814627693453,-16.833714046219566,5929.2158203125
2018-09-27,5929.2158203125,5931.72412109375,5870.5380859375,5871.43505859375,59721100.0,5891.841002569457,5903.35,5866.936197916667,5896.336751302083,52.34605959115554,-7.568701731054716,-14.980711583186595,5976.55322265625
2018-09-28,5976.55322265625,5976.55322265625,5930.60498046875,5930.60498046875,62677100.0,5908.783446586816,5907.11181640625,5880.300065104167,5903.226090494792,55.541909498605406,-0.11052702260440128,-12.006674671070158,5944.60107421875
2018-10-01,5944.60107421875,5982.06494140625,5944.60107421875,5950.85791015625,60605000.0,5915.946972113203,5919.58798828125,5886.509147135416,5907.493131510417,52.960142594735906,3.1851424835613216,-8.968311240143862,5875.619140625
2018-10-02,5875.619140625,5956.77783203125,5862.955078125,5947.25,87701600.0,5907.881405815562,5919.85205078125,5889.475944010416,5910.553841145834,47.79482445521984,0.22808950246871973,-7.129031091621346,5867.73681640625
2018-10-03,5867.73681640625,5921.56689453125,5848.162109375,5874.4951171875,72943100.0,5899.8524879337,5918.74521484375,5894.115006510417,5909.738671875,47.227996751036,-2.7200786056082507,-6.247240594418728,5756.619140625
2018-10-04,5756.619140625,5847.59912109375,5742.30810546875,5847.59912109375,87537800.0,5871.205818471961,5884.22587890625,5887.338020833334,5903.4826171875,40.02216224376884,-13.862986973625993,-7.770389870260182,5731.93505859375
2018-10-05,5731.93505859375,5758.27001953125,5706.39892578125,5738.59423828125,64862100.0,5843.351666496319,5835.30224609375,5874.048307291667,5895.114290364583,38.612762624816945,-24.404303640820217,-11.09717262437219,5761.0732421875
2018-10-08,5761.0732421875,5794.43212890625,5728.63818359375,5728.6982421875,73665700.0,5826.895981634555,5798.5966796875,5869.836067708334,5888.191731770833,41.243164914636516,-30.060644747059087,-14.88986704890957,5796.7900390625
2018-10-09,5796.7900390625,5796.7900390625,5756.2421875,5771.9169921875,64525600.0,5820.874793120145,5782.830859375,5868.836067708334,5880.552473958333,44.38875011468424,-31.300476407252063,-18.17198892057807,5820.66796875
2018-10-10,5820.66796875,5832.92822265625,5798.7431640625,5815.2861328125,68341300.0,5820.8334282461165,5773.41708984375,5865.307454427083,5873.153076171875,46.4526557778457,-30.010361790938987,-20.539663494650256,5702.82177734375
2018-10-11,5702.82177734375,5746.2431640625,5669.72314453125,5733.99609375,90536700.0,5797.231098065644,5762.6576171875,5850.07783203125,5861.075504557291,38.79925966923161,-38.05842558787663,-24.043415913295533,5756.490234375
2018-10-12,5756.490234375,5788.68017578125,5722.48681640625,5722.48681640625,60181200.0,5789.082925327515,5767.56865234375,5836.660904947917,5852.326383463542,43.37479264495652,-39.648929989391036,-27.164518728514636,5727.255859375
2018-10-15,5727.255859375,5816.04296875,5725.580078125,5786.6640625,65107300.0,5776.717512137012,5760.80517578125,5826.329947916666,5842.619580078125,41.552405787283526,-42.775298908076365,-30.286674764426984,5800.81689453125
2018-10-16,5800.81689453125,5800.81689453125,5719.5087890625,5737.94189453125,64884300.0,5781.5373886158595,5761.610546875,5821.43115234375,5837.06083984375,47.52662140675827,-38.86914868765325,-32.00316954907224,5868.6201171875
2018-10-17,5868.6201171875,5868.6201171875,5819.1748046875,5833.2529296875,64580100.0,5798.9539343301885,5771.2009765625,5821.12109375,5835.838151041667,52.36022612861079,-29.95701723539605,-31.593939086337006,5845.2421875
2018-10-18,5845.2421875,5858.7880859375,5811.9248046875,5850.1240234375,62773900.0,5808.2115849641505,5799.68505859375,5815.5228515625,5841.229524739583,50.62854491562361,-24.49809362553151,-30.17476999417591,5837.291015625
2018-10-19,5837.291015625,5861.990234375,5796.7841796875,5810.1298828125,63540800.0,5814.02747109632,5815.84521484375,5806.238704427084,5843.269384765625,50.02258714652825,-20.576260136315796,-28.25506802260389,5840.43505859375
2018-10-22,5840.43505859375,5869.65185546875,5827.6298828125,5841.4189453125,68594500.0,5819.308988595807,5838.4810546875,5799.294303385416,5842.901725260416,50.27601529530417,-17.018304429179807,-26.007715303919074,5797.89111328125
2018-10-23,5797.89111328125,5848.0439453125,5797.3359375,5838.69091796875,61556000.0,5815.025413532896,5837.8958984375,5794.112434895834,5841.794189453125,46.81650934159805,-17.430610502032323,-24.292294343541727,5709.4169921875
2018-10-24,5709.4169921875,5818.83984375,5709.4169921875,5795.7509765625,71593900.0,5793.903729263817,5806.0552734375,5783.557779947917,5838.836393229167,40.5652119398279,-24.61276753522725,-24.356388981878833,5754.96484375
2018-10-25,5754.96484375,5754.96484375,5623.8427734375,5629.9501953125,51569200.0,5786.115952161053,5787.9998046875,5783.447493489583,5835.392757161459,44.66188947818633,-26.32587941624479,-24.750287068752026,5784.9208984375
2018-10-26,5784.9208984375,5790.953125,5748.61376953125,5761.451171875,52533300.0,5785.876941416343,5777.52578125,5786.9798828125,5830.514095052084,47.2377128358312,-24.97839428338102,-24.795908511677826,5754.60693359375
2018-10-29,5754.60693359375,5814.67919921875,5747.0341796875,5788.9248046875,49595700.0,5779.622939851824,5760.36015625,5786.548795572917,5828.192431640625,44.95719352412816,-26.056226269005492,-25.047972063143362,5789.10009765625
2018-10-30,5789.10009765625,5789.10009765625,5733.240234375,5755.02001953125,59748100.0,5781.51837141271,5758.601953125,5786.0361328125,5827.436100260416,48.03158614572456,-23.8521530417147,-24.80880825885763,5831.64990234375
2018-10-31,5831.64990234375,5835.173828125,5769.544921875,5817.4921875,69910100.0,5791.5446775989185,5783.04853515625,5786.76826171875,5826.037858072917,51.62131802929806,-18.459209221423407,-23.538888451370788,5835.919921875
2018-11-01,5835.919921875,5883.22021484375,5815.7568359375,5855.22216796875,63198100.0,5800.419726454135,5799.23955078125,5795.641471354166,5822.859651692708,51.979796862628994,-13.682978639256362,-21.567706488947906,5906.2919921875
2018-11-02,5906.2919921875,5906.2919921875,5827.15380859375,5873.0068359375,67022200.0,5821.594179600808,5823.51376953125,5805.628255208333,5821.144580078125,57.56102211684179,-4.171259854632808,-18.088417162084887,5920.59423828125
2018-11-05,5920.59423828125,5926.634765625,5886.2060546875,5895.2431640625,53671600.0,5841.394191336897,5856.71123046875,5818.51748046875,5822.423714192709,58.61383063570839,4.469397113501145,-13.576854306967682,5923.93017578125
2018-11-06,5923.93017578125,5959.9658203125,5898.56396484375,5942.32177734375,53343100.0,5857.901388225769,5883.67724609375,5826.725032552084,5824.078092447917,58.870125674526925,11.454323973282044,-8.570618650917737,5939.88623046875
2018-11-07,5939.88623046875,5947.60888671875,5891.14013671875,5942.22314453125,62481200.0,5874.298356674365,5905.32451171875,5831.476106770833,5826.298600260417,60.141570292731004,18.069159078114353,-3.242663105111319,5976.80615234375
2018-11-08,5976.80615234375,5996.8408203125,5949.51611328125,5972.3271484375,73188500.0,5894.799915808243,5933.5017578125,5840.247037760417,5827.884944661459,62.99227598322444,25.990984804657273,2.6040664768423993,5874.15380859375
2018-11-09,5874.15380859375,5936.0341796875,5859.087890625,5934.17822265625,65342000.0,5890.670694365344,5927.07412109375,5842.704557291667,5824.471630859375,51.88164518050753,23.712558908876417,6.8257649632492035,5777.05322265625
2018-11-12,5777.05322265625,5884.0810546875,5777.05322265625,5865.7412109375,53857800.0,5867.9472000235255,5898.36591796875,5838.4791015625,5818.886702473958,43.97958693020913,13.911323116211861,8.242876593841736,5835.1982421875
2018-11-13,5835.1982421875,5850.376953125,5747.53076171875,5754.59814453125,58918000.0,5861.3974084563215,5880.61953125,5840.966243489584,5817.539339192708,48.989828066827194,10.712107764153188,8.736722827904027,5858.29296875
2018-11-14,5858.29296875,5896.8017578125,5851.79296875,5857.72119140625,72751500.0,5860.776520515058,5864.30087890625,5850.89130859375,5817.224544270834,50.869360090236576,9.925839077194723,8.974546077762167,5955.73583984375
2018-11-15,5955.73583984375,5960.39892578125,5880.212890625,5885.216796875,60149800.0,5879.768384380797,5860.08681640625,5864.276041666667,5823.861767578125,57.91530240834289,16.969922112529275,10.573621284715589,6012.35009765625
2018-11-16,6012.35009765625,6058.8251953125,5968.673828125,5975.11083984375,61140800.0,5906.284727035888,5887.72607421875,5879.43798828125,5833.208935546875,61.380688439137366,26.811638252178454,13.821224678208162,6005.296875
2018-11-19,6005.296875,6036.98876953125,5974.134765625,6028.3369140625,56032100.0,5926.0871566287105,5933.3748046875,5896.150651041667,5841.349723307291,60.70997971359988,33.65418853998381,17.787817450563292,5948.0517578125
2018-11-21,5948.0517578125,5978.59521484375,5908.0029296875,5942.19921875,62393500.0,5930.480076865469,5955.9455078125,5906.747428385416,5846.391780598959,55.41721669367922,34.06507541672636,21.043269043795906,5990.81005859375
2018-11-22,5990.81005859375,5997.63720703125,5936.6611328125,5936.6611328125,76590600.0,5942.546073211125,5982.44892578125,5917.35810546875,5852.06318359375,58.338815934560785,37.40970792758708,24.31655682055414,6006.2021484375
2018-11-23,6006.2021484375,6017.4580078125,5971.98876953125,5998.02783203125,62607300.0,5955.2772882564,5992.5421875,5928.71025390625,5862.175862630208,59.370986749115715,40.83168406548339,27.61958226953999,6022.77783203125
2018-11-26,6022.77783203125,6025.9912109375,5990.98486328125,5997.73291015625,67223700.0,5968.777397011371,5994.627734375,5936.4759765625,5871.052115885416,60.505768073629554,44.3696779181455,30.969601399261094,6013.5888671875
2018-11-27,6013.5888671875,6034.18408203125,5992.8837890625,6002.39111328125,69182000.0,5977.739691046597,5996.2861328125,5942.675618489583,5880.596549479166,59.51340514968304,45.9029502320609,33.95627116582106,5991.24609375
2018-11-28,5991.24609375,6030.89599609375,5990.34521484375,6027.58203125,72385300.0,5980.440971587278,6004.925,5947.163346354167,5886.944189453125,57.062753128789645,44.79879191054715,36.12477531476628,6107.16796875
2018-11-29,6107.16796875,6107.16796875,6029.6611328125,6030.73876953125,71888500.0,6005.786371019823,6028.19658203125,5958.315462239583,5894.895784505208,65.09395423379755,52.67051212120623,39.43392267605427,6056.1240234375
2018-11-30,6056.1240234375,6117.19482421875,6056.1240234375,6104.63720703125,104904600.0,6015.853901503358,6038.18095703125,5963.6033203125,5901.925179036459,59.79068857666325,54.165698846837586,42.380277910210935,6118.31982421875
2018-12-03,6118.31982421875,6157.30078125,6101.7431640625,6118.06396484375,84784300.0,6036.347086046438,6057.28935546875,5979.8810546875,5911.292805989583,63.67415832826554,59.681356898222475,45.840493707813245,6152.85986328125
2018-12-04,6152.85986328125,6152.85986328125,6118.46923828125,6118.6337890625,65189800.0,6059.649641493401,6085.1435546875,6004.934830729167,5921.706966145834,65.65781996971857,66.07794273949912,49.88798351415043,6133.1201171875
2018-12-05,6133.1201171875,6133.1201171875,6064.83203125,6097.64404296875,67897200.0,6074.3437366322205,6113.518359375,6024.7962890625,5932.881266276042,63.522880748299386,68.7618072545074,53.662748262221825,6115.4931640625
2018-12-06,6115.4931640625,6131.6318359375,6086.1318359375,6095.0068359375,65929300.0,6082.573622118277,6115.1833984375,6041.94296875,5946.417138671875,61.5967867188738,68.6748010582387,56.6651588214252,6126.35595703125
2018-12-07,6126.35595703125,6141.47021484375,6103.1767578125,6108.9501953125,66079200.0,6091.330089100872,6129.22978515625,6053.317643229167,5958.796842447917,62.35433652587306,68.69056258222099,59.07023957358436,6111.35986328125
2018-12-10,6111.35986328125,6121.78076171875,6078.6318359375,6103.09716796875,56866400.0,6095.336043936948,6127.83779296875,6059.918294270833,5969.678141276042,60.57778286664547,66.72384333369246,60.60096032560598,6076.5869140625
2018-12-11,6076.5869140625,6106.98486328125,6069.1611328125,6095.34912109375,71781900.0,6091.586217962059,6112.583203125,6064.670963541666,5980.410807291667,56.554099294642356,61.648670271569245,60.81050231479864,6115.5771484375
2018-12-12,6115.5771484375,6118.22607421875,6084.3388671875,6097.73095703125,79263500.0,6096.384404057148,6109.074609375,6075.839322916667,5991.293375651042,59.78000357084222,60.08017821837893,60.6644374955147,6177.72021484375
2018-12-13,6177.72021484375,6186.046875,6139.33203125,6140.8759765625,82093700.0,6112.651566214468,6121.52001953125,6088.3,6002.829052734375,64.32643550956476,63.12390993311965,61.15633198303569,6169.8427734375
2018-12-14,6169.8427734375,6185.47998046875,6160.35205078125,6178.56689453125,61924800.0,6124.089807659075,6130.2173828125,6099.209375,6013.959814453125,63.34887254082255,64.16083934179733,61.75723345478802,6089.30517578125
2018-12-17,6089.30517578125,6174.22021484375,6089.30517578125,6163.6279296875,61873200.0,6117.13288128351,6125.8064453125,6103.64453125,6020.06025390625,54.26854336821827,57.81741910146866,60.96927058412415,6081.8671875
2018-12-18,6081.8671875,6081.8671875,6014.794921875,6056.23291015625,60526100.0,6110.079742526808,6126.8625,6108.196419270834,6025.436018880208,53.50575389248349,51.595271197275906,59.09447070675451,6176.09423828125
2018-12-19,6176.09423828125,6176.09423828125,6076.22119140625,6076.294921875,82872200.0,6123.282641677697,6138.96591796875,6120.51962890625,6033.841487630209,60.986952669439155,53.64907650620171,58.005391866643954,6147.8759765625
2018-12-20,6147.8759765625,6160.4130859375,6112.05517578125,6144.93603515625,64812900.0,6128.201308654658,6132.9970703125,6123.23349609375,6040.774479166666,57.97826872079066,52.39576831761133,56.88346715683743,6163.59619140625
2018-12-21,6163.59619140625,6165.2841796875,6110.60986328125,6117.8359375,59446800.0,6135.280285204976,6131.74775390625,6130.398307291666,6047.000813802083,59.186246852719215,52.070763162318144,55.92092635793358,6127.85009765625
2018-12-26,6127.85009765625,6144.60498046875,6094.412109375,6126.65283203125,53220400.0,6133.794247695231,6139.45673828125,6131.033658854167,6055.457356770833,55.29385297490708,48.3711902410796,54.41097913456279,6190.64306640625
2018-12-27,6190.64306640625,6191.703125,6157.65283203125,6173.51806640625,65545500.0,6145.164011437435,6161.2119140625,6133.5525390625,6069.243684895833,60.240429919819874,49.930551525111696,53.514893612672566,6194.498046875
2018-12-28,6194.498046875,6212.125,6176.630859375,6200.296875,69954900.0,6155.030818524949,6164.89267578125,6137.644401041666,6081.220345052084,60.52917169114611,50.89078400412291,52.99007169096264,6181.1748046875
2019-01-02,6181.1748046875,6205.89501953125,6164.833984375,6197.87109375,52797800.0,6160.259615757459,6171.55244140625,6142.023177083333,6091.983072916667,58.93614845240386,50.00032820486831,52.39212299374377,6221.009765625
2019-01-03,6221.009765625,6221.009765625,6176.15185546875,6176.15185546875,72166700.0,6172.409645730967,6183.03515625,6148.333430989584,6100.825537109375,62.14411574688971,51.91059102149393,52.2958165992938,6274.5400390625
2019-01-04,6274.5400390625,6274.5400390625,6200.85400390625,6211.09619140625,80858100.0,6192.835724397274,6212.37314453125,6159.212109375,6109.565201822917,65.9892078536689,57.08588323441836,53.253829926318716,6287.22412109375
2019-01-07,6287.22412109375,6354.7578125,6287.22412109375,6317.6259765625,90278300.0,6211.7134037365695,6231.68935546875,6173.25458984375,6118.962776692709,66.84846134625909,61.50188358339619,54.903440657734215,6262.84716796875
2019-01-08,6262.84716796875,6316.240234375,6251.3759765625,6292.26318359375,90537400.0,6221.940156583007,6245.3591796875,6183.072591145833,6129.45595703125,63.52671823643595,62.31623650116035,56.38599982641944,6272.23779296875
2019-01-09,6272.23779296875,6311.5791015625,6265.326171875,6296.115234375,105604200.0,6231.9996838601555,6263.57177734375,6189.373763020833,6138.836881510417,64.26341279508614,62.99321543671704,57.70744294847897,6328.7138671875
2019-01-10,6328.7138671875,6328.7138671875,6268.5078125,6293.9580078125,122462300.0,6251.342520525624,6285.11259765625,6199.965169270833,6149.587272135416,68.39757670972375,67.31095453545277,59.628145265873734,6361.46484375
2019-01-11,6361.46484375,6361.46484375,6337.5478515625,6347.97314453125,78112000.0,6273.3669851705,6302.49755859375,6218.109147135417,6160.876839192709,70.52691493794282,72.53933566867454,62.2103833464339,6336.1162109375
2019-01-14,6336.1162109375,6359.875,6302.39599609375,6351.3291015625,79731000.0,6285.9168303239,6312.2759765625,6235.05908203125,6171.627750651041,66.7766343574313,73.78687341856312,64.52568136085975,6408.7841796875
2019-01-15,6408.7841796875,6408.7841796875,6333.64404296875,6347.10107421875,95139900.0,6310.49030019662,6341.46337890625,6250.571744791667,6185.545686848958,71.46164863297759,79.72028798421888,67.56460268553158,6413.35986328125
2019-01-16,6413.35986328125,6425.94091796875,6385.58984375,6417.130859375,104252800.0,6331.064212813546,6369.68779296875,6268.270670572917,6195.752083333334,71.73195773687753,83.82549309602473,70.81678076763022,6423.77978515625
2019-01-17,6423.77978515625,6457.73486328125,6410.9501953125,6421.4072265625,99214400.0,6349.607327282087,6388.7009765625,6285.616243489583,6208.007275390625,72.3736812768976,86.91776445175856,74.03697750445589,6448.15576171875
2019-01-18,6448.15576171875,6452.55810546875,6409.09521484375,6444.212890625,77604300.0,6369.31701416942,6406.03916015625,6306.969954427083,6219.001806640625,73.86820796957488,90.29449068756912,77.28848014107854,6450.833984375
2019-01-21,6450.833984375,6472.14990234375,6438.90087890625,6448.5361328125,101769000.0,6385.620408210536,6428.98271484375,6324.316015625,6228.93427734375,74.0344145128517,92.12472426726345,80.25572896631552,6468.56201171875
2019-01-22,6468.56201171875,6468.56201171875,6416.5927734375,6452.60400390625,100776200.0,6402.208728912179,6440.93828125,6342.586946614583,6240.115673828125,75.16062112425482,93.92301515892086,82.98918620483659,6451.169921875
2019-01-23,6451.169921875,6484.19580078125,6449.919921875,6452.90576171875,109468500.0,6412.000967504744,6448.50029296875,6360.58662109375,6251.304899088542,71.86734899628972,92.87418159466233,84.96618528280175,6466.65478515625
2019-01-24,6466.65478515625,6478.8837890625,6446.58203125,6451.2568359375,120391000.0,6422.931731035046,6457.07529296875,6376.962955729166,6262.648193359375,73.00161604547333,92.22931041325228,86.41881030889186,6482.8427734375
2019-01-25,6482.8427734375,6498.333984375,6470.123046875,6474.1591796875,92035400.0,6434.913939515537,6464.0126953125,6390.8498046875,6275.03095703125,74.17390220587478,91.9643726791619,87.52792278294586,6458.7119140625
2019-01-28,6458.7119140625,6501.0859375,6433.81982421875,6488.90185546875,95548600.0,6439.67353442493,6465.58828125,6402.28232421875,6287.76845703125,69.34055730163932,88.78380450226359,87.77909912680941,6436.47998046875
2019-01-29,6436.47998046875,6485.2470703125,6428.47021484375,6454.47314453125,73064200.0,6439.034823633694,6459.171875,6413.857845052084,6298.465218098959,65.1297515044536,83.50663752995206,86.92460680743795,6464.18896484375
2019-01-30,6464.18896484375,6464.9267578125,6435.41796875,6445.4091796875,78683300.0,6444.065651875706,6461.77568359375,6426.65458984375,6308.014176432292,67.75778450964935,80.63086572082011,85.6658585901144,6532.96923828125
2019-01-31,6532.96923828125,6544.47900390625,6491.38916015625,6491.38916015625,104349100.0,6461.846369156816,6475.03857421875,6440.271614583334,6320.118391927083,73.16429195008602,82.94564334434017,85.12181554095955,6538.63818359375
2019-02-01,6538.63818359375,6581.73193359375,6516.43603515625,6552.05712890625,88866200.0,6477.204732044203,6486.19765625,6452.083170572917,6335.096158854167,73.55785263061482,84.26618961739041,84.95069035624573,6481.451171875
2019-02-04,6481.451171875,6555.98681640625,6479.0498046875,6540.77392578125,89042000.0,6478.054020010363,6490.7455078125,6461.77216796875,6348.415625,63.44897229322897,79.77858032535096,83.91626835006677,6547.876953125
2019-02-06,6547.876953125,6552.216796875,6503.578125,6503.578125,106799500.0,6492.018606633291,6513.02490234375,6471.04501953125,6360.808382161458,68.81068775119029,80.65241222959048,83.26349712597153,6536.45703125
2019-02-07,6536.45703125,6563.98193359375,6517.22509765625,6556.115234375,115112600.0,6500.906291556634,6527.478515625,6479.251497395833,6373.761083984375,66.99126551836844,79.50693163770211,82.51218402831765,6521.6630859375
2019-02-08,6521.6630859375,6526.8662109375,6498.96484375,6513.7431640625,96579400.0,6505.057650432807,6525.21728515625,6485.77705078125,6385.696647135416,64.60801573992075,76.52326964889835,81.3144011524338,6495.001953125
2019-02-11,6495.001953125,6535.17822265625,6494.125,6523.7021484375,94974200.0,6503.046510971247,6516.4900390625,6488.900130208333,6397.935042317708,60.43527722321664,71.18676866808164,79.28887465556338,6426.3251953125
2019-02-12,6426.3251953125,6513.10205078125,6392.23681640625,6503.05078125,118209700.0,6487.702247839498,6505.46484375,6487.2662109375,6405.79111328125,51.25264985563526,60.716016351423605,75.57430299473543,6419.1162109375
2019-02-13,6419.1162109375,6456.57080078125,6398.89208984375,6445.17919921875,122590200.0,6473.985040459099,6479.7126953125,6483.96982421875,6413.278385416666,50.387192670236544,51.24543938564966,70.70853027291828,6420.01806640625
2019-02-14,6420.01806640625,6446.3359375,6402.43017578125,6429.1318359375,117183600.0,6463.19164564853,6456.42490234375,6481.893033854167,6421.239827473958,50.49980442372897,43.31342095258606,65.22950840885184,6389.0849609375
2019-02-15,6389.0849609375,6433.68505859375,6374.89892578125,6425.81396484375,98204900.0,6448.370308706324,6429.90927734375,6476.721712239583,6426.842333984375,46.59333044441571,34.13767820036992,59.01114236715546,6497.81494140625
2019-02-18,6497.81494140625,6501.02783203125,6425.9169921875,6428.27587890625,97765700.0,6458.25923524631,6430.471875,6477.719856770834,6434.284830729167,58.68989418347576,35.23328926436989,54.25557174659835,6494.6669921875
2019-02-19,6494.6669921875,6534.0078125,6493.30908203125,6500.701171875,98372900.0,6465.540786634548,6444.140234375,6480.116861979167,6441.199593098959,58.27833081072387,35.439036578949526,50.49226471306859,6512.7841796875
2019-02-20,6512.7841796875,6552.15185546875,6483.07080078125,6521.80810546875,110588600.0,6474.9894652451385,6462.873828125,6485.20380859375,6449.530826822916,60.016154435423786,36.641616679216895,47.72213510629825,6537.76611328125
2019-02-21,6537.76611328125,6539.06787109375,6498.990234375,6510.5732421875,102022900.0,6487.5447948523615,6486.4234375,6490.108951822916,6458.381770833334,62.345231999208714,39.15910158372208,46.009528401783015,6501.3779296875
2019-02-22,6501.3779296875,6530.22021484375,6481.47509765625,6518.18798828125,101594400.0,6490.31142181939,6508.88203125,6488.002864583334,6464.137239583333,57.125497681245044,37.78247138936058,44.36411699929853,6525.35791015625
2019-02-25,6525.35791015625,6538.4912109375,6507.9248046875,6522.31005859375,95685700.0,6497.320719486762,6514.390625,6487.117513020833,6469.600341796875,59.530137387305665,38.18627840964109,43.12854928136704,6540.9501953125
2019-02-26,6540.9501953125,6540.9501953125,6497.7578125,6527.72119140625,111994800.0,6506.04661465191,6523.647265625,6491.084114583334,6476.428141276042,61.05945799686732,39.31130918261351,42.36510126161634,6525.68310546875
2019-02-27,6525.68310546875,6539.28515625,6499.81494140625,6532.0390625,89352100.0,6509.973912815279,6526.22705078125,6489.604524739583,6480.324772135416,58.71964365535126,38.526863912561566,41.597453791805385,6443.34814453125
2019-02-28,6443.34814453125,6526.93310546875,6433.244140625,6526.93310546875,100223700.0,6496.648759158474,6507.34345703125,6483.397265625,6481.324381510417,48.030190897099395,30.90518638787762,39.459000311019835,6499.8837890625
2019-03-01,6499.8837890625,6505.09619140625,6466.1572265625,6468.6201171875,78269700.0,6497.29576513928,6507.04462890625,6481.9453125,6483.861181640625,54.19610185039441,29.091556707066047,37.38551159022908,6488.419921875
2019-03-04,6488.419921875,6537.23095703125,6487.85302734375,6508.26416015625,89179000.0,6495.520596486424,6499.65703125,6481.506510416667,6485.2033203125,52.82743074766531,26.424597532417465,35.19332877866675,6441.27978515625
2019-03-05,6441.27978515625,6485.64404296875,6409.337890625,6485.580078125,82023100.0,6484.672434220391,6479.72294921875,6482.503483072916,6484.884847005208,47.513757998726426,20.27349784215403,32.20936259136421,6457.9560546875
2019-03-06,6457.9560546875,6473.01220703125,6424.2578125,6460.80712890625,91098200.0,6479.329158313813,6466.1775390625,6485.092805989583,6484.531315104166,49.45081424120778,16.55352388398842,29.078194849889055,6383.06787109375
2019-03-08,6383.06787109375,6442.2041015625,6381.73095703125,6439.8408203125,92588600.0,6460.076900869801,6454.121484375,6482.629459635416,6482.261246744792,41.96143008589119,7.476384070151653,24.757832693941577,6366.43408203125
2019-03-11,6366.43408203125,6420.7822265625,6366.0390625,6418.8828125,97316700.0,6441.348337102091,6427.43154296875,6481.119401041667,6478.920556640625,40.4944287359621,-1.0474480632829,19.596776542496684,6353.77392578125
2019-03-12,6353.77392578125,6404.43017578125,6339.9677734375,6395.880859375,84514000.0,6423.8334548379235,6400.50234375,6471.516666666666,6474.61826171875,39.36635371623443,-8.723654386478302,13.932690356701688,6377.5751953125
2019-03-13,6377.5751953125,6377.5751953125,6337.8740234375,6343.12109375,100029400.0,6414.581802932839,6387.76142578125,6463.710546875,6471.913704427084,42.603581359615305,-12.739684513138855,8.59821538273358,6413.26611328125
2019-03-14,6413.26611328125,6413.26611328125,6372.96484375,6374.9169921875,96692700.0,6414.318665002522,6378.8234375,6457.076009114583,6471.139908854167,47.15943038842586,-12.893826517851267,4.29980700261661,6461.18310546875
2019-03-15,6461.18310546875,6489.19482421875,6419.64404296875,6420.18212890625,122938800.0,6423.691553095768,6394.446484375,6451.970475260417,6471.039713541667,52.599269760346225,-9.045216728604828,1.630802256372323,6509.44677734375
2019-03-18,6509.44677734375,6509.44677734375,6477.2880859375,6481.5927734375,105004500.0,6440.842597945365,6423.0490234375,6452.5083984375,6470.255631510417,57.36076627572947,-2.0767512828570034,0.8892915485264579,6480.27587890625
2019-03-19,6480.27587890625,6522.205078125,6473.2861328125,6515.56103515625,113972800.0,6448.729254137543,6448.3494140625,6449.5029296875,6468.310221354167,53.84045331039776,1.079516085979776,0.9273364560171216,6482.7099609375
2019-03-20,6482.7099609375,6498.42578125,6463.94384765625,6486.8828125,106335600.0,6455.525395497534,6469.3763671875,6445.620247395834,6468.352180989584,54.093621683440254,3.734244743988711,1.4887181136114394,6501.77587890625
2019-03-21,6501.77587890625,6515.97119140625,6484.31298828125,6499.27197265625,120956200.0,6464.7754921792775,6487.0783203125,6444.026432291666,6466.815478515625,56.12357630791449,7.292532792710517,2.6494810494312553,6525.27392578125
2019-03-22,6525.27392578125,6525.27392578125,6491.90478515625,6510.85205078125,129537900.0,6476.875178899672,6499.896484375,6449.488151041666,6466.442708333333,58.555970734366646,11.871747592505926,4.4939343580461895,6411.2509765625
2019-03-25,6411.2509765625,6474.64794921875,6391.51904296875,6473.85595703125,105721300.0,6463.750338432238,6480.25732421875,6443.579296875,6462.7623046875,45.40279660239566,6.228313123697262,4.840810111176404,6469.9990234375
2019-03-26,6469.9990234375,6478.0478515625,6439.58203125,6440.916015625,85932800.0,6465.0000754332905,6478.201953125,6442.351236979167,6461.928873697917,51.45346643806171,6.422294836183937,5.157107056177911,6444.73779296875
2019-03-27,6444.73779296875,6485.42578125,6443.97412109375,6480.55712890625,90444600.0,6460.947618940382,6470.60751953125,6442.581770833333,6462.542626953125,48.941817684115264,4.485945373119648,5.022874719566259,6480.7880859375
2019-03-28,6480.7880859375,6480.7880859375,6445.35888671875,6460.48681640625,92075400.0,6464.915712339806,6466.4099609375,6444.10390625,6464.598356119792,52.504947296864025,5.793547422377742,5.177009260128556,6468.7548828125
2019-03-29,6468.7548828125,6485.958984375,6440.9169921875,6480.98291015625,102927100.0,6465.683546434346,6455.10615234375,6449.816373697917,6466.222916666667,51.22006447066105,5.792084990344847,5.300024406171815,6452.61083984375
2019-04-01,6452.61083984375,6492.9111328125,6444.84423828125,6485.72119140625,93229400.0,6463.069005116227,6463.378125,6455.561490885417,6468.340445963541,49.47090699476432,4.437088660159134,5.127437256969278,6476.06591796875
2019-04-02,6476.06591796875,6490.0732421875,6454.98388671875,6476.623046875,97657900.0,6465.668387686732,6464.59150390625,6463.714290364584,6467.615478515625,52.03381619187718,5.19597709907157,5.141145225389737,6494.6298828125
2019-04-04,6494.6298828125,6505.798828125,6480.0751953125,6489.78515625,115935300.0,6471.460686711886,6474.569921875,6471.517936197916,6467.614241536458,54.02157788425226,7.212220483486817,5.555360277009154,6474.01806640625
2019-04-05,6474.01806640625,6506.80078125,6473.955078125,6501.09912109375,104044400.0,6471.97216265076,6473.21591796875,6475.56806640625,6466.322037760417,51.471093013227836,7.065460339341371,5.857380289475597,6425.73388671875
2019-04-08,6425.73388671875,6484.14794921875,6390.7099609375,6480.18408203125,104784600.0,6462.724507464358,6464.61171875,6473.20478515625,6462.587630208333,45.99310033100943,3.0182298201198137,5.289550195604441,6484.34814453125
2019-04-09,6484.34814453125,6484.39013671875,6429.53515625,6434.6181640625,103220100.0,6467.049234877737,6470.9591796875,6471.53154296875,6462.019970703125,52.589616368258255,4.488708186739132,5.12938179383138,6478.326171875
2019-04-10,6478.326171875,6487.755859375,6456.666015625,6476.77978515625,85785100.0,6469.30462227719,6471.41123046875,6471.4015625,6460.45224609375,51.888393942613256,5.109253724340306,5.125356179933165,6410.166015625
2019-04-11,6410.166015625,6472.72998046875,6410.166015625,6468.255859375,98465700.0,6457.476900946753,6454.51845703125,6466.565299479166,6456.0927734375,44.63404384134527,0.09993359027521365,4.120271662001575,6405.8662109375
2019-04-12,6405.8662109375,6422.27197265625,6394.9140625,6395.0732421875,115690900.0,6447.154762944903,6440.8880859375,6460.171321614584,6452.098876953125,44.21409933896765,-4.1688906333110936,2.462439202939042,6435.15087890625
2019-04-15,6435.15087890625,6442.0341796875,6415.115234375,6426.90478515625,89372600.0,6444.753986137173,6442.771484375,6454.163118489583,6451.825634765625,47.81528288319748,-5.129803441938748,0.9439906739634838,6481.541015625
2019-04-16,6481.541015625,6485.12109375,6438.39697265625,6440.72119140625,113905400.0,6452.11139203474,6442.21005859375,6458.84912109375,6451.214208984375,52.99208783168286,-2.123558372080879,0.33048086475461125,6507.22119140625
2019-04-18,6507.22119140625,6636.33203125,6487.22705078125,6568.84521484375,112896400.0,6463.133351909042,6447.9890625,6461.330598958333,6451.84091796875,55.6168708610654,2.3045229657373056,0.7252892849511501,6414.7431640625
2019-04-22,6414.7431640625,6516.2421875,6410.0390625,6511.0859375,94956300.0,6453.455314339734,6448.9044921875,6459.33095703125,6450.956363932291,45.717077021092834,-1.6296094832314338,0.2543095313146333,6462.82177734375
2019-04-23,6462.82177734375,6482.81884765625,6415.455078125,6420.1630859375,105904400.0,6455.3286069405385,6460.29560546875,6458.133203125,6451.1185546875,50.636597223181035,-0.858004963739404,0.03184663230382584,6447.884765625
2019-04-24,6447.884765625,6472.52783203125,6433.97216796875,6460.26513671875,95981100.0,6453.839838677431,6462.8423828125,6456.741861979167,6453.279117838541,49.14638682315025,-1.4352501643370488,-0.2615727270243491,6372.787109375
2019-04-25,6372.787109375,6431.591796875,6353.283203125,6423.837890625,95830800.0,6437.629292816945,6441.0916015625,6451.420279947916,6453.490885416667,42.39161901754607,-7.861847897974258,-1.781627761214331,6401.080078125
2019-04-26,6401.080078125,6401.080078125,6321.66015625,6349.923828125,84764000.0,6430.319449878557,6419.86337890625,6446.421223958333,6455.067757161459,45.434425828945834,-10.550348924067293,-3.5353719937849237,6425.89501953125
2019-04-29,6425.89501953125,6428.34423828125,6376.705078125,6388.3818359375,87784100.0,6429.434563809095,6422.09375,6441.838899739583,6456.67841796875,48.02731117370792,-10.556952989891215,-4.939688193006182,6455.35205078125
2019-04-30,6455.35205078125,6457.82177734375,6428.251953125,6437.97509765625,94646800.0,6434.618061203526,6420.5998046875,6440.594498697917,6458.081282552083,51.00369100654491,-8.091971312233,-5.5701448168515455,6374.421875
2019-05-02,6374.421875,6465.77294921875,6363.0400390625,6458.12109375,105193000.0,6422.578823962822,6405.9072265625,6437.173697916666,6455.189241536458,43.613723556537224,-12.524470102175655,-6.9610098739163675,6319.458984375
2019-05-03,6319.458984375,6367.6201171875,6261.25,6366.75,93047100.0,6401.954856045258,6395.2416015625,6426.181087239584,6448.856315104166,39.43480086910291,-20.23900065581074,-9.616608030295243,6256.35205078125
2019-05-06,6256.35205078125,6263.0869140625,6207.623046875,6254.81103515625,76667800.0,6372.834294992457,6366.29599609375,6411.3828125,6441.3921875,35.25759352545876,-31.086675984161957,-13.910621621068586,6297.31787109375
2019-05-07,6297.31787109375,6310.93994140625,6268.31982421875,6271.9619140625,99893700.0,6357.731010212717,6340.58056640625,6403.859602864583,6435.212451171875,39.72133723346794,-35.96337411125569,-18.32117211910601,6270.2021484375
2019-05-08,6270.2021484375,6270.8837890625,6231.36279296875,6260.69677734375,92019200.0,6340.225237857674,6303.5505859375,6394.81533203125,6427.493326822917,37.860611973473006,-41.53738756675648,-22.964415208636105,6198.80419921875
2019-05-09,6198.80419921875,6259.626953125,6195.38623046875,6242.18017578125,92161300.0,6311.94103012989,6268.42705078125,6379.05888671875,6416.611002604167,33.42116191467805,-51.12669448447923,-28.596871063804734,6209.1181640625
2019-05-10,6209.1181640625,6232.6640625,6149.22021484375,6203.10302734375,83315100.0,6291.376456916413,6246.35888671875,6360.89736328125,6409.8732421875,34.613917491712684,-57.234277415564065,-34.3243523341566,6135.39599609375
2019-05-13,6135.39599609375,6238.26220703125,6135.39599609375,6225.39501953125,73081800.0,6260.180364751881,6222.16767578125,6336.109016927084,6398.719807942708,30.419051876780998,-67.2481489241427,-40.90911165215382,6071.2021484375
2019-05-14,6071.2021484375,6101.08984375,6033.6181640625,6081.40185546875,102612300.0,6222.384721489006,6176.94453125,6313.206282552083,6386.268619791666,27.314874687160597,-79.44829081456373,-48.6169474846358,5980.884765625
2019-05-15,5980.884765625,6107.43994140625,5980.884765625,6091.64306640625,90189500.0,6174.084730316205,6119.0810546875,6281.0771484375,6369.60517578125,23.657041602441097,-95.30621837968374,-57.9548016636454,5895.73779296875
2019-05-16,5895.73779296875,6009.6279296875,5889.55517578125,5969.85595703125,90700800.0,6118.415342846714,6058.4677734375,6244.267350260417,6350.504606119792,20.82561643933923,-113.4367609473884,-69.05119352039401,5826.8681640625
2019-05-17,5826.8681640625,5936.97021484375,5826.8681640625,5930.26904296875,88536300.0,6060.105907089872,5982.0177734375,6207.87275390625,6329.646516927083,18.859463886758945,-131.84274890096185,-81.60950459650758,5907.12109375
2019-05-20,5907.12109375,5930.15478515625,5767.40087890625,5822.47412109375,88516800.0,6029.508944421898,5936.36279296875,6174.942154947917,6310.681689453125,27.45449919776803,-138.35897015560295,-92.95939770832666,5951.3720703125
2019-05-21,5951.3720703125,5996.5400390625,5925.416015625,5925.416015625,88868800.0,6013.881569600019,5912.39677734375,6143.307291666667,6292.573095703125,31.747630515314484,-138.3575388754134,-102.03902594174401,5939.63623046875
2019-05-22,5939.63623046875,5966.7978515625,5918.89990234375,5948.3828125,73752300.0,5999.032501773766,5904.1470703125,6108.926236979167,6274.760367838541,31.219949004856986,-137.7158857645063,-109.17439790629648,6032.69580078125
2019-05-23,6032.69580078125,6044.57177734375,5942.171875,5944.0322265625,80007700.0,6005.765161575264,5931.538671875,6086.144498697917,6261.659098307292,39.76890136410456,-128.22019882060977,-112.98355808915915,6057.35302734375
2019-05-24,6057.35302734375,6080.19189453125,6037.080078125,6042.5751953125,94909100.0,6016.082734728961,5977.63564453125,6068.670768229166,6247.425927734375,41.831919299855215,-117.35240096133839,-113.85732666359499,6098.97412109375
2019-05-27,6098.97412109375,6114.53076171875,6054.76806640625,6056.4140625,79120000.0,6032.6610120019195,6016.00625,6058.17890625,6234.780859375,45.241401957826014,-104.18019400935918,-111.92190013274784,6033.14208984375
2019-05-28,6033.14208984375,6118.90576171875,6033.14208984375,6101.8427734375,107550600.0,6032.757227570286,6032.36025390625,6040.5671875,6222.213395182292,41.13446484083604,-97.92440821781656,-109.1224017497616,6104.10595703125
2019-05-29,6104.10595703125,6112.43115234375,6054.57080078125,6059.53076171875,79068400.0,6047.026973462479,6065.25419921875,6029.494108072917,6212.154720052084,46.746435401999264,-86.24626859731598,-104.54717511927248,6209.1171875
2019-05-31,6209.1171875,6209.1171875,6110.47802734375,6110.52001953125,94994300.0,6079.445016269983,6100.5384765625,6030.181640625,6204.620263671875,53.77005273440158,-67.73690129488932,-97.18512035439586,6289.60986328125
2019-06-10,6289.60986328125,6334.64501953125,6276.27978515625,6277.29296875,94734500.0,6121.477985672236,6146.98984375,6035.54775390625,6198.22255859375,58.30904368223224,-46.042261593401236,-86.95654860219695,6305.9921875
2019-06-11,6305.9921875,6310.0,6255.26416015625,6286.7998046875,86434200.0,6158.380826037789,6188.39345703125,6046.920833333334,6191.514925130208,59.187327316233734,-27.21348654380745,-75.00793619051906,6276.1767578125
2019-06-12,6276.1767578125,6296.81787109375,6257.43896484375,6270.35205078125,90308800.0,6181.940012392732,6237.000390625,6060.585807291666,6186.896044921875,56.84039658561068,-14.529910892628322,-62.91233113094091,6273.08203125
2019-06-13,6273.08203125,6284.4580078125,6250.1171875,6282.60791015625,95630400.0,6200.168416164186,6270.79560546875,6080.065625,6180.57138671875,56.58956984860531,-4.673926266148555,-51.264650157982445,6250.26513671875
2019-06-14,6250.26513671875,6294.64892578125,6234.98583984375,6278.02587890625,86134100.0,6210.187760275099,6279.0251953125,6103.70078125,6173.984065755209,54.673921073345234,1.281111997303924,-40.75549772692518,6190.52490234375
2019-06-17,6190.52490234375,6263.4990234375,6190.52490234375,6259.53515625,94608600.0,6206.25518868883,6259.208203125,6127.944563802083,6167.908658854167,49.91002426986088,1.1665379573032624,-32.37109059007949,6257.330078125
2019-06-18,6257.330078125,6257.330078125,6195.1337890625,6195.1337890625,94426600.0,6216.470166576064,6249.47578125,6151.291829427083,6163.1169921875,54.66693576927053,6.392665903303168,-24.618339291402958,6339.26220703125
2019-06-19,6339.26220703125,6339.26220703125,6289.4521484375,6289.4521484375,104524400.0,6241.028574667102,6262.09287109375,6177.151171875,6160.229231770833,59.719356022389874,16.950256019861627,-16.30462022915004,6335.6982421875
2019-06-20,6335.6982421875,6357.4599609375,6311.251953125,6346.01318359375,93519900.0,6259.962508171182,6274.61611328125,6203.555305989584,6156.240771484375,59.40918455959893,24.744402009459918,-8.094815781428048,6315.43603515625
2019-06-21,6315.43603515625,6352.52880859375,6269.69091796875,6343.48193359375,111701800.0,6271.057213568196,6287.65029296875,6222.404654947916,6154.274576822917,57.57820758062683,28.952580762242178,-0.6853364726940026,6288.46484375
2019-06-24,6288.46484375,6320.53515625,6280.22216796875,6307.9267578125,113990600.0,6274.538739604557,6307.23828125,6237.812109375,6153.241438802083,55.142023733301556,29.768094934866895,5.405349808818177,6320.44482421875
2019-06-25,6320.44482421875,6327.98193359375,6308.0029296875,6312.10107421875,104114600.0,6283.719956527397,6319.86123046875,6252.576822916667,6155.377864583334,57.44135958102884,32.618902544147204,10.848060355883984,6310.48876953125
2019-06-26,6310.48876953125,6334.17919921875,6303.34912109375,6323.81103515625,117335500.0,6289.073719128168,6314.10654296875,6271.0666015625,6155.81689453125,56.47089175453286,33.6865006955004,15.415748423807267,6352.7099609375
2019-06-27,6352.7099609375,6357.92822265625,6320.08984375,6324.69287109375,99586800.0,6301.800967490035,6317.50888671875,6287.640201822916,6158.567154947917,59.58895157730528,37.5071184966846,19.834022438382732,6358.62890625
2019-06-28,6358.62890625,6377.35009765625,6351.505859375,6367.01806640625,106200900.0,6313.166555242028,6326.1474609375,6297.607649739583,6163.894645182291,60.021298019177785,40.54521504964396,23.976260960634978,6379.68798828125
2019-07-01,6379.68798828125,6395.6259765625,6369.19287109375,6381.18115234375,128295500.0,6326.470841849872,6344.39208984375,6303.612858072916,6169.580305989583,61.59561569127504,44.1433631657128,28.009681401650543,6384.89794921875
2019-07-02,6384.89794921875,6394.4541015625,6365.3720703125,6388.22216796875,128839600.0,6338.156263323648,6357.28271484375,6308.8732421875,6177.897037760416,61.99435722706484,46.87497622983392,31.782740367287218,6362.6220703125
2019-07-03,6362.6220703125,6385.373046875,6334.748046875,6362.9580078125,115118100.0,6343.049424721419,6367.709375,6314.636263020833,6187.61103515625,59.165790637383296,46.70394796299206,34.766981886428184,6375.966796875
2019-07-04,6375.966796875,6385.12890625,6359.4150390625,6364.06787109375,138923400.0,6349.632899152136,6372.3607421875,6321.495247395834,6200.780436197917,60.33340305092134,47.102249326287165,37.23403537439998,6373.47705078125
2019-07-05,6373.47705078125,6386.64404296875,6362.9248046875,6373.31787109375,132400300.0,6354.401729477959,6375.33037109375,6329.709375,6216.705078125,59.98875607466421,46.67891880485058,39.1230120604901,6351.8271484375
2019-07-08,6351.8271484375,6367.36181640625,6324.72119140625,6360.2138671875,106782100.0,6353.886813269867,6369.758203125,6340.462858072917,6234.2037109375,56.942684168770775,44.08823836542251,40.11605732147658,6388.3232421875
2019-07-09,6388.3232421875,6388.3232421875,6351.4228515625,6351.48486328125,120669200.0,6360.774099053395,6370.44326171875,6349.195735677084,6250.243782552084,60.57678871812336,44.46744221355766,40.9863342998928,6410.68310546875
2019-07-10,6410.68310546875,6412.82421875,6393.18994140625,6393.18994140625,116571800.0,6370.755900336467,6380.05546875,6353.95712890625,6265.554150390625,62.656363377414074,46.04148056471968,41.997363552858175,6417.06591796875
2019-07-11,6417.06591796875,6434.908203125,6397.22216796875,6424.62890625,123096800.0,6380.017903862923,6388.27529296875,6359.381640625,6281.468473307292,63.252273308706776,47.25918248583366,43.04972733945327,6373.34521484375
2019-07-12,6373.34521484375,6425.31787109375,6369.49609375,6414.1982421875,132748400.0,6378.683366059089,6388.24892578125,6363.242252604166,6292.823453776042,56.590809737161095,44.18696485296368,43.277174842155354,6418.23388671875
2019-07-15,6418.23388671875,6439.19287109375,6405.4501953125,6408.30810546875,138330000.0,6386.593470191022,6401.5302734375,6371.893522135417,6304.852815755208,61.1184451112976,44.857264294698325,43.59319273266395,6401.8798828125
2019-07-16,6401.8798828125,6428.26806640625,6389.39794921875,6414.72900390625,120399800.0,6389.650752715318,6404.2416015625,6377.322526041667,6314.949674479167,58.71565575414302,43.56664087567697,43.58788236126656,6394.60888671875
2019-07-17,6394.60888671875,6403.5009765625,6377.5029296875,6395.4638671875,142137300.0,6390.642379516005,6401.0267578125,6382.930533854166,6326.998567708333,57.6308476829694,41.47896026496801,43.16609794200685,6403.2939453125
2019-07-18,6403.2939453125,6407.2568359375,6375.6171875,6385.05810546875,150696400.0,6393.172692675305,6398.27236328125,6386.302799479166,6336.971500651041,58.61443164973343,40.06344354593875,42.54556706279323,6456.5390625
2019-07-19,6456.5390625,6456.5390625,6417.44287109375,6417.44287109375,129678900.0,6405.845966640245,6414.9111328125,6392.830143229166,6345.218896484375,64.11454720451317,42.74533075201634,42.585519800637854,6433.546875
2019-07-22,6433.546875,6468.2470703125,6420.34912109375,6461.4111328125,125797900.0,6411.386148312196,6417.97373046875,6396.420735677083,6350.016796875,60.382726273564,42.5252635402303,42.57346854855634,6403.81005859375
2019-07-23,6403.81005859375,6454.0888671875,6396.6748046875,6443.7109375,129238000.0,6409.870930368507,6418.359765625,6397.68154296875,6353.277392578125,55.85456628387993,39.496060130609294,41.957986864966934,6384.98681640625
2019-07-24,6384.98681640625,6419.22119140625,6380.01123046875,6413.31982421875,149335200.0,6404.894107576056,6416.4353515625,6399.172526041667,6356.90439453125,53.13812743154693,35.17108588725205,40.600606669423954,6401.365234375
2019-07-25,6401.365234375,6412.71484375,6386.291015625,6392.38818359375,124582800.0,6404.188332935844,6416.049609375,6400.865755208333,6361.180501302083,55.18065963808679,32.6883036725867,39.0181460700565,6325.23681640625
2019-07-26,6325.23681640625,6385.587890625,6314.41015625,6379.2041015625,122282900.0,6388.398029629926,6389.78916015625,6397.649739583333,6363.679557291666,45.29773844103429,24.2976654194581,36.07404993993683,6299.03515625
2019-07-29,6299.03515625,6349.3671875,6283.60205078125,6336.84521484375,126988300.0,6370.525454953941,6362.88681640625,6394.1302734375,6367.296565755209,42.477875985009334,15.356746144064346,31.930589180762333,6376.99609375
2019-07-30,6376.99609375,6376.99609375,6317.0361328125,6317.5732421875,127506100.0,6371.819582713153,6357.5240234375,6393.375130208334,6371.285432942708,52.0438398202073,14.395852881074461,28.42364192082476,6390.5048828125
2019-07-31,6390.5048828125,6390.5048828125,6348.9970703125,6362.10888671875,114214500.0,6375.556642733023,6358.62763671875,6392.029915364584,6372.993522135416,53.48725040201251,14.55658517424672,25.65023057150915,6381.5419921875
2019-08-01,6381.5419921875,6404.5810546875,6372.705078125,6385.26416015625,107634100.0,6376.753712623919,6354.66298828125,6389.661653645833,6374.521647135417,52.36116547035314,13.801639597110807,23.28051237662948,6340.18017578125
2019-08-02,6340.18017578125,6353.11083984375,6317.27099609375,6341.123046875,93321300.0,6369.439005255385,6357.65166015625,6387.450651041667,6375.346451822917,47.40153345317592,9.753356259573593,20.575081153218306,6175.703125
2019-08-05,6175.703125,6315.06298828125,6175.703125,6311.1640625,122385300.0,6330.691829204308,6332.98525390625,6371.28193359375,6371.587727864583,33.7226144383925,-6.650201474718415,15.130024627630963,6119.47119140625
2019-08-06,6119.47119140625,6157.76220703125,6022.59912109375,6105.0908203125,113648900.0,6288.447701644697,6281.4802734375,6352.4546875,6364.888606770834,30.483767543051712,-23.911944242970094,7.321630853510753,6204.19482421875
2019-08-07,6204.19482421875,6221.6611328125,6153.64404296875,6155.828125,115751900.0,6271.597126159508,6244.21826171875,6339.760416666667,6361.345475260417,39.85646068706758,-30.40502049809038,-0.22369941680947392,6274.6708984375
2019-08-08,6274.6708984375,6281.10009765625,6224.89794921875,6224.89794921875,108941500.0,6272.211880615107,6222.84404296875,6331.185546875,6358.744173177083,46.33784933991182,-29.52366952954526,-6.083693439356631,6282.1318359375
2019-08-09,6282.1318359375,6319.43994140625,6280.66796875,6300.0927734375,102271800.0,6274.195871679585,6211.234375,6319.5583984375,6356.194270833334,46.98914809389438,-27.90152581311122,-10.447259914107551,6250.59521484375
2019-08-12,6250.59521484375,6309.10205078125,6245.27685546875,6300.6728515625,98246100.0,6269.475740312419,6226.21279296875,6307.36162109375,6351.891178385416,44.52899835912619,-28.828391241469035,-14.12348617957985,6210.9619140625
2019-08-13,6210.9619140625,6251.30810546875,6198.06591796875,6251.30810546875,106057400.0,6257.772975062435,6244.5109375,6294.505078125,6346.093310546875,41.58251185738431,-32.387670015563344,-17.77632294677655,6267.3349609375
2019-08-14,6267.3349609375,6274.5751953125,6240.2041015625,6255.509765625,116897700.0,6259.685372237448,6257.13896484375,6286.66162109375,6342.917073567708,46.958668296078145,-30.310193292810254,-20.28309701598329,6257.5859375
2019-08-15,6257.5859375,6257.5859375,6161.6650390625,6192.4560546875,118749900.0,6259.2654852899595,6253.72197265625,6277.076334635417,6338.971044921875,46.1673732022159,-29.114825156974803,-22.049442644181596,6286.6572265625
2019-08-16,6286.6572265625,6292.375,6235.701171875,6264.3798828125,122425200.0,6264.7438335444685,6254.62705078125,6274.504361979167,6336.07705078125,48.93093068512128,-25.52741310075635,-22.745036735496548,6296.71484375
2019-08-19,6296.71484375,6329.73876953125,6284.77587890625,6310.6328125,107478400.0,6271.138035585575,6263.8509765625,6274.349674479166,6334.239973958333,49.88937794445456,-21.623534898155413,-22.520736368028324,6295.73779296875
2019-08-20,6295.73779296875,6317.69091796875,6279.56494140625,6311.9072265625,115615800.0,6276.057987062211,6280.80615234375,6268.932454427083,6331.153792317708,49.79161523941548,-18.39646018752046,-21.695881131926754,6252.966796875
2019-08-21,6252.966796875,6308.35205078125,6247.990234375,6290.81103515625,97455300.0,6271.43974902477,6277.93251953125,6259.763248697916,6325.89658203125,45.58081961676116,-19.070410342649666,-21.170786974071337,6239.2451171875
2019-08-22,6239.2451171875,6265.95703125,6210.537109375,6257.55615234375,102340600.0,6265.000822657317,6274.26435546875,6250.276790364584,6319.969222005208,44.28684636423366,-20.47571428150968,-21.031772435559006,6255.59716796875
2019-08-23,6255.59716796875,6255.59716796875,6204.18798828125,6228.1298828125,104137900.0,6263.120091719604,6268.05234375,6244.637923177083,6316.044287109375,46.245282379661035,-20.038957313377068,-20.83320941112262,6214.509765625
2019-08-26,6214.509765625,6230.31494140625,6149.02001953125,6193.23095703125,120581400.0,6253.398026500683,6251.611328125,6247.225032552084,6309.253483072916,42.22849883655129,-22.74603215706611,-21.215773960311317,6278.1708984375
2019-08-27,6278.1708984375,6289.884765625,6223.744140625,6244.5732421875,117748900.0,6258.352600888047,6248.09794921875,6257.805013020833,6305.129850260417,49.54150070140676,-19.52936473437694,-20.87849211512444,6281.64599609375
2019-08-28,6281.64599609375,6306.3291015625,6267.19482421875,6289.65087890625,107048900.0,6263.011279929187,6253.8337890625,6262.968424479167,6301.364420572917,49.91421312325661,-16.509411074684976,-20.00467590703655,6289.119140625
2019-08-29,6289.119140625,6306.89599609375,6276.4208984375,6288.18603515625,111978400.0,6268.2328520683495,6263.80859375,6263.931640625,6297.55859375,50.75659433116234,-13.359060796653466,-18.675552884959934,6328.47021484375
2019-08-30,6328.47021484375,6329.8837890625,6305.037109375,6316.119140625,132856400.0,6280.28032462343,6278.383203125,6267.020865885416,6293.289632161458,55.044226650061674,-7.599480603576012,-16.46033842868315,6290.5458984375
2019-09-02,6290.5458984375,6338.11279296875,6281.60498046875,6331.14794921875,126521700.0,6282.333439386244,6293.5904296875,6269.684244791667,6288.522932942708,50.482240826450635,-6.025686825412777,-14.373408108029077,6261.58984375
2019-09-03,6261.58984375,6310.630859375,6248.796875,6293.36181640625,122848800.0,6278.184720258996,6290.27421875,6273.059440104166,6283.782259114583,47.261498680708826,-7.033873420720738,-12.90550117056741,6269.6640625
2019-09-04,6269.6640625,6273.60400390625,6239.0009765625,6266.76416015625,111903900.0,6276.480588707197,6287.87783203125,6273.214713541666,6279.938167317709,48.25289924347083,-7.099507879486737,-11.744302512351275,6306.80322265625
2019-09-05,6306.80322265625,6307.34814453125,6281.9541015625,6294.283203125,110321300.0,6282.545115497008,6291.4146484375,6276.495865885417,6276.786100260417,52.661048232738594,-4.107356769137368,-10.216913363708494,6308.9501953125
2019-09-06,6308.9501953125,6336.912109375,6305.01708984375,6329.412109375,114218400.0,6287.826131460107,6287.51064453125,6277.982063802084,6276.243212890625,52.91077832198348,-1.5450028751283753,-8.48253126599247,6326.212890625
2019-09-09,6326.212890625,6333.89697265625,6306.73583984375,6328.2822265625,109132800.0,6295.503483293086,6294.64404296875,6279.948600260416,6277.149137369792,54.967814977374076,1.8572273274439794,-6.414579547305181,6336.6728515625
2019-09-10,6336.6728515625,6342.005859375,6311.3408203125,6331.72607421875,113186400.0,6303.737356946969,6309.66064453125,6282.677604166666,6275.805029296875,56.21589696753758,5.336040155500086,-4.0644556067441275,6381.9541015625
2019-09-11,6381.9541015625,6381.9541015625,6328.68798828125,6334.591796875,136654000.0,6319.380705870076,6332.11865234375,6291.2767578125,6275.520003255208,61.22586793707691,11.612975674284826,-0.928969350538337,6342.173828125
2019-09-12,6342.173828125,6414.48388671875,6337.52392578125,6398.9951171875,111986600.0,6323.939330321061,6339.1927734375,6298.138671875,6274.207731119792,55.24522916661405,13.22510589855483,1.9018456992802963,6334.8427734375
2019-09-13,6334.8427734375,6375.80419921875,6318.919921875,6369.4228515625,106712000.0,6326.120018944349,6344.3712890625,6303.421712239583,6274.029817708333,54.19459391958011,13.752643952202561,4.27200534986475,6219.43505859375
2019-09-16,6219.43505859375,6266.14013671875,6193.51318359375,6262.2880859375,102809600.0,6304.783026874229,6323.01572265625,6303.750065104166,6275.487548828125,40.981647669913194,4.802918520063031,4.3781879839044056,6236.68994140625
2019-09-17,6236.68994140625,6240.34814453125,6205.3017578125,6215.23681640625,112446500.0,6291.164409780633,6303.019140625,6300.98466796875,6279.394840494791,43.21095588358385,-0.8872508507874954,3.3251002169660255,6276.6328125
2019-09-18,6276.6328125,6276.6328125,6236.47607421875,6238.705078125,108718500.0,6288.258090324507,6281.9548828125,6300.650455729166,6281.809440104166,48.09833751828194,-2.1489237367022724,2.230295426232366,6244.47021484375
2019-09-19,6244.47021484375,6282.06298828125,6242.89306640625,6274.17822265625,106914500.0,6279.500515228356,6262.41416015625,6297.673860677083,6280.802750651042,44.75808204367173,-5.678602036003213,0.6485159337852504,6231.47314453125
2019-09-20,6231.47314453125,6256.82177734375,6213.2431640625,6248.97412109375,134219300.0,6269.895041088935,6241.740234375,6291.207389322916,6279.114127604166,43.44506869582408,-9.416109423222224,-1.3644091376162444,6206.19921875
2019-09-23,6206.19921875,6247.5771484375,6197.38818359375,6240.14404296875,118747800.0,6257.155876621147,6239.09306640625,6285.58427734375,6277.634261067708,40.930537425267346,-14.253203484950973,-3.9421680070831906,6137.60791015625
2019-09-24,6137.60791015625,6194.58984375,6115.9501953125,6188.76904296875,90097100.0,6233.246283328168,6219.27666015625,6277.318815104167,6275.189127604167,35.00850030321672,-23.352191216178653,-7.824172648902284,6146.40380859375
2019-09-25,6146.40380859375,6146.40380859375,6086.001953125,6121.490234375,91732400.0,6215.8777883812845,6193.230859375,6269.10146484375,6271.158089192709,36.28166301852728,-29.51323880869404,-12.161985880860637,6230.333984375
2019-09-26,6230.333984375,6230.333984375,6165.92578125,6168.66796875,105163800.0,6218.769027580029,6190.40361328125,6264.003515625,6270.249690755209,46.958973744615314,-27.308652514767346,-15.191319207641978,6196.88916015625
2019-09-27,6196.88916015625,6219.77001953125,6191.6640625,6213.93212890625,112420600.0,6214.393054095273,6183.48681640625,6256.532779947916,6267.257421875,43.80866623326975,-27.938166011166686,-17.740688568346922,6169.10205078125
2019-09-30,6169.10205078125,6195.72802734375,6152.49609375,6190.3720703125,93299700.0,6205.334853432469,6176.0673828125,6246.058723958334,6263.003662109375,41.32794858508729,-30.329626438418018,-20.258476142361143,6138.25
2019-10-01,6138.25,6176.60595703125,6134.77001953125,6163.97900390625,99171900.0,6191.917882745975,6176.19580078125,6232.830533854167,6257.754069010417,38.70714883937764,-34.31877325783444,-23.070535565455806,6055.4248046875
2019-10-02,6055.4248046875,6153.99609375,6051.68798828125,6124.44287109375,116223100.0,6164.61926713428,6158.0,6211.0619140625,6251.1693359375,32.710130456019584,-43.660214144039855,-27.188471281172617,6038.52880859375
2019-10-03,6038.52880859375,6050.60400390625,5997.69189453125,6033.02685546875,121133700.0,6139.401175426175,6119.63896484375,6190.818912760416,6244.478792317708,31.633426162241776,-51.829283311434665,-32.11663368722503,6061.251953125
2019-10-04,6061.251953125,6076.56005859375,6046.1298828125,6052.7470703125,111920200.0,6123.77133096594,6092.5115234375,6172.579524739584,6238.000618489584,34.744433577337134,-55.82623157614398,-36.85855326500882,6000.58203125
2019-10-07,6000.58203125,6084.1650390625,5988.8720703125,6077.740234375,127549800.0,6099.133471022753,6058.80751953125,6157.989322916666,6230.869694010416,30.724394691435165,-63.1613132256889,-42.11910525714484,6039.60107421875
2019-10-08,6039.60107421875,6046.4580078125,6009.3818359375,6021.69287109375,124640500.0,6087.2269916619525,6039.077734375,6144.850065104167,6222.917366536459,35.86405456787031,-65.07575481428466,-46.71043516857281,6029.16015625
2019-10-09,6029.16015625,6047.79296875,6017.35986328125,6030.458984375,111759600.0,6075.613624579562,6033.8248046875,6128.351888020833,6214.501171875,35.11334321076684,-66.6669631354589,-50.70174076195003,6023.64111328125
2019-10-10,6023.64111328125,6044.11376953125,6018.44580078125,6023.97607421875,89240100.0,6065.219122319901,6030.847265625,6113.629947916666,6205.651904296875,34.6998663817719,-67.59416438590233,-54.08022548674049,6105.7998046875
2019-10-11,6105.7998046875,6109.1181640625,6033.32177734375,6033.32177734375,105411100.0,6073.3352587934205,6039.7568359375,6105.251725260417,6198.229557291666,45.069571443617086,-60.99633055955837,-55.46344650130407,6126.876953125
2019-10-14,6126.876953125,6153.578125,6099.23876953125,6129.23388671875,118521000.0,6084.043597659737,6065.0158203125,6099.96357421875,6192.77392578125,47.37823562013287,-53.450604688525345,-55.06087813874833,6158.166015625
2019-10-15,6158.166015625,6158.166015625,6118.26220703125,6130.2998046875,118739300.0,6098.86808125279,6088.72880859375,6101.334114583334,6189.32646484375,50.69134885398708,-44.43359390992646,-52.93542129298396,6169.591796875
2019-10-16,6169.591796875,6183.583984375,6143.84619140625,6170.56201171875,114463100.0,6113.012824377232,6116.81513671875,6102.87998046875,6185.99072265625,51.88272777107939,-35.95116024965682,-49.53856908431854,6181.01416015625
2019-10-17,6181.01416015625,6197.93505859375,6161.39208984375,6169.90380859375,119164000.0,6126.613091533036,6148.28974609375,6099.5919921875,6181.79775390625,53.102643683712884,-27.984493385133646,-45.22775394448156,6191.94677734375
2019-10-18,6191.94677734375,6201.1748046875,6178.498046875,6185.21484375,125611600.0,6139.679828695179,6165.519140625,6099.2625,6177.897639973959,54.29698003692668,-20.55177360583366,-40.29255787675198,6198.98681640625
2019-10-21,6198.98681640625,6228.22705078125,6187.36083984375,6207.88916015625,146413800.0,6151.541226237393,6179.94111328125,6101.254817708334,6173.656770833333,55.090130701014715,-13.932610849478806,-35.020568471297345,6225.4970703125
2019-10-22,6225.4970703125,6229.39892578125,6178.55517578125,6207.4921875,114083500.0,6166.3323950524145,6193.40732421875,6107.0712890625,6169.950911458333,58.042965056632134,-6.473102841584478,-29.311075345354773,6257.80615234375
2019-10-23,6257.80615234375,6257.80615234375,6197.9541015625,6224.41796875,135886700.0,6184.627146510682,6211.0501953125,6120.56337890625,6165.812646484375,61.37607129070574,2.022371262154593,-23.0443860238529,6339.64697265625
2019-10-24,6339.64697265625,6339.64697265625,6270.18603515625,6271.51416015625,130619300.0,6215.631111739796,6242.7767578125,6140.637923177083,6165.72841796875,68.2553765941125,15.183934972210409,-15.39872182464024,6252.34521484375
2019-10-25,6252.34521484375,6348.31494140625,6243.24609375,6342.60888671875,151346100.0,6222.973932360587,6254.8564453125,6153.377473958333,6162.978499348958,56.661827342869806,18.358422327271,-8.647292994257993,6265.3837890625
2019-10-28,6265.3837890625,6278.1630859375,6243.34912109375,6256.7900390625,145042900.0,6231.455903700969,6268.13583984375,6171.030924479167,6164.510123697916,57.8143154268315,21.676457687549373,-2.58254285789652,6281.13818359375
2019-10-29,6281.13818359375,6281.13818359375,6245.93798828125,6267.68017578125,148492100.0,6241.392359679527,6279.2640625,6187.1333984375,6165.991731770833,59.225270652406955,25.285793699518763,2.9911244535865364,6295.7470703125
2019-10-30,6295.7470703125,6304.0498046875,6264.93896484375,6302.087890625,139603200.0,6252.2633018061215,6286.85224609375,6204.905859375,6166.628873697917,60.54313525184036,28.990845142877333,8.191068591444697,6228.31689453125
2019-10-31,6228.31689453125,6301.5927734375,6216.2900390625,6290.56689453125,163955700.0,6247.474020351147,6264.58623046875,6218.550911458334,6166.0904296875,52.16278235119478,26.184237862185,11.78970244559276,6207.19091796875
2019-11-01,6207.19091796875,6228.4111328125,6193.88720703125,6225.81494140625,142104600.0,6239.417399874668,6255.55537109375,6225.310319010417,6165.281022135417,49.83532423994358,22.00167006335505,13.832095969145218,6180.34423828125
2019-11-04,6180.34423828125,6242.083984375,6180.34423828125,6219.126953125,103975100.0,6227.602767555985,6238.5474609375,6228.8748046875,6164.419189453125,46.967347468835484,16.332382723805495,14.332153320077275,6264.15185546875
2019-11-05,6264.15185546875,6264.15185546875,6195.30419921875,6204.43896484375,95988100.0,6234.912585138539,6235.1501953125,6235.94052734375,6168.637320963541,55.56435695305774,18.390017287847513,15.143726113631324,6217.544921875
2019-11-06,6217.544921875,6274.2919921875,6198.49609375,6273.91796875,70278100.0,6231.439052485832,6219.509765625,6239.13740234375,6171.00869140625,50.647229448267595,16.07461926885935,15.329904744676929,6165.6240234375
2019-11-07,6165.6240234375,6235.63818359375,6119.4208984375,6234.60400390625,67284200.0,6218.276046676166,6206.97119140625,6238.111393229166,6168.851692708334,45.78622146953422,9.935536395505551,14.251031074842654,6177.98583984375
2019-11-08,6177.98583984375,6180.19921875,6139.8232421875,6165.76611328125,60698400.0,6210.218005309683,6201.13017578125,6237.1806640625,6168.22158203125,47.08832912044113,5.998615949980376,12.600548049870198,6148.740234375
2019-11-11,6148.740234375,6182.81591796875,6127.876953125,6171.43701171875,47286600.0,6197.922451122747,6194.809375,6233.830891927083,6167.542854817709,44.3730203911195,0.5127910512783274,10.182996650151825,6180.9921875
2019-11-12,6180.9921875,6180.9921875,6133.5341796875,6135.4931640625,57719100.0,6194.536398398198,6178.17744140625,6230.863899739584,6168.967594401041,47.93838276355578,-1.218258304414121,7.9027456592386365,6142.5009765625
2019-11-13,6142.5009765625,6183.8271484375,6132.2529296875,6177.66015625,51900400.0,6184.129314031059,6163.16865234375,6223.176888020834,6171.870133463542,44.28989351330453,-5.631134218509942,5.195969683688921,6098.9501953125
2019-11-14,6098.9501953125,6146.39794921875,6062.97998046875,6137.53515625,72169800.0,6167.093490287348,6149.83388671875,6207.130436197916,6173.8841796875,40.53118971071109,-12.498479558972576,1.6570798351566216,6128.34521484375
2019-11-15,6128.34521484375,6137.35595703125,6092.6162109375,6115.7587890625,46157800.0,6159.343835198628,6139.90576171875,6198.86376953125,6176.120621744792,43.98651206887514,-15.391543671554246,-1.7526448661855518,6122.625
2019-11-18,6122.625,6134.31494140625,6098.0810546875,6126.4130859375,47079600.0,6152.000068158903,6134.68271484375,6189.346516927083,6180.188720703125,43.45735346081399,-17.939100571550625,-4.989936007258567,6152.08984375
2019-11-19,6152.08984375,6152.08984375,6113.3330078125,6136.93701171875,51414200.0,6152.018023277123,6128.90224609375,6180.743294270834,6183.938346354166,46.99458175663333,-17.38014364908122,-7.467977535623098,6155.10888671875
2019-11-20,6155.10888671875,6167.4111328125,6123.5849609375,6136.2529296875,51663000.0,6152.636195965449,6131.423828125,6171.367415364583,6188.136637369792,47.35796879437042,-16.50331478469252,-9.275044985436983,6117.36376953125
2019-11-21,6117.36376953125,6137.27099609375,6099.56787109375,6135.76416015625,50800300.0,6145.581710678609,6135.10654296875,6163.970540364583,6191.260725911458,43.35599288862643,-18.6392751391204,-11.147891016173666,6100.2421875
2019-11-22,6100.2421875,6122.48095703125,6086.8271484375,6115.791015625,51362000.0,6136.513806042887,6129.4859375,6156.840625,6191.075472005208,41.63717275876871,-21.466159167001933,-13.21154464633932,6070.76220703125
2019-11-25,6070.76220703125,6105.09716796875,6052.26513671875,6094.748046875,48496000.0,6123.36348624056,6119.11337890625,6149.53515625,6189.20498046875,38.78599548102364,-25.788005104677723,-15.726836738007002,6026.18798828125
2019-11-26,6026.18798828125,6096.6611328125,6026.18798828125,6091.23779296875,81161800.0,6103.928386648698,6093.9330078125,6133.6708984375,6184.805712890625,34.895107227618325,-32.43596447060918,-19.068662284527438,6023.0390625
2019-11-27,6023.0390625,6052.4921875,6002.98779296875,6025.94091796875,57364300.0,6087.750521818959,6067.51904296875,6120.703841145833,6179.920621744792,34.63080563606458,-37.52603538121821,-22.760136903865593,5953.06005859375
2019-11-28,5953.06005859375,6036.828125,5945.75,6013.27099609375,51713900.0,6060.812429173918,6034.65830078125,6106.53291015625,6172.322151692709,29.316594799114398,-46.668706230983844,-27.541850769289244,6011.830078125
2019-11-29,6011.830078125,6015.69921875,5939.40380859375,5949.8837890625,51024700.0,6051.015958964134,6016.97587890625,6095.455859375,6166.31826171875,37.93097213548226,-48.6117236437658,-31.755825344184558,6130.05517578125
2019-12-02,6130.05517578125,6130.05517578125,6023.009765625,6023.61181640625,52565500.0,6066.823802327557,6028.83447265625,6094.210188802083,6164.020540364583,50.89572542643792,-40.14898905563223,-33.434458086474095,6133.89599609375
2019-12-03,6133.89599609375,6148.3662109375,6107.64208984375,6119.90185546875,52634500.0,6080.238241080796,6050.37607421875,6091.070442708334,6160.967171223959,51.251967652414585,-32.75471288267181,-33.29850904571364,6112.87890625
2019-12-04,6112.87890625,6127.97705078125,6095.30615234375,6121.3330078125,50339400.0,6086.766374114637,6068.34404296875,6089.095638020834,6156.136263020833,49.15066425721611,-28.264780451132538,-32.29176332679742,6152.1171875
2019-12-05,6152.1171875,6157.93115234375,6131.5888671875,6132.0390625,52261600.0,6099.83653679171,6108.15546875,6092.640104166667,6149.885270182292,53.023103555067934,-21.29480205945856,-30.09237107332965,6186.8681640625
2019-12-06,6186.8681640625,6186.8681640625,6145.119140625,6160.783203125,49098600.0,6117.242862245868,6143.1630859375,6096.541634114584,6147.702701822916,56.204177351701425,-12.819159296786893,-26.6377287180211,6193.791015625
2019-12-09,6193.791015625,6210.77880859375,6180.8369140625,6194.08203125,54834500.0,6132.552492921695,6155.91025390625,6101.28603515625,6145.316276041666,56.83131223679814,-5.4803608903130225,-22.40625515247949,6183.5048828125
2019-12-10,6183.5048828125,6205.1337890625,6179.51806640625,6186.7529296875,51058500.0,6142.742970899856,6165.83203125,6103.38037109375,6142.061832682291,55.558310222684504,-0.4886820111360066,-18.022740524210793,6180.09912109375
2019-12-11,6180.09912109375,6204.60400390625,6171.9267578125,6190.5771484375,49556800.0,6150.214200938635,6179.27607421875,6105.04638671875,6138.206901041666,55.118077537583325,3.1560618398425504,-13.786980051400125,6139.39697265625
2019-12-12,6139.39697265625,6201.02392578125,6139.39697265625,6185.41796875,51845400.0,6148.050755282158,6176.73203125,6106.515266927084,6135.242903645833,50.01724805132426,2.7287688353126214,-10.483830274057576,6197.31787109375
2019-12-13,6197.31787109375,6197.31787109375,6167.64013671875,6181.05517578125,48546800.0,6157.904178444477,6178.82197265625,6112.986979166667,6134.913802083333,56.225515580771464,6.983368563696786,-6.990390506506705,6211.591796875
2019-12-16,6211.591796875,6237.916015625,6197.31396484375,6197.31396484375,55299700.0,6168.641702130582,6182.38212890625,6122.375618489584,6135.955387369791,57.622459075060625,11.375822617615995,-3.317147881682165,6244.35205078125
2019-12-17,6244.35205078125,6244.35205078125,6205.6279296875,6223.44287109375,53264500.0,6183.783771860716,6194.5515625,6136.919889322917,6135.295393880208,60.720666021218335,17.300918582665872,0.8064654111874425,6287.25
2019-12-18,6287.25,6287.25,6287.25,6287.25,0.0,6204.477017488573,6215.98173828125,6154.533951822917,6137.618896484375,64.39178783515558,25.167984947858713,5.678769318521697,6249.93017578125
2019-12-19,6249.93017578125,6281.416015625,6235.84423828125,6274.38818359375,47624800.0,6213.5676491471095,6238.08837890625,6174.32529296875,6140.4291015625,59.20738979842761,28.06774629404663,10.156564713626683,6284.3720703125
2019-12-20,6284.3720703125,6284.3720703125,6231.4658203125,6257.16015625,52766200.0,6227.728533380188,6255.49921875,6192.494759114584,6143.975309244792,62.2297733132582,32.767280288064285,14.678707828514204,6305.91015625
2019-12-23,6305.91015625,6315.72119140625,6270.5390625,6309.6708984375,39077900.0,6243.364857954151,6274.362890625,6204.218424479167,6149.214306640625,64.02482023536174,37.79397297596461,19.301760858004286,6319.44287109375
2019-12-26,6319.44287109375,6326.26806640625,6303.05908203125,6303.05908203125,33608900.0,6258.580460582072,6289.3810546875,6216.588216145833,6153.829329427083,65.14566514014334,42.38109722922309,23.917628132248048,6329.31396484375
2019-12-27,6329.31396484375,6337.3359375,6312.380859375,6321.56884765625,42100200.0,6272.727161434408,6297.79384765625,6231.017220052084,6160.056429036458,65.97831684233606,46.27946020850777,28.389994547499995,6299.5390625
2019-12-30,6299.5390625,6336.919921875,6289.546875,6329.134765625,47557400.0,6278.089541647527,6307.715625,6240.845345052084,6166.742724609375,61.22694603506909,46.43112605706665,31.99822084941333,6283.5810546875
2020-01-02,6283.5810546875,6317.01318359375,6263.67578125,6313.1279296875,33043700.0,6279.187844255523,6307.557421875,6247.29287109375,6171.917252604167,58.783589706595315,44.74781946269468,34.5481405720696,6323.4658203125
2020-01-03,6323.4658203125,6323.4658203125,6287.7060546875,6306.18701171875,44625300.0,6288.043439466918,6311.0685546875,6255.937858072916,6178.611946614584,62.78135939365511,46.10073355442364,36.858659168540406,6257.40283203125
2020-01-06,6257.40283203125,6300.43603515625,6252.634765625,6293.4990234375,41421300.0,6281.915317979785,6298.660546875,6260.864388020834,6182.122379557291,53.521366508768935,41.36536252631231,37.75999984009479,6279.34619140625
2020-01-07,6279.34619140625,6284.89208984375,6246.12890625,6272.22021484375,39441600.0,6281.401492665078,6288.6669921875,6267.480859375,6186.263623046875,55.85070852567662,38.93438127179343,37.99487612643452,6225.68603515625
2020-01-08,6225.68603515625,6250.1220703125,6218.1298828125,6248.44287109375,44622600.0,6270.258401163313,6273.89638671875,6273.233463541666,6189.874365234375,49.338883430472414,32.30548741116763,36.85699838338114,6274.4931640625
2020-01-09,6274.4931640625,6274.4931640625,6238.98291015625,6248.6611328125,41868400.0,6271.105353743151,6272.07880859375,6278.378483072916,6195.682731119791,54.53165478228091,30.637202077999973,35.61303912230491,6274.94091796875
2020-01-10,6274.94091796875,6295.3701171875,6271.97998046875,6287.1669921875,52213500.0,6271.872466588271,6262.373828125,6282.6017578125,6202.488688151042,54.5776523455626,29.016717275840165,34.29377475301196,6296.56689453125
2020-01-13,6296.56689453125,6297.77587890625,6269.48095703125,6287.912109375,44003800.0,6276.811352176867,6270.206640625,6286.082747395833,6211.501318359375,56.84827450172528,29.14158096260053,33.263335994929676,6325.40576171875
2020-01-14,6325.40576171875,6325.40576171875,6298.60791015625,6308.89013671875,44467400.0,6286.530234085245,6279.4185546875,6288.62646484375,6221.580208333334,59.7386283454179,31.207847262481664,32.852238248440074,6283.365234375
2020-01-15,6283.365234375,6348.52587890625,6255.498046875,6326.166015625,51089200.0,6285.897234143196,6290.95439453125,6290.85546875,6232.590380859375,54.054553679914406,29.1174115866761,32.10527291608728,6286.0478515625
2020-01-16,6286.0478515625,6299.541015625,6255.4931640625,6275.9560546875,42118300.0,6285.927357627057,6293.26533203125,6290.9671875,6241.730973307292,54.35301759497821,27.361781455784694,31.156574624026764,6291.6572265625
2020-01-17,6291.6572265625,6301.48486328125,6266.93212890625,6293.7822265625,37597900.0,6287.073331414146,6296.60859375,6290.0169921875,6247.117708333333,55.01112226353583,26.121944100177643,30.149648519256942,6245.04296875
2020-01-20,6245.04296875,6312.98876953125,6240.18994140625,6310.5009765625,38818200.0,6278.667258881317,6286.30380859375,6285.056998697916,6250.822607421875,48.72447555747378,21.134359291224428,28.34659067365044,6238.15283203125
2020-01-21,6238.15283203125,6257.884765625,6226.06396484375,6251.9970703125,41929600.0,6270.564373511304,6268.85322265625,6278.97958984375,6254.998404947916,47.853952826043596,16.436219440079185,25.96451642693619,6233.453125
2020-01-22,6233.453125,6265.51416015625,6223.18994140625,6241.5751953125,51077800.0,6263.142123809044,6258.87080078125,6274.573860677084,6257.709602864584,47.23406107209263,12.193127891075164,23.210238719763986,6249.2099609375
2020-01-23,6249.2099609375,6255.04296875,6229.130859375,6243.998046875,41256500.0,6260.355691234736,6251.50322265625,6272.282454427083,6259.787662760416,49.591729614190974,9.986770964321295,20.565545168675445,6244.10888671875
2020-01-24,6244.10888671875,6258.85107421875,6234.8251953125,6242.8349609375,38828900.0,6257.106330331539,6241.9935546875,6266.9919921875,6261.464925130208,48.83104883348071,7.737411087286091,17.999918352397575,6133.2080078125
2020-01-27,6133.2080078125,6242.1767578125,6130.92822265625,6240.81787109375,43723000.0,6232.326665827732,6219.6265625,6258.712337239584,6259.788362630208,35.928176665627305,-2.959877288521966,13.807959224213668,6111.18408203125
2020-01-28,6111.18408203125,6111.18408203125,6111.18408203125,6111.18408203125,0.0,6208.098149068435,6194.2328125,6247.501529947916,6257.491194661458,34.006431348059536,-13.064107248830624,8.43354592960481,6113.044921875
2020-01-29,6113.044921875,6152.5888671875,6102.7958984375,6123.09521484375,34605300.0,6189.087503629749,6170.151171875,6239.992122395834,6256.61279296875,34.326065103242385,-20.683204953858876,2.6101957529120723,6057.59619140625
2020-01-30,6057.59619140625,6057.59619140625,6057.59619140625,6057.59619140625,0.0,6162.78924118505,6131.82841796875,6225.53232421875,6251.955403645833,29.708628692720623,-30.840138008536996,-4.079870999377742,5940.0478515625
2020-01-31,5940.0478515625,6078.93017578125,5937.02197265625,6076.458984375,41508700.0,6118.24096326054,6071.0162109375,6203.206119791666,6242.903938802084,22.72857595929635,-47.823470070153235,-12.828590813532841,5884.169921875
2020-02-03,5884.169921875,5942.7822265625,5877.201171875,5920.9677734375,34951000.0,6071.426754983432,6021.20859375,6175.71298828125,6230.897867838542,20.288343611714353,-65.04200131777088,-23.271272914380454,5922.3388671875
2020-02-04,5922.3388671875,5952.94677734375,5911.375,5947.5068359375,36217700.0,6041.609177424246,5983.43955078125,6148.841861979166,6218.734163411458,26.123092840547983,-74.74626803877891,-33.56627193926015,5978.509765625
2020-02-05,5978.509765625,5978.509765625,5924.3740234375,5955.51904296875,39786600.0,6028.989295064397,5956.53251953125,6128.5181640625,6209.68681640625,33.802502369250135,-77.01664729767435,-42.25634701094299,5987.14501953125
2020-02-06,5987.14501953125,6013.69921875,5969.48486328125,6002.919921875,39909700.0,6020.620439957767,5942.44228515625,6108.59130859375,6199.779248046875,34.92245260326713,-77.228899712577,-49.250857551269796,5999.60693359375
2020-02-07,5999.60693359375,6004.81201171875,5981.64404296875,5988.05810546875,35281700.0,6016.417738684964,5954.3541015625,6089.1212890625,6189.569140625,36.58974202854014,-75.52098011570433,-54.5048820641567,5952.0830078125
2020-02-10,5952.0830078125,5996.4658203125,5937.380859375,5993.376953125,34305400.0,6003.550792510472,5967.93671875,6069.590625,6177.323811848958,33.106342689906825,-77.11331091989814,-59.02656783530499,5954.39697265625
2020-02-11,5954.39697265625,5975.16015625,5946.22021484375,5974.0,33700000.0,5993.7200285396275,5974.34833984375,6050.673567708333,6164.826578776042,33.43861594973659,-77.29748958613436,-62.680752185470865,5913.0810546875
2020-02-12,5913.0810546875,5962.34716796875,5895.72412109375,5957.06005859375,29256800.0,5977.592233769202,5961.26259765625,6029.3154296875,6151.944645182291,30.523289943558794,-79.8567627428165,-66.11595429693999,5871.9541015625
2020-02-13,5871.9541015625,5929.4990234375,5860.2548828125,5921.912109375,33248200.0,5956.464607327862,5938.2244140625,6004.1650390625,6138.223746744791,27.914371513701965,-84.23262529158,-69.739288495868,5866.94482421875
2020-02-14,5866.94482421875,5890.02880859375,5843.43212890625,5857.72119140625,27655200.0,5938.560650706039,5911.6919921875,5979.020768229167,6123.006380208333,27.604880351093556,-87.10069214448231,-73.21156922559086,5867.52294921875
2020-02-17,5867.52294921875,5878.4638671875,5853.59814453125,5863.9140625,28723300.0,5924.353110408581,5894.77998046875,5961.308430989583,6110.010384114584,27.704504126272795,-88.30903435522305,-76.2310622515173,5886.9619140625
2020-02-18,5886.9619140625,5907.13916015625,5855.9248046875,5856.880859375,34641400.0,5916.8748711393655,5881.29296875,5946.360286458334,6096.930908203125,31.135988987034864,-86.69868379940544,-78.32458656109493,5928.791015625
2020-02-19,5928.791015625,5928.791015625,5898.701171875,5898.89990234375,34517800.0,5919.258100036493,5884.4349609375,5934.076692708333,6087.034407552083,37.959900938334336,-81.11219952078136,-78.88210915303222,5942.48681640625
2020-02-20,5942.48681640625,5960.712890625,5929.14501953125,5941.4501953125,37350100.0,5923.903843310444,5898.54150390625,5926.402734375,6075.967529296875,40.05445507187551,-74.71842631115123,-78.04937258465603,5882.2548828125
2020-02-21,5882.2548828125,5944.205078125,5873.73193359375,5940.78515625,36665400.0,5915.574051210855,5901.603515625,5922.549869791666,6062.877994791666,34.53273768477743,-73.66239441010384,-77.1719769497456,5807.0498046875
2020-02-24,5807.0498046875,5863.1240234375,5787.919921875,5846.14599609375,40039600.0,5893.869201906184,5889.50888671875,5917.408528645833,6046.560758463542,29.132570577776278,-77.99482699435248,-77.33654695866699,5787.13818359375
2020-02-25,5787.13818359375,5814.67919921875,5752.3349609375,5784.73681640625,39502600.0,5872.522998243698,5869.544140625,5908.395149739584,6028.618505859375,27.8890470671394,-82.08874449667746,-78.28698646626908,5688.9208984375
2020-02-26,5688.9208984375,5757.740234375,5688.9208984375,5757.1669921875,39521300.0,5835.802578282458,5821.5701171875,5889.089225260416,6008.803694661458,22.734150905563297,-92.19574255801035,-81.06873768461733,5535.69384765625
2020-02-27,5535.69384765625,5684.2861328125,5526.81689453125,5680.43701171875,41308700.0,5775.780832157217,5740.2115234375,5858.99248046875,5983.79189453125,17.347154430136726,-111.28690756800916,-87.1123716612957,5452.7041015625
2020-02-28,5452.7041015625,5456.27587890625,5288.3701171875,5436.171875,49636800.0,5711.165486038274,5654.3013671875,5822.532291666666,5955.826790364584,15.24072354054853,-131.5964108104663,-96.00917949112981,5361.24609375
2020-03-02,5361.24609375,5491.134765625,5354.6201171875,5455.0458984375,40235000.0,5641.18160758062,5565.140625,5783.1431640625,5926.36689453125,13.321003505952078,-153.30453607309755,-107.46825080752338,5518.6279296875
2020-03-03,5518.6279296875,5545.77392578125,5431.2958984375,5431.2958984375,42974300.0,5616.670872001996,5511.43857421875,5754.09189453125,5902.382731119792,29.725032217273437,-156.01058990979618,-117.17671862797793,5650.13623046875
2020-03-04,5650.13623046875,5651.85498046875,5516.80517578125,5524.09423828125,45255400.0,5623.363943695347,5503.681640625,5736.562239583333,5882.938834635416,39.95142750910038,-145.8621284385099,-122.91380059008432,5638.1298828125
2020-03-05,5638.1298828125,5715.94091796875,5613.71923828125,5688.77880859375,40684000.0,5626.317131518778,5524.16884765625,5720.973958333333,5862.569498697917,39.38788457465505,-137.20657948129247,-125.77235636832594,5498.5400390625
2020-03-06,5498.5400390625,5577.8017578125,5498.5400390625,5575.56591796875,32430900.0,5600.761713027523,5533.33603515625,5696.413639322916,5837.717203776042,33.4756539474248,-139.9969308882446,-128.6172712723097,5136.80908203125
2020-03-09,5136.80908203125,5364.60400390625,5133.15087890625,5364.60400390625,42737600.0,5507.971186828268,5488.4486328125,5647.699381510417,5804.50390625,23.592762168738076,-169.4437277834977,-136.7825625745473,5220.826171875
2020-03-10,5220.826171875,5278.4228515625,5149.4521484375,5149.4931640625,44495700.0,5450.542183837615,5428.88828125,5603.29033203125,5774.825309244791,28.847057449995958,-183.88137940582146,-146.20232594080215,5154.10498046875
2020-03-11,5154.10498046875,5264.47998046875,5112.31884765625,5231.60888671875,46650100.0,5391.254743163842,5329.68203125,5551.644596354166,5742.86064453125,27.244757692409294,-198.41990373029694,-156.64584149870112,4895.748046875
2020-03-12,4895.748046875,5040.98779296875,4895.748046875,5040.96484375,36992900.0,5292.153403906074,5181.2056640625,5481.86201171875,5704.132373046875,22.12100544135602,-228.15895989820274,-170.94846517860145,4907.57080078125
2020-03-13,4907.57080078125,4937.9931640625,4639.9140625,4895.748046875,46288600.0,5215.23688328111,5063.01181640625,5416.883072916667,5669.716471354167,22.836163760263005,-247.91556245434458,-186.34188463375008,4690.6572265625
2020-03-16,4690.6572265625,4907.57080078125,4677.75,4907.57080078125,30471900.0,5110.320951937389,4973.7814453125,5342.456901041666,5629.93271484375,19.329082267725425,-277.87278049208453,-204.64806380541697,4456.7490234375
2020-03-17,4456.7490234375,4698.0439453125,4447.9560546875,4690.6572265625,30662200.0,4979.606566237411,4820.966015625,5253.764290364584,5581.079720052084,16.403555325272578,-316.8362378308593,-227.08569861050546,4330.673828125
2020-03-18,4330.673828125,4473.82421875,4284.6748046875,4456.7490234375,38642900.0,4849.82001861493,4656.27978515625,5163.214485677084,5526.15185546875,15.07882003510099,-353.8097742570417,-252.43051373981274,4105.421875
2020-03-19,4105.421875,4330.673828125,4093.714111328125,4330.673828125,26383700.0,4700.9403898919445,4498.21455078125,5067.863020833333,5463.427750651042,13.050882406301199,-396.7144412304651,-281.2872992379432,4194.94384765625
2020-03-20,4194.94384765625,4238.26318359375,3918.340087890625,4105.421875,63008300.0,4599.741081444806,4355.68916015625,4984.012337239584,5403.272314453125,17.7834028129689,-418.6668925649237,-308.76321790333935,3989.51708984375
2020-03-23,3989.51708984375,4194.94384765625,3975.19091796875,4194.94384765625,32514300.0,4477.696283124595,4215.4611328125,4892.563736979167,5337.853450520834,15.675028539089851,-447.4822936061382,-336.5070330438991,3937.632080078125
2020-03-24,3937.632080078125,4123.56201171875,3911.716064453125,3989.51708984375,45744100.0,4369.683442515301,4111.637744140625,4787.164013671875,5270.627954101563,15.185332356530637,-469.09792433362236,-363.0252113018438,4338.90380859375
2020-03-26,4338.90380859375,4370.66015625,3935.9140625,3937.632080078125,81100100.0,4363.527515730992,4113.283740234375,4699.748518880208,5218.155379231771,32.69721241416114,-448.67712192418094,-380.15559342631127,4545.57080078125
2020-03-27,4545.57080078125,4697.666015625,4338.90380859375,4338.90380859375,77851100.0,4399.936172741043,4201.313525390625,4626.911246744791,5173.942602539062,39.6127265028434,-411.0785323756254,-386.34018121617413,4414.5
2020-03-30,4414.5,4545.57080078125,4317.7138671875,4545.57080078125,27552200.0,4402.848938192835,4245.224755859375,4554.641910807291,5125.527775065104,37.01502647158511,-387.3920827075899,-386.5505615144573,4538.93017578125
2020-03-31,4538.93017578125,4569.47314453125,4414.5,4414.5,43426600.0,4430.065185710519,4355.107373046875,4514.783317057291,5081.241349283854,40.97245798999941,-354.4935444984303,-380.13915811125196,4466.037109375
2020-04-01,4466.037109375,4627.41796875,4445.13818359375,4538.93017578125,41848000.0,4437.259570443415,4460.78837890625,4464.464046223959,5033.877189127604,39.41027774460446,-330.49335553507626,-370.2099975960168,4531.68505859375
2020-04-02,4531.68505859375,4531.68505859375,4393.6689453125,4466.037109375,46011500.0,4456.1446680734825,4499.34462890625,4422.969384765625,4987.306990559896,41.57094366578687,-302.68660919550894,-356.7053199159153,4623.42919921875
2020-04-03,4623.42919921875,4623.42919921875,4531.68505859375,4531.68505859375,58684300.0,4489.601574302536,4514.91630859375,4404.814794921875,4943.338403320313,44.54709375523676,-270.13265586883426,-339.3907871064991,4811.8271484375
2020-04-06,4811.8271484375,4811.8271484375,4623.42919921875,4623.42919921875,70452900.0,4554.046689129529,4594.38173828125,4398.431884765625,4907.657478841146,50.16114683748885,-226.52009072229248,-316.81664782965777,4778.63916015625
2020-04-07,4778.63916015625,4975.5361328125,4721.72119140625,4811.8271484375,86224800.0,4598.9651833348735,4642.32353515625,4404.297347005208,4873.377124023437,49.21589606788704,-192.4167513880675,-291.9366685413397,4626.69482421875
2020-04-08,4626.69482421875,4780.21484375,4583.90087890625,4778.63916015625,45557700.0,4604.511111511649,4674.455078125,4415.627067057291,4834.6956787109375,45.03192770855291,-175.62574307976502,-268.67448344902476,4649.0791015625
2020-04-09,4649.0791015625,4669.7099609375,4562.90185546875,4626.69482421875,53523100.0,4613.42470952182,4697.93388671875,4436.854085286458,4800.034285481771,45.76343459760326,-158.68332136259414,-246.67625103173864,4623.89404296875
2020-04-13,4623.89404296875,4659.02978515625,4591.72802734375,4649.0791015625,45586600.0,4615.518576211206,4698.02685546875,4471.418896484375,4769.640958658854,45.03722150521768,-145.61005179835593,-226.4630111850621,4706.4912109375
2020-04-14,4706.4912109375,4706.4912109375,4623.89404296875,4623.89404296875,55226400.0,4633.713103156465,4676.95966796875,4505.522054036458,4744.767195638021,47.95423052042714,-127.11914000210527,-206.59423694847075,4625.90478515625
2020-04-15,4625.90478515625,4747.72509765625,4605.05419921875,4706.4912109375,63059600.0,4632.151439556422,4646.41279296875,4547.947900390625,4720.2558186848955,45.421372942247295,-117.61185401320927,-188.79776036141848,4480.60693359375
2020-04-16,4480.60693359375,4480.60693359375,4480.60693359375,4480.60693359375,0.0,4601.842538363888,4617.19521484375,4584.146223958333,4685.655118815104,41.19638976582971,-120.41353145124594,-175.12091457938396,4634.82080078125
2020-04-17,4634.82080078125,4637.2421875,4480.60693359375,4480.60693359375,54547300.0,4608.438190847361,4614.3435546875,4603.8740234375,4651.811271158854,46.8475418999281,-108.93438298516412,-161.88360826054,4575.90478515625
2020-04-20,4575.90478515625,4669.5419921875,4573.77392578125,4634.82080078125,52113500.0,4601.9315097091385,4604.745703125,4605.8962890625,4616.4037679036455,45.06568189617199,-103.39918377544018,-150.18672336352006,4501.9189453125
2020-04-21,4501.9189453125,4575.90478515625,4482.63916015625,4575.90478515625,42328500.0,4581.928996829811,4563.83125,4611.72421875,4583.1830647786455,42.860985237495015,-103.78615527928287,-140.90660974667261,4567.56201171875
2020-04-22,4567.56201171875,4580.68017578125,4441.08984375,4501.9189453125,48368900.0,4579.055599807599,4552.1626953125,4613.6330078125,4564.208162434896,45.41262882726825,-97.67010594328531,-132.25930898599518,4593.55419921875
2020-04-23,4593.55419921875,4629.02587890625,4567.56201171875,4567.56201171875,49463700.0,4581.95531968983,4574.7521484375,4622.134147135416,4543.299096679688,46.43268894016068,-89.69182890290722,-123.7458129693776,4496.06396484375
2020-04-24,4496.06396484375,4593.830078125,4496.06396484375,4593.55419921875,46122600.0,4564.777048720614,4547.00078125,4619.759407552084,4521.364396158854,43.17388883672511,-90.19591169716568,-117.03583271493522,4513.14111328125
2020-04-27,4513.14111328125,4541.31201171875,4474.89306640625,4496.06396484375,36774700.0,4554.449861632742,4534.448046875,4612.406868489584,4508.610831705729,43.91640962617311,-88.20069507432345,-111.26880518681287,4529.55419921875
2020-04-28,4529.55419921875,4532.37890625,4494.47021484375,4513.14111328125,45440500.0,4549.4707291499435,4539.97509765625,4593.588671875,4496.010278320313,44.664789026412755,-84.32304904062221,-105.87965395757475,4567.3232421875
2020-04-29,4567.3232421875,4568.6650390625,4523.955078125,4529.55419921875,41461800.0,4553.041231757455,4539.92734375,4579.500944010417,4491.899145507812,46.43607557665688,-77.31114573989544,-100.16595231403889,4716.40283203125
2020-04-30,4716.40283203125,4726.77392578125,4567.3232421875,4567.3232421875,60229700.0,4585.713551812214,4564.4970703125,4585.481477864583,4500.554272460938,52.85145623826418,-59.04406167640718,-91.94157418651255,4605.48681640625
2020-05-04,4605.48681640625,4716.40283203125,4576.22802734375,4716.40283203125,39084200.0,4589.668204731021,4586.381640625,4582.575325520834,4509.714705403646,48.22369173115719,-52.907378124654315,-84.13473497414091,4630.1328125
2020-05-05,4630.1328125,4667.7861328125,4605.48681640625,4605.48681640625,47829500.0,4597.761126284818,4609.77998046875,4582.991243489583,4527.205069986979,49.28630766252834,-45.530439720508184,-76.41387592341437,4608.7900390625
2020-05-06,4608.7900390625,4647.52490234375,4597.7509765625,4630.1328125,45079300.0,4599.966908840354,4625.6271484375,4576.47783203125,4540.999943033854,48.36069991429375,-40.934479139959876,-69.31799656672348,4597.43017578125
2020-05-08,4597.43017578125,4630.5888671875,4586.73876953125,4608.7900390625,47798700.0,4599.459562228533,4631.64853515625,4574.579524739584,4561.2637125651045,47.845649095126724,-37.7733654523945,-63.00907034385769,4639.10498046875
2020-05-11,4639.10498046875,4659.86181640625,4597.43017578125,4597.43017578125,45461000.0,4607.388645876576,4616.18896484375,4585.146061197916,4584.646142578125,49.951528396266376,-31.54175788219436,-56.71560785152503,4588.73388671875
2020-05-12,4588.73388671875,4644.134765625,4552.38720703125,4639.10498046875,46906900.0,4603.657694045011,4612.83837890625,4582.073600260416,4592.973811848959,47.45728783504508,-30.31820093537499,-51.43612646829503,4554.35888671875
2020-05-13,4554.35888671875,4588.73388671875,4519.97802734375,4588.73388671875,45092300.0,4593.79793257976,4597.68359375,4580.63720703125,4593.266748046875,45.77737610999433,-31.756232376637854,-47.500147649963594,4513.833984375
2020-05-14,4513.833984375,4564.14990234375,4494.15380859375,4554.35888671875,47342600.0,4577.805142938808,4578.6923828125,4581.43154296875,4596.577880859375,43.808554257588376,-35.75375654320669,-45.15086942861222,4507.60693359375
2020-05-15,4507.60693359375,4540.4208984375,4460.27294921875,4513.833984375,46257200.0,4563.765501069796,4560.727734375,4577.434537760417,4595.533772786458,43.49896947352673,-38.975014496221775,-43.91569844213413,4511.05810546875
2020-05-18,4511.05810546875,4527.9677734375,4487.17919921875,4507.60693359375,45156900.0,4553.224021949587,4535.118359375,4571.934798177083,4597.03447265625,43.736280539182886,-40.779325227259505,-43.28842379915921,4548.65576171875
2020-05-19,4548.65576171875,4609.0419921875,4511.05810546875,4511.05810546875,51665300.0,4552.31036990342,4527.102734375,4575.44091796875,4597.600162760416,46.37856122985986,-38.72899410226364,-42.3765378597801,4545.9521484375
2020-05-20,4545.9521484375,4561.55419921875,4521.47021484375,4548.65576171875,42464800.0,4551.038725610237,4525.42138671875,4577.6283203125,4595.017594401042,46.210503036721,-36.896926113922746,-41.280615510608634,4626.798828125
2020-05-26,4626.798828125,4634.65283203125,4541.833984375,4545.9521484375,53757500.0,4566.19074611319,4548.01435546875,4584.111295572917,4588.849983723959,51.831436143789304,-28.59175963956568,-38.74284433640004,4641.55517578125
2020-05-27,4641.55517578125,4641.55517578125,4597.3720703125,4626.798828125,60985400.0,4581.263632046802,4574.80400390625,4589.060091145833,4584.280517578125,52.80093150453707,-20.581886268108065,-35.11065272274165,4716.18505859375
2020-05-28,4716.18505859375,4741.60302734375,4638.80810546875,4641.55517578125,68549600.0,4608.2479173561915,4615.82939453125,4589.045572916667,4587.263525390625,57.46385925153182,-8.1184120773014,-29.7122045936536,4753.61181640625
2020-05-29,4753.61181640625,4755.95703125,4704.7880859375,4716.18505859375,104791300.0,4637.320697166203,4656.82060546875,4598.920572916667,4590.74794921875,59.61843861683638,4.724545955550639,-22.824854483812754,4847.5068359375
2020-06-02,4847.5068359375,4884.01123046875,4753.61181640625,4753.61181640625,73135500.0,4679.357924920463,4717.13154296875,4613.412174479166,4598.201708984375,64.47947450241429,22.22305257118296,-13.81527307281361,4941.005859375
2020-06-03,4941.005859375,4960.07080078125,4847.5068359375,4847.5068359375,101631500.0,4731.687511811371,4779.97294921875,4635.559895833333,4606.018863932291,68.54059127582853,43.138066147434984,-2.424605228763893,4916.7041015625
2020-06-04,4916.7041015625,5014.76416015625,4899.39013671875,4941.005859375,110933800.0,4768.690829761597,4835.002734375,4656.84482421875,4615.712174479167,66.41515265698712,57.09426913925654,9.479169644840194,4947.7822265625
2020-06-05,4947.7822265625,4948.51220703125,4851.14892578125,4916.7041015625,86864800.0,4804.509109121778,4881.32216796875,4677.423307291667,4631.284684244792,67.79072511786026,69.85713593753007,21.554762903378172,5070.56103515625
2020-06-08,5070.56103515625,5103.0859375,4947.7822265625,4947.7822265625,138169200.0,4857.719494328673,4944.71201171875,4709.5451171875,4645.809358723958,72.57053591109997,88.8547611979302,35.01476256228858,5035.05517578125
2020-06-09,5035.05517578125,5139.40576171875,5023.76708984375,5070.56103515625,115140600.0,4893.186630619189,4982.2216796875,4741.591536458333,4661.114371744791,69.36478270586161,99.89397441536039,47.99060493290295,4920.68212890625
2020-06-10,4920.68212890625,5036.85595703125,4892.81787109375,5035.05517578125,84234700.0,4898.685730276601,4978.15693359375,4768.71474609375,4675.07314453125,60.14763299686692,98.28076194992445,58.048636336307254,4854.75390625
2020-06-11,4854.75390625,4931.2421875,4812.19287109375,4920.68212890625,71655200.0,4889.899365471281,4965.76689453125,4791.857877604167,4684.646207682292,55.564257027043354,90.63760892949904,64.56643085494562,4880.35888671875
2020-06-12,4880.35888671875,4880.35888671875,4712.0732421875,4854.75390625,80885000.0,4887.991269720775,4952.2822265625,4816.4779296875,4694.206363932291,56.9367542272767,85.65903894884286,68.78495247372507,4816.3359375
2020-06-15,4816.3359375,4918.05615234375,4809.619140625,4880.35888671875,64138400.0,4873.66020327662,4901.43720703125,4834.323274739583,4704.882096354167,52.564852587498564,75.67503473630495,70.16296892624105,4986.4580078125
2020-06-16,4986.4580078125,4989.52685546875,4816.3359375,4816.3359375,75836700.0,4896.2197641837965,4891.7177734375,4863.69033203125,4720.659326171875,61.110092388890735,80.56140701937329,72.2426565448675,4987.77587890625
2020-06-17,4987.77587890625,5018.98486328125,4968.92578125,4986.4580078125,68366200.0,4914.530987128288,4905.1365234375,4887.75546875,4735.933382161458,61.16845109714205,83.57681197775219,74.50948763144444,4925.248046875
2020-06-18,4925.248046875,4993.61376953125,4925.248046875,4987.77587890625,70877500.0,4916.67439907763,4919.2353515625,4906.668326822916,4747.864208984375,56.8123622535923,79.99889123350204,75.60736835185597,4942.27490234375
2020-06-19,4942.27490234375,4970.06689453125,4925.248046875,4925.248046875,57556700.0,4921.794499730855,4931.6185546875,4921.740983072917,4755.393277994792,57.69584491885838,77.64227637174372,76.01434995583352,4918.8310546875
2020-06-22,4918.8310546875,4957.666015625,4904.76611328125,4942.27490234375,47869800.0,4921.201810722185,4952.117578125,4932.755598958333,4765.8380859375,55.99727055126784,73.04094894483296,75.41966975363341,4879.1328125
2020-06-23,4879.1328125,4938.39404296875,4879.1328125,4918.8310546875,54884300.0,4912.788011077748,4930.6525390625,4934.863997395833,4774.1380859375,53.14413477908449,65.43673350486097,73.42308250387893,4964.73486328125
2020-06-24,4964.73486328125,4977.65087890625,4879.1328125,4879.1328125,62466500.0,4923.177381518449,4926.0443359375,4936.445930989584,4786.002913411458,58.10150730105359,65.56195071814727,71.85085614673261,4896.72998046875
2020-06-25,4896.72998046875,4964.73486328125,4883.7099609375,4964.73486328125,50705900.0,4917.887901308509,4920.34072265625,4935.114322916666,4795.979573567708,53.27888417011583,59.48801969829219,69.37828885704454,4904.087890625
2020-06-26,4904.087890625,4941.13818359375,4882.14111328125,4896.72998046875,44280300.0,4915.127899171807,4912.7033203125,4932.2013671875,4804.812337239583,53.72642028839514,54.63827147926622,66.43028538148889,4901.81787109375
2020-06-29,4901.81787109375,4909.90576171875,4862.041015625,4904.087890625,44174500.0,4912.465893556196,4909.30068359375,4920.951822916667,4815.248470052084,53.555975934790695,50.03486865013747,63.15120203521861,4905.39208984375
2020-06-30,4905.39208984375,4939.83984375,4894.1201171875,4901.81787109375,51279100.0,4911.051132813706,4914.5525390625,4912.3076171875,4826.949576822916,53.80447846008325,46.14313894184488,59.74958941654386,4914.38818359375
2020-07-01,4914.38818359375,4928.61181640625,4885.60205078125,4905.39208984375,43243400.0,4911.718542969716,4904.483203125,4911.888020833333,4840.301383463541,54.464875354059366,43.28585233059766,56.45684199935462,4966.77978515625
2020-07-02,4966.77978515625,4966.77978515625,4914.38818359375,4914.38818359375,55396200.0,4922.7307914070225,4918.4931640625,4919.356412760417,4855.607145182292,58.21161186618009,44.733338417020605,54.112141282887826,4973.7939453125
2020-07-03,4973.7939453125,4997.48193359375,4964.10791015625,4966.77978515625,55723400.0,4932.943422188118,4932.434375,4925.585416666667,4871.031673177084,58.701547567451094,45.917161221786955,52.47314527066766,4988.8662109375
2020-07-06,4988.8662109375,5009.34521484375,4973.490234375,4973.7939453125,64282100.0,4944.1279799379945,4949.84404296875,4937.087434895833,4885.705354817708,59.79243217865394,47.52373120447555,51.48326245742924,4987.08203125
2020-07-07,4987.08203125,5011.712890625,4982.333984375,4988.8662109375,72834600.0,4952.718790200396,4966.18203125,4937.129036458334,4900.409684244792,59.59176514901124,48.098531173624906,50.80631620066838,5076.173828125
2020-07-08,5076.173828125,5080.251953125,4985.01708984375,4987.08203125,73499000.0,4977.409797785317,4998.53916015625,4943.022233072917,4915.388850911459,65.76947098192795,55.10777954775949,51.666608870086606,5052.7939453125
2020-07-09,5052.7939453125,5111.56396484375,5041.93017578125,5076.173828125,79794300.0,4992.486627290754,5015.7419921875,4951.52529296875,4929.096809895834,63.04551048230101,58.10628514874679,52.95454412581864,5031.255859375
2020-07-10,5031.255859375,5076.52099609375,5022.169921875,5052.7939453125,67684500.0,5000.240473707603,5027.234375,4957.457356770833,4939.599169921875,60.55727081113539,58.07522387645804,53.97868007594653,5064.44677734375
2020-07-13,5064.44677734375,5075.09814453125,5024.93408203125,5031.255859375,65331900.0,5013.0817344348325,5042.35048828125,4967.165071614583,4949.960335286459,62.98191928966926,60.036770764604626,55.19029821367815,5079.1220703125
2020-07-14,5079.1220703125,5079.1220703125,5053.72216796875,5064.44677734375,71530500.0,5026.289801610366,5060.75849609375,4980.497688802084,4957.680843098959,64.03465241282198,62.06009416718916,56.564257404380356,5075.7978515625
2020-07-15,5075.7978515625,5116.4638671875,5069.380859375,5079.1220703125,82580500.0,5036.191411600794,5060.68330078125,4987.901888020833,4962.173909505208,63.593483902406724,62.6729016715808,57.78598625782045,5098.3740234375
2020-07-16,5098.3740234375,5107.259765625,5075.7978515625,5075.7978515625,68710400.0,5048.627933968135,5069.79931640625,5001.34482421875,4968.229573567708,65.33996480165445,64.23974859329519,59.0767387249154,5079.5849609375
2020-07-17,5079.5849609375,5110.43017578125,5073.55712890625,5098.3740234375,61709100.0,5054.819339362008,5079.46513671875,5013.04462890625,4972.622998046875,62.646442210902805,63.23641571323242,59.90867412257881,5051.10595703125
2020-07-20,5051.10595703125,5100.19189453125,5031.88818359375,5079.5849609375,68632100.0,5054.076662895856,5076.79697265625,5022.99716796875,4971.974495442709,58.69677645429591,59.45785641338989,59.81851058074103,5114.708984375
2020-07-21,5114.708984375,5135.55908203125,5047.0859375,5051.10595703125,83156800.0,5066.203127191686,5083.91435546875,5036.951627604167,4974.629622395833,64.1351673184253,60.89361006727722,60.03353047804826,5110.18701171875
2020-07-22,5110.18701171875,5142.0439453125,5099.56689453125,5114.708984375,79454100.0,5074.999904097099,5090.7921875,5050.0048828125,4980.946451822917,63.49504767997912,60.96381684840162,60.21958775211894,5145.009765625
2020-07-23,5145.009765625,5162.97998046875,5110.22021484375,5110.22021484375,98800000.0,5089.001876402679,5100.1193359375,5061.886881510417,4990.621647135416,66.28565964010807,63.10196131219254,60.79606246413366,5082.9912109375
2020-07-24,5082.9912109375,5149.58984375,5074.4921875,5145.01123046875,97013800.0,5087.799743309643,5100.8005859375,5069.16669921875,4997.376057942708,57.80965383992607,59.11068595904089,60.45898716311511,5116.666015625
2020-07-27,5116.666015625,5116.666015625,5080.12109375,5082.9912109375,103523300.0,5093.572997772715,5113.91259765625,5077.686686197917,5007.387060546875,60.74484560584878,57.996301529688026,59.9664500364297,5112.98876953125
2020-07-28,5112.98876953125,5143.2861328125,5097.4189453125,5116.666015625,91890400.0,5097.456152124422,5113.5685546875,5086.08046875,5011.604752604167,60.25190289124678,56.168940233917056,59.20694807592717,5149.6298828125
2020-07-29,5149.6298828125,5149.6298828125,5091.39990234375,5111.10986328125,80750000.0,5107.890898262038,5121.45712890625,5090.9775390625,5016.999886067709,63.43589927005337,57.020082839621864,58.76957502866611,5149.626953125
2020-07-30,5149.626953125,5149.626953125,5091.39990234375,5111.11279296875,80749900.0,5116.23810923463,5122.38056640625,5097.433072916667,5024.479182942709,63.435461722107675,57.03689723836851,58.4230394706066,5006.22314453125
2020-08-03,5006.22314453125,5157.27294921875,4928.4677734375,5149.626953125,83815200.0,5094.235116293954,5107.026953125,5095.764225260416,5026.610791015625,46.52084349686256,44.96045772291836,55.730523121068956,5075.001953125
2020-08-04,5075.001953125,5075.001953125,5006.22314453125,5006.22314453125,73766600.0,5090.388483660164,5098.694140625,5096.467903645834,5031.816487630208,52.994601746671464,40.473118529142084,52.67904220268358,5127.05078125
2020-08-05,5127.05078125,5127.05078125,5059.0888671875,5075.001953125,84611300.0,5097.720943178131,5101.50654296875,5099.663151041666,5040.080419921875,57.21545131865137,40.64820808781678,50.27287537971023,5178.27197265625
2020-08-06,5178.27197265625,5187.9638671875,5127.05078125,5127.05078125,90452400.0,5113.831149073755,5107.2349609375,5106.494759114584,5047.198323567708,60.93322620359923,44.40818004126231,49.09993631202065,5143.89306640625
2020-08-07,5143.89306640625,5187.3740234375,5119.68310546875,5178.27197265625,91282400.0,5119.843532540254,5106.08818359375,5109.529361979166,5055.437093098958,57.33223492921026,44.1054740356567,48.101043856747864,5157.833984375
2020-08-10,5157.833984375,5157.833984375,5157.833984375,5157.833984375,0.0,5127.441622907204,5136.4103515625,5114.745963541666,5063.895296223958,58.40569469313491,44.47778074631424,47.37639123466114,5190.169921875
2020-08-11,5190.169921875,5201.4501953125,5157.93017578125,5157.93017578125,88400000.0,5139.987282700763,5159.4439453125,5124.01689453125,5073.50703125,60.865093427172766,46.8421097276414,47.2695349332572,5233.4521484375
2020-08-12,5233.4521484375,5235.52001953125,5178.458984375,5190.166015625,96807400.0,5158.68025584811,5180.72421875,5131.93310546875,5084.442366536458,63.938680391223954,51.61340424246737,48.138308795099235,5239.25
2020-08-13,5239.25,5279.34912109375,5218.4130859375,5233.4521484375,84601700.0,5174.794204678489,5192.91982421875,5140.5373046875,5095.27109375,64.34267185028752,55.225917685082095,49.55583057309581,5247.68994140625
2020-08-14,5247.68994140625,5255.3740234375,5221.919921875,5239.25,70397600.0,5189.373352024042,5213.67919921875,5147.382649739583,5104.634765625,64.95809704790729,58.10015097668747,51.264694653814146,5295.173828125
2020-08-18,5295.173828125,5316.1328125,5243.9951171875,5247.68994140625,95642400.0,5210.533447244234,5241.14716796875,5161.528157552083,5115.347428385417,68.27560060227928,63.47782157329675,53.70732003771067,5272.81005859375
2020-08-19,5272.81005859375,5327.31591796875,5268.5068359375,5295.173828125,92676400.0,5222.988769514137,5257.6751953125,5171.937760416667,5124.812223307292,65.1473337574341,65.18369787215579,56.0025956045997,5277.041015625
2020-08-24,5277.041015625,5294.15380859375,5261.408203125,5272.81005859375,138410800.0,5233.79921873631,5266.39296875,5182.874576822916,5134.477522786458,65.46967598754985,66.11488871994061,58.02505422766789,5338.88818359375
2020-08-25,5338.88818359375,5341.376953125,5276.95703125,5277.041015625,146510200.0,5254.817011707798,5286.32060546875,5195.491796875,5143.23466796875,69.85818050651392,71.02468539055553,60.62498046024542,5340.328125
2020-08-26,5340.328125,5351.47119140625,5324.61279296875,5338.88818359375,137729200.0,5271.919234366239,5304.8482421875,5208.205208333334,5152.819140625,69.95392489523564,74.17686118039,63.33535660427434,5371.47216796875
2020-08-27,5371.47216796875,5371.47216796875,5325.48779296875,5340.328125,134549700.0,5291.8298210867415,5320.10791015625,5232.555143229167,5164.159684244792,72.02381465336542,78.28561930178057,66.32540914377559,5346.6591796875
2020-08-28,5346.6591796875,5381.9482421875,5325.60498046875,5371.47216796875,107955900.0,5302.795692806893,5334.877734375,5250.665625,5173.566764322916,68.00420396533778,78.6332042997874,68.78696817497796,5238.48681640625
2020-08-31,5238.48681640625,5369.44677734375,5233.14306640625,5346.6591796875,124088000.0,5289.933917526765,5327.16689453125,5258.094694010417,5178.878922526042,53.88532255058511,69.380289443312,68.90563242864476,5310.67919921875
2020-09-01,5310.67919921875,5310.67919921875,5219.2080078125,5238.48681640625,90465800.0,5294.082973865163,5321.52509765625,5266.921842447917,5186.70830078125,59.873030783354665,67.09913267820139,68.5443324785561,5311.97021484375
2020-09-02,5311.97021484375,5337.09912109375,5295.27685546875,5310.67919921875,121613800.0,5297.660422060881,5315.853515625,5278.126985677083,5193.828173828125,59.97312246191608,64.65022611518634,67.76551120588215,5280.81298828125
2020-09-03,5280.81298828125,5331.16796875,5242.171875,5311.97021484375,136923000.0,5294.2909353049545,5297.7216796875,5286.3255859375,5200.535774739584,56.32180056703205,59.5093356506859,66.11427609484291,5239.85107421875
2020-09-04,5239.85107421875,5280.81298828125,5188.60888671875,5280.81298828125,95095800.0,5283.402963087714,5276.36005859375,5289.637662760417,5206.827278645834,51.852218306798925,51.535786322792774,63.198578140432886,5230.19580078125
2020-09-07,5230.19580078125,5245.34912109375,5195.865234375,5235.009765625,80111600.0,5272.7615306264215,5274.70185546875,5289.420572916667,5210.676839192708,50.828300694084284,43.93117986492416,59.34509848533114,5244.07177734375
2020-09-08,5244.07177734375,5256.30517578125,5232.91796875,5232.91796875,103353200.0,5267.023579969888,5261.38037109375,5289.742024739583,5215.139664713542,52.286518649716164,38.579430145198785,55.19196481730467,5149.3759765625
2020-09-09,5149.3759765625,5216.02001953125,5135.81201171875,5214.0322265625,101220300.0,5243.49405928841,5228.8615234375,5283.187760416667,5215.285205078125,42.92989966781851,26.392731240982357,49.432118102040214,4891.4609375
2020-09-10,4891.4609375,5084.48388671875,4878.27978515625,5084.326171875,82384700.0,5173.087434930729,5150.99111328125,5256.273567708334,5208.900862630208,28.152973158970354,-4.030443167488556,38.73960584813447,5016.7119140625
2020-09-11,5016.7119140625,5016.7119140625,4754.798828125,4804.64404296875,125812400.0,5141.812330757084,5106.36328125,5239.200358072917,5205.569059244792,39.11356324682793,-17.82880170284352,27.42592433793887,5161.828125
2020-09-14,5161.828125,5161.828125,5059.26708984375,5060.02392578125,109865600.0,5145.815489605668,5092.68974609375,5231.519498697917,5207.197037760417,48.84981578509637,-16.860082284499185,18.56872301345126,5100.865234375
2020-09-15,5100.865234375,5187.27880859375,5091.2939453125,5169.2451171875,113645500.0,5136.825438559535,5064.0484375,5215.651302083334,5205.571549479167,45.55421821617405,-20.772112963465588,10.700555818067892,5058.48193359375
2020-09-16,5058.48193359375,5117.287109375,5051.75390625,5108.1279296875,88769100.0,5121.156737566378,5045.86962890625,5196.861555989583,5202.533382161459,43.36386989384282,-26.98137907952514,3.164168838549285,5038.40087890625
2020-09-17,5038.40087890625,5099.5771484375,5013.18603515625,5058.9501953125,85305000.0,5104.605565834353,5075.2576171875,5174.656803385416,5203.605973307292,42.32547427785734,-33.14061610758381,-4.096788150677334,5059.22314453125
2020-09-18,5059.22314453125,5072.68017578125,5023.44384765625,5037.369140625,105751600.0,5095.529081573733,5083.75986328125,5155.494401041667,5203.080013020834,43.8275247347307,-35.92752289044893,-10.462935098631654,4999.35986328125
2020-09-21,4999.35986328125,5075.81884765625,4987.748046875,5058.990234375,106452100.0,5076.295237915237,5051.2662109375,5139.552604166666,5198.823649088542,40.557236276487174,-42.476984852631176,-16.86574504943156,4934.0927734375
2020-09-22,4934.0927734375,4978.44091796875,4919.10986328125,4947.73095703125,74792200.0,5047.854745019689,5017.91171875,5114.446842447916,5190.684342447917,37.29021184102385,-52.33075298885524,-23.958746637316295,4917.955078125
2020-09-23,4917.955078125,4984.23876953125,4873.02099609375,4946.5029296875,70609200.0,5021.874811640751,4989.80634765625,5088.179166666667,5183.153076171875,36.50715380346776,-60.74191735995646,-31.315380781844333,4842.755859375
2020-09-24,4842.755859375,4897.3369140625,4820.3310546875,4876.35107421875,65673400.0,4986.051021187602,4950.67734375,5058.975358072917,5172.650472005208,33.02680940474943,-72.63844345002144,-39.579993315479754,4945.791015625
2020-09-25,4945.791015625,4949.30322265625,4848.02490234375,4867.962890625,88843900.0,4977.999020075082,4927.99091796875,5039.371354166667,5164.504508463541,41.286086949635674,-72.91196631602634,-46.246387915589075,4906.5478515625
2020-09-28,4906.5478515625,4991.76220703125,4905.51123046875,4962.953125,83772300.0,4963.708786372566,4909.428515625,5017.79482421875,5153.607698567708,39.29826399053934,-75.42586807282714,-52.082283947036686,4879.09814453125
2020-09-29,4879.09814453125,4950.9677734375,4859.7861328125,4929.3330078125,86481700.0,4946.786658004303,4898.42958984375,4993.463248697916,5141.60263671875,37.92285033293262,-78.72561538822447,-57.41095023527424,4870.0390625
2020-09-30,4870.0390625,4903.86376953125,4841.36181640625,4896.43212890625,85378000.0,4931.437138903442,4888.84638671875,4974.840787760417,5129.014274088541,37.456917660835536,-81.13639130576303,-62.156038449372005,4970.09423828125
2020-10-01,4970.09423828125,4970.09423828125,4898.9970703125,4899.64404296875,96362100.0,4939.168558779004,4914.3140625,4980.0830078125,5118.178287760416,45.43144092680351,-74.11893515255815,-64.54861779000925,4926.73388671875
2020-10-02,4926.73388671875,4972.8232421875,4881.9130859375,4969.2451171875,88815300.0,4936.681624366954,4910.50263671875,4974.08447265625,5106.642415364583,42.8798190814088,-71.23521338904902,-65.8859369098172,4958.76904296875
2020-10-05,4958.76904296875,4962.79296875,4915.68505859375,4947.0400390625,70868100.0,4941.099108087314,4920.946875,4960.547200520833,5096.033349609375,45.32314855226835,-65.60857887759266,-65.8304653033723,4999.22119140625
2020-10-06,4999.22119140625,5023.89404296875,4992.48193359375,5004.39599609375,108547800.0,4952.723524751102,4944.971484375,4953.770930989584,5084.711116536459,48.328811901572614,-57.22561887072425,-64.1094960168427,5004.3271484375
2020-10-07,5004.3271484375,5014.60986328125,4962.08984375,4976.56787109375,92870700.0,4963.044249488382,4971.8291015625,4950.160611979167,5073.511083984375,48.7120532833237,-49.59831609509274,-61.20726003249271,5039.14208984375
2020-10-08,5039.14208984375,5039.14208984375,5001.51904296875,5018.73681640625,80288700.0,4978.263817559456,4985.638671875,4950.210026041666,5062.433414713541,51.361049519577115,-40.28002581858527,-57.021813189711224,5053.6630859375
2020-10-09,5053.6630859375,5057.8359375,5029.15185546875,5036.47607421875,69016600.0,4993.343671235065,5011.02451171875,4949.83935546875,5052.666878255209,52.46387112005914,-31.36196935152293,-51.889844422073566,5093.09912109375
2020-10-12,5093.09912109375,5103.5029296875,5078.12890625,5078.12890625,91642100.0,5013.294761206802,5037.89052734375,4956.088639322917,5047.820621744791,55.42012312830592,-20.871592171399243,-45.6861939719387,5132.57177734375
2020-10-13,5132.57177734375,5132.958984375,5064.1708984375,5093.421875,110621000.0,5037.1501644341915,5064.56064453125,4969.320572916667,5041.883707682292,58.22081539183634,-9.26596690581573,-38.4021485587141,5176.09912109375
2020-10-14,5176.09912109375,5177.9248046875,5125.044921875,5134.662109375,119876700.0,5064.939955766104,5098.9150390625,4986.53017578125,5037.354671223959,61.121413069549234,3.4046212442081014,-30.040794598129665,5105.14990234375
2020-10-15,5105.14990234375,5182.53076171875,5105.14990234375,5172.5908203125,110523700.0,5072.981945081633,5112.1166015625,5004.023111979167,5031.499235026042,54.481713499412905,7.633154381758686,-22.506004802151995,5103.4140625
2020-10-16,5103.4140625,5115.55810546875,5067.5888671875,5111.43408203125,92480400.0,5079.068368565307,5122.066796875,5014.531315104166,5026.951334635417,54.326220352775145,10.72064862584375,-15.860674116552847,5126.330078125
2020-10-19,5126.330078125,5128.65185546875,5090.77685546875,5116.7578125,111112200.0,5088.520710477245,5128.71298828125,5029.183463541666,5023.489143880209,56.10723532776716,14.845511190288562,-9.719437055184567,5099.83984375
2020-10-20,5099.83984375,5135.078125,5080.9560546875,5120.9130859375,88592600.0,5090.784537131796,5122.1666015625,5043.899576822917,5018.681412760417,53.509682622497294,15.794880415248372,-4.6165735610979795,5096.44580078125
2020-10-21,5096.44580078125,5131.5068359375,5083.66015625,5116.7900390625,104786700.0,5091.916789861687,5106.2359375,5058.993359375,5016.917073567708,53.170034934003446,16.087939708918384,-0.47567090709470694,5091.81591796875
2020-10-22,5091.81591796875,5093.8251953125,5063.69677734375,5084.7900390625,122922500.0,5091.8966154831,5103.569140625,5067.108138020833,5023.595572916666,52.67882211742353,15.764870843316203,2.772437442987475,5112.18798828125
2020-10-23,5112.18798828125,5121.02001953125,5095.5068359375,5112.787109375,95498300.0,5095.95489004273,5105.32392578125,5079.471744791666,5026.778108723958,54.663546211251514,16.957219981025446,5.60939395059507,5144.048828125
2020-10-26,5144.048828125,5158.26513671875,5113.02294921875,5113.14892578125,103314100.0,5105.573677659184,5108.86767578125,5091.82373046875,5026.185465494792,57.6548145315721,20.23975744134259,8.535466648744574,5128.22509765625
2020-10-27,5128.22509765625,5155.56591796875,5110.6181640625,5133.537109375,107122400.0,5110.103961658597,5114.5447265625,5100.423990885417,5027.0974609375,55.689563733924864,21.3186016541531,11.092093649826278,5115.1279296875
2020-11-02,5115.1279296875,5130.68603515625,5073.5,5108.02880859375,97646200.0,5111.108755264378,5118.28115234375,5107.810709635417,5028.985660807291,54.04742218144294,20.87611461364395,13.048897842589813,5159.4521484375
2020-11-03,5159.4521484375,5162.34716796875,5131.94921875,5133.98193359375,101351100.0,5120.777433899002,5131.8083984375,5115.831380208333,5033.020703125,58.506686985189,23.827367406822304,15.204591755436313,5105.19921875
2020-11-04,5105.19921875,5188.0087890625,5105.19921875,5170.8232421875,103974300.0,5117.6617908692015,5130.41064453125,5119.267122395833,5034.553238932292,51.87155670827019,21.54019651578801,16.471712707506654,5260.326171875
2020-11-05,5260.326171875,5260.326171875,5161.39013671875,5161.39013671875,108832000.0,5146.194667070361,5153.66611328125,5130.415592447916,5043.252115885417,64.32855491779007,31.87758086451231,19.552886338907786,5335.52880859375
2020-11-06,5335.52880859375,5335.52880859375,5246.701171875,5276.1640625,104732100.0,5184.061495375039,5195.12685546875,5143.946061197917,5056.633317057292,68.57492980244649,45.612464626809015,24.764801996488032,5356.0048828125
2020-11-09,5356.0048828125,5395.7119140625,5319.419921875,5371.97119140625,121516500.0,5218.450172862531,5243.30224609375,5155.939778645833,5071.234977213541,69.63484576111189,57.48703230273259,31.309248057736944,5462.73876953125
2020-11-10,5462.73876953125,5469.18310546875,5412.59423828125,5424.73193359375,149596500.0,5267.307892196275,5303.9595703125,5179.779036458333,5091.90107421875,74.46883912375327,74.64972976653098,39.977344399495756,5509.51318359375
2020-11-11,5509.51318359375,5520.908203125,5471.591796875,5475.56494140625,165238700.0,5315.7489504757705,5384.82236328125,5206.852311197917,5110.691813151042,76.25298476706602,90.97687072729514,50.17724966505563,5458.60205078125
2020-11-12,5458.60205078125,5500.416015625,5449.796875,5494.48486328125,119777900.0,5344.319570536867,5424.4775390625,5229.003776041666,5129.093619791666,70.47982413562107,98.67072987986285,59.875945708017085,5461.05810546875
2020-11-13,5461.05810546875,5466.56396484375,5427.6318359375,5449.10107421875,113428800.0,5367.667277523244,5449.5833984375,5253.084993489583,5148.49228515625,70.5954834974765,103.77015403566475,68.65478737354661,5494.8720703125
2020-11-16,5494.8720703125,5519.67919921875,5462.4599609375,5500.0341796875,119907500.0,5393.108236081095,5477.3568359375,5279.646744791667,5169.320052083333,72.20982664530723,109.28027381437641,76.77988466171257,5529.93994140625
2020-11-17,5529.93994140625,5562.537109375,5515.51904296875,5516.580078125,146811400.0,5420.474577146127,5490.7970703125,5308.855013020833,5187.981575520834,73.81538464439093,115.14939698962735,84.45378712729553,5557.51806640625
2020-11-18,5557.51806640625,5574.72802734375,5530.8759765625,5530.8759765625,140753000.0,5447.883274998152,5500.398046875,5338.543684895833,5209.00771484375,75.03683121236,120.63543341479908,91.69011638479624,5594.05908203125
2020-11-19,5594.05908203125,5598.52392578125,5541.31396484375,5541.421875,166665200.0,5477.118436404771,5527.489453125,5368.544368489584,5230.184049479167,76.5947409399029,126.47380014062128,98.64685313596125,5571.65576171875
2020-11-20,5571.65576171875,5628.44189453125,5563.65478515625,5602.783203125,215797300.0,5496.025901467567,5549.608984375,5398.106412760417,5249.265201822916,73.56349356815986,127.81956276252549,104.48139506127411,5652.76416015625
2020-11-23,5652.76416015625,5652.76416015625,5583.330078125,5583.330078125,189943100.0,5527.373553205303,5581.18740234375,5433.948828125,5270.879768880209,77.09733155439433,133.88748762356136,110.36261357373156,5701.02880859375
2020-11-24,5701.02880859375,5710.380859375,5667.3681640625,5677.2998046875,240469400.0,5562.104604282993,5615.40517578125,5470.053938802083,5292.942659505208,78.90443010966695,140.96594785872094,116.48328043072944,5679.2470703125
2020-11-25,5679.2470703125,5770.6611328125,5666.76416015625,5735.13623046875,325423300.0,5585.533097488895,5639.7509765625,5508.323795572916,5313.795458984375,75.99034494246455,143.16772592526922,121.8201695296374,5759.916015625
2020-11-26,5759.916015625,5759.916015625,5669.6640625,5669.6640625,248292500.0,5620.409681116116,5672.92236328125,5541.62978515625,5336.022688802083,79.07288507170875,149.6963542254107,127.39540646879206,5783.3349609375
2020-11-27,5783.3349609375,5795.8359375,5745.884765625,5773.55517578125,251434900.0,5652.994737080393,5715.258203125,5571.483528645834,5357.714794921875,79.8804665697563,154.97361301283854,132.91104777760137,5612.4150390625
2020-11-30,5612.4150390625,5798.2919921875,5563.86181640625,5779.6708984375,319900500.0,5644.878797476815,5707.18837890625,5588.5775390625,5372.258658854166,61.29044767279597,143.70749877349863,135.07033797678082,5724.7421875
2020-12-01,5724.7421875,5736.31884765625,5594.27783203125,5637.89404296875,209477700.0,5660.851475481452,5711.9310546875,5606.04443359375,5392.911735026041,66.76460002037203,142.20364904511553,136.49700019044778,5813.98681640625
2020-12-02,5813.98681640625,5813.98681640625,5734.26123046875,5755.17578125,219110200.0,5691.478543666412,5738.87900390625,5626.34267578125,5416.597493489583,70.35197324543185,146.52409445220655,138.50241904279954,5822.94189453125
2020-12-03,5822.94189453125,5853.15576171875,5797.01318359375,5833.3232421875,238397400.0,5717.77121383938,5751.4841796875,5650.631998697917,5439.817887369792,70.69380084372017,148.953633758877,140.59266198601503,5810.48291015625
2020-12-04,5810.48291015625,5823.32421875,5775.56982421875,5820.81982421875,173857900.0,5736.313553102755,5756.91376953125,5673.926985677083,5463.505989583334,69.49332787666884,148.16576256742155,142.10728210229635,5930.7587890625
2020-12-07,5930.7587890625,5941.35205078125,5854.30322265625,5854.30322265625,226790300.0,5775.202600294704,5820.58251953125,5702.986100260417,5491.316422526042,74.07093476914733,155.45464285646722,144.77675425313055,5944.4091796875
2020-12-08,5944.4091796875,5961.77880859375,5911.09814453125,5947.658203125,294205100.0,5809.043916173264,5864.51591796875,5730.6173828125,5519.736197916666,74.53790481256972,160.48266121989036,147.91793564648253,5933.6982421875
2020-12-10,5933.6982421875,6004.4228515625,5911.9140625,5976.9990234375,264587600.0,5833.974781376111,5888.458203125,5755.696061197917,5547.119873046875,73.42056069594243,161.73869584969543,150.68208768712512,5938.3291015625
2020-12-11,5938.3291015625,5976.56884765625,5924.37109375,5946.35888671875,217654500.0,5854.845645413389,5911.53564453125,5778.647395833334,5573.595882161459,73.60478787973786,161.24900582775172,152.79547131525044,6012.51611328125
2020-12-14,6012.51611328125,6013.951171875,5959.27490234375,5959.27490234375,226876100.0,5886.3797389869615,5951.94228515625,5808.0380859375,5603.072249348958,76.42400716251015,164.9458022630206,155.22553750480446,6010.1279296875
2020-12-15,6010.1279296875,6023.21484375,5965.80517578125,6013.51123046875,194411200.0,5911.129377127069,5967.81611328125,5831.862337239583,5632.905582682291,76.14206963033428,165.7719181320299,157.33481363024956,6118.40185546875
2020-12-16,6118.40185546875,6123.953125,6046.8662109375,6046.8662109375,291042900.0,5952.583872795406,6002.6146484375,5859.68720703125,5664.870572916667,79.78348511719723,173.16725748622957,160.50130240144557,6113.3818359375
2020-12-17,6113.3818359375,6160.97705078125,6075.83203125,6133.09619140625,321737000.0,5984.743465423826,6038.5513671875,5888.629524739584,5698.47666015625,79.18006535325732,176.58745334259766,163.718532589676,6104.32421875
2020-12-18,6104.32421875,6142.85791015625,6091.39794921875,6106.2509765625,257981400.0,6008.65961608906,6071.750390625,5911.590071614583,5726.609928385416,78.03328653152148,176.53215637929407,166.28125734759962,6165.6240234375
2020-12-21,6165.6240234375,6195.15380859375,6119.91796875,6131.623046875,238612700.0,6040.052497558749,6102.37197265625,5937.076009114583,5754.279768880208,80.1306656440515,179.36708299132988,168.89842247634567,6023.2890625
2020-12-22,6023.2890625,6174.458984375,6010.2109375,6146.64599609375,250085200.0,6036.699810546999,6105.00419921875,5964.467610677083,5776.522574869791,64.68655066981185,168.18975415968998,168.75668881301453,6008.708984375
2020-12-23,6008.708984375,6104.35498046875,5853.26123046875,6061.84814453125,203528500.0,6031.101645312599,6083.065625,5983.39873046875,5794.72158203125,63.33984035040537,156.35281218578803,166.27591348756926,6093.55419921875
2020-12-28,6093.55419921875,6095.0078125,5979.90478515625,6067.0,180855700.0,6043.59215609383,6079.10009765625,6002.036555989584,5814.189615885417,67.57088386988218,152.0653356161556,163.43379791328653,6036.173828125
2020-12-29,6036.173828125,6143.8701171875,6026.705078125,6112.72021484375,175135000.0,6042.108490500065,6065.47001953125,6016.252018229166,5833.442008463541,62.33148684276393,142.3959117137656,159.22622067338236,5979.0732421875
2020-12-30,5979.0732421875,6055.97021484375,5962.009765625,6052.12109375,170039300.0,6029.501440837553,6028.15986328125,6027.491373697917,5850.7091796875,57.54932937840993,128.64237431700712,153.1094514021073,6104.89794921875
2021-01-04,6104.89794921875,6104.89794921875,5929.0478515625,5997.830078125,183917000.0,6044.580742513792,6044.481640625,6039.100651041666,5871.043375651042,64.08770150210557,126.4380994323883,147.7751810081635,6137.3427734375
2021-01-05,6137.3427734375,6145.61279296875,6073.416015625,6105.7939453125,174687000.0,6063.133148698534,6070.2083984375,6051.962890625,5891.29013671875,65.56070413565863,125.85840452391312,143.39182571131343,6065.68212890625
2021-01-06,6065.68212890625,6166.62890625,5987.78515625,6139.13720703125,199163800.0,6063.642944740077,6064.633984375,6060.76181640625,5908.228938802084,59.73303520034598,118.25342513701435,138.36414559645362,6153.6328125
2021-01-07,6153.6328125,6158.037109375,6090.36083984375,6091.716796875,227517900.0,6081.6409182920615,6088.12578125,6075.115397135417,5926.881396484375,63.96654318150444,117.96349952071796,134.2840163813065,6257.8349609375
2021-01-08,6257.8349609375,6275.7421875,6190.10107421875,6190.9482421875,221751300.0,6116.879726821149,6143.878125,6091.469986979167,5949.754036458334,68.22851989487948,124.70445853406636,132.36810481185847,6382.93701171875
2021-01-11,6382.93701171875,6382.93701171875,6278.3740234375,6278.4130859375,297901100.0,6170.09118380067,6199.4859375,6116.32392578125,5974.093131510416,72.44270972711588,138.54435402241324,133.60335465396943,6395.6689453125
2021-01-12,6395.6689453125,6435.9599609375,6353.30712890625,6393.90283203125,279603400.0,6215.206736103036,6251.151171875,6134.8083984375,5997.247802734375,72.83758473824139,148.8243767683698,136.64755907684952,6435.205078125
2021-01-13,6435.205078125,6464.35009765625,6393.89892578125,6439.93408203125,343008100.0,6259.206404507429,6325.05576171875,6156.26328125,6022.446402994791,74.07966116721317,158.33640089034816,140.98532743954925,6428.31494140625
2021-01-14,6428.31494140625,6465.5322265625,6407.56982421875,6445.90087890625,344812000.0,6293.028111887194,6379.9921875,6177.862662760416,6044.7263671875,73.44930506301155,163.43479747683796,145.47522144700702,6373.412109375
2021-01-15,6373.412109375,6472.31201171875,6341.2509765625,6447.98486328125,262275900.0,6309.104911384756,6403.1076171875,6191.715201822916,6064.39560546875,68.45104714508193,161.18704982584677,148.61758712277498,6389.833984375
2021-01-18,6389.833984375,6428.31494140625,6316.875,6365.02587890625,337569400.0,6325.250725982805,6404.48701171875,6216.151529947917,6090.3095703125,69.12777123029838,158.89911163973284,150.67389202616656,6321.85595703125
2021-01-19,6321.85595703125,6434.8427734375,6288.97802734375,6421.86083984375,223716900.0,6324.571772192494,6389.7244140625,6237.027994791667,6110.213362630208,63.094552787336234,149.87300276974747,150.51371417488275,6429.7578125
2021-01-20,6429.7578125,6440.796875,6299.39208984375,6334.51220703125,190944100.0,6345.6089802539955,6388.6349609375,6259.441569010417,6130.7390625,67.8857045940041,149.70086602558695,150.3511445450236,6413.89208984375
2021-01-21,6413.89208984375,6504.9921875,6399.666015625,6476.09423828125,171080400.0,6359.265602171947,6385.750390625,6284.622786458333,6150.43740234375,66.51827163227503,146.5943665864952,149.59978895331793,6307.126953125
2021-01-22,6307.126953125,6428.4970703125,6283.31298828125,6419.5732421875,157918500.0,6348.837872362557,6372.493359375,6306.493033854166,6166.992203776042,58.04507343821543,133.97303142916917,146.47443744848817,6258.57177734375
2021-01-25,6258.57177734375,6322.72705078125,6148.30712890625,6322.51904296875,154806200.0,6330.784653358796,6346.24091796875,6316.737955729167,6177.919303385416,54.63644549609748,118.68441542957771,140.91643304470608,6140.1708984375
2021-01-26,6140.1708984375,6269.6650390625,6123.0087890625,6252.7138671875,172159800.0,6292.661902374537,6309.90390625,6316.926497395833,6184.444694010416,47.33657514815435,95.90854172308082,131.91485478038103,6109.16796875
2021-01-27,6109.16796875,6154.60498046875,5998.89892578125,6153.078125,181402600.0,6255.963115649631,6245.7859375,6319.825553385416,6190.293684895833,45.61787447318543,74.49805321188705,120.43149446668224,5979.38720703125
2021-01-28,5979.38720703125,6123.4609375,5957.5517578125,6065.7880859375,157336200.0,6200.647933925955,6158.8849609375,6308.2091796875,6191.662288411459,39.201389998704975,46.521592010888526,105.64951397552349,5862.35205078125
2021-01-29,5862.35205078125,6068.1279296875,5825.2919921875,6010.3427734375,147664800.0,6132.988757297015,6069.92998046875,6281.84365234375,6186.656819661458,34.49002916373202,14.736413739325144,87.46689392828382,6067.544921875
2021-02-01,6067.544921875,6070.73486328125,5735.46923828125,5856.77685546875,208886800.0,6119.8999902126125,6031.724609375,6260.817513020834,6188.570719401042,46.60622172554567,6.034222032737489,71.18035954917457,6043.8408203125
2021-02-02,6043.8408203125,6157.2490234375,6018.09423828125,6119.01123046875,227307800.0,6104.688156232591,6012.45859375,6237.3623046875,6186.0853515625,45.557961851730376,-2.7434259763576847,56.39560244406812,6077.7451171875
2021-02-03,6077.7451171875,6137.68115234375,6047.412109375,6096.583984375,153874400.0,6099.299548423573,6006.1740234375,6213.531640625,6184.8974609375,47.38095060407485,-6.884620238739444,43.73955790750661,6107.2158203125
2021-02-04,6107.2158203125,6179.3681640625,6069.5498046875,6111.7578125,148241900.0,6100.882802801358,6031.73974609375,6192.125032552083,6184.99384765625,48.980173610044595,-7.699749166658876,33.45169649267351,6151.72900390625
2021-02-05,6151.72900390625,6151.72900390625,6090.98095703125,6136.39306640625,134669100.0,6111.052043022337,6089.61513671875,6177.346158854167,6184.530680338542,51.383604450758014,-4.6997272802955194,25.821411738079707,6208.8662109375
2021-02-08,6208.8662109375,6224.4140625,6180.73193359375,6193.55078125,161586900.0,6130.614876605369,6117.87939453125,6165.281640625,6190.716585286458,54.3559022160157,2.26222920046348,21.109575230556462,6181.671875
2021-02-09,6181.671875,6286.291015625,6157.134765625,6232.10205078125,175273400.0,6140.826276284296,6145.44560546875,6155.93603515625,6196.482014973958,52.704321073920326,5.52162438324558,17.991985061094287,6201.828125
2021-02-10,6201.828125,6216.93896484375,6168.01318359375,6198.0322265625,122608700.0,6153.026646027437,6170.26220703125,6140.74072265625,6200.091145833333,53.824231531471824,9.620263066243751,16.31764066212418,6222.52099609375
2021-02-11,6222.52099609375,6232.85009765625,6194.009765625,6221.6337890625,104014000.0,6166.9255160407,6193.3232421875,6127.982649739583,6206.302718098958,55.0022400470119,14.37252795565837,15.92861812083102,6270.32421875
2021-02-15,6270.32421875,6283.4150390625,6244.384765625,6244.384765625,123956100.0,6187.605256582561,6217.04228515625,6125.529134114583,6216.011083984375,57.68771952269503,21.745385411901225,17.09197157904506,6292.39599609375
2021-02-16,6292.39599609375,6308.81103515625,6274.35302734375,6291.0078125,144173700.0,6208.563404484799,6233.7482421875,6127.78408203125,6222.261018880208,58.90716356611066,29.034741606898933,19.480525584615837,6227.72802734375
2021-02-17,6227.72802734375,6314.55517578125,6209.31494140625,6292.97021484375,169907100.0,6212.39632905659,6242.95947265625,6133.621223958334,6225.273860677084,53.99694079460425,29.256197054753102,21.435659878643293,6200.30810546875
2021-02-18,6200.30810546875,6281.35791015625,6200.30810546875,6230.35693359375,167455200.0,6209.978684339023,6242.65546875,6139.697233072917,6229.761393229167,52.017053322365385,26.908953885069423,22.53031867992852,6231.93212890625
2021-02-19,6231.93212890625,6231.93212890625,6173.59423828125,6196.89892578125,133625600.0,6214.369373252469,6244.5376953125,6156.533561197916,6232.371370442708,54.10708371555755,27.286005078934068,23.481455959729633,6255.31201171875
2021-02-22,6255.31201171875,6312.873046875,6255.31201171875,6267.02490234375,145005700.0,6222.557900945726,6241.53525390625,6182.730891927084,6232.287272135417,55.645292532031355,29.13552581040767,24.612269929865242,6272.80712890625
2021-02-23,6272.80712890625,6279.14306640625,6241.951171875,6267.4541015625,126272800.0,6232.607746537831,6237.61748046875,6196.4150390625,6228.616276041666,56.81181681643344,31.64817361429232,26.01945066675066,6251.05419921875
2021-02-24,6251.05419921875,6294.14013671875,6223.64892578125,6283.794921875,152221800.0,6236.297037074016,6242.28271484375,6210.229264322917,6223.795784505209,54.87919283766073,31.520832931560108,27.11972711971255,6289.64599609375
2021-02-25,6289.64599609375,6309.7578125,6274.4970703125,6280.72705078125,237490100.0,6246.966828877963,6260.15029296875,6224.355989583333,6218.943815104167,57.632790435789474,34.14040071794807,28.523861839359654,6241.7958984375
2021-02-26,6241.7958984375,6302.39404296875,6184.51708984375,6246.31689453125,219493200.0,6245.93264278987,6262.123046875,6233.327994791666,6212.726513671875,53.290249887316,31.986602438773843,29.216409959242494,6338.51318359375
2021-03-01,6338.51318359375,6339.0087890625,6261.55908203125,6281.85693359375,173079500.0,6264.448750950647,6278.76328125,6245.7802734375,6211.563216145833,59.87182179555454,37.64997294546174,30.903122556486345,6359.205078125
2021-03-02,6359.205078125,6388.12109375,6329.498046875,6367.43896484375,180676700.0,6283.400016385518,6296.04287109375,6255.802864583334,6210.542252604167,61.133583744944396,43.30866253073873,33.38423055133683,6376.7568359375
2021-03-03,6376.7568359375,6394.4521484375,6334.244140625,6378.7978515625,242358700.0,6302.071380295914,6321.1833984375,6268.808528645834,6212.372281901042,62.218781746843554,48.64870299962331,36.437125040994125,6290.798828125
2021-03-04,6290.798828125,6369.4111328125,6270.10791015625,6355.3759765625,238207200.0,6299.816869861732,6321.41396484375,6274.739908854167,6207.740315755208,54.232501722474716,45.42104515972096,38.23390906473949,6258.7490234375
2021-03-05,6258.7490234375,6307.68310546875,6245.30810546875,6263.0439453125,153557700.0,6291.603300576886,6324.80458984375,6277.155110677083,6202.568880208333,51.574345595328836,39.81795508034247,38.55071826786009,6248.46484375
2021-03-08,6248.46484375,6325.51513671875,6239.0498046875,6304.0,155718400.0,6282.975609211509,6306.794921875,6275.697819010416,6200.6134765625,50.71535332719668,34.15391341823306,37.671357297934684,6199.64697265625
2021-03-09,6199.64697265625,6267.423828125,6167.7177734375,6258.669921875,188106700.0,6266.309881900458,6274.88330078125,6269.51455078125,6198.64931640625,46.73609769537826,25.432752445645747,35.223636327476896,6264.67919921875
2021-03-10,6264.67919921875,6276.158203125,6225.455078125,6233.6162109375,121957600.0,6265.983745364117,6252.4677734375,6271.977962239584,6202.799593098958,52.12505946129132,23.49785804822659,32.87848067162683,6358.208984375
2021-03-12,6358.208984375,6364.35693359375,6298.52294921875,6316.880859375,186241800.0,6284.428793166294,6265.9498046875,6282.5046875,6211.100960286459,58.61087202971835,29.175198768715745,32.137824291044616,6324.2587890625
2021-03-15,6324.2587890625,6387.73583984375,6324.2587890625,6374.76220703125,137895500.0,6292.394792345535,6279.0517578125,6288.659798177084,6222.5966796875,55.663057030469105,30.582499151365482,31.82675926310879,6309.69921875
2021-03-16,6309.69921875,6355.4111328125,6296.89697265625,6347.18896484375,155061500.0,6295.855677626429,6291.2986328125,6292.285611979167,6237.508251953125,54.39946284979698,30.1751192079837,31.496431252083774,6277.22802734375
2021-03-17,6277.22802734375,6321.3369140625,6268.8388671875,6318.06884765625,138044900.0,6292.130147569893,6306.81484375,6292.580338541667,6244.497688802084,51.586825648600716,26.921776414145825,30.581500284496187,6347.8291015625
2021-03-18,6347.8291015625,6358.42578125,6307.0,6309.5751953125,149718200.0,6303.269938368415,6323.44482421875,6299.031998697917,6254.630631510417,56.81499716165273,29.69805477358568,30.404811182314088,6356.16015625
2021-03-19,6356.16015625,6356.16015625,6307.10107421875,6346.0087890625,162089200.0,6313.847981944733,6323.03505859375,6303.466276041667,6263.9111328125,57.39961644472504,32.19934782487144,30.76371851082556,6301.130859375
2021-03-22,6301.130859375,6354.93896484375,6290.02197265625,6346.794921875,128638500.0,6311.304557430787,6318.40947265625,6307.421940104166,6270.374967447917,52.357660167039036,29.402304763060783,30.491435761272605,6252.7119140625
2021-03-23,6252.7119140625,6342.1298828125,6245.9912109375,6331.6982421875,173805000.0,6299.58602875713,6307.01201171875,6301.70185546875,6273.741064453125,48.33461940478359,23.01334029069494,28.995816667157072,6156.14013671875
2021-03-24,6156.14013671875,6239.546875,6143.380859375,6231.712890625,138290000.0,6270.896850349454,6282.79443359375,6288.164192708334,6271.983528645834,41.48745737803015,10.041749530898414,25.20500323990534,6122.8759765625
2021-03-25,6122.8759765625,6176.4267578125,6058.8427734375,6159.619140625,147353000.0,6241.2926755920635,6237.80380859375,6271.238802083333,6270.023665364583,39.416181838903256,-2.889164832185088,19.586169625487255,6195.56201171875
2021-03-26,6195.56201171875,6195.56201171875,6106.078125,6141.60595703125,124284100.0,6232.1465428174015,6205.6841796875,6264.889680989583,6269.814794921875,45.785535051171614,-7.188981943707404,14.231139311648324,6166.81787109375
2021-03-29,6166.81787109375,6230.990234375,6165.55322265625,6205.56884765625,114609800.0,6219.080808472671,6178.82158203125,6258.7609375,6267.958024088542,43.8234047637578,-12.768838682721253,8.83114371277441,6071.44189453125
2021-03-30,6071.44189453125,6170.6689453125,6046.4677734375,6163.72119140625,118686600.0,6189.553025684388,6142.567578125,6246.959407552084,6261.32861328125,38.00371362000351,-24.603347492544344,2.1442454717106587,5985.52197265625
2021-03-31,5985.52197265625,6066.8369140625,5892.64501953125,6062.9501953125,123071400.0,6148.746815078761,6108.4439453125,6232.684407552083,6251.099479166666,33.666318313535044,-40.44902938779069,-6.3744095001896115,6011.4560546875
2021-04-01,6011.4560546875,6020.1640625,5960.81689453125,5988.02294921875,106367400.0,6121.28866300051,6086.1599609375,6215.802864583334,6243.890413411458,36.03921296595395,-50.33396416490177,-15.166320433132043,5970.2861328125
2021-04-05,5970.2861328125,6051.62109375,5964.48388671875,6040.05517578125,122053600.0,6091.088156962907,6041.10478515625,6189.941341145834,6236.223014322916,33.96222339628116,-60.789175046799755,-24.290891355865586,6002.77001953125
2021-04-06,6002.77001953125,6008.5048828125,5944.4208984375,5973.98681640625,126386100.0,6073.424529476576,6008.29521484375,6168.508756510417,6228.58427734375,37.04513411887946,-65.69651824967696,-32.572016734627866,6036.6162109375
2021-04-07,6036.6162109375,6040.4560546875,5982.06689453125,6011.9580078125,141523800.0,6066.062865768761,6001.330078125,6150.30322265625,6221.294417317708,40.1787824424347,-66.09264345884276,-39.276142079470844,6071.72412109375
2021-04-08,6071.72412109375,6073.9140625,6030.2861328125,6035.037109375,169546400.0,6067.19511683376,6018.5705078125,6136.602962239584,6214.591650390625,43.329832514664176,-62.84917443978429,-43.990748551533535,6070.208984375
2021-04-09,6070.208984375,6113.15576171875,6070.208984375,6101.72314453125,161275600.0,6067.797890342008,6030.32109375,6118.094954427083,6208.5634765625,43.22401521075358,-59.71263070794521,-47.135124982815874,5948.56884765625
2021-04-12,5948.56884765625,6088.828125,5942.7138671875,6080.7919921875,130244200.0,6043.952081804857,6025.97763671875,6090.922200520833,6197.19423828125,35.68857470517857,-66.27822552001726,-50.963745090256154,5927.43505859375
2021-04-13,5927.43505859375,5957.61181640625,5883.52392578125,5944.52587890625,107375400.0,6020.648677162636,6010.91064453125,6066.009147135416,6186.715543619792,34.561227106885255,-72.35278895303782,-55.24155386281249,6050.27587890625
2021-04-14,6050.27587890625,6050.27587890625,5962.31689453125,5964.02978515625,141883200.0,6026.574117511359,6013.642578125,6052.513411458333,6177.107633463542,45.36446341121819,-66.48826137331798,-57.49089536491359,6079.5009765625
2021-04-15,6079.5009765625,6079.5009765625,6029.15380859375,6057.61083984375,132167700.0,6037.159489321587,6015.19794921875,6047.404134114583,6167.784163411458,47.581639119761846,-58.80449822718947,-57.75361593736877,6086.2578125
2021-04-16,6086.2578125,6115.6201171875,6062.921875,6102.3779296875,158024500.0,6046.979153957271,6018.40771484375,6044.962923177083,6158.100862630208,48.105980694945195,-51.57531228888729,-56.51795520767248,6052.5400390625
2021-04-19,6052.5400390625,6096.9951171875,6031.83203125,6084.78515625,159845500.0,6048.091330978317,6039.201953125,6035.428125,6150.158902994792,45.65189424228543,-48.01340423777947,-54.81704501369388,6038.32177734375
2021-04-20,6038.32177734375,6045.69384765625,5997.9482421875,6029.9921875,106712400.0,6046.1374202514035,6061.379296875,6026.86171875,6142.811328125,44.618239468420754,-45.80979454296266,-53.01559491954764,5993.2421875
2021-04-21,5993.2421875,6025.5,5989.98388671875,6010.26806640625,117327800.0,6035.558373701123,6049.97255859375,6021.648404947917,6134.30390625,41.416347715059004,-47.15736340728927,-51.84394861709597,5994.18408203125
2021-04-22,5994.18408203125,6024.93798828125,5980.455078125,6004.7939453125,139778300.0,6027.2835153671485,6032.9091796875,6022.22587890625,6127.455143229166,41.51079227706821,-47.60060824257471,-50.99528054219172,6016.86376953125
2021-04-23,6016.86376953125,6027.05908203125,5973.2470703125,6000.912109375,151530300.0,6025.199566199969,6019.03037109375,6022.586393229167,6119.19462890625,43.85777352390021,-45.59621692272685,-49.91546781829875,5964.82080078125
2021-04-26,5964.82080078125,6027.7529296875,5955.6181640625,6018.33984375,122797700.0,6013.123813116225,6001.4865234375,6022.222037760416,6106.081689453125,39.901114817685134,-47.65778571005194,-49.463931396649386,5959.62109375
2021-04-27,5959.62109375,6003.91796875,5950.8681640625,5986.99609375,122928600.0,6002.4232692429805,5985.74638671875,6019.345442708333,6093.927099609375,39.51751960119533,-49.1446577059196,-49.40007665850343,5974.47900390625
2021-04-28,5974.47900390625,5981.89599609375,5953.94287109375,5959.951171875,127681000.0,5996.834416175634,5981.99375,6015.202962239583,6082.753092447917,41.25539904991403,-48.564286434309,-49.232918613664545,6012.9609375
2021-04-29,6012.9609375,6019.02490234375,5987.7431640625,6005.798828125,130962400.0,6000.059720440508,5985.74912109375,6011.285416666667,6073.944189453125,45.614129195151406,-44.48635655950784,-48.283606202833205,5995.6162109375
2021-04-30,5995.6162109375,6033.89990234375,5985.02197265625,6026.52783203125,136841700.0,5999.171018539906,5981.499609375,6006.312565104166,6062.203759765625,44.02843115295839,-42.168055140537945,-47.06049599037416,5952.59716796875
2021-05-03,5952.59716796875,6004.0078125,5938.8759765625,5999.6611328125,152015700.0,5989.856248425675,5979.0548828125,6006.581119791666,6048.75166015625,40.28758138130871,-43.30289301047014,-46.30897539439336,5963.81982421875
2021-05-04,5963.81982421875,5974.68212890625,5932.31787109375,5955.39501953125,141538100.0,5984.64896358429,5979.89462890625,6009.006770833334,6037.507958984375,41.67970051339905,-42.80327610787663,-45.60783553709001,5975.9111328125
2021-05-05,5975.9111328125,5992.93212890625,5971.30908203125,5974.56005859375,131241100.0,5982.901397429932,5980.1810546875,6004.04912109375,6028.281266276042,43.215738822631586,-40.95950290767814,-44.678169011207636,5970.240234375
2021-05-06,5970.240234375,6005.087890625,5950.89990234375,5987.06591796875,120448300.0,5980.369164818946,5971.6369140625,5996.765071614584,6022.084602864584,42.64839253694684,-39.50055565572529,-43.64264634011117,5928.30908203125
2021-05-07,5928.30908203125,5994.330078125,5922.4931640625,5987.330078125,121835200.0,5969.957148261407,5958.17548828125,5986.23515625,6015.599039713542,38.61195970661476,-41.25229226175088,-43.164575524439115,5975.787109375
2021-05-10,5975.787109375,5985.3720703125,5941.9267578125,5942.10595703125,120144700.0,5971.123140484126,5962.8134765625,5981.118294270834,6008.273209635417,44.96359656717936,-38.36720289418645,-42.20510099838859,5938.35107421875
2021-05-11,5938.35107421875,5966.6640625,5911.3759765625,5965.85205078125,120811100.0,5964.5687272310515,5957.7197265625,5974.453580729167,6000.657649739584,41.3322107762227,-38.65592254295734,-41.49526530730234,5833.85986328125
2021-05-17,5833.85986328125,5958.79296875,5817.70703125,5950.13720703125,150604900.0,5938.426954441092,5929.30947265625,5963.828092447917,5992.738248697917,33.25826937453884,-46.77708527654613,-42.551629301151095,5834.39404296875
2021-05-18,5834.39404296875,5855.6669921875,5782.77685546875,5836.083984375,160329900.0,5917.620372146624,5902.140234375,5953.175423177084,5987.700651041667,33.329969497813195,-52.564134790451135,-44.55413039901111,5760.583984375
2021-05-19,5760.583984375,5828.2109375,5752.2568359375,5817.13623046875,138298600.0,5886.2130945923,5868.59521484375,5936.090104166667,5979.338248697916,28.736241583790516,-62.38710834539961,-48.12072598828881,5797.59716796875
2021-05-20,5797.59716796875,5814.77978515625,5751.3408203125,5759.6298828125,114025600.0,5868.4899092675905,5832.9572265625,5924.941861979167,5973.581949869792,33.673046615834224,-66.41958741549752,-51.78049827373056,5773.1201171875
2021-05-21,5773.1201171875,5838.22900390625,5742.0380859375,5824.10986328125,133703000.0,5849.415950851572,5799.91103515625,5912.508463541667,5965.926953125,32.089858970117135,-70.77460398669427,-55.5793194163233,5763.6318359375
2021-05-24,5763.6318359375,5805.15283203125,5759.33984375,5793.06689453125,141371900.0,5832.259127868758,5785.8654296875,5898.451985677083,5956.827473958333,31.47214214761935,-74.13700574205814,-59.290856681470274,5815.83984375
2021-05-25,5815.83984375,5848.55419921875,5769.287109375,5772.93701171875,144613700.0,5828.975271045007,5782.15458984375,5885.310579427083,5948.297998046875,38.48850670433348,-71.76175856543796,-61.78503705826382,5841.828125
2021-05-27,5841.828125,5904.837890625,5841.828125,5850.501953125,211859200.0,5831.545841836006,5798.40341796875,5875.058040364584,5940.685302734375,41.68902569119659,-67.00987285936299,-62.83000421848366,5848.6162109375
2021-05-28,5848.6162109375,5891.47216796875,5833.3427734375,5875.27099609375,181542500.0,5834.959915656305,5808.6072265625,5868.1259765625,5937.353548177083,42.530147086862925,-61.98174047515204,-62.66035146981734,5947.462890625
2021-05-31,5947.462890625,5947.462890625,5860.5361328125,5869.2177734375,169049900.0,5857.460510650045,5843.47578125,5867.035514322916,5938.021142578125,53.13204909506524,-49.450770677976834,-60.018435311449245,6031.578125
2021-06-02,6031.578125,6031.578125,5991.5068359375,6002.48095703125,178537100.0,5892.284033520036,5897.0650390625,5870.746647135416,5937.397884114584,59.909714248678895,-32.359470565626,-54.4866423622846,6091.51318359375
2021-06-03,6091.51318359375,6091.51318359375,6005.63623046875,6038.85693359375,181262300.0,5932.129863534779,5952.19970703125,5878.831510416667,5937.798291015625,63.91407290088588,-13.81893764886263,-46.35310141960021,6065.166015625
2021-06-04,6065.166015625,6103.85888671875,6043.85693359375,6091.1298828125,158659400.0,5958.737093952824,5996.86728515625,5887.955305989583,5937.095231119792,61.02829601875982,-1.2371667098868784,-37.329914477657546,6069.93505859375
2021-06-07,6069.93505859375,6088.0,6050.80078125,6075.5068359375,200000700.0,5980.976686881009,6041.1310546875,5894.2318359375,5937.675065104167,61.36830624913348,9.014881376104313,-28.060955306905175,5999.369140625
2021-06-08,5999.369140625,6075.88623046875,5992.1181640625,6071.25,265159600.0,5984.655177629807,6051.5123046875,5898.29970703125,5936.376643880209,53.8779557228961,11.315189054218536,-20.185726434680436,6047.47509765625
2021-06-09,6047.47509765625,6047.47509765625,5972.44921875,5973.0361328125,239289300.0,5997.2191616350965,6054.69169921875,5912.54072265625,5938.184407552083,57.670973132077805,16.825988632963345,-12.78338342115168,6107.5380859375
2021-06-10,6107.5380859375,6111.44580078125,6064.93310546875,6065.92578125,215823100.0,6019.282946495578,6057.8966796875,5930.750325520833,5941.962874348958,61.88559129369036,25.74316698481016,-5.078073339959311,6095.4970703125
2021-06-11,6095.4970703125,6134.8818359375,6084.23876953125,6118.3798828125,196526600.0,6034.525771258962,6063.962890625,5953.077864583333,5944.583984375,60.583283542050864,31.475653997114023,2.2326721274553556,6080.3837890625
2021-06-14,6080.3837890625,6124.8720703125,6071.72509765625,6110.796875,196186700.0,6043.697374819671,6066.05263671875,5971.930305989584,5948.436083984375,58.907661025443545,34.40260396120266,8.666658494204816,6089.0380859375
2021-06-15,6089.0380859375,6091.3671875,6051.2451171875,6085.36083984375,163564500.0,6052.765517043236,6083.98642578125,5992.99150390625,5952.749983723958,59.596784458806,36.99411717140083,14.33215022964402,6078.56787109375
2021-06-16,6078.56787109375,6114.09619140625,6049.5751953125,6071.43896484375,152950200.0,6057.925987853339,6090.20498046875,6013.987239583334,5956.219612630209,58.32245868235275,37.76768881953103,19.019257947621423,6068.44677734375
2021-06-17,6068.44677734375,6082.2919921875,6034.8271484375,6063.537109375,205095900.0,6060.030145751422,6082.38671875,6030.827701822916,5958.069140625,57.05250210048386,37.135981762429765,22.64260271058309,6007.1201171875
2021-06-18,6007.1201171875,6070.416015625,5944.05322265625,6065.51904296875,238006900.0,6049.4481400386385,6064.711328125,6041.84716796875,5958.452604166667,49.95452731231149,31.325697283435147,24.379221625153505,5996.2529296875
2021-06-21,5996.2529296875,6021.494140625,5884.91796875,5959.96484375,159997500.0,6038.809097968411,6047.88515625,6051.689615885417,5959.907796223958,48.79602545084325,25.54959394765865,24.613296089654536,6087.841796875
2021-06-22,6087.841796875,6118.86181640625,6006.6650390625,6006.6650390625,151167900.0,6048.615637749729,6047.6458984375,6061.048209635416,5964.041861979166,57.69980607341876,28.039227816950188,25.29848243511367,6034.54296875
2021-06-23,6034.54296875,6130.09619140625,6034.54296875,6095.89501953125,199578400.0,6045.801103949784,6038.84091796875,6061.245865885417,5965.996256510417,52.02981098866376,25.418501934577762,25.322486335006488,6012.05615234375
2021-06-24,6012.05615234375,6060.48876953125,6003.19677734375,6052.080078125,168548200.0,6039.052113628577,6027.56279296875,6055.94873046875,5967.390120442708,49.80606314052893,21.2817370207149,24.514336472148173,6022.39892578125
2021-06-25,6022.39892578125,6067.791015625,6019.40478515625,6027.22021484375,172441600.0,6035.721476059111,6030.6185546875,6053.097591145834,5970.526448567708,50.84665421892456,18.623219518877704,23.33611308149408,5939.47119140625
2021-06-28,5939.47119140625,6030.89013671875,5939.47119140625,6015.27880859375,145849200.0,6016.471419128539,6019.26220703125,6044.4,5969.31591796875,43.12658219749138,9.712787172492426,20.61144789969375,5949.0498046875
2021-06-29,5949.0498046875,5992.86376953125,5913.5908203125,5944.2421875,188801800.0,6002.987096240332,5991.50380859375,6041.045377604167,5969.672542317709,44.180799417998934,3.3850980782744955,17.166177935409902,5985.48876953125
2021-06-30,5985.48876953125,6011.2568359375,5950.423828125,5950.43310546875,203167100.0,5999.487430898516,5981.69296875,6036.912955729166,5974.726839192708,48.12051195570983,1.29574230164053,13.992090808656028,6005.9580078125
2021-07-01,6005.9580078125,6039.0341796875,5969.09912109375,6001.12109375,140966500.0,6000.781546281313,5980.47333984375,6030.140950520833,5980.445638020833,50.244923507644785,1.2768900625933384,11.449050659443492,6023.0078125
2021-07-02,6023.0078125,6043.43212890625,6014.87109375,6020.07421875,146766100.0,6005.22679952505,5980.5951171875,6025.308333333333,5989.193098958333,52.00777711444972,2.607666715760388,9.68077387070687,6005.60888671875
2021-07-05,6005.60888671875,6036.97900390625,5985.35400390625,6024.1650390625,131732000.0,6005.303216963791,5993.82265625,6020.32333984375,5996.126822916666,50.05862610660837,2.232632501751141,8.191145596915725,6047.11083984375
2021-07-06,6047.11083984375,6054.60791015625,6013.06201171875,6015.5810546875,161021000.0,6013.664741539783,6013.43486328125,6017.528190104166,6005.259847005208,54.44443234519294,5.224056287052008,7.597727734942982,6044.037109375
2021-07-07,6044.037109375,6066.994140625,6022.30517578125,6062.76904296875,165513600.0,6019.739215106826,6025.14453125,6015.226139322916,6014.606689453125,54.0657343625816,7.263033103817179,7.530788808717822,6039.89599609375
2021-07-08,6039.89599609375,6080.22216796875,6028.60791015625,6052.80419921875,159513500.0,6023.770571304211,6031.93212890625,6013.32275390625,6022.075227864583,53.52555657529372,8.44740723578252,7.714112494130762,6039.84423828125
2021-07-09,6039.84423828125,6060.541015625,6026.5478515625,6037.00390625,136425200.0,6026.9853046996195,6035.2994140625,6015.504361979167,6028.675764973958,53.51835941968597,9.274940109279669,8.026278017160545,6078.56787109375
2021-07-12,6078.56787109375,6097.1201171875,6055.98583984375,6060.05419921875,135385400.0,6037.301817978446,6049.8912109375,6020.992024739583,6036.3408203125,58.0618896552387,12.906659478295296,9.002354309387496,6012.0322265625
2021-07-13,6012.0322265625,6114.2861328125,6004.82177734375,6097.22900390625,172635900.0,6032.247899695257,6042.87548828125,6015.938053385416,6038.493131510417,49.168594145993225,10.297252474567358,9.261333942423468,5979.21484375
2021-07-14,5979.21484375,6013.0419921875,5947.6181640625,6008.2412109375,138499900.0,6021.6412885062055,6029.91103515625,6012.24951171875,6036.747688802084,45.46925889207384,5.517586791735994,8.512584512285974,6046.75390625
2021-07-15,6046.75390625,6046.75390625,5982.80419921875,5986.64990234375,141035200.0,6026.663812054965,6031.2826171875,6014.5626953125,6035.255712890625,53.26279274932956,7.097687475651583,8.229605104959097,6072.509765625
2021-07-16,6072.509765625,6079.13916015625,6051.7578125,6063.421875,129367700.0,6035.833002768973,6037.81572265625,6017.90341796875,6035.500504557292,55.85393201032619,10.309371238256062,8.64555833161849,6017.39404296875
2021-07-19,6017.39404296875,6063.64697265625,6015.14892578125,6062.9658203125,123010800.0,6032.145210808928,6025.58095703125,6023.098274739584,6033.749137369791,49.526212008618586,8.31146615389207,8.578739896073206,6029.97607421875
2021-07-21,6029.97607421875,6053.19287109375,6020.86376953125,6034.57177734375,153050600.0,6031.711383490892,6029.1697265625,6028.493359375,6034.769368489583,50.89390566368726,7.655133140172438,8.394018544893052,6137.546875
2021-07-22,6137.546875,6137.546875,6057.541015625,6057.541015625,178417800.0,6052.8784817927135,6060.8361328125,6038.63056640625,6037.771761067708,60.69905570737648,15.63482063459196,9.842178962832834,6101.68994140625
2021-07-23,6101.68994140625,6166.30517578125,6090.60302734375,6145.76123046875,143269200.0,6062.64077371542,6071.82333984375,6045.0126953125,6037.576822916667,56.63929777580009,18.848155785025483,11.643374327271365,6106.39404296875
2021-07-26,6106.39404296875,6137.0458984375,6091.01513671875,6109.03076171875,156210200.0,6071.391427566086,6078.6001953125,6050.57177734375,6037.940055338541,57.04519694504534,21.526188226560407,13.619937107129175,6097.048828125
2021-07-27,6097.048828125,6144.5849609375,6068.51220703125,6120.92919921875,179173700.0,6076.522907677869,6094.53115234375,6056.6677734375,6038.495556640625,55.92517510363986,22.633561881521018,15.422662062007545,6088.52294921875
2021-07-28,6088.52294921875,6116.5048828125,6074.8671875,6094.541015625,161217600.0,6078.922915986045,6106.24052734375,6059.428580729166,6038.478385416666,54.86677136275848,22.563102902071478,16.85075023002033,6120.72705078125
2021-07-29,6120.72705078125,6135.34912109375,6096.5029296875,6106.61181640625,178890400.0,6087.2837429450865,6102.8765625,6064.541243489583,6039.88369140625,58.09294588694123,24.819758778974574,18.44455193981118,6070.0390625
2021-07-30,6070.0390625,6160.462890625,6069.83984375,6136.3681640625,193641700.0,6083.834806856069,6096.54638671875,6066.55078125,6039.936767578125,51.814897617274255,22.26146151161629,19.207933854172204,6096.54296875
2021-08-02,6096.54296875,6112.8291015625,6048.10107421875,6098.0078125,216299000.0,6086.376439234856,6094.576171875,6070.330696614584,6042.917529296875,54.57895999295196,22.117677410277793,19.789882565393324,6130.57080078125
2021-08-03,6130.57080078125,6142.51513671875,6105.10986328125,6107.99609375,226801300.0,6095.215311544135,6101.28056640625,6073.79755859375,6047.394791666667,57.91671006927296,24.46744367627707,20.725394787570075,6159.03515625
2021-08-04,6159.03515625,6163.81494140625,6112.72021484375,6142.47509765625,271201100.0,6107.979280485309,6115.3830078125,6083.59775390625,6049.767903645833,60.529593850328475,28.30025821066465,22.240367472188993,6205.4169921875
2021-08-05,6205.4169921875,6218.64599609375,6173.57421875,6174.60791015625,268332500.0,6127.466822825748,6132.32099609375,6098.677897135417,6055.463704427083,64.40752313055404,34.680641032213316,24.72842218419386,6203.43115234375
2021-08-06,6203.43115234375,6263.5390625,6190.85693359375,6223.833984375,245459900.0,6142.659688729349,6158.9994140625,6109.123046875,6061.84287109375,64.11706543022302,39.12588090734789,27.60791392882467,6127.4560546875
2021-08-09,6127.4560546875,6239.01513671875,6110.546875,6203.7470703125,293622300.0,6139.618961920979,6165.18203125,6112.7861328125,6065.344775390625,54.07048448632076,36.10204816563146,29.30674077618603,6088.408203125
2021-08-10,6088.408203125,6147.76513671875,6042.47509765625,6139.33984375,205029900.0,6129.376810161783,6156.74951171875,6117.52041015625,6070.309342447917,49.75534395799764,30.2066007571284,29.486712772374503,6139.65185546875
2021-08-12,6139.65185546875,6139.80810546875,6051.85205078125,6092.2451171875,206955800.0,6131.431819223177,6152.8728515625,6124.83212890625,6076.662744140625,54.847946738327096,29.331238435926934,29.455617905084992,6139.4921875
2021-08-13,6139.4921875,6179.89599609375,6113.26318359375,6154.0517578125,163739300.0,6133.043892878542,6139.687890625,6124.96181640625,6081.79619140625,54.82929904893501,28.298417082083688,29.22417774048473,6087.9130859375
2021-08-16,6087.9130859375,6147.30419921875,6056.73681640625,6144.94287109375,171745600.0,6124.017731490334,6116.58427734375,6124.043359375,6084.52802734375,49.03009913936216,23.05216527471839,27.989775247331465,6118.14990234375
2021-08-18,6118.14990234375,6136.2822265625,6040.60302734375,6109.56103515625,208983000.0,6122.8441656610175,6114.723046875,6124.827083333334,6087.699430338542,52.2204910913311,21.091205021870337,26.61006120223924,5992.32177734375
2021-08-19,5992.32177734375,6111.01220703125,5958.0439453125,6110.5498046875,214361500.0,6096.739687997564,6095.50576171875,6117.845279947916,6087.256526692709,40.78084028508108,9.276913313549812,23.143431624501357,6030.77197265625
2021-08-20,6030.77197265625,6030.77197265625,5938.4072265625,5988.7578125,200995800.0,6083.546144929302,6073.72978515625,6113.99521484375,6086.711897786458,44.76290364220076,2.9822340990413068,19.111192119409345,6109.828125
2021-08-23,6109.828125,6109.828125,6037.7001953125,6037.7001953125,193786700.0,6088.802540943441,6067.79697265625,6113.268619791666,6088.904931640625,51.921367521337366,4.322993487186977,16.153552392964873,6089.4970703125
2021-08-24,6089.4970703125,6138.4970703125,6053.5732421875,6114.6669921875,238973300.0,6088.941446817254,6068.11376953125,6114.5658203125,6090.55830078125,50.12237420472673,3.7023305998400247,13.663308034339904,6113.240234375
2021-08-25,6113.240234375,6131.91015625,6093.09521484375,6094.14501953125,214295900.0,6093.801204328804,6067.1318359375,6115.678971354167,6093.004833984375,52.205082799403336,5.067906033829786,11.944227634237881,6058.080078125
2021-08-26,6058.080078125,6119.6572265625,6034.0498046875,6107.0400390625,172987800.0,6086.656979088043,6080.28349609375,6110.846256510416,6092.321907552084,47.26706191903688,1.6798070173390443,9.891343510858116,6041.3662109375
2021-08-27,6041.3662109375,6066.4912109375,6021.9541015625,6052.8271484375,156989800.0,6077.598825457934,6082.40234375,6103.00166015625,6093.29970703125,45.8518131382031,-2.3271295605936757,7.447648896567758,6144.90185546875
2021-08-30,6144.90185546875,6144.90185546875,6062.11279296875,6062.11279296875,159300800.0,6091.059431460098,6089.41708984375,6098.967317708333,6098.822607421875,54.86684910504823,2.81930635446588,6.521980388147382,6150.298828125
2021-08-31,6150.298828125,6158.06982421875,6117.5029296875,6148.76806640625,189133300.0,6102.907310793078,6101.57744140625,6095.425162760416,6102.274104817709,55.28476040724992,7.2498131510419626,6.667546940726298,6090.93310546875
2021-09-01,6090.93310546875,6169.05615234375,6089.23291015625,6157.82080078125,194563800.0,6100.512469728214,6097.116015625,6092.990299479166,6102.888216145833,49.82009882884209,5.902661817934131,6.514569916167865,6078.22900390625
2021-09-02,6078.22900390625,6110.0498046875,6054.28076171875,6092.65087890625,179403300.0,6096.0557765638205,6101.14580078125,6092.311686197917,6104.916048177083,48.71048171594828,3.766501967147633,5.964956326363819,6126.9208984375
2021-09-03,6126.9208984375,6126.9208984375,6056.18603515625,6085.6279296875,171489500.0,6102.228800938557,6118.25673828125,6091.462955729166,6108.147542317708,53.028644894378566,5.9342030498828535,5.958805671067625,6126.93798828125
2021-09-06,6126.93798828125,6150.35791015625,6100.93115234375,6137.1259765625,173887900.0,6107.170638407096,6114.66396484375,6090.626009114583,6107.793912760417,53.03013960046106,7.566281400816479,6.280300817017396,6112.39990234375
2021-09-07,6112.39990234375,6145.48876953125,6100.94384765625,6135.8701171875,180693200.0,6108.216491194426,6107.0841796875,6092.258463541667,6108.150911458333,51.527967984443414,7.599016485299217,6.54404395067376,6026.02001953125
2021-09-08,6026.02001953125,6123.755859375,6001.5791015625,6114.47705078125,196394300.0,6091.777196861792,6094.1015625,6086.116471354167,6105.47177734375,43.62142414018659,0.6473622503744991,5.364707610613909,6068.21923828125
2021-09-09,6068.21923828125,6072.64306640625,5982.76611328125,6024.31689453125,214651900.0,6087.065605145684,6092.099609375,6091.176302083333,6104.510791015625,47.83274324565229,-1.4401484009240448,4.0037364083063185,6094.873046875
2021-09-10,6094.873046875,6102.8310546875,6047.60888671875,6059.15478515625,192886100.0,6088.627093491547,6085.6900390625,6095.44970703125,6104.7224609375,50.35516480590946,-0.933020751004733,3.016384976444108,6088.1572265625
2021-09-13,6088.1572265625,6094.98779296875,6052.97021484375,6080.06201171875,158870000.0,6088.533120105738,6077.93388671875,6094.00498046875,6103.636800130208,49.703045367437504,-1.060800756754361,2.2009478298044147,6129.09521484375
2021-09-14,6129.09521484375,6130.86279296875,6099.158203125,6100.62890625,201683300.0,6096.645539053341,6081.27294921875,6096.644856770833,6105.605338541666,53.64399795964224,2.1168840675218235,2.1841350773478965,6110.22900390625
2021-09-15,6110.22900390625,6125.333984375,6100.00390625,6123.91015625,188698800.0,6099.362232023924,6098.11474609375,6096.444108072917,6106.061539713542,51.63603686300578,3.0774022560008234,2.362788513078482,6109.94189453125
2021-09-16,6109.94189453125,6137.6689453125,6098.876953125,6126.55517578125,218872800.0,6101.47816452539,6106.45927734375,6099.9015625,6105.373909505209,51.604379984262806,3.7719715731154793,2.6446251250858817,6133.24609375
2021-09-17,6133.24609375,6133.24609375,6086.083984375,6098.8779296875,224719500.0,6107.831750370312,6114.13388671875,6106.026888020833,6104.514274088541,54.06599965523631,6.132188821091404,3.342137864286986,6076.31494140625
2021-09-20,6076.31494140625,6133.1708984375,6053.93212890625,6132.0341796875,176619400.0,6101.5283885775,6111.7654296875,6101.454427083333,6100.210872395834,47.68489069285096,3.3699629586517403,3.347702883159937,6060.7568359375
2021-09-21,6060.7568359375,6068.79296875,5996.4072265625,6049.79296875,179600700.0,6093.3740780495,6098.09775390625,6095.4849609375,6095.455061848958,46.0841715876155,-0.07368067989591509,2.663426170548767,6108.26513671875
2021-09-22,6108.26513671875,6123.7412109375,6059.6279296875,6060.30517578125,184349300.0,6096.35228978335,6097.70498046875,6096.6404296875,6094.815364583334,51.44426478505803,1.0189835480068723,2.3345376460403884,6142.7119140625
2021-09-23,6142.7119140625,6148.14697265625,6117.576171875,6117.64306640625,213294700.0,6105.6242146391805,6104.258984375,6100.939290364583,6096.62548828125,54.942036049589156,4.611338232070921,2.789897763246495,6144.81494140625
2021-09-24,6144.81494140625,6163.8837890625,6119.13720703125,6142.287109375,196295300.0,6113.462359992594,6106.57275390625,6102.1322265625,6096.797591145833,55.15443451796552,7.541073134674662,3.740132837532129,6122.4951171875
2021-09-27,6122.4951171875,6163.27978515625,6109.666015625,6141.47021484375,206632900.0,6115.268911431575,6115.8087890625,6101.83603515625,6096.231022135416,52.33475008929219,7.970012529412088,4.586108775908121,6113.11181640625
2021-09-28,6113.11181640625,6137.9541015625,6097.72216796875,6128.05810546875,272570100.0,6114.83749242651,6126.27978515625,6101.88349609375,6097.070979817709,51.15083022314478,7.466724385707494,5.162231897867996,6162.55419921875
2021-09-29,6162.55419921875,6162.55419921875,6086.26318359375,6100.826171875,230726900.0,6124.380833784959,6137.13759765625,6110.985774739584,6098.551123046875,56.70816530204519,10.931441142654876,6.3160737468253725,6286.94287109375
2021-09-30,6286.94287109375,6286.94287109375,6174.18212890625,6175.416015625,202745700.0,6156.8932412467175,6165.9837890625,6125.567350260417,6108.371826171875,66.90809694003818,23.444131046044276,9.741685206669153,6228.84521484375
2021-10-01,6228.84521484375,6272.06494140625,6202.90576171875,6269.23779296875,190252600.0,6171.283635966124,6182.78984375,6134.498828125,6114.974267578125,59.81897127651643,28.345780117976574,13.462504188930637,6342.68603515625
2021-10-04,6342.68603515625,6342.68603515625,6234.798828125,6234.798828125,257881700.0,6205.564115804149,6226.82802734375,6151.467415364584,6122.736197916666,67.16116482081335,40.94439363096626,18.958882077337762,6288.048828125
2021-10-05,6288.048828125,6361.453125,6277.7001953125,6337.326171875,268318400.0,6222.06105826832,6261.8154296875,6162.064322916666,6129.35458984375,61.36548840633508,45.98997580952164,24.36510082377454,6417.3232421875
2021-10-06,6417.3232421875,6441.50390625,6307.10888671875,6313.65283203125,231440600.0,6261.113495052156,6312.76923828125,6182.537272135417,6139.490690104167,68.32937006529676,59.73145384261261,31.438371427542158,6416.39599609375
2021-10-07,6416.39599609375,6458.63818359375,6392.72705078125,6414.912109375,183232100.0,6292.169995260476,6338.65986328125,6202.967545572917,6151.434554036458,68.23436511638666,69.7429004326541,39.099277228564546,6481.76904296875
2021-10-08,6481.76904296875,6497.65576171875,6436.51708984375,6440.0,231302300.0,6330.089804802131,6389.24462890625,6226.202408854167,6166.1146484375,71.26755623038086,82.00677941564754,47.68077766598115,6459.69677734375
2021-10-11,6459.69677734375,6506.091796875,6451.67822265625,6482.95703125,204779900.0,6356.011199310456,6412.64677734375,6251.761197916667,6176.6078125,68.8761999563637,88.9199308833413,55.92860830945318,6486.26708984375
2021-10-12,6486.26708984375,6504.01318359375,6460.0869140625,6462.31494140625,204607300.0,6382.0623774171145,6452.2904296875,6280.128548177084,6187.806754557291,70.17363944543222,95.4424541884191,63.83137748524637,6536.90380859375
2021-10-13,6536.90380859375,6600.51806640625,6492.65576171875,6502.1572265625,193450700.0,6413.030663652442,6476.20654296875,6308.704459635416,6202.672444661458,72.52433449580764,103.50442631703118,71.76598725160333,6626.11376953125
2021-10-14,6626.11376953125,6637.39990234375,6552.2109375,6552.2109375,178191500.0,6455.647284828205,6518.15009765625,6340.93125,6220.935270182292,76.0983496897006,115.75771274537965,80.5643323503586,6633.337890625
2021-10-15,6633.337890625,6680.0087890625,6573.3427734375,6645.259765625,160148800.0,6491.185405987564,6548.4638671875,6373.499446614584,6237.815836588542,76.36644766257092,124.61497288053488,89.37446045639385,6658.76806640625
2021-10-18,6658.76806640625,6684.81884765625,6620.84521484375,6649.28076171875,188565300.0,6524.701938071302,6588.278125,6409.2509765625,6255.543505859375,77.33040631637193,132.1629260643531,97.9321535779857,6655.998046875
2021-10-19,6655.998046875,6677.59716796875,6613.88916015625,6665.71923828125,188504800.0,6550.9611598320425,6622.22431640625,6445.443391927083,6273.663444010416,76.96217148435333,136.34946416810726,105.61561569601002,6632.97216796875
2021-10-21,6632.97216796875,6687.1337890625,6602.06591796875,6670.27294921875,215065000.0,6567.363361459385,6641.43798828125,6476.80458984375,6293.895182291667,73.81557779880346,136.2388530925664,111.7402631753213,6643.73779296875
2021-10-22,6643.73779296875,6655.44287109375,6585.55712890625,6620.6591796875,165782200.0,6582.638247761258,6644.96279296875,6500.59091796875,6313.079134114583,74.34373654437992,135.4584087673702,116.48389229373109,6625.69677734375
2021-10-25,6625.69677734375,6673.51513671875,6625.69677734375,6626.3671875,175632400.0,6591.249953677757,6643.4345703125,6527.047688802083,6330.773258463541,71.73251363020717,131.86409463062228,119.55993276110932,6656.93701171875
2021-10-26,6656.93701171875,6680.1171875,6638.02783203125,6640.0517578125,180194900.0,6604.387365285956,6643.068359375,6547.99775390625,6349.732584635417,73.4702004829248,130.0374102898022,121.6554282668479,6602.208984375
2021-10-27,6602.208984375,6670.80908203125,6590.5048828125,6664.373046875,182503600.0,6603.951689103766,6632.310546875,6568.941764322916,6365.503043619791,65.83498561769734,122.75857097210883,121.8760568079001,6524.076171875
2021-10-28,6524.076171875,6600.2470703125,6509.8779296875,6578.5830078125,189347200.0,6587.9765856580125,6610.53134765625,6576.058626302083,6379.29794921875,56.76513633792928,109.42400160956186,119.38564576823245,6591.34619140625
2021-10-29,6591.34619140625,6596.76904296875,6551.5390625,6561.712890625,171512200.0,6588.65050680766,6600.05302734375,6587.72197265625,6395.344759114583,61.66227541246113,103.09596162590515,116.127708939767,6552.88916015625
2021-11-01,6552.88916015625,6627.85107421875,6552.88916015625,6618.1220703125,182528900.0,6581.498237477379,6585.49150390625,6592.463313802084,6409.332861328125,57.64260168674626,93.89541542359893,111.6812502365334,6493.27490234375
2021-11-02,6493.27490234375,6573.69384765625,6480.009765625,6557.94482421875,165299300.0,6563.853570450654,6552.75908203125,6594.70185546875,6423.231526692708,51.9852818883754,80.8614237253687,105.51728493430046,6552.1298828125
2021-11-03,6552.1298828125,6561.81005859375,6485.2509765625,6497.865234375,171604200.0,6561.508832923024,6542.74326171875,6599.092708333334,6439.610628255208,56.52211994128004,74.42309335844675,99.29844661912973,6586.44287109375
2021-11-04,6586.44287109375,6617.86181640625,6583.169921875,6588.18896484375,155291000.0,6566.495640557169,6555.2166015625,6602.3953125,6455.549886067708,58.95700224168575,71.26790944829736,93.69233918496326,6581.78515625
2021-11-05,6581.78515625,6608.4248046875,6550.1171875,6600.72216796875,154117700.0,6569.553543695736,6553.30439453125,6599.440071614584,6470.185660807291,58.4782585311885,67.61217375396973,88.47630609876455,6632.296875
2021-11-08,6632.296875,6637.01123046875,6592.05517578125,6599.40478515625,167444200.0,6582.10220995659,6569.1859375,6599.370670572916,6486.43505859375,62.0749091448723,68.00690912161645,84.38242670333494,6669.9248046875
2021-11-09,6669.9248046875,6669.9248046875,6633.2080078125,6640.22119140625,192392200.0,6599.666728902772,6604.51591796875,6600.114453125,6504.68271484375,64.5391051177742,70.54282542038072,81.6145064467441,6683.14501953125
2021-11-10,6683.14501953125,6683.14501953125,6651.7978515625,6665.548828125,153422900.0,6616.362387028468,6630.7189453125,6601.924251302084,6523.683821614583,65.38997547368368,72.78035162010565,79.84767548141642,6691.341796875
2021-11-11,6691.341796875,6704.4638671875,6671.22705078125,6694.5830078125,209193300.0,6631.358268997775,6651.69873046875,6605.815559895834,6541.310074869792,65.93573587582341,74.35786747215388,78.74971387956391,6651.05419921875
2021-11-12,6651.05419921875,6714.158203125,6646.31591796875,6710.85302734375,198646700.0,6635.29745504197,6665.5525390625,6606.3033203125,6553.447119140625,60.85626660469419,71.53260438112738,77.30629197987662,6616.02880859375
2021-11-15,6616.02880859375,6675.59521484375,6610.8232421875,6661.84912109375,203267300.0,6631.443725752327,6662.29892578125,6605.6587890625,6566.353238932292,56.76221674726162,65.7098445376605,74.9870024914334,6651.20703125
2021-11-16,6651.20703125,6654.51513671875,6592.22802734375,6598.408203125,207039500.0,6635.396386851862,6658.55537109375,6605.276790364584,6576.637272135416,59.69501490931301,63.20526305410294,72.63065460396732,6675.80419921875
2021-11-17,6675.80419921875,6679.30419921875,6650.494140625,6667.86181640625,217158400.0,6643.47794932524,6657.08720703125,6610.183138020833,6589.562451171875,61.65358629625634,62.48486346131085,70.60149637543603,6636.46923828125
2021-11-18,6636.46923828125,6669.7861328125,6621.69287109375,6653.7001953125,248016700.0,6642.076207116443,6646.1126953125,6617.676009114583,6596.867317708334,56.892420027017,58.07053796811215,68.09530469397126,6720.26318359375
2021-11-19,6720.26318359375,6720.98779296875,6651.77880859375,6651.77880859375,258781800.0,6657.7136024119045,6659.9544921875,6626.270475260417,6606.996223958334,63.38011698883986,60.63466562123904,66.60317687942482,6723.38623046875
2021-11-22,6723.38623046875,6754.4638671875,6690.81787109375,6731.51513671875,218097200.0,6670.848128023274,6681.4259765625,6637.636946614583,6615.050130208333,63.59999857498036,62.20173614723626,65.72288873298712,6677.8759765625
2021-11-23,6677.8759765625,6732.89794921875,6662.5380859375,6716.1572265625,186336800.0,6672.253697731119,6686.759765625,6649.943684895833,6622.322770182292,58.12308365027974,59.09019865631126,64.39635071765196,6683.27685546875
2021-11-24,6683.27685546875,6698.4140625,6668.05419921875,6697.423828125,224587000.0,6674.4583292786465,6688.254296875,6658.68681640625,6628.889762369791,58.578952411063746,56.40983114846313,62.79904680381419,6699.34619140625
2021-11-25,6699.34619140625,6751.001953125,6694.796875,6694.95703125,215655400.0,6679.435901704168,6700.8296875,6666.213704427083,6634.304508463541,59.97504481965606,54.94886538492483,61.229010520036326,6561.55322265625
2021-11-26,6561.55322265625,6691.7119140625,6544.89599609375,6688.56884765625,242523500.0,6655.859365894585,6669.0876953125,6664.864908854167,6632.152490234375,45.73889459885532,42.18600449742371,57.42040931551381,6608.2900390625
2021-11-29,6608.2900390625,6617.287109375,6487.748046875,6552.80322265625,0.0,6646.345500528168,6646.06845703125,6663.264453125,6631.317561848959,50.06817919714279,35.43415292284408,53.023158036979865,6533.93212890625
2021-11-30,6533.93212890625,6647.47705078125,6533.93212890625,6605.796875,216798600.0,6623.862826203785,6617.2796875,6654.198274739583,6627.156363932291,44.04681687210389,23.808747569351908,47.180275943454276,6507.6767578125
2021-12-01,6507.6767578125,6593.07421875,6494.4970703125,6544.51708984375,195068500.0,6600.625612525529,6582.15966796875,6642.500390625,6622.212320963542,42.120608489428214,12.334753685840042,40.21117149193143,6583.81982421875
2021-12-02,6583.81982421875,6586.89599609375,6484.578125,6517.3388671875,210837500.0,6597.264454864173,6559.05439453125,6635.332259114583,6620.573909505209,49.07581052718811,9.278681112237791,34.02467341599271,6538.505859375
2021-12-03,6538.505859375,6600.1650390625,6536.9072265625,6588.01416015625,172625500.0,6585.512735766339,6554.444921875,6627.829036458334,6617.066178385417,45.56652963756567,3.1637930842762216,27.852497349649415,6547.1162109375
2021-12-06,6547.1162109375,6585.26318359375,6525.98486328125,6552.81591796875,180052400.0,6577.8334308005715,6542.21015625,6623.23486328125,6614.446826171875,46.351550733011,-0.9762625746316189,22.08674536479321,6602.56884765625
2021-12-07,6602.56884765625,6608.6337890625,6573.10986328125,6575.97607421875,212352000.0,6582.780514171707,6555.9375,6619.992317708334,6612.634554036458,51.22971681251056,0.21480173369855038,17.71235663857428,6603.7978515625
2021-12-08,6603.7978515625,6632.94091796875,6584.96923828125,6618.7548828125,216901600.0,6586.983981649866,6575.16171875,6615.19189453125,6612.687516276042,51.33533261754828,1.243564090482323,14.41859812895589,6643.93212890625
2021-12-09,6643.93212890625,6643.93212890625,6602.876953125,6617.1328125,240218200.0,6598.373611101143,6587.1841796875,6615.689420572917,6616.68271484375,54.77929082681734,5.236997587287988,12.58227802062231,6652.921875
2021-12-10,6652.921875,6652.921875,6605.416015625,6618.68603515625,229170800.0,6609.283263880915,6610.0673828125,6611.2,6618.735237630209,55.53829968103613,9.023205883291666,11.870463593156181,6662.87109375
2021-12-13,6662.87109375,6688.37890625,6659.1669921875,6663.73876953125,232086300.0,6620.000829854733,6633.218359375,6607.165657552084,6622.401302083334,56.41030580091599,12.680449709126151,12.032460816350175,6615.63720703125
2021-12-14,6615.63720703125,6671.31298828125,6598.69482421875,6665.3828125,187591100.0,6619.128105290037,6635.83203125,6603.01640625,6626.480045572916,51.26938448622705,11.633359752268916,11.952640603533926,6626.2568359375
2021-12-15,6626.2568359375,6662.83984375,6610.4521484375,6615.72412109375,196016500.0,6620.5538514195305,6640.323828125,6599.215071614583,6628.950944010417,52.32145734199567,11.527566111899432,11.867625705207027,6594.7978515625
2021-12-16,6594.7978515625,6661.94482421875,6579.36376953125,6648.2880859375,185929900.0,6615.402651448125,6630.49697265625,6592.245182291666,6629.229443359375,48.950007365453025,8.80376247073309,11.254853058312241,6601.93212890625
2021-12-17,6601.93212890625,6609.044921875,6559.30322265625,6584.88720703125,210214300.0,6612.708546939751,6620.2990234375,6594.937109375,6629.901009114584,49.74094309941621,7.138516642873583,10.43158577522451,6547.11181640625
2021-12-20,6547.11181640625,6579.12890625,6533.52294921875,6571.34521484375,181341400.0,6599.589200833051,6597.14716796875,6590.858561197917,6627.061507161458,44.08837495462186,1.3793559043187997,8.621139801043368,6554.30908203125
2021-12-21,6554.30908203125,6579.89208984375,6531.56494140625,6545.537109375,186470700.0,6590.533177072692,6584.88154296875,6592.217024739583,6623.207649739584,44.972517207262136,-2.5743853755102464,6.382034765732645,6529.5927734375
2021-12-22,6529.5927734375,6592.1669921875,6529.5927734375,6572.53515625,187213900.0,6578.345096345654,6565.54873046875,6593.678092447916,6618.089241536459,42.48775638898119,-7.614379538119465,3.5827519049622234,6555.55078125
2021-12-23,6555.55078125,6570.287109375,6531.77783203125,6537.59912109375,209975800.0,6573.786233326524,6557.69931640625,6591.793489583333,6613.562874348959,45.87031497060966,-9.40559508744991,0.9850825064797968,6562.89990234375
2021-12-24,6562.89990234375,6583.85986328125,6554.97998046875,6559.0888671875,176357600.0,6571.60896712997,6549.89287109375,6593.419759114583,6610.624397786459,46.82388016140022,-10.115528150387036,-1.2350396248935698,6575.44384765625
2021-12-27,6575.44384765625,6588.42578125,6562.55419921875,6570.55810546875,179010000.0,6572.375943235226,6555.55927734375,6595.308268229167,6609.271565755208,48.49179821430372,-9.555810232883232,-2.8991937464915023,6598.3427734375
2021-12-28,6598.3427734375,6615.94580078125,6586.52001953125,6588.1337890625,191799500.0,6577.569309275681,6564.366015625,6595.026529947917,6607.509423828125,51.48346670244494,-7.181691742513067,-3.7556933456958155,6600.6767578125
2021-12-29,6600.6767578125,6621.5791015625,6585.39599609375,6603.755859375,200549500.0,6582.190798983045,6578.5828125,6594.81845703125,6605.00517578125,51.790817513630024,-5.053597969516886,-4.01527427046003,6581.48193359375
2021-12-30,6581.48193359375,6613.72802734375,6581.48193359375,6609.44287109375,192017600.0,6582.049025905187,6583.76904296875,6590.655110677083,6603.172265625,49.03937521640114,-4.85990822214535,-4.184201060797094,6665.30810546875
2022-01-03,6665.30810546875,6677.19921875,6586.1328125,6586.259765625,182552700.0,6598.700841817899,6604.25068359375,6591.480859375,6601.3404296875,59.22676626853181,2.034214643710584,-2.940517919895559,6695.373046875
2022-01-04,6695.373046875,6720.6572265625,6675.1298828125,6675.1298828125,185900100.0,6618.03528282932,6628.2365234375,6593.64765625,6600.406656901042,62.14935015315058,9.810753928356462,-0.390263550245155,6662.298828125
2022-01-05,6662.298828125,6738.10986328125,6634.8388671875,6703.171875,179080500.0,6626.887991888456,6641.027734375,6596.758430989584,6599.887418619792,57.28477459837199,13.153281457029152,2.3184454512097066,6653.35107421875
2022-01-06,6653.35107421875,6679.85107421875,6593.22900390625,6674.85205078125,179990500.0,6632.180608354515,6651.56259765625,6598.564713541667,6598.889892578125,56.00755925223129,14.908394947575289,4.836435350482823,6701.31591796875
2022-01-07,6701.31591796875,6712.14697265625,6647.712890625,6669.51123046875,157064700.0,6646.007670277362,6675.52939453125,6605.66591796875,6598.955550130208,61.02420657637265,19.939842967832192,7.857116873952697,6691.1240234375
2022-01-10,6691.1240234375,6725.02392578125,6689.2822265625,6697.3759765625,159382400.0,6655.030940909391,6680.692578125,6611.612044270833,6603.274576822917,59.4722956674979,22.841597346248818,10.854012968411922,6647.97021484375
2022-01-11,6647.97021484375,6727.76708984375,6636.5009765625,6705.7958984375,181053500.0,6653.618795696263,6671.21201171875,6618.3359375,6604.597249348958,53.292429662493035,21.4122794660625,12.965666267942039,6647.06494140625
2022-01-12,6647.06494140625,6690.3232421875,6625.7568359375,6662.39501953125,192900600.0,6652.308024838261,6668.165234375,6624.519661458334,6608.368343098959,53.16761750649001,19.976213394366823,14.367775693226996,6658.35595703125
2022-01-13,6658.35595703125,6667.94091796875,6626.3388671875,6659.97314453125,180765500.0,6653.5176112768595,6669.1662109375,6633.103873697916,6613.390983072916,54.595932641365536,19.52414904737543,15.399050364056684,6693.40087890625
2022-01-14,6693.40087890625,6699.4130859375,6631.0458984375,6653.64599609375,140467300.0,6661.494264802738,6667.583203125,6642.293880208334,6617.043684895833,58.796330708295265,21.74307645731278,16.667855582707904,6645.0478515625
2022-01-17,6645.0478515625,6711.82177734375,6625.86279296875,6711.40576171875,148626000.0,6658.204982154691,6658.36796875,6647.77041015625,6620.595084635416,51.69086212509996,19.376546446710563,17.209593755508436,6614.05908203125
2022-01-18,6614.05908203125,6667.40478515625,6534.27001953125,6654.958984375,172778900.0,6649.375802130003,6651.5857421875,6650.344759114583,6622.826513671875,47.711352386702245,14.829573553326554,16.73358971507206,6591.98095703125
2022-01-19,6591.98095703125,6615.451171875,6575.380859375,6609.83203125,171354300.0,6637.896833110252,6640.5689453125,6649.920638020833,6622.473583984375,45.05028496676825,9.336914465310656,15.254254665119781,6626.87109375
2022-01-20,6626.87109375,6637.20703125,6587.76513671875,6607.798828125,158271000.0,6635.691685238203,6634.27197265625,6651.666927083334,6623.242692057292,49.81396119072094,7.710404268898856,13.745484585875596,6726.373046875
2022-01-21,6726.373046875,6726.373046875,6607.41796875,6626.34814453125,154628300.0,6653.827957565562,6640.86640625,6661.326334635417,6625.99072265625,60.36642088706602,14.285682805682882,13.853524229837054,6655.166015625
2022-01-24,6655.166015625,6712.26220703125,6645.4091796875,6700.82177734375,176239200.0,6654.095569177451,6642.8900390625,6660.6501953125,6626.06552734375,51.948251239410396,13.594121527597963,13.801643689389238,6568.1728515625
2022-01-25,6568.1728515625,6632.953125,6523.92919921875,6630.8779296875,213235100.0,6636.911025654461,6633.71279296875,6652.170182291667,6622.908919270833,43.89479658317393,5.957755626362996,12.23286607678399,6600.81884765625
2022-01-26,6600.81884765625,6601.3369140625,6549.52099609375,6569.81787109375,226349800.0,6629.692590054819,6635.48037109375,6648.071516927083,6622.414973958334,47.202697557724946,2.5111922226024035,10.288531305947673,6611.1611328125
2022-01-27,6611.1611328125,6627.40576171875,6570.75,6586.85400390625,177817500.0,6625.986298606355,6632.33837890625,6645.258854166666,6621.911783854167,48.24377542641892,0.6073012808665226,8.352285300931444,6645.51123046875
2022-01-28,6645.51123046875,6645.51123046875,6603.4912109375,6618.7177734375,192680600.0,6629.891284978835,6616.166015625,6641.538541666667,6623.602229817709,51.65359806878049,1.8489067517330113,7.051609591091757,6631.15087890625
2022-01-31,6631.15087890625,6669.9111328125,6626.65576171875,6656.70703125,182548300.0,6630.143203764318,6611.36298828125,6637.54033203125,6624.576188151042,50.16561788693039,1.6550492979768023,5.972297532468766,6707.65185546875
2022-02-02,6707.65185546875,6716.59716796875,6650.30322265625,6657.7919921875,214830000.0,6645.644934105205,6639.2587890625,6641.519108072916,6629.927522786458,57.23346606706345,7.586947721836623,6.2952275703423375,6683.85107421875
2022-02-03,6683.85107421875,6730.59814453125,6648.078125,6724.39892578125,202406000.0,6653.286162127914,6655.865234375,6643.971516927083,6634.245589192708,54.63716410876087,10.249347723757637,7.086051601025398,6731.39111328125
2022-02-04,6731.39111328125,6731.39111328125,6685.40380859375,6697.94287109375,177332600.0,6668.907152358583,6679.91123046875,6648.84052734375,6640.972200520833,58.670110103416654,16.010839756188034,8.871009232057926,6804.93701171875
2022-02-07,6804.93701171875,6806.72998046875,6748.9091796875,6751.34912109375,225856300.0,6696.113124230616,6711.79638671875,6656.27626953125,6649.285074869792,64.00203225306042,26.209278805030408,12.338663146652422,6789.52197265625
2022-02-08,6789.52197265625,6860.75,6780.4169921875,6813.18408203125,255862800.0,6714.794893915743,6743.47060546875,6665.907877604167,6656.839143880208,62.1910333806269,32.671137863325384,16.405158089987015,6834.60595703125
2022-02-09,6834.60595703125,6840.39404296875,6796.6328125,6811.75390625,253458500.0,6738.757106538845,6768.86142578125,6680.611002604167,6665.477880859375,65.28492350703806,40.95797049032808,21.315720570055227,6823.64208984375
2022-02-10,6823.64208984375,6874.35107421875,6814.2109375,6859.333984375,279507200.0,6755.734103199827,6796.81962890625,6696.055078125,6672.987858072916,63.91517690101511,46.10913518894358,26.2744034938329,6815.60693359375
2022-02-11,6815.60693359375,6825.06201171875,6773.537109375,6813.60791015625,223574800.0,6767.7086692786115,6813.66279296875,6708.637467447917,6680.152197265625,62.87402560334828,48.97850663157442,30.815224121381206,6734.48583984375
2022-02-14,6734.48583984375,6796.7119140625,6698.5087890625,6791.31591796875,202907800.0,6761.06410339164,6799.57255859375,6709.1783203125,6685.252327473959,53.41405932118628,44.19723168911605,33.49162563492818,6807.4970703125
2022-02-15,6807.4970703125,6807.4970703125,6727.35888671875,6746.35888671875,210390400.0,6770.350696775813,6803.167578125,6719.333723958333,6689.991959635417,59.34320372825228,45.77180410277106,35.94766132849676,6850.1982421875
2022-02-16,6850.1982421875,6857.64990234375,6821.158203125,6821.92578125,216253600.0,6786.32020585815,6806.28603515625,6738.135416666667,6695.152799479167,62.36048621988028,49.89018874620069,38.736166812037546,6835.1171875
2022-02-17,6835.1171875,6859.7060546875,6790.5908203125,6836.18310546875,229539500.0,6796.079602186521,6808.5810546875,6753.755305989584,6700.913411458333,60.64857965266052,51.34524712428629,41.2579828744873,6892.81787109375
2022-02-18,6892.81787109375,6899.41015625,6812.35595703125,6837.51904296875,233754300.0,6815.427255967967,6824.0232421875,6772.532421875,6708.895638020834,64.64735002405826,56.503022640245945,44.306990827639034,6902.96484375
2022-02-21,6902.96484375,6927.9091796875,6886.1328125,6896.751953125,231576400.0,6832.934773524374,6857.71904296875,6789.69599609375,6715.617268880208,65.31484787508823,60.70955087586481,47.58750283728419,6861.994140625
2022-02-22,6861.994140625,6903.99609375,6823.94482421875,6879.81884765625,196218500.0,6838.7466469445,6868.61845703125,6805.085546875,6721.312939453125,60.3592786212975,60.04509894934745,50.07902205969685,6920.05615234375
2022-02-23,6920.05615234375,6920.05615234375,6873.81396484375,6878.625,204842700.0,6855.008548024351,6882.5900390625,6819.245833333333,6730.382470703125,64.47307332705374,63.47196975429142,52.75761159861577,6817.81982421875
2022-02-24,6817.81982421875,6929.9111328125,6758.86083984375,6912.47705078125,282680700.0,6847.570803263231,6879.13056640625,6828.177083333333,6736.074300130208,53.87175169852716,57.27790822962561,53.66167092481774,6888.1708984375
2022-02-25,6888.1708984375,6904.91015625,6822.244140625,6825.37109375,211896500.0,6855.690822298086,6878.201171875,6838.629069010417,6743.734798177084,58.88204672743269,57.384322833395345,54.40620130653326,6921.44091796875
2022-03-01,6921.44091796875,6996.93505859375,6915.97607421875,6964.69677734375,196006400.0,6868.840841432218,6881.89638671875,6846.39599609375,6751.3361328125,61.03736618616405,59.46776235356174,55.41851351593896,6868.40185546875
2022-03-02,6868.40185546875,6973.35791015625,6861.958984375,6956.6181640625,325795100.0,6868.7530442395255,6883.1779296875,6851.654654947916,6758.781266276042,55.99795500730939,56.19135514168556,55.57308184108828,6928.328125
2022-03-04,6928.328125,6936.98876953125,6895.73095703125,6921.31591796875,247492300.0,6880.668060391621,6884.83232421875,6857.902799479167,6769.256901041666,60.01483611716428,57.764455264313256,56.01135652573328,6869.06591796875
2022-03-07,6869.06591796875,6917.93310546875,6843.81201171875,6905.32421875,261271800.0,6878.347631907048,6895.08154296875,6860.9310546875,6778.49306640625,54.697112308882566,53.61118721813182,55.531322664212986,6814.18310546875
2022-03-08,6814.18310546875,6929.86279296875,6814.18310546875,6895.630859375,246218500.0,6865.514726619389,6880.283984375,6860.8361328125,6784.736800130208,50.25593858193903,45.36813248430644,53.49868462823168,6864.44091796875
2022-03-09,6864.44091796875,6888.93017578125,6824.0908203125,6836.671875,209971800.0,6865.299964889262,6868.883984375,6869.4998046875,6789.3390625,53.943790400419026,42.402053191603045,51.27935834090596,6924.0078125
2022-03-10,6924.0078125,6924.0078125,6837.72509765625,6897.1748046875,194071700.0,6877.04153441141,6880.00517578125,6877.2671875,6798.300455729167,57.9252291719452,44.34676267483701,49.89283920769218,6922.60205078125
2022-03-11,6922.60205078125,6922.60205078125,6853.85791015625,6872.6318359375,174120300.0,6886.153637685378,6878.8599609375,6882.094108072916,6810.114762369792,57.79824256515967,45.25287871205819,48.96484710856538,6952.2041015625
2022-03-14,6952.2041015625,6969.9931640625,6918.31298828125,6949.2060546875,193318000.0,6899.363730460804,6895.48759765625,6889.89990234375,6821.827604166667,59.79692677264243,47.80851351907404,48.733580390667115,6918.18505859375
2022-03-15,6918.18505859375,6996.32080078125,6894.9208984375,6968.34912109375,189709300.0,6903.1279960873935,6916.28798828125,6891.591048177083,6832.061735026042,56.486072980713004,46.552195327416484,48.29730337801699,6992.39501953125
2022-03-16,6992.39501953125,6992.39501953125,6946.8427734375,6951.35205078125,171297500.0,6920.981400776165,6941.87880859375,6897.553059895833,6843.624527994792,61.494575010044635,50.95727402324246,48.82929750706209,6964.384765625
2022-03-17,6964.384765625,7032.7021484375,6949.166015625,7016.5322265625,197411300.0,6929.6620737459325,6949.95419921875,6904.3791015625,6854.73232421875,58.746061617099876,51.59340062120191,49.38211812989005,6954.96484375
2022-03-18,6954.96484375,7000.587890625,6926.4140625,6981.26220703125,198102900.0,6934.722627746746,6956.4267578125,6906.70634765625,6862.976090494792,57.81026610033631,50.75238466523115,49.656171436958275,6955.18115234375
2022-03-21,6955.18115234375,6974.15380859375,6929.93408203125,6945.89306640625,216686100.0,6938.814332666147,6957.02216796875,6915.86376953125,6872.020426432292,57.826879139948545,49.532349662587876,49.631407082084195,7000.82177734375
2022-03-22,7000.82177734375,7003.259765625,6968.201171875,6974.97705078125,188258200.0,6951.215821601668,6973.54951171875,6923.373828125,6881.001448567708,61.290441599066156,51.65285814014442,50.035697293696245,6996.115234375
2022-03-23,6996.115234375,7022.0439453125,6976.1591796875,7010.8388671875,214242900.0,6960.195704156335,6974.2935546875,6928.352115885416,6887.374055989583,60.736489644311604,52.35013789980985,50.49858541491897,7049.68505859375
2022-03-24,7049.68505859375,7049.68505859375,6977.833984375,6986.18310546875,264967400.0,6978.093575043818,6991.35361328125,6940.437662760417,6896.046158854167,64.65247643471386,56.57323322868069,51.713514977671316,7002.5322265625
2022-03-25,7002.5322265625,7055.3408203125,6978.39892578125,7050.55322265625,201857500.0,6982.9813053475555,7000.86708984375,6945.384602864583,6901.643701171875,59.06806883674509,55.47573746130183,52.46595947439742,7049.60302734375
2022-03-28,7049.60302734375,7051.541015625,6987.22314453125,6996.31787109375,174012100.0,6996.305649746795,7019.75146484375,6957.42041015625,6909.175732421875,62.545982831004196,57.7386096436403,53.520489508246,7011.68896484375
2022-03-29,7011.68896484375,7072.77783203125,7007.91015625,7052.73486328125,185204100.0,6999.382312766187,7021.92490234375,6970.587467447916,6915.711800130209,58.252547332494096,55.829041727880394,53.982199952172884,7053.18994140625
2022-03-30,7053.18994140625,7055.8662109375,7022.65185546875,7037.2021484375,194572800.0,7010.1438384942,7033.33984375,6983.170735677083,6926.335270182291,61.37780048819508,57.00733232618313,54.58722642697494,7071.44189453125
2022-03-31,7071.44189453125,7099.4970703125,7049.81005859375,7070.76123046875,178707400.0,7022.40344970161,7037.6912109375,6992.999674479167,6935.133430989584,62.70030221058302,58.73683452769001,55.417148047117955,7078.759765625
2022-04-01,7078.759765625,7099.3017578125,7040.4912109375,7093.69921875,157645900.0,7033.674712886288,7052.93671875,7003.410188802083,6942.7521484375,63.24374100732827,60.006253781046325,56.33496919390363,7116.2177734375
2022-04-04,7116.2177734375,7116.2177734375,7060.2138671875,7082.2470703125,173611100.0,7050.183324996531,7066.25966796875,7014.34443359375,6952.12216796875,65.97631121125221,63.30508426053075,57.72899220722906,7148.298828125
2022-04-05,7148.298828125,7148.298828125,7110.11083984375,7122.9140625,184230300.0,7069.806425622226,7093.581640625,7029.6853515625,6960.638199869792,68.15958118562715,67.72738504704466,59.728670775192185,7104.2158203125
2022-04-06,7104.2158203125,7147.9921875,7090.22412109375,7128.412109375,216736400.0,7076.688304560282,7103.78681640625,7037.140071614584,6967.346565755209,62.248558718236396,66.90373535289473,61.1636836907327,7127.3671875
2022-04-07,7127.3671875,7145.16796875,7097.90380859375,7115.0869140625,204797800.0,7086.824081148226,7114.971875,7048.00556640625,6976.192333984375,64.01363618430852,67.34282274305679,62.39951150119752,7210.8349609375
2022-04-08,7210.8349609375,7216.494140625,7151.2587890625,7157.30908203125,207396700.0,7111.626257106081,7141.3869140625,7065.06357421875,6985.8849609375,69.54266660879793,73.5777953857123,64.63516827810048,7203.7939453125
2022-04-11,7203.7939453125,7355.2998046875,7194.60791015625,7212.0029296875,334575500.0,7130.059794747365,7158.9021484375,7081.637760416666,6998.750764973958,68.58537621345123,77.06257560704489,67.12064974388937,7214.78076171875
2022-04-12,7214.78076171875,7320.23681640625,7146.5859375,7205.0771484375,253923400.0,7147.003988141643,7172.19853515625,7095.901692708333,7009.637760416666,69.29563037992234,79.79105172617074,69.65473014034565,7262.77685546875
2022-04-13,7262.77685546875,7266.39892578125,7212.85791015625,7240.18896484375,245926100.0,7170.158561607065,7203.9107421875,7113.679134114584,7021.015625,72.2475342554326,84.8481951759004,72.6934231474566,7235.5322265625
2022-04-14,7235.5322265625,7282.90576171875,7234.3330078125,7265.31982421875,238683900.0,7183.2332945981525,7225.54375,7126.0689453125,7033.253304036459,68.23717959997262,85.67005289270037,75.28874909650536,7275.2890625
2022-04-18,7275.2890625,7277.0751953125,7243.36083984375,7245.50390625,210765700.0,7201.644448178523,7238.4345703125,7144.252734375,7044.818668619791,70.78560674651962,88.50914710010511,77.93282869722532,7199.23193359375
2022-04-19,7199.23193359375,7297.39404296875,7199.23193359375,7283.4169921875,214778100.0,7201.161945261569,7237.52216796875,7154.227994791667,7055.824202473958,60.74467185580662,83.65762205526516,79.07778736883328,7227.36181640625
2022-04-20,7227.36181640625,7262.55810546875,7184.96484375,7226.8720703125,266258400.0,7206.401919490506,7240.03837890625,7168.606184895833,7069.596826171875,62.84395652168438,81.14718571109916,79.49166703728646,7276.19287109375
2022-04-21,7276.19287109375,7294.671875,7245.72607421875,7249.4970703125,177135800.0,7220.360109811155,7242.72158203125,7183.473046875,7083.321891276041,66.22096976432556,82.15092016625658,80.0235176630805,7225.60595703125
2022-04-22,7225.60595703125,7291.47998046875,7174.81005859375,7251.98095703125,249844600.0,7221.409279255175,7240.736328125,7193.750651041667,7093.375162760417,60.124460225769155,77.96570563848763,79.61195525816194,7215.97900390625
2022-04-25,7215.97900390625,7234.31494140625,7121.85986328125,7204.1611328125,212314600.0,7220.32322418539,7228.87431640625,7202.898600260417,7103.15439453125,59.01105198465775,73.03023126472544,78.29561045947464,7232.15283203125
2022-04-26,7232.15283203125,7247.47509765625,7161.6591796875,7208.9228515625,197362000.0,7222.689145754563,7235.45849609375,7210.627604166667,7112.486018880209,60.33987153034346,69.6213731725802,76.56076300209575,7196.76416015625
2022-04-27,7196.76416015625,7226.01904296875,7175.06689453125,7211.7109375,201981800.0,7217.5041486349,7229.33896484375,7213.858626302083,7121.771988932292,56.057639776974206,63.33418149015688,73.91544669970799,7228.9140625
2022-04-28,7228.9140625,7267.11181640625,7204.59912109375,7260.27001953125,194334400.0,7219.78613140792,7219.883203125,7222.171842447917,7129.65595703125,58.910599672931276,60.251226581318406,71.18260267603007,6909.7509765625
2022-05-09,6909.7509765625,7156.48388671875,6896.9990234375,7154.9169921875,212774700.0,7157.779100438836,7156.71220703125,7207.664095052083,7127.834830729166,34.77372015894716,31.68887925224226,63.28385799127251,6819.7939453125
2022-05-10,6819.7939453125,6832.09814453125,6662.61181640625,6747.56298828125,193141700.0,7090.1820694135695,7077.4751953125,7181.594694010417,7123.329134114583,30.92745670147113,1.7737854986671664,50.981843492751445,6816.203125
2022-05-11,6816.203125,6902.2158203125,6796.2958984375,6833.19384765625,0.0,7035.386280530856,6994.28525390625,7155.755305989584,7118.696533203125,30.781099114886615,-21.970627301840068,36.39134933383314,6599.83984375
2022-05-12,6599.83984375,6802.328125,6576.30908203125,6802.328125,194742800.0,6948.276993174685,6874.900390625,7114.759244791667,7105.33046875,23.549589826808486,-57.58317113640442,17.59644523978563,6597.9931640625
2022-05-13,6597.9931640625,6633.01416015625,6509.87890625,6586.5771484375,177689000.0,6878.220227352249,6748.7162109375,7070.44033203125,7092.059733072917,23.498845902006778,-84.97583182361086,-2.918010172893668,6644.466796875
2022-05-17,6644.466796875,6703.05078125,6574.13623046875,6603.89306640625,195947200.0,6831.469541256799,6695.659375,7031.035970052083,7078.552457682292,27.7198840910346,-101.76163422514128,-22.686734983343193,6793.4140625
2022-05-18,6793.4140625,6804.9072265625,6648.94091796875,6676.39404296875,192322000.0,6823.85844550544,6690.3833984375,6998.910970052083,7071.581852213541,39.28293997887372,-101.87139401437344,-38.52366678954924,6823.3349609375
2022-05-19,6823.3349609375,6851.7177734375,6620.68408203125,6719.7568359375,234684500.0,6823.753748591852,6691.809765625,6973.851171875,7064.039583333333,41.313965259941746,-98.40960828711195,-50.50085508906179,6918.14404296875
2022-05-20,6918.14404296875,6965.10595703125,6804.9072265625,6839.01611328125,193153300.0,6842.631807467233,6755.47060546875,6953.236653645833,7060.921419270833,47.32648966247734,-87.01278832978915,-57.80324173720726,6840.77490234375
2022-05-23,6840.77490234375,6972.18017578125,6802.712890625,6930.93896484375,181821900.0,6842.260426442536,6804.026953125,6924.2087890625,7053.84091796875,43.41729445810686,-83.26395441502245,-62.8953842727703,6914.14111328125
2022-05-24,6914.14111328125,6941.6669921875,6822.14013671875,6859.22216796875,197751100.0,6856.63656381028,6857.96181640625,6903.444466145834,7048.59755859375,47.81888294378262,-73.52538162165911,-65.02138374254807,6883.50390625
2022-05-25,6883.50390625,6944.48291015625,6858.69580078125,6914.64501953125,173878500.0,6862.010032298223,6875.97978515625,6881.279459635417,7042.089029947917,46.20255498836225,-67.50154330887653,-65.51741565581376,7026.255859375
2022-05-27,7026.255859375,7032.82177734375,6938.29296875,6948.22607421875,196905500.0,6894.859197713579,6916.56396484375,6867.552994791667,7039.090299479167,54.003886996618775,-50.62514331813327,-62.53896118827767,7037.56494140625
2022-05-30,7037.56494140625,7069.2509765625,6974.6162109375,7052.1728515625,201457000.0,6923.400346452114,6940.44814453125,6856.939713541667,7035.399169921875,54.56599288017292,-35.92381890901106,-57.21593273242435,7148.97021484375
2022-05-31,7148.97021484375,7148.97021484375,7033.755859375,7064.22607421875,279640300.0,6968.514320130442,7002.08720703125,6851.610123697917,7036.890983072916,59.780324407040354,-15.10926864008161,-48.79459991395581,7148.72314453125
2022-06-02,7148.72314453125,7209.0791015625,7117.97900390625,7130.60107421875,227362900.0,7004.556085010604,7049.00361328125,6867.5416015625,7037.602848307291,59.763942806227895,1.3509035244942424,-38.7654992262658,7182.9609375
2022-06-03,7182.9609375,7233.9951171875,7170.69287109375,7176.68212890625,240581300.0,7040.2370555084835,7108.89501953125,6891.752734375,7036.673714192709,61.34474137817927,16.962874847244166,-27.61982441156381,7096.58203125
2022-06-06,7096.58203125,7194.5361328125,7056.1748046875,7163.173828125,231204100.0,7051.506050656787,7122.96025390625,6910.444661458333,7033.099983723959,55.42806939854371,22.11054219586822,-17.673751090077403,7141.044921875
2022-06-07,7141.044921875,7192.54296875,7062.9658203125,7101.31298828125,275161800.0,7069.41382490043,7143.65625,6946.525,7030.642122395833,57.69019073833245,29.438540171904606,-8.251292837681001,7193.31396484375
2022-06-08,7193.31396484375,7220.0849609375,7102.86181640625,7133.4970703125,260589300.0,7094.193852889094,7152.525,6986.213053385417,7028.326692708333,60.244553777832415,39.013977453520056,1.2017612205592103,7182.830078125
2022-06-09,7182.830078125,7257.9970703125,7174.81982421875,7186.89208984375,270045800.0,7111.921097936276,7159.34638671875,7022.103938802084,7026.569954427084,59.46903044863252,45.235175500543846,10.008444076556138,7086.64794921875
2022-06-10,7086.64794921875,7160.1162109375,7051.22314453125,7143.2412109375,244570500.0,7106.866468192771,7140.0837890625,7041.652864583333,7020.281917317709,52.758919285868636,41.921184479331714,16.390992157111253,6995.44189453125
2022-06-13,6995.44189453125,6996.7138671875,6924.9521484375,6992.22998046875,262879000.0,7084.581553460467,7119.85576171875,7053.12666015625,7013.488916015625,47.30780122806695,31.571321801267004,19.427058085942402,7049.8818359375
2022-06-14,7049.8818359375,7049.8818359375,6932.7138671875,6949.64794921875,234982700.0,7077.641609955874,7101.62314453125,7061.9091796875,7007.572916666667,50.58942130497095,27.445455236315865,21.030737516017098,7007.0498046875
2022-06-15,7007.0498046875,7086.3818359375,6966.02685546875,7031.19921875,274136800.0,7063.523248902199,7064.3703125,7072.994173177083,6998.601481119792,48.0536833798781,20.48336976250721,20.92126396531512,7050.326171875
2022-06-16,7050.326171875,7138.49609375,7025.93115234375,7063.0771484375,268578900.0,7060.8838334967595,7037.86953125,7082.073177083334,6992.758821614583,50.74028550900979,18.247561491572924,20.38652347056668,6936.966796875
2022-06-17,6936.966796875,6999.5390625,6882.64404296875,6987.751953125,281566500.0,7036.100426172407,7007.93330078125,7085.637369791667,6983.458414713542,44.28005418632674,7.244997330681144,17.758218242589574,6976.376953125
2022-06-20,6976.376953125,6976.376953125,6859.59912109375,6937.0078125,270432200.0,7024.155731562926,7004.1203125,7082.312109375,6974.932552083334,46.81528439518372,1.6860208105445054,14.543778756180561,7044.07080078125
2022-06-21,7044.07080078125,7049.9091796875,6967.623046875,6976.3359375,235393100.0,7028.138745406592,7002.95810546875,7082.745833333333,6969.8427734375,50.94408423733742,2.7115624290490814,12.177335490754267,6984.31103515625
2022-06-22,6984.31103515625,7063.2587890625,6968.296875,7044.11083984375,214189700.0,7019.373203356524,6998.4103515625,7071.7685546875,6961.689339192709,47.44261754359227,-1.2830123348467168,9.48526592563407,6998.26708984375
2022-06-23,6998.26708984375,7010.27294921875,6920.73486328125,6984.31103515625,212119400.0,7015.151980653969,6987.99853515625,7061.738151041666,6964.639876302083,48.33568724778844,-3.2847401966173493,6.931264701183787,7042.93701171875
2022-06-24,7042.93701171875,7067.7470703125,6997.919921875,6998.34814453125,201464700.0,7020.708986866925,7009.192578125,7052.40322265625,6972.077978515625,51.194325259284206,-1.252199993485192,5.294571762249992,7016.05517578125
2022-06-27,7016.05517578125,7070.51904296875,6973.658203125,7043.01806640625,181378000.0,7019.77822464979,7017.12822265625,7047.034765625,6978.739713541667,49.422103162816576,-1.7899038408213528,3.8776766416357233,6996.4560546875
2022-06-28,6996.4560546875,7016.9169921875,6960.07177734375,7016.13623046875,172583900.0,7015.113790657332,7007.6052734375,7037.3955078125,6991.96025390625,48.11432795129245,-3.754246670676366,2.3512919791733053,6942.35107421875
2022-06-29,6942.35107421875,7016.05615234375,6942.35107421875,6996.4560546875,164738900.0,7000.5612473696165,6999.21328125,7020.6646484375,7003.438850911459,44.605323617342485,-9.566545088488965,-0.0322754343591487,6911.58203125
2022-06-30,6911.58203125,6990.86181640625,6897.67578125,6942.35107421875,164820700.0,6982.7654041456935,6981.87626953125,7002.5814453125,7012.342692057292,42.698193146583016,-16.465830238545095,-3.318986395196338,6794.328125
2022-07-01,6794.328125,6940.97998046875,6777.31689453125,6911.58203125,157368000.0,6945.077948316555,6932.1544921875,6983.09345703125,7012.373160807291,36.32449726058086,-31.037196250827037,-8.862628366322479,6639.171875
2022-07-04,6639.171875,6796.51904296875,6559.63720703125,6794.3681640625,172853700.0,6883.896733653245,6856.77783203125,6959.342122395833,7006.234391276042,29.952911638236017,-54.47694516357387,-17.985491725772757,6703.26611328125
2022-07-05,6703.26611328125,6767.8291015625,6639.2119140625,6639.2119140625,181055000.0,6847.770609578847,6798.13984375,6936.234407552083,6999.071793619792,35.023286318003684,-67.1076702304581,-27.809927426709827,6646.41015625
2022-07-06,6646.41015625,6709.921875,6602.89697265625,6703.26611328125,140628200.0,6807.4985189130775,6738.95166015625,6912.191764322916,6992.59296875,32.758068744005115,-80.7742956132106,-38.40280106400998,6652.5869140625
2022-07-07,6652.5869140625,6682.6669921875,6632.38720703125,6646.41015625,157996000.0,6776.516197942962,6687.15263671875,6885.675813802083,6983.874495442708,33.26306547194095,-90.06852803216862,-48.73594645764171,6740.21923828125
2022-07-08,6740.21923828125,6740.21923828125,6652.6669921875,6652.6669921875,157598800.0,6769.2568060106205,6676.330859375,6872.559309895833,6979.09833984375,40.13259876665077,-89.33329932835113,-56.8554170317836,6722.14501953125
2022-07-11,6722.14501953125,6757.0869140625,6690.6162109375,6740.01904296875,163555700.0,6759.834448714747,6692.92548828125,6855.610514322917,6968.961311848959,39.235540796948385,-89.18104016634697,-63.320541658696285,6718.2939453125
2022-07-12,6718.2939453125,6745.42578125,6708.17578125,6722.18505859375,184326800.0,6751.526348034298,6695.9310546875,6833.892057291667,6958.3189453125,39.03532971366456,-88.35264884984736,-68.3269630969265,6640.990234375
2022-07-13,6640.990234375,6727.9228515625,6636.048828125,6718.2939453125,169282000.0,6729.419125302439,6694.8470703125,6811.00400390625,6941.386279296875,35.15717138113354,-92.86343431655041,-73.23425734085129,6690.0869140625
2022-07-14,6690.0869140625,6700.05322265625,6607.7021484375,6640.990234375,131271000.0,6721.552683054451,6702.3470703125,6790.458658854167,6926.098404947917,39.2830290748685,-91.42270848984754,-76.87194757065055,6651.90478515625
2022-07-15,6651.90478515625,6716.9560546875,6645.90283203125,6690.0869140625,145685800.0,6707.623103474811,6684.6841796875,6764.38984375,6908.396533203125,37.29555241440606,-92.29794829917137,-79.95714771635471,6659.2529296875
2022-07-18,6659.2529296875,6702.07421875,6611.92578125,6652.06494140625,143740000.0,6697.949068717349,6672.10576171875,6740.60302734375,6893.818896484375,37.94623241351013,-91.3456722521405,-82.23485262351187,6736.091796875
2022-07-19,6736.091796875,6740.0751953125,6626.2548828125,6659.29296875,170776400.0,6705.57761434888,6675.66533203125,6723.24541015625,6880.320458984375,44.43896325195569,-83.42901446526957,-82.47368499186342,6874.7431640625
2022-07-20,6874.7431640625,6880.7568359375,6736.06396484375,6736.171875,182468200.0,6739.410724291605,6722.41591796875,6718.738216145834,6869.701432291667,53.82700795062615,-65.21523887979765,-79.02199576945027,6864.130859375
2022-07-21,6864.130859375,6893.3759765625,6809.7158203125,6874.783203125,156437900.0,6764.354751308285,6757.22470703125,6715.5748046875,6859.078125,53.087626830488794,-51.04855879354636,-73.42730837426949,6886.9619140625
2022-07-22,6886.9619140625,6901.72021484375,6850.48876953125,6864.130859375,199589800.0,6788.876183859128,6804.2361328125,6721.750390625,6852.421923828125,54.534566426658074,-37.546277340145934,-66.25110216744477,6858.4072265625
2022-07-25,6858.4072265625,6908.19189453125,6858.4072265625,6887.0419921875,210616100.0,6802.782392399803,6844.0669921875,6736.366080729166,6847.8541015625,52.35939380279007,-28.817555804404037,-58.76439289483663,6871.537109375
2022-07-26,6871.537109375,6899.92919921875,6857.80078125,6858.44677734375,320241300.0,6816.533335794843,6871.1560546875,6747.584147135417,6841.90927734375,53.282120545060735,-20.603010606977477,-51.1321164372648,6898.2158203125
2022-07-27,6898.2158203125,6911.89990234375,6861.44677734375,6871.4970703125,276772700.0,6832.869832698374,6875.8505859375,6764.37119140625,6838.281477864583,55.18162622952567,-11.804104971734887,-43.26651414415882,6956.81689453125
2022-07-28,6956.81689453125,6984.5322265625,6898.2958984375,6898.2958984375,287336500.0,6857.65924506495,6894.38779296875,6784.653190104166,6835.164501953125,59.11402253818753,-0.10112620334803069,-34.63343655599666,6951.123046875
2022-07-29,6951.123046875,7032.35302734375,6951.123046875,6956.89697265625,292504000.0,6876.35200542696,6907.22001953125,6798.713444010416,6835.636376953125,58.57623885980419,8.61481662213555,-25.98378592037022,6968.783203125
2022-08-01,6968.783203125,7005.29296875,6949.634765625,6951.123046875,238507600.0,6894.838244966569,6929.29521484375,6815.155989583333,6835.383251953125,59.797868513563486,16.754159600823186,-17.43619681613154,6988.1572265625
2022-08-02,6988.1572265625,6991.39208984375,6902.6298828125,6968.783203125,216232400.0,6913.502041285756,6952.61923828125,6833.146875,6833.519466145834,61.151421110395844,24.485713267448773,-9.051814799415478,7046.634765625
2022-08-03,7046.634765625,7046.634765625,6971.73583984375,6988.1572265625,225842100.0,6940.128586153604,6982.30302734375,6860.18984375,6835.596923828125,64.98364555453551,34.92903377742641,-0.2556450840471003,7057.34814453125
2022-08-04,7057.34814453125,7075.56005859375,7025.05419921875,7046.634765625,248154300.0,6963.572497829135,7002.40927734375,6884.67392578125,6837.566292317709,65.65213961033837,43.56769934583008,8.509023801928336,7084.65478515625
2022-08-05,7084.65478515625,7090.76708984375,7045.98193359375,7057.34814453125,173887000.0,6987.788955294558,7029.115625,6913.52392578125,6838.956884765625,67.36243401936562,52.0176941362206,17.21075786878679,7086.84912109375
2022-08-08,7086.84912109375,7100.80810546875,7050.82421875,7084.65478515625,219012400.0,7007.600988454397,7052.72880859375,6942.030338541666,6841.316682942708,67.50247045840766,58.22031293127111,25.412668881283654,7102.8798828125
2022-08-09,7102.8798828125,7144.2021484375,7086.84912109375,7086.84912109375,263201500.0,7026.656767326018,7075.67333984375,6966.482877604167,6844.864143880209,68.56365536311901,63.69524240431656,33.06918358589024,7086.23583984375
2022-08-10,7086.23583984375,7104.0341796875,7021.6728515625,7102.8798828125,200438400.0,7038.572581829565,7083.5935546875,6980.582389322916,6849.660302734375,66.14847319420181,65.93111543094074,39.64156995490034,7160.384765625
2022-08-11,7160.384765625,7181.10009765625,7086.27587890625,7086.27587890625,246280600.0,7062.935018588652,7104.20087890625,7000.332649739584,6857.953727213541,71.04232041821231,72.8465300818616,46.2825619802926,7129.27685546875
2022-08-12,7129.27685546875,7164.669921875,7113.5791015625,7160.384765625,240074700.0,7076.203385964673,7113.12529296875,7016.486979166667,6869.118684895833,66.68658699412168,74.95288741605145,52.016627067444375,7093.27587890625
2022-08-15,7093.27587890625,7156.919921875,7081.30419921875,7129.27685546875,228243500.0,7079.6178845529885,7114.41064453125,7032.144889322916,6884.255485026041,61.95255179347663,72.87713064536183,56.18872778302787,7133.453125
2022-08-16,7133.453125,7147.97021484375,7080.7529296875,7093.27587890625,231209400.0,7090.3849326423915,7120.52529296875,7049.60595703125,6898.595052083333,64.94352043821398,73.62533935221109,59.676050096864515,7186.55810546875
2022-08-18,7186.55810546875,7186.55810546875,7125.39404296875,7133.453125,239294800.0,7109.619567207663,7140.58974609375,7068.828776041667,6916.599983723959,68.47152444621358,77.60880228696715,63.26260053488504,7172.43408203125
2022-08-19,7172.43408203125,7230.11083984375,7172.43408203125,7186.59814453125,232876500.0,7122.182470172381,7142.999609375,7083.203255208334,6933.92822265625,66.55313341422806,78.71861551107031,66.3538035301221,7107.98291015625
2022-08-22,7107.98291015625,7174.283203125,7064.5009765625,7172.43408203125,204493100.0,7119.342558169155,7138.7408203125,7093.660579427084,6946.18701171875,58.498774498537166,73.54964503267638,67.79297183063295,7163.26513671875
2022-08-23,7163.26513671875,7183.2587890625,7106.8349609375,7107.86279296875,260557700.0,7128.1270738790745,7152.738671875,7106.626041666666,6960.891015625,62.67169518712641,73.07168743171133,68.84871495084863,7194.7060546875
2022-08-24,7194.7060546875,7204.419921875,7154.64404296875,7163.30517578125,221550000.0,7141.44287004076,7164.9892578125,7120.395963541667,6976.771419270834,64.83719004590708,74.37260085943944,69.9534921325668,7174.2080078125
2022-08-25,7174.2080078125,7210.1630859375,7146.31201171875,7194.7060546875,280881500.0,7147.995897595108,7162.51923828125,7128.900846354167,6994.545345052084,62.29968627290121,72.9091121890342,70.54461614386028,7135.248046875
2022-08-26,7135.248046875,7194.0810546875,7135.248046875,7174.2880859375,273878800.0,7145.446327451086,7155.08203125,7134.094173177084,7009.384049479167,57.67915301671699,67.82371407117716,70.00043572932366,7132.044921875
2022-08-29,7132.044921875,7135.087890625,7015.34716796875,7135.087890625,256806700.0,7142.766046335869,7159.89443359375,7137.253515625,7025.388720703125,57.30286306615901,62.81098803500845,68.56254619046062,7159.47314453125
2022-08-30,7159.47314453125,7223.1259765625,7131.6162109375,7132.0849609375,308273200.0,7146.107465974945,7159.13603515625,7142.0951171875,7042.062727864583,59.725784320328614,60.3558502067699,66.92120699372248,7178.58984375
2022-08-31,7178.58984375,7178.58984375,7073.22216796875,7159.51318359375,256857200.0,7152.6039415299565,7155.91279296875,7147.142447916666,7056.812662760417,61.371112987855135,59.26947207153535,65.39086000928506,7153.10400390625
2022-09-01,7153.10400390625,7197.05615234375,7135.02490234375,7178.58984375,252393900.0,7152.703954005216,7151.6919921875,7151.600325520833,7066.091357421875,57.970898372007326,55.70982708264364,63.45465342395678,7177.17919921875
2022-09-02,7177.17919921875,7207.615234375,7146.81103515625,7153.10400390625,284827600.0,7157.599003047922,7160.07822265625,7152.719954427083,7076.526302083334,60.21340950201245,54.20659001276999,61.60504074171942,7231.8828125
2022-09-05,7231.8828125,7245.40087890625,7147.97607421875,7177.13916015625,309176400.0,7172.455764938339,7180.04580078125,7159.5603515625,7088.023665364583,64.80811712818632,56.774922256669015,60.63901704470935,7233.15478515625
2022-09-06,7233.15478515625,7287.7001953125,7230.79296875,7231.9228515625,346421400.0,7184.595568981922,7194.78212890625,7168.885611979166,7100.515250651041,64.90959141968105,58.241608616841404,60.159535359135766,7186.7568359375
2022-09-07,7186.7568359375,7243.52294921875,7166.6259765625,7233.15478515625,328200100.0,7185.027822373037,7196.41552734375,7172.439192708333,7111.022574869791,58.305286024249426,55.025738920132426,59.1327760713351,7232.01708984375
2022-09-08,7232.01708984375,7277.8837890625,7186.56396484375,7186.7568359375,277671500.0,7194.42567586718,7212.19814453125,7175.469791666666,7122.149283854166,62.33152203410509,55.48961352725382,58.40414356251885,7242.65576171875
2022-09-09,7242.65576171875,7270.296875,7206.3720703125,7232.05712890625,273581100.0,7204.071693037495,7225.29345703125,7180.151236979166,7131.67724609375,63.23032224428873,56.06935676186731,57.937186202388546,7254.4638671875
2022-09-12,7254.4638671875,7276.419921875,7218.4638671875,7242.69580078125,300778400.0,7214.150127867496,7229.80966796875,7189.916634114584,7141.788606770833,64.24994449873296,56.82656164960554,57.71506129183195,7318.01611328125
2022-09-13,7318.01611328125,7345.4560546875,7254.416015625,7254.4638671875,285339000.0,7234.923324950248,7246.78193359375,7200.233365885417,7153.429703776042,69.2002503518017,61.84191204320905,58.540431442107376,7278.078125
2022-09-14,7278.078125,7317.89599609375,7219.31982421875,7317.89599609375,250200100.0,7243.554284960199,7265.04619140625,7205.79150390625,7163.093733723958,63.270997665187224,61.880630100739836,59.20847117383387,7305.60107421875
2022-09-15,7305.60107421875,7377.4951171875,7278.1982421875,7278.1982421875,274253400.0,7255.96364281191,7279.76298828125,7214.551041666667,7171.725944010416,65.46693948749916,63.40133529601826,60.04704399827075,7168.8701171875
2022-09-16,7168.8701171875,7306.1630859375,7163.0732421875,7305.60107421875,351796400.0,7238.544937687029,7265.005859375,7216.792513020833,7175.443343098958,49.60119637750225,52.9629358391594,58.630222366448486,7195.48779296875
2022-09-19,7195.48779296875,7231.416015625,7151.615234375,7168.9501953125,252816300.0,7229.933508743374,7253.21064453125,7221.022037760416,7179.137776692708,52.03801651704585,46.30448378184428,56.16507464952765,7196.951171875
2022-09-20,7196.951171875,7252.18603515625,7186.24609375,7195.56787109375,279749000.0,7223.337041369699,7228.99765625,7223.520572916666,7182.807845052083,52.174924966338615,40.67679819348632,53.067419358319384,7188.31396484375
2022-09-21,7188.31396484375,7204.90185546875,7134.78515625,7196.87109375,246224300.0,7216.33242606451,7211.04482421875,7224.16884765625,7185.655647786459,51.245130531830014,35.11508159391997,49.476951805439505,7218.90576171875
2022-09-22,7218.90576171875,7225.55078125,7127.45703125,7188.19384765625,282626800.0,7216.847093195359,7193.70576171875,7228.555631510417,7190.077978515625,54.34825257004875,32.7978107142726,46.141123587206124,7178.5830078125
2022-09-23,7178.5830078125,7219.02587890625,7172.533203125,7219.02587890625,205509000.0,7209.1942761187875,7195.64833984375,7228.64921875,7190.684586588542,49.84494261560838,27.391890930410227,42.39127705584695,7127.5029296875
2022-09-26,7127.5029296875,7178.5029296875,7039.2412109375,7178.5029296875,193399700.0,7192.85600683253,7182.0513671875,7221.690559895834,7190.625455729167,44.782703935701555,18.769561324188544,37.66693390951527,7112.44921875
2022-09-27,7112.44921875,7133.4111328125,7075.65380859375,7127.5029296875,227195500.0,7176.774649216024,7165.1509765625,7213.643522135417,7191.264567057292,43.38430568513288,10.599410916048328,32.253429310821886,7077.03076171875
2022-09-28,7077.03076171875,7156.97998046875,7073.47314453125,7112.4091796875,193422200.0,7156.82587171657,7142.8943359375,7206.328450520833,7189.383821614583,40.20337760955481,1.2521009366237195,26.05316363598225,7036.1982421875
2022-09-29,7036.1982421875,7135.5009765625,7023.2109375,7077.11083984375,214141900.0,7132.7003458107565,7106.35283203125,7193.273860677084,7184.371826171875,36.84902705631583,-9.342854034782249,18.973960101829356,7040.7978515625
2022-09-30,7040.7978515625,7056.169921875,6926.85986328125,7036.1982421875,208540900.0,7114.319846961106,7078.79580078125,7179.816666666667,7179.983951822916,37.48180566313731,-17.170353004859862,11.745097480491513,7009.7177734375
2022-10-03,7009.7177734375,7047.6240234375,6995.06201171875,7040.7978515625,179996500.0,7093.399432256386,7055.23876953125,7163.500260416667,7176.708447265625,34.93454894149491,-25.58665782609023,4.278746419175164,7072.255859375
2022-10-04,7072.255859375,7101.47216796875,7009.8369140625,7009.8369140625,216377800.0,7089.170717680109,7047.20009765625,7147.116243489583,7173.6748046875,43.28646459967082,-26.90024981550323,-1.9570528277605148,7075.384765625
2022-10-05,7075.384765625,7131.8798828125,7070.212890625,7072.294921875,219700600.0,7086.413527269087,7046.8708984375,7133.603352864583,7169.697428385417,43.676013239308,-27.373262416149373,-7.0402947454382865,7076.623046875
2022-10-06,7076.623046875,7135.908203125,7066.47119140625,7075.384765625,177554400.0,7084.45543119027,7054.955859375,7118.338151041667,7166.444596354167,43.840416444073966,-27.33313005293803,-11.098861806938237,7026.783203125
2022-10-07,7026.783203125,7081.01806640625,7008.14404296875,7076.623046875,226928900.0,7072.920985577217,7052.1529296875,7108.865690104167,7162.8291015625,38.9166806524448,-30.96602664810871,-15.072294775172331,6994.39501953125
2022-10-10,6994.39501953125,7026.6630859375,6947.71923828125,7026.6630859375,220135300.0,7057.215792368024,7049.08837890625,7095.459505208333,7158.240771484375,36.08078255210778,-36.04309672703948,-19.266455165545764,6939.14501953125
2022-10-11,6939.14501953125,7001.96923828125,6937.80908203125,6994.39501953125,237406700.0,7033.60163780067,7022.4662109375,7078.272428385417,7150.896500651042,31.820899673894047,-44.01751805124968,-24.21666774268655,6909.208984375
2022-10-12,6909.208984375,6990.587890625,6870.2822265625,6939.14501953125,225826800.0,7008.723107115537,6989.2310546875,7059.6654296875,7141.917138671875,29.769987584505927,-52.15171969321,-29.80367813279124,6880.625
2022-10-13,6880.625,6933.7080078125,6880.625,6909.208984375,175237300.0,6983.10348569243,6950.0314453125,7037.11337890625,7132.834505208333,27.91962299239593,-60.21055198741578,-35.88505290371615,6814.52978515625
2022-10-14,6814.52978515625,6943.85498046875,6814.52978515625,6880.6650390625,188093100.0,6949.388745585195,6907.58076171875,7012.8431640625,7120.74619140625,24.177470700915478,-71.11084454747743,-42.93021123246841,6831.115234375
2022-10-17,6831.115234375,6836.97509765625,6747.3798828125,6814.52978515625,217793900.0,6925.734043343156,6874.9248046875,6993.083984375,7107.387272135416,26.82780051165483,-77.51752402811053,-49.84767379159683,6834.494140625
2022-10-18,6834.494140625,6891.98486328125,6809.98486328125,6831.15478515625,204836800.0,6907.486062799526,6853.99462890625,6974.553645833334,7094.098583984375,27.384682894099967,-81.38406928754557,-56.15495289078659,6860.416015625
2022-10-19,6860.416015625,6883.9169921875,6806.11376953125,6834.494140625,165404100.0,6898.072053364621,6844.23603515625,6960.112662760416,7083.220556640625,31.68041827770503,-81.41811820262956,-61.20758595315519,6980.65185546875
2022-10-20,6980.65185546875,6986.205078125,6847.06689453125,6860.416015625,225664700.0,6914.588013785447,6864.24140625,6956.4095703125,7074.841715494792,47.264038729340655,-70.9254898926938,-63.151166741062916,7017.77099609375
2022-10-21,7017.77099609375,7058.9111328125,6974.962890625,6980.69189453125,181511700.0,6935.224610247108,6904.8896484375,6954.874446614584,7067.345556640625,50.981383705107575,-58.93543096875328,-62.30801958660099,7053.0439453125
2022-10-24,7053.0439453125,7092.169921875,7017.4609375,7017.81103515625,203913800.0,6958.788477260187,6949.275390625,6957.762858072917,7060.631559244792,54.279496805315176,-46.05608479757484,-59.057632628795766,7048.3798828125
2022-10-25,7048.3798828125,7108.81591796875,7032.5419921875,7053.083984375,223456200.0,6976.70675837065,6992.0525390625,6956.171126302083,7051.643684895834,53.764379187192354,-35.81263526405837,-54.40863315584829,7043.93896484375
2022-10-26,7043.93896484375,7081.8798828125,7017.93505859375,7048.419921875,187797900.0,6990.153199665271,7028.75712890625,6954.074739583333,7043.839046223959,53.24623270986569,-27.7332806781651,-49.07356266031166,7091.76123046875
2022-10-27,7091.76123046875,7104.85302734375,7043.97900390625,7043.97900390625,188078500.0,7010.474805825967,7050.97900390625,6955.083951822917,7036.711051432291,57.94630127209334,-17.272371643028237,-42.71332445685498,7056.0400390625
2022-10-28,7056.0400390625,7100.80810546875,7016.7021484375,7091.76123046875,186703600.0,7019.587852473274,7058.6328125,6957.034407552083,7032.950048828125,53.610975259919805,-11.729220327188159,-36.51650363092161,7098.89013671875
2022-10-31,7098.89013671875,7113.11279296875,7051.42919921875,7056.0400390625,192397100.0,7035.44830932237,7067.80205078125,6964.000748697917,7029.730126953125,57.699375323195,-3.8343877700945086,-29.98008045875619,7052.30322265625
2022-11-01,7052.30322265625,7128.13623046875,7018.5517578125,7098.93017578125,193069500.0,7038.819291989146,7068.58671875,6971.54462890625,7024.908528645833,52.30233082952191,-1.3216159452194916,-24.248387556048854,7015.68994140625
2022-11-02,7015.68994140625,7074.23291015625,6976.87109375,7052.30322265625,165214300.0,7034.193421872567,7062.9369140625,6978.643359375,7019.15439453125,48.46546459197166,-2.258576513248954,-19.850425347488876,7034.5732421875
2022-11-03,7034.5732421875,7050.380859375,6962.85302734375,7015.68994140625,176601600.0,7034.269385935555,7051.49931640625,6988.906575520833,7013.009977213542,50.483056767697065,-1.4605634884064784,-16.1724529756724,7045.52685546875
2022-11-04,7045.52685546875,7045.52685546875,6973.31884765625,7034.5732421875,180561000.0,7036.5208798421945,7049.3966796875,7004.306380208333,7008.574772135416,51.66517083204753,0.05509750207875186,-12.92694288012217,7102.39599609375
2022-11-07,7102.39599609375,7102.39599609375,7011.56396484375,7045.52685546875,194075900.0,7049.695903092506,7050.0978515625,7022.391764322917,7007.737874348958,57.35706238808318,5.7785229148285,-9.185849721132035,7050.1259765625
2022-11-08,7050.1259765625,7111.43994140625,7039.251953125,7102.43603515625,193397800.0,7049.781917786505,7049.66240234375,7036.767220052084,7005.660432942708,51.3693469320112,6.027147843522471,-6.143250208201135,7070.083984375
2022-11-09,7070.083984375,7073.5517578125,7037.30712890625,7050.0859375,187445600.0,7053.842331104204,7060.5412109375,7050.745084635417,7005.428873697917,53.37095915788079,7.745345800123687,-3.3655310065361705,6966.8369140625
2022-11-10,6966.8369140625,7070.083984375,6956.2880859375,7070.083984375,188518000.0,7036.441247695864,7046.9939453125,7049.824088541666,7003.116829427084,43.41552634009317,0.7670127121318728,-2.539022262802562,7089.2060546875
2022-11-11,7089.2060546875,7106.06005859375,6966.99609375,6966.99609375,226055800.0,7046.994209094192,7055.72978515625,7054.58642578125,7004.730436197917,54.29681762162527,5.052557690631147,-1.0207062721158202,7019.39208984375
2022-11-14,7019.39208984375,7104.76416015625,7014.2978515625,7089.2060546875,174641100.0,7041.473785244104,7039.12900390625,7052.34296875,7005.052913411459,48.55945811905401,2.783394222539755,-0.2598861731847052,7035.5
2022-11-15,7035.5,7048.39013671875,6999.23583984375,7019.39208984375,167825000.0,7040.279028195284,7036.20380859375,7051.484309895834,7003.827718098958,49.87549884806114,2.2588014982093227,0.24385136109410044,7014.3837890625
2022-11-16,7014.3837890625,7046.9990234375,6955.52880859375,7035.5,165129900.0,7035.099980368727,7025.06376953125,7049.51396484375,7001.794352213542,48.13688453517089,0.13757041150347504,0.22259517117597538,7044.98583984375
2022-11-17,7044.98583984375,7051.27490234375,6965.76220703125,7014.3837890625,156588900.0,7037.0771522637315,7040.6935546875,7046.39560546875,7000.739778645833,50.812887262305026,0.9152587060470978,0.36112787815019987,7082.18115234375
2022-11-18,7082.18115234375,7094.09716796875,7027.74609375,7045.02587890625,167164400.0,7046.097952279736,7039.28857421875,7048.138346354167,7002.586376953125,53.924733768868016,4.48127578916683,1.1851574603535258,7063.2470703125
2022-11-21,7063.2470703125,7107.3232421875,7050.44091796875,7082.18115234375,162801100.0,7049.527775886289,7048.0595703125,7045.762141927084,7004.8814453125,52.11719107791592,5.713684045083028,2.090862777299426,7030.587890625
2022-11-22,7030.587890625,7108.8310546875,7030.587890625,7063.2470703125,177602200.0,7045.739798834033,7047.0771484375,7044.314453125,7007.929541015625,49.06231040574149,4.008842173136145,2.47445865646677,7054.123046875
2022-11-23,7054.123046875,7089.69384765625,7026.39111328125,7030.626953125,157476700.0,7047.416448442227,7055.025,7046.87666015625,7012.760009765625,51.27861463779812,4.504903402542368,2.88054760568189,7080.51513671875
2022-11-24,7080.51513671875,7104.88916015625,7054.162109375,7054.162109375,159926700.0,7054.036186097532,7062.130859375,7049.939453125,7019.423014322917,53.71087723850561,6.947569328758618,3.6939519502972358,7053.14990234375
2022-11-25,7053.14990234375,7086.56201171875,7013.22119140625,7080.55419921875,158716200.0,7053.858929346776,7056.324609375,7050.44765625,7027.377018229166,50.87488926536984,6.59918269028185,4.274998098294159,7017.35791015625
2022-11-28,7017.35791015625,7083.37890625,7011.453125,7053.10986328125,187211500.0,7046.558725508671,7047.14677734375,7044.778450520834,7033.585107421875,47.35311077336971,3.395824178622206,4.099163314359768,7012.06884765625
2022-11-29,7012.06884765625,7036.5380859375,6990.90087890625,7017.31787109375,164098100.0,7039.660749938187,7043.44296875,7042.24130859375,7039.504264322916,46.837138429787885,0.42545199223877717,3.36442104993557,7081.31298828125
2022-11-30,7081.31298828125,7081.31298828125,6993.69580078125,7012.10888671875,273493300.0,7047.991197606801,7048.88095703125,7042.989908854167,7046.867496744791,53.91675837899789,3.617137970231852,3.4149644339948266,7020.80322265625
2022-12-01,7020.80322265625,7090.27685546875,7018.26904296875,7081.19482421875,167994300.0,7042.553602616691,7036.93857421875,7046.587662760417,7048.205875651041,47.91227665685751,1.2495358464911988,2.9818787164941014,7019.63916015625
2022-12-02,7019.63916015625,7021.81396484375,6967.9501953125,7020.80322265625,139459800.0,7037.970714124604,7030.23642578125,7041.949869791667,7048.268147786458,47.801987398013175,-0.7125224937217354,2.242998474450934,6987.328125
2022-12-05,6987.328125,7053.90283203125,6987.328125,7019.63916015625,165306000.0,7027.842196299683,7024.23046875,7039.812272135417,7046.077620442708,44.72453396054001,-4.819146248590187,0.83056952984271,6892.56982421875
2022-12-06,6892.56982421875,6987.3681640625,6862.56494140625,6987.3681640625,149697900.0,7000.7877218834965,7000.3306640625,7030.28359375,7040.883951822917,37.167375788045796,-15.540734195796176,-2.4436912152850674,6818.751953125
2022-12-07,6818.751953125,6892.6630859375,6799.2998046875,6892.56982421875,158724300.0,6964.380568131798,6947.81845703125,7017.241471354167,7033.377718098958,32.55281684136682,-29.65234143033649,-7.885421258295353,6804.22705078125
2022-12-08,6804.22705078125,6821.05078125,6683.62890625,6818.791015625,162316700.0,6932.349864661689,6904.50322265625,7001.190885416667,7023.793245442708,31.71833840952796,-41.52920721210921,-14.614178449058125,6715.1181640625
2022-12-09,6715.1181640625,6804.22705078125,6695.3818359375,6804.22705078125,127123900.0,6888.903524541852,6843.5990234375,6976.72001953125,7012.429182942708,27.12445433318534,-57.46957783679227,-23.185258326604956,6734.4521484375
2022-12-12,6734.4521484375,6734.4521484375,6641.81005859375,6715.1181640625,134471100.0,6858.013249320981,6793.023828125,6954.800358072916,7000.28125,29.509970289884322,-67.7612360930334,-32.10045387989065,6810.31591796875
2022-12-13,6810.31591796875,6826.1162109375,6714.8720703125,6734.4912109375,396136700.0,6848.4737830505355,6776.573046875,6940.115559895833,6992.215006510417,38.07561309583309,-69.00048261502525,-39.48045962691757,6801.7490234375
2022-12-14,6801.7490234375,6854.09814453125,6774.1318359375,6810.35595703125,215430000.0,6839.128831127929,6773.1724609375,6923.290625,6985.083642578125,37.52113811443388,-69.86847096249767,-45.55806189403359,6751.85986328125
2022-12-15,6751.85986328125,6801.837890625,6740.955078125,6801.7890625,145093400.0,6821.675037558593,6762.6990234375,6901.3802734375,6975.65986328125,34.38118378092693,-73.73205898551714,-51.1928613123303,6812.19287109375
2022-12-16,6812.19287109375,6812.19287109375,6693.76513671875,6751.85986328125,156126900.0,6819.778604265624,6782.11396484375,6885.316471354166,6967.882063802083,40.83003166486244,-71.10594574232073,-55.17547819832839,6779.6982421875
2022-12-19,6779.6982421875,6827.81494140625,6754.087890625,6812.15380859375,127896600.0,6811.76253185,6791.16318359375,6869.472493489583,6957.125472005208,38.628126191156326,-70.83028957288116,-58.30644047323895,6768.31591796875
2022-12-20,6768.31591796875,6792.203125,6715.044921875,6779.6982421875,151817000.0,6803.073209073751,6782.76318359375,6853.222298177084,6947.731803385416,37.85796735839247,-70.71512852797514,-60.78817808418619,6820.6630859375
2022-12-21,6820.6630859375,6820.6630859375,6763.69677734375,6768.31591796875,139079800.0,6806.591184446501,6786.54599609375,6835.845638020834,6939.4177734375,43.442815431781625,-65.64318976847062,-61.759180421043084,6824.43212890625
2022-12-22,6824.43212890625,6844.12109375,6800.6171875,6820.7021484375,129012900.0,6810.159373338452,6801.06044921875,6822.754231770833,6934.670947265625,43.83421498266431,-60.62071364008534,-61.53148706485154,6800.6728515625
2022-12-23,6800.6728515625,6824.39306640625,6784.5869140625,6824.39306640625,120430300.0,6808.262068983261,6798.7564453125,6808.156477864583,6925.053173828125,41.8672622414439,-57.89021784452689,-60.803233220786616,6835.80810546875
2022-12-26,6835.80810546875,6858.14697265625,6796.1669921875,6800.712890625,117543200.0,6813.771276280359,6809.97841796875,6798.055143229167,6918.933707682291,45.74447151634729,-52.28841065212873,-59.100268707055044,6923.02685546875
2022-12-27,6923.02685546875,6933.88916015625,6835.662109375,6835.84716796875,121669200.0,6835.622392118038,6840.92060546875,6800.085611979167,6915.184602864583,53.9543787277927,-40.346029966893184,-55.34942095902267,6850.52001953125
2022-12-28,6850.52001953125,6953.0390625,6828.14013671875,6923.06591796875,120571100.0,6838.601917600681,6846.8919921875,6802.203483072916,6909.722477213541,47.517156875904554,-36.31370118610175,-51.54227700443849,6860.0771484375
2022-12-29,6860.0771484375,6879.5849609375,6786.98193359375,6850.52001953125,141016100.0,6842.896963768045,6854.02099609375,6805.926822916666,6903.558854166667,48.391191796075134,-31.978245833290202,-47.62947077020883,6850.619140625
2022-12-30,6850.619140625,6888.73583984375,6838.5888671875,6860.1162109375,129302000.0,6844.441399139436,6864.01025390625,6814.960221354167,6895.840120442708,47.547285806760584,-28.971582053785824,-43.89789302692424,6850.98388671875
2023-01-02,6850.98388671875,6856.88916015625,6823.47900390625,6850.740234375,109645000.0,6845.749896655299,6867.04541015625,6822.72900390625,6888.764680989583,47.58524849396782,-26.256676759756374,-40.369649773490664,6888.7578125
2023-01-03,6888.7578125,6908.001953125,6838.57421875,6850.98388671875,156894900.0,6854.3514798242395,6860.1916015625,6827.958463541667,6884.03701171875,51.500105729060444,-20.81708819915275,-36.45913745862308,6813.23876953125
2023-01-04,6813.23876953125,6900.60302734375,6813.23876953125,6888.798828125,142541400.0,6846.128937765642,6852.7353515625,6828.724446614583,6876.007535807292,44.36568626354551,-22.342381635513448,-33.63578629400116,6653.8408203125
2023-01-05,6653.8408203125,6813.421875,6621.98681640625,6813.27978515625,180589300.0,6807.671314275014,6811.4880859375,6822.18984375,6861.78505859375,33.74093879106424,-35.99830399044822,-34.10828983329057,6684.55810546875
2023-01-06,6684.55810546875,6708.63720703125,6598.64599609375,6653.759765625,109855600.0,6783.048672513762,6778.27587890625,6813.680859375,6849.498665364584,36.878096026967775,-43.836769652186376,-36.053985797069735,6688.26513671875
2023-01-09,6688.26513671875,6726.9658203125,6638.64599609375,6684.55810546875,135949700.0,6764.09196535476,6745.73212890625,6807.585319010416,6838.52890625,37.26413839944176,-49.1827357586526,-38.679735789386314,6622.4990234375
2023-01-10,6622.4990234375,6690.22900390625,6570.2431640625,6688.26513671875,144817300.0,6735.773376971308,6692.48037109375,6797.864192708334,6825.543245442708,33.36549855678922,-58.05698336012938,-42.55518530353493,6584.453125
2023-01-11,6584.453125,6622.794921875,6557.919921875,6622.5390625,124903900.0,6705.5093265770465,6646.7232421875,6782.116861979167,6808.98125,31.3238211643623,-67.38312385361951,-47.520773013551846,6629.93408203125
2023-01-12,6629.93408203125,6662.22900390625,6574.0888671875,6584.494140625,148901900.0,6690.394277667888,6641.94189453125,6769.150325520834,6795.952278645834,36.33881767601964,-70.2939197038204,-52.07540235160556,6641.830078125
2023-01-13,6641.830078125,6658.47607421875,6600.59423828125,6629.93408203125,165594900.0,6680.68143775931,6633.3962890625,6758.560807291667,6783.358642578125,37.62189430905912,-70.824419103722,-55.82520570202885,6688.05712890625
2023-01-16,6688.05712890625,6688.05712890625,6627.69677734375,6641.830078125,154893500.0,6682.156575988698,6633.3546875,6748.7107421875,6773.382942708334,42.4739163143295,-66.74530866692112,-58.00922629500731,6767.33984375
2023-01-17,6767.33984375,6801.87109375,6688.05712890625,6688.05712890625,217634400.0,6699.193229540959,6662.3228515625,6738.331608072916,6769.208610026041,49.70032862568449,-56.46424707030292,-57.700230450066435,6765.7861328125
2023-01-18,6765.7861328125,6790.1640625,6721.4638671875,6767.17822265625,194959200.0,6712.511810195268,6698.589453125,6732.682682291666,6767.443082682292,49.56891399293575,-47.889759830699404,-55.73813632619303,6819.9072265625
2023-01-19,6819.9072265625,6820.98486328125,6754.5517578125,6765.74609375,154234600.0,6733.990893468715,6736.58408203125,6730.0046875,6767.965755208334,54.119750768070304,-36.308752265987096,-51.85225951415185,6874.93115234375
2023-01-20,6874.93115234375,6874.93115234375,6819.5322265625,6819.9072265625,173846000.0,6762.178945243722,6783.204296875,6731.62548828125,6773.292854817709,58.245180898064156,-22.43216533939176,-45.96824067919983,6860.85400390625
2023-01-24,6860.85400390625,6906.791015625,6841.0068359375,6874.93115234375,196805400.0,6781.913956976228,6817.763671875,6732.28349609375,6777.50625,56.837114008289845,-12.427521721381709,-39.26009688763621,6829.93017578125
2023-01-25,6829.93017578125,6871.36376953125,6821.27978515625,6860.85400390625,187905300.0,6791.517200737233,6830.28173828125,6728.361653645833,6778.16005859375,53.76239696478589,-6.914359629251521,-32.79094943595927,6864.81787109375
2023-01-26,6864.81787109375,6874.869140625,6815.78515625,6829.97021484375,171067600.0,6806.177334808537,6850.0880859375,6731.800260416667,6780.262353515625,56.61398394650402,0.26692949497373775,-26.17937364977267,6898.98095703125
2023-01-27,6898.98095703125,6932.708984375,6864.81787109375,6864.81787109375,149187500.0,6824.73805925308,6865.90283203125,6748.142936197916,6785.166389973959,59.26337377979593,8.615514103042187,-19.2203960992097,6872.48095703125
2023-01-30,6872.48095703125,6925.46923828125,6834.0810546875,6899.02197265625,134698100.0,6834.286638808715,6865.41279296875,6760.671126302083,6787.175992838542,56.38697967962899,12.944285358901652,-12.787459807587432,6839.341796875
2023-01-31,6839.341796875,6880.9599609375,6827.2431640625,6872.52099609375,151785000.0,6835.297670421973,6861.1103515625,6770.742903645833,6789.164111328125,52.92740338146945,13.544679859046482,-7.52103187426065,6862.2578125
2023-02-01,6862.2578125,6893.18408203125,6838.916015625,6838.916015625,145899200.0,6840.689698837579,6867.57587890625,6786.726822916667,6792.2955078125,54.984199993654485,15.688777310909245,-2.8790700372266715,6890.57177734375
2023-02-02,6890.57177734375,6896.73193359375,6855.3671875,6862.2578125,189189500.0,6850.666114538813,6872.72666015625,6807.134733072917,6794.625797526041,57.45758430554191,19.448500119009623,1.5864439940205877,6911.73193359375
2023-02-03,6911.73193359375,6951.966796875,6890.7138671875,6890.7138671875,202858400.0,6862.879278349801,6875.27685546875,6825.921256510416,6797.535791015625,59.25918764708773,23.860506235110734,6.041256442238617,6873.791015625
2023-02-06,6873.791015625,6924.8828125,6835.7578125,6911.73193359375,143480000.0,6865.061625804841,6875.5388671875,6841.385319010416,6799.973063151042,54.77968106961394,24.01866564782449,9.636738283355793,6935.30078125
2023-02-07,6935.30078125,6946.23388671875,6873.791015625,6873.791015625,173101600.0,6879.109456893873,6894.7306640625,6857.868229166666,6803.289485677084,60.05187960676557,28.77562466037398,13.46451555875943,6940.1240234375
2023-02-08,6940.1240234375,6961.9189453125,6912.10888671875,6935.30078125,172668200.0,6891.3123702026,6910.30390625,6869.387174479167,6803.859391276042,60.44135428848798,32.55941956367769,17.283496359743083,6897.365234375
2023-02-09,6897.365234375,6961.15185546875,6896.0400390625,6940.1240234375,176681300.0,6892.52294303708,6911.66259765625,6878.159114583334,6805.4208984375,55.29456554554614,31.7419261916084,20.175182326116147,6880.3291015625
2023-02-10,6880.3291015625,6895.23779296875,6803.41796875,6895.23779296875,140803700.0,6890.084174742165,6905.38203125,6882.187239583333,6806.095963541667,53.34548352817134,29.38070083310322,22.016286027513562,6900.14013671875
2023-02-13,6900.14013671875,6915.14404296875,6871.8828125,6880.3291015625,213914100.0,6892.095367137482,6910.65185546875,6883.867838541667,6807.746663411458,55.31791502755855,28.77628262072085,23.36828534615502,6941.85498046875
2023-02-14,6941.85498046875,6941.85498046875,6900.14013671875,6900.14013671875,162808100.0,6902.047289803736,6911.9626953125,6889.267903645833,6810.775699869791,59.22678587023852,31.302480586851743,24.955124394294366,6914.5380859375
2023-02-15,6914.5380859375,6946.0341796875,6872.869140625,6941.85498046875,148477900.0,6904.545449030489,6906.8455078125,6894.908430989583,6811.635042317708,55.7851726588999,30.74584660241635,26.113268835918763,6895.6640625
2023-02-16,6895.6640625,6933.28076171875,6875.30078125,6914.5380859375,173648600.0,6902.7691717243915,6906.5052734375,6896.96484375,6814.382552083333,53.47312231604232,28.453737233814536,26.581362515497922,6895.7138671875
2023-02-17,6895.7138671875,6919.091796875,6868.27978515625,6895.6640625,180098400.0,6901.358110817014,6909.5822265625,6896.747037760417,6822.444986979167,53.478601573135805,26.33763896016535,26.53261780443141,6894.716796875
2023-02-20,6894.716796875,6910.5048828125,6863.6708984375,6895.85595703125,175859700.0,6900.029848028611,6908.49755859375,6898.229427083334,6829.450276692708,53.343164737958496,24.30004480106527,26.086103203758185,6873.40478515625
2023-02-21,6873.40478515625,6923.6728515625,6870.9111328125,6894.716796875,144215700.0,6894.704835454139,6894.80751953125,6900.50029296875,6835.621598307292,50.40475978002659,20.726612034451136,25.014204969896777,6809.9677734375
2023-02-22,6809.9677734375,6875.39013671875,6781.22900390625,6873.26318359375,149215500.0,6877.757423050813,6873.89345703125,6897.014290364584,6841.870556640625,42.84014589913477,12.630210931652982,22.53740616224802,6839.4541015625
2023-02-23,6839.4541015625,6839.4541015625,6806.9970703125,6810.10888671875,124488600.0,6870.09675875315,6862.65146484375,6893.6064453125,6850.370589192708,46.83416823567303,8.495128425966868,19.72895061499179,6856.576171875
2023-02-24,6856.576171875,6880.31201171875,6839.4541015625,6839.4541015625,130300200.0,6867.392641377521,6854.82392578125,6889.92939453125,6857.925325520833,49.06003068157722,6.524443998566312,17.088049291706692,6854.77685546875
2023-02-27,6854.77685546875,6871.11181640625,6819.8720703125,6856.576171875,127631500.0,6864.869484195767,6846.8359375,6888.661783854167,6865.023551432291,48.828676894432064,4.762572622770676,14.62295395791949,6843.23876953125
2023-02-28,6843.23876953125,6890.35400390625,6843.23876953125,6854.77685546875,167931100.0,6860.543341262864,6840.802734375,6882.52431640625,6870.196272786458,47.288690107278796,2.407497622529263,12.179862690841446,6844.93603515625
2023-03-01,6844.93603515625,6889.51416015625,6833.18896484375,6843.09814453125,146293200.0,6857.421880041542,6847.79638671875,6876.178450520833,6872.7828125,47.55073888729423,0.670311930060052,9.877952538685168,6857.4150390625
2023-03-02,6857.4150390625,6875.09814453125,6841.86181640625,6845.078125,136086000.0,6857.420511845734,6851.38857421875,6873.515104166667,6875.837109375,49.53713134335524,0.29710622130096453,7.961783275208328,6813.63623046875
2023-03-03,6813.63623046875,6884.1162109375,6804.47607421875,6857.4150390625,118736600.0,6848.663655570338,6842.8005859375,6869.068912760416,6875.628076171875,43.3363462923474,-3.4910038511179664,5.671225849943069,6807.0009765625
2023-03-06,6807.0009765625,6856.56884765625,6801.18994140625,6813.9189453125,137055800.0,6840.331119768771,6833.24541015625,6862.859635416667,6873.363736979167,42.468660124606366,-6.948420842244559,3.1472965115055445,6766.7578125
2023-03-07,6766.7578125,6812.958984375,6758.0009765625,6806.85888671875,140398600.0,6825.616458315017,6817.94921875,6851.186490885417,6870.227197265625,37.55707776547386,-12.78831993894255,-0.039826778584074685,6776.3701171875
2023-03-08,6776.3701171875,6776.3701171875,6728.19091796875,6766.7578125,144130900.0,6815.767190089513,6804.23603515625,6841.97529296875,6868.441861979167,39.36102897551234,-16.451210083062506,-3.322103439479761,6799.794921875
2023-03-09,6799.794921875,6824.6640625,6776.3701171875,6776.3701171875,113187000.0,6812.572736446611,6792.71201171875,6835.584016927083,6866.274430338542,43.63456678651614,-17.264872242751153,-6.11065720013404,6765.3017578125
2023-03-10,6765.3017578125,6799.794921875,6741.41015625,6799.794921875,131746200.0,6803.118540719789,6783.0451171875,6826.889876302083,6861.81845703125,39.248270259456866,-20.457197595153957,-8.979965279138025,6786.955078125
2023-03-13,6786.955078125,6812.8740234375,6727.44287109375,6765.01806640625,141798000.0,6799.885848200832,6779.0359375,6819.70576171875,6858.967594401041,43.11414484009701,-20.997846349512656,-11.383541493212952,6641.81396484375
2023-03-14,6641.81396484375,6786.671875,6635.3759765625,6786.671875,166605500.0,6768.271471529416,6754.04716796875,6804.266373697917,6852.383333333333,29.543474190466384,-32.7603483265093,-15.658902859872223,6628.13720703125
2023-03-15,6628.13720703125,6709.86083984375,6628.13720703125,6641.81396484375,139210500.0,6740.244618629783,6724.4005859375,6792.1443359375,6844.579313151042,28.62901295697189,-42.69366989094851,-21.06585626608748,6565.72802734375
2023-03-16,6565.72802734375,6630.76806640625,6542.7919921875,6628.13720703125,154420700.0,6705.341300372576,6677.58720703125,6773.895930989584,6833.751188151042,24.84923144654647,-54.96815929809054,-27.846316872488092,6678.23681640625
2023-03-17,6678.23681640625,6683.09423828125,6565.72802734375,6565.72802734375,455755600.0,6699.920403579312,6660.17421875,6762.006640625,6825.968017578125,40.18183951121138,-54.98344663718308,-33.27374282542709,6612.490234375
2023-03-20,6612.490234375,6678.23681640625,6587.68896484375,6678.23681640625,128905000.0,6682.43436973845,6625.28125,6745.85419921875,6817.257991536459,35.609673296435005,-59.61357349922673,-38.54170896018702,6691.61083984375
2023-03-21,6691.61083984375,6691.61083984375,6609.22314453125,6612.490234375,145475100.0,6684.269663759511,6635.240625,6735.745670572916,6809.134993489583,43.88478611405298,-56.2501935560349,-42.083405879356604,6762.25390625
2023-03-24,6762.25390625,6776.90478515625,6692.166015625,6694.01708984375,146575100.0,6699.866512257609,6662.06396484375,6730.233528645834,6803.205989583334,50.05638753761829,-47.338694644419775,-43.13446363236924,6708.93310546875
2023-03-27,6708.93310546875,6772.59521484375,6704.751953125,6762.25390625,135182600.0,6701.679830899838,6690.70498046875,6720.334733072917,6796.924918619791,45.94865762862127,-44.07078992249171,-43.321728890393736,6760.328125
2023-03-28,6760.328125,6764.65478515625,6708.93310546875,6708.93310546875,126113300.0,6713.409489719871,6707.1232421875,6716.780859375,6792.924886067708,50.1914819703095,-36.90834688803352,-42.039052489921694,6839.43603515625
2023-03-29,6839.43603515625,6851.505859375,6760.328125,6760.328125,143324900.0,6738.614798807147,6752.51240234375,6718.943196614583,6790.901416015625,55.926206482668775,-24.56553575867838,-38.54434914367303,6808.951171875
2023-03-30,6808.951171875,6868.6328125,6803.0927734375,6839.43603515625,140466800.0,6752.682073420719,6775.98046875,6721.756087239583,6786.4712890625,53.37583947520643,-17.04713395887302,-34.24490610671303,6805.27685546875
2023-03-31,6805.27685546875,6831.55322265625,6789.60986328125,6809.0927734375,139015200.0,6763.201029830326,6784.58505859375,6723.683203125,6782.829248046875,53.06175540033325,-11.255486746886163,-29.64702223474766,6827.1748046875
2023-04-03,6827.1748046875,6849.35791015625,6805.126953125,6805.27685546875,127453100.0,6775.995784801761,6808.2333984375,6725.508528645833,6780.546272786459,54.769959464954866,-4.842758802699791,-24.68616954833809,6833.17822265625
2023-04-04,6833.17822265625,6859.69287109375,6781.52392578125,6827.033203125,131576400.0,6787.43227237266,6822.80341796875,6730.033626302084,6778.461751302083,55.250774730628876,0.7155515192007442,-19.605825334830325,6819.6748046875
2023-04-05,6819.6748046875,6867.3369140625,6816.43017578125,6833.17822265625,123965500.0,6793.880778835629,6818.851171875,6732.21494140625,6775.9603515625,53.8637703464953,3.985002884786809,-14.887659690906897,6792.76513671875
2023-04-06,6792.76513671875,6832.72998046875,6786.287109375,6819.6748046875,172852900.0,6793.657650412253,6815.61396484375,6742.278352864583,6773.27236328125,51.11019892855912,4.35448553684364,-11.03923064535679,6771.23486328125
2023-04-10,6771.23486328125,6799.494140625,6735.19287109375,6792.76513671875,129368500.0,6789.173092986053,6808.80556640625,6751.818196614583,6771.981266276041,48.95388186131758,2.876827790171774,-8.256018958251078,6811.31396484375
2023-04-11,6811.31396484375,6811.31396484375,6738.76611328125,6771.23486328125,161404500.0,6793.601267357593,6805.6333984375,6768.190592447917,6771.04326171875,52.93458724566226,4.883527654144018,-5.628109635772058,6798.9638671875
2023-04-12,6798.9638671875,6833.744140625,6775.2841796875,6811.455078125,151427200.0,6794.673787323575,6798.79052734375,6776.2390625,6769.1228515625,51.599289445028155,5.414882690043669,-3.4195111706089127,6785.59814453125
2023-04-13,6785.59814453125,6816.884765625,6764.6591796875,6798.541015625,161495800.0,6792.858658765111,6791.9751953125,6787.77958984375,6766.81689453125,50.125603459425484,4.7032669343088855,-1.7949555496253535,6818.57421875
2023-04-14,6818.57421875,6838.07177734375,6785.7001953125,6785.8798828125,137035000.0,6798.001770762089,6797.13701171875,6796.243815104167,6765.994742838541,53.64334941035933,6.722704762117246,-0.09142348727683358,6787.58203125
2023-04-17,6787.58203125,6829.509765625,6765.14208984375,6818.71484375,94860100.0,6795.917822859671,6800.4064453125,6797.932356770833,6764.082942708334,50.069025403309375,5.755962122797428,1.0780536347380187,6821.80712890625
2023-04-18,6821.80712890625,6839.7587890625,6784.1728515625,6787.58203125,103660800.0,6801.095684068987,6802.505078125,6805.457291666667,6762.896012369792,53.73514309783571,7.663154886533448,2.395073885097105,6910.14697265625
2023-04-26,6910.14697265625,6910.14697265625,6821.59912109375,6821.80712890625,120164300.0,6822.905941786439,6824.74169921875,6815.44521484375,6766.113037109375,61.5770799580378,16.11711789360288,5.13948268679826,6945.47705078125
2023-04-27,6945.47705078125,6971.91015625,6877.64990234375,6910.84814453125,161595900.0,6847.4201635854015,6856.71748046875,6822.514615885417,6770.72890625,64.19125056137128,25.375276135395325,9.186641376517674,6915.7158203125
2023-04-28,6915.7158203125,6958.6728515625,6897.708984375,6945.47705078125,130620700.0,6861.079294930822,6876.14580078125,6829.632259114584,6775.694173177083,60.45960947728743,29.9655267303433,13.3424184472828,6863.3017578125
2023-05-02,6863.3017578125,6920.3359375,6814.34423828125,6915.7158203125,136480100.0,6861.523787507158,6891.28974609375,6833.5005859375,6778.59189453125,54.455514949946846,29.039210652534166,16.481776888333073,6812.72216796875
2023-05-03,6812.72216796875,6865.61181640625,6776.89599609375,6863.3017578125,121306900.0,6851.763463599476,6889.47275390625,6832.537076822917,6779.022802734375,49.36126097031427,23.94769418634496,17.97496034793545,6844.02685546875
2023-05-04,6844.02685546875,6846.1240234375,6780.0869140625,6812.72216796875,137517900.0,6850.216141973332,6876.24873046875,6833.260319010416,6781.64697265625,52.333416308072096,22.18294616655112,18.816557511658587,6787.630859375
2023-05-05,6787.630859375,6851.5859375,6733.77587890625,6844.02685546875,148189400.0,6837.699085453666,6844.6794921875,6831.124055989583,6781.669498697916,46.98338297500862,16.04868582257859,18.26298317384259,6769.630859375
2023-05-08,6769.630859375,6798.32177734375,6756.6611328125,6787.4912109375,179625500.0,6824.085440237934,6815.4625,6829.581770833333,6785.930061848959,45.38848819809817,9.623852951117442,16.53515712929756,6779.97998046875
2023-05-09,6779.97998046875,6793.76611328125,6742.17919921875,6769.630859375,172097200.0,6815.264348284098,6798.79814453125,6830.164778645833,6790.991487630208,46.51271504384594,5.306049359005556,14.289335575239159,6811.90478515625
2023-05-10,6811.90478515625,6820.123046875,6775.19287109375,6780.40087890625,181480200.0,6814.592435658529,6798.63466796875,6830.204166666666,6799.197379557291,49.93645532320981,4.409395074058011,12.31334747500293,6755.93798828125
2023-05-11,6755.93798828125,6814.1240234375,6717.4248046875,6811.90478515625,162906200.0,6802.861546183074,6781.01689453125,6827.335774739583,6801.787418619791,44.55241398828452,-0.8079491457629047,9.689088150849765,6707.76318359375
2023-05-12,6707.76318359375,6755.93798828125,6704.56591796875,6755.93798828125,173779500.0,6783.84187366521,6765.043359375,6822.14677734375,6804.96318359375,40.50418757702819,-8.729408960912224,6.005388728497367,6711.740234375
2023-05-15,6711.740234375,6729.2998046875,6656.64794921875,6708.4638671875,142578400.0,6769.4215458071685,6753.465234375,6815.02451171875,6805.634163411459,40.98096046201273,-14.518942839680676,1.9005224148617583,6676.56396484375
2023-05-16,6676.56396484375,6729.07421875,6659.0732421875,6711.740234375,156372400.0,6750.850029614485,6732.78203125,6807.623307291667,6802.77783203125,38.074697308872786,-21.69552857237977,-2.818687782586548,6663.11376953125
2023-05-17,6663.11376953125,6706.59521484375,6661.4677734375,6676.423828125,180449300.0,6733.302777597838,6703.023828125,6797.04375,6801.250520833333,36.99437826987478,-28.143917264554148,-7.883733678980068,6700.56103515625
2023-05-19,6700.56103515625,6715.03076171875,6662.7490234375,6663.11376953125,161565100.0,6726.754429109521,6691.9484375,6783.071354166666,6799.258284505208,41.934209560123996,-29.888098984751196,-12.284606740134294,6729.64697265625
2023-05-22,6729.64697265625,6757.6240234375,6675.876953125,6700.56103515625,167491100.0,6727.332937818867,6696.3251953125,6768.682682291666,6795.598649088542,45.5078773621875,-28.593772281376005,-15.546439848382636,6736.68408203125
2023-05-23,6736.68408203125,6772.64697265625,6727.06787109375,6729.64697265625,162216500.0,6729.203166661345,6701.31396484375,6756.747233072917,6793.18974609375,46.36790911009704,-26.692478848174687,-17.77564764834105,6745.80419921875
2023-05-24,6745.80419921875,6755.8828125,6713.89306640625,6736.68408203125,137679300.0,6732.523373172827,6715.16201171875,6748.9140625,6791.20732421875,47.52384452388667,-24.171142977026648,-19.05474671407817,6704.23095703125
2023-05-25,6704.23095703125,6749.712890625,6702.52978515625,6745.80419921875,156986800.0,6726.864889944512,6723.38544921875,6741.681315104167,6787.109195963541,42.97668762016936,-25.23666675131699,-20.291130721525935,6687.0009765625
2023-05-26,6687.0009765625,6727.2861328125,6669.23583984375,6704.23095703125,181504900.0,6718.89210726811,6720.6734375,6731.212923177083,6782.23662109375,41.21651517994291,-27.158352859721163,-21.664575149164982,6681.10205078125
2023-05-29,6681.10205078125,6708.3671875,6617.23681640625,6687.28076171875,164801800.0,6711.334095970738,6710.964453125,6724.111002604167,6777.617529296875,40.60337852639743,-28.8250200684015,-23.096664133012286,6636.4228515625
2023-05-30,6636.4228515625,6700.23779296875,6636.4228515625,6681.10205078125,173775000.0,6696.351847089091,6690.91220703125,6715.23046875,6772.406119791666,36.20970188980941,-33.366475852557414,-25.150626476921314,6633.26123046875
2023-05-31,6633.26123046875,6657.64990234375,6562.955078125,6636.4228515625,615071900.0,6683.733723765024,6668.40361328125,6705.44921875,6767.806998697916,35.91355076402637,-36.79656083220925,-27.4798133479789,6633.43701171875
2023-06-05,6633.43701171875,6663.71484375,6598.509765625,6633.26123046875,152714500.0,6673.67438135577,6654.24482421875,6693.5513671875,6761.877766927083,35.94491895222923,-39.050592886554114,-29.793969255693945,6618.9228515625
2023-06-06,6618.9228515625,6677.56787109375,6602.00390625,6633.43701171875,231838500.0,6662.724075397116,6640.62919921875,6684.417024739583,6755.876399739584,34.44570918904165,-41.52937615656538,-32.14105063586823,6619.7548828125
2023-06-07,6619.7548828125,6638.5810546875,6578.755859375,6619.06298828125,162881000.0,6654.1302368801935,6628.359765625,6678.5498046875,6750.348291015625,34.61407023191791,-42.93180071390725,-34.299200651476035,6666.330078125
2023-06-08,6666.330078125,6666.330078125,6598.419921875,6619.7548828125,168616600.0,6656.5702051291555,6634.3412109375,6675.5224609375,6745.273486328125,43.38021135117587,-39.82591490667983,-35.404543502516795,6694.02392578125
2023-06-09,6694.02392578125,6703.82421875,6648.958984375,6666.0498046875,182769600.0,6664.060949259574,6646.49375,6676.686458333334,6742.1548828125,47.85668554171889,-34.72947618591297,-35.269530039196034,6722.373046875
2023-06-12,6722.373046875,6722.373046875,6670.52197265625,6694.583984375,158712000.0,6675.723368782659,6664.28095703125,6680.637076822916,6738.840413411458,52.03705500038207,-28.07929401047204,-33.83148283345123,6719.01416015625
2023-06-13,6719.01416015625,6744.0380859375,6697.07080078125,6722.373046875,176568000.0,6684.381527057378,6684.29921875,6681.86728515625,6732.469319661458,51.51012962083018,-22.816990745051044,-31.628584415771197,6699.716796875
2023-06-14,6699.716796875,6744.64404296875,6672.85595703125,6718.8740234375,178279800.0,6687.448581020903,6700.2916015625,6679.871940104166,6724.277311197917,48.47326139918095,-19.973471687797428,-29.297561870176445,6713.794921875
2023-06-15,6713.794921875,6717.4560546875,6660.9091796875,6699.716796875,151187300.0,6692.717849191723,6709.7845703125,6678.34599609375,6717.546614583333,50.75430257199812,-16.394984145073977,-26.717046325155955,6698.546875
2023-06-16,6698.546875,6726.4560546875,6669.3359375,6713.51513671875,172061800.0,6693.883654353379,6710.68916015625,6675.1955078125,6712.05478515625,48.26222315609455,-14.620856799406283,-24.29780842000602,6686.05908203125
2023-06-19,6686.05908203125,6705.0380859375,6669.0498046875,6698.546875,161424500.0,6692.318739888954,6703.4263671875,6673.984049479167,6707.832682291667,46.258946604653424,-14.060428753447923,-22.250332486694404,6660.455078125
2023-06-20,6660.455078125,6692.44091796875,6626.14892578125,6686.05908203125,118276600.0,6685.946007536164,6691.71455078125,6672.214322916667,6701.713623046875,42.37518905044779,-15.503598786845942,-20.90098574672471,6702.625
2023-06-21,6702.625,6702.625,6635.673828125,6660.455078125,120273100.0,6689.281806028932,6692.29619140625,6673.649186197917,6698.880094401042,49.84411067968791,-13.093625999202231,-19.339513797220217,6652.26123046875
2023-06-22,6652.26123046875,6717.97607421875,6652.26123046875,6702.76513671875,168533600.0,6681.8776909168955,6679.989453125,6674.705078125,6694.9677734375,42.72212143031594,-15.073878210815565,-18.486386679939287,6639.73291015625
2023-06-23,6639.73291015625,6665.6630859375,6635.48193359375,6652.26123046875,113447100.0,6673.448734764766,6668.22666015625,6675.1365234375,6690.29287109375,41.14710163903407,-17.45298594329597,-18.279706532610625,6664.66796875
2023-06-26,6664.66796875,6674.06005859375,6622.18408203125,6639.73291015625,126037100.0,6671.692581561813,6663.9484375,6677.218587239583,6685.384977213542,45.45706830180865,-17.128943328007153,-18.049553891689932,6661.87890625
2023-06-27,6661.87890625,6679.6259765625,6652.90380859375,6664.66796875,142328900.0,6669.729846499451,6664.233203125,6680.08232421875,6682.249674479167,45.05957874833433,-16.902351468985216,-17.82011340714899,6696.7158203125
2023-07-03,6696.7158203125,6696.7158203125,6660.82421875,6661.73583984375,125551000.0,6675.1270412620615,6663.0513671875,6685.213053385417,6681.881429036458,50.84170085105879,-13.753189757143446,-17.006728677147883,6681.75390625
2023-07-04,6681.75390625,6713.9931640625,6672.77392578125,6696.85888671875,146273000.0,6676.45241425965,6668.94990234375,6686.24130859375,6680.881884765625,48.48173567203155,-12.322709312598818,-16.06992480423807,6718.97705078125
2023-07-05,6718.97705078125,6719.05615234375,6676.93408203125,6681.75390625,148911000.0,6684.957341563971,6684.79873046875,6687.904850260416,6682.295654296875,54.180100403046815,-8.09216513489082,-14.474372870368622,6757.3310546875
2023-07-06,6757.3310546875,6766.27294921875,6712.07421875,6718.26318359375,179543000.0,6699.432084188677,6703.33134765625,6690.235384114583,6685.43623046875,59.18906434151707,-1.625839155448375,-11.904666127384575,6716.458984375
2023-07-07,6716.458984375,6757.0478515625,6711.22314453125,6757.0478515625,158332900.0,6702.837464225942,6714.24736328125,6690.0650390625,6685.966162109375,52.59114489130982,0.19844868562995543,-9.484043164781669,6731.0380859375
2023-07-10,6731.0380859375,6763.5458984375,6716.458984375,6716.458984375,123617000.0,6708.477588568254,6721.11181640625,6692.153125,6686.012532552083,54.537867814588886,2.7884777605704585,-7.029538979711243,6796.923828125
2023-07-11,6796.923828125,6796.923828125,6730.6298828125,6731.18017578125,160428000.0,6726.166836479603,6744.14580078125,6697.695052083333,6688.020524088542,62.10994853478146,10.041767976569645,-3.6152775884550663,6808.208984375
2023-07-12,6808.208984375,6820.17919921875,6785.85595703125,6796.923828125,161722800.0,6742.575266058683,6761.9921875,6705.005859375,6690.10068359375,63.23935274282747,16.510349493645663,0.4098478279650797,6810.212890625
2023-07-13,6810.212890625,6835.73779296875,6783.7412109375,6808.35107421875,171443900.0,6756.102790971947,6772.5685546875,6713.282779947916,6693.633414713541,63.44770268803109,21.550030103961944,4.6378842831644524,6869.57177734375
2023-07-14,6869.57177734375,6874.77587890625,6810.212890625,6810.212890625,160702800.0,6778.796588246308,6803.19111328125,6727.223893229167,6699.719108072916,69.04451654235315,29.988095276458807,9.707926481823325,6867.14404296875
2023-07-17,6867.14404296875,6931.27197265625,6867.14404296875,6869.712890625,176805700.0,6796.466079190797,6830.4123046875,6738.191829427084,6705.9205078125,68.58199030488979,36.06370490275822,14.979082166010304,6830.203125
2023-07-18,6830.203125,6902.14306640625,6798.43212890625,6867.14404296875,150363000.0,6803.213488352638,6837.0681640625,6750.054622395834,6712.379850260417,61.79817479923919,37.465961667704505,19.476458066349146,6864.18896484375
2023-07-20,6864.18896484375,6874.89208984375,6827.9990234375,6830.06103515625,142032500.0,6815.408583650861,6848.26416015625,6765.018359375,6720.07744140625,65.2079015284937,40.848754486264625,23.750917350332244,6880.8017578125
2023-07-21,6880.8017578125,6880.8017578125,6837.64599609375,6864.18896484375,131640100.0,6828.487218483189,6862.38193359375,6779.427278645833,6728.322932942709,66.76926748330524,44.35881491442433,27.87249686315066,6899.39599609375
2023-07-24,6899.39599609375,6929.68408203125,6877.9482421875,6880.8017578125,150084400.0,6842.668974005302,6868.34677734375,6795.261751302083,6737.672037760417,68.4745852363119,48.08664975761894,31.91532744204432,6917.7109375
2023-07-25,6917.7109375,6944.6201171875,6897.97802734375,6897.97802734375,150504400.0,6857.677366704242,6878.46015625,6809.994759114584,6747.60390625,70.10207502094518,51.92034304030494,35.91633056169644,6948.27880859375
2023-07-26,6948.27880859375,6955.97509765625,6917.4072265625,6917.7109375,149683800.0,6875.797655082144,6902.07529296875,6827.7630859375,6757.002197265625,72.64074406481855,56.77072671894439,40.08720979314603,6896.6630859375
2023-07-27,6896.6630859375,6966.1669921875,6896.6630859375,6948.27880859375,158624100.0,6879.970741253215,6908.5701171875,6839.608821614584,6763.7568359375,62.92473450154769,55.80643147784758,43.23105413008634,6900.22998046875
2023-07-28,6900.22998046875,6904.10498046875,6857.3681640625,6896.80517578125,146686100.0,6884.022589096323,6912.45576171875,6849.135416666667,6769.685400390625,63.290146863732986,54.699497374321254,45.52474277893333,6931.35888671875
2023-07-31,6931.35888671875,6931.35888671875,6895.0732421875,6900.22998046875,171457600.0,6893.4898486208085,6918.84833984375,6863.462076822917,6776.763557942709,66.40233825042678,55.692102807463016,47.55821478463927,6886.49609375
2023-08-01,6886.49609375,6934.38720703125,6880.466796875,6931.0751953125,196062700.0,6892.0910976466475,6912.60537109375,6873.825944010417,6782.989534505208,58.68106745401785,52.256318989113424,48.4978356255341,6854.509765625
2023-08-02,6854.509765625,6886.49609375,6833.97998046875,6886.49609375,183858400.0,6884.574831242318,6893.8515625,6877.665006510417,6787.680029296875,53.871284220313726,46.41733604466117,48.08173570935952,6898.0771484375
2023-08-03,6898.0771484375,6924.05322265625,6839.7431640625,6854.509765625,163613400.0,6887.275294681355,6894.134375,6883.656217447917,6794.331038411458,58.822066356146316,44.78912255419618,47.42321307832686,6852.841796875
2023-08-04,6852.841796875,6925.01416015625,6850.89990234375,6898.21923828125,118791000.0,6880.388595120085,6884.65673828125,6886.49814453125,6799.890462239583,52.51941203562218,39.394521289682416,45.81747472059797,6886.3662109375
2023-08-07,6886.3662109375,6904.35595703125,6852.841796875,6852.841796875,134540800.0,6881.5841182835675,6875.658203125,6887.6177734375,6807.420833333334,56.25992087377119,37.393353656775616,44.1326505078335,6868.81298828125
2023-08-08,6868.81298828125,6915.05078125,6861.634765625,6886.5068359375,170357400.0,6879.029892283104,6872.12158203125,6887.729036458333,6812.960432942708,53.86705593559601,33.999095115319506,42.10593942933071,6875.11181640625
2023-08-09,6875.11181640625,6901.06005859375,6863.083984375,6868.81298828125,218491200.0,6878.246277107734,6876.2419921875,6890.72294921875,6820.388785807291,54.61305384628653,31.45479228950353,39.97571000136528,6893.27587890625
2023-08-10,6893.27587890625,6910.7548828125,6875.11181640625,6875.11181640625,162734000.0,6881.252197467438,6875.28173828125,6892.662076822917,6828.840218098959,56.78333311472627,30.551918510991527,38.09095170329053,6879.97900390625
2023-08-11,6879.97900390625,6906.64501953125,6865.11181640625,6893.27587890625,130736700.0,6880.997558755201,6880.7091796875,6892.6072265625,6836.017252604167,54.720537058071386,28.435649385251054,36.159891239682636,6910.171875
2023-08-14,6910.171875,6910.171875,6823.75390625,6879.97900390625,138804900.0,6886.832422004161,6885.4703125,6893.325618489584,6844.293684895833,58.41468994266783,28.862098910906752,34.700332773927464,6915.10107421875
2023-08-15,6915.10107421875,6928.6298828125,6898.3818359375,6910.455078125,172760000.0,6892.48615244708,6894.7279296875,6893.151627604167,6851.573193359375,59.00275438356842,29.260511452322135,33.6123685096064,6900.5380859375
2023-08-16,6900.5380859375,6915.10107421875,6855.88818359375,6915.10107421875,152291200.0,6894.096539145165,6899.81318359375,6889.968912760417,6858.865999348958,56.4623506485266,28.07748504549909,32.505391816784936,6859.912109375
2023-08-18,6859.912109375,6899.830078125,6856.37890625,6899.830078125,130737900.0,6887.259653191132,6893.1404296875,6887.51884765625,6863.563834635416,49.99541378807752,23.589822521827955,30.722277957793544,6866.033203125
2023-08-21,6866.033203125,6890.27587890625,6859.4228515625,6860.05322265625,207708300.0,6883.0143631779065,6890.35126953125,6885.2390625,6867.187239583333,50.90776565596921,20.293310102749274,28.636484386784694,6916.4501953125
2023-08-22,6916.4501953125,6927.4482421875,6860.68896484375,6866.033203125,158573900.0,6889.701529604826,6891.60693359375,6884.245149739583,6873.85361328125,57.74612143958943,21.501177981930596,27.209423105813876,6921.41015625
2023-08-23,6921.41015625,6959.43212890625,6916.4501953125,6916.4501953125,170674700.0,6896.043254933861,6892.86875,6886.57275390625,6880.199348958334,58.36063155255769,22.598151945168865,26.287168873684877,6899.39208984375
2023-08-24,6899.39208984375,6937.64892578125,6898.38818359375,6921.41015625,142846200.0,6896.713021915839,6892.63955078125,6889.564908854167,6883.614957682292,54.56681224519984,21.443648733586997,25.318464845665304,6895.44287109375
2023-08-25,6895.44287109375,6906.083984375,6869.6328125,6899.39208984375,129994800.0,6896.458991751421,6899.745703125,6889.389290364584,6886.52275390625,53.89013337689574,19.979713966865347,24.250714669905314,6921.72705078125
2023-08-28,6921.72705078125,6940.12109375,6895.8681640625,6895.8681640625,185488900.0,6901.512603557388,6910.88447265625,6893.981640625,6890.239892578125,57.654000950644495,20.70181115927062,23.540933967778376,6957.8349609375
2023-08-29,6957.8349609375,6964.73388671875,6921.72705078125,6921.72705078125,244345800.0,6912.777075033411,6919.16142578125,6898.746223958334,6893.181998697916,62.21680443230212,23.91204183633363,23.615155541489425,6966.65576171875
2023-08-30,6966.65576171875,7008.48681640625,6958.259765625,6958.259765625,159326300.0,6923.552812370479,6928.210546875,6905.269075520833,6896.499055989583,63.25832692443185,26.858331553490643,24.26379074388967,6953.259765625
2023-08-31,6953.259765625,6982.34521484375,6924.22509765625,6966.65576171875,233127700.0,6929.494203021384,6938.98408203125,6910.478938802084,6900.600944010416,60.529423378430515,27.791973876507654,24.969427370413264,6977.65380859375
2023-09-01,6977.65380859375,6992.634765625,6950.26416015625,6953.259765625,145790000.0,6939.126124135858,6955.42626953125,6916.104134114584,6904.38310546875,63.60813004287362,30.152705917672392,26.00608307986509,6996.75
2023-09-04,6996.75,7007.8017578125,6974.8232421875,6977.7958984375,154577900.0,6950.650899308687,6970.430859375,6923.8888671875,6908.248046875,65.85350381579786,33.182004627145034,27.44126738932108,6991.7080078125
2023-09-05,6991.7080078125,7014.47998046875,6972.626953125,6996.75,183173900.0,6958.86232100945,6977.20546875,6929.324609375,6911.325113932292,64.71810057642209,34.7750341010651,28.908020731669886,6995.953125
2023-09-06,6995.953125,7020.966796875,6989.7900390625,6991.7080078125,165422100.0,6966.280481807561,6983.06494140625,6934.71474609375,6913.933186848958,65.26117403391162,35.96547925825507,30.319512436986926,6954.80810546875
2023-09-07,6954.80810546875,7003.671875,6927.4208984375,6996.09521484375,191159400.0,6963.9860065398,6983.374609375,6938.332747395833,6914.150830078125,56.22744173833505,33.206077418710265,30.896825433331593,6924.77978515625
2023-09-08,6924.77978515625,6966.76611328125,6900.5869140625,6954.80810546875,140402900.0,6956.14476226309,6972.7998046875,6942.657259114583,6915.088053385417,50.71038222681227,28.27031450047707,30.37152324676069,6963.39306640625
2023-09-11,6963.39306640625,6963.39306640625,6904.36279296875,6924.77978515625,174103700.0,6957.594423091723,6966.12841796875,6949.147916666667,6917.193489583334,56.60659833182145,27.161356706984407,29.729489938805436,6933.96923828125
2023-09-12,6933.96923828125,6976.47998046875,6928.22900390625,6963.39306640625,174683500.0,6952.869386129629,6954.5806640625,6950.315852864584,6917.280501302083,51.5464435766841,23.635784035934194,28.510748758231188,6935.47607421875
2023-09-13,6935.47607421875,6944.82080078125,6903.23486328125,6934.10986328125,163898700.0,6949.390723747453,6942.48525390625,6951.253580729167,6918.913167317708,51.78414843645034,20.724432997665645,26.953485606118083,6959.3330078125
2023-09-14,6959.3330078125,6968.97705078125,6927.68017578125,6935.3349609375,171813100.0,6951.379180560463,6943.390234375,6955.249641927084,6922.407275390625,55.50590620238151,20.110401297125463,25.58486874431956,6982.791015625
2023-09-15,6982.791015625,7011.87890625,6945.06982421875,6959.19091796875,346903000.0,6957.661547573371,6954.99248046875,6961.0728515625,6925.231070963541,58.86792451169337,21.271438037617372,24.722182602979125,6936.0830078125
2023-09-18,6936.0830078125,6999.39794921875,6928.77099609375,6982.791015625,153763100.0,6953.345839621196,6949.53046875,6962.029915364584,6928.005777994792,50.65976512309962,18.212677732018165,23.420281628786935,6980.32080078125
2023-09-19,6980.32080078125,6994.037109375,6934.7109375,6936.3671875,135442200.0,6958.740831853208,6958.80078125,6963.528971354167,6931.13759765625,56.803127731581625,19.137601971782715,22.563745697386093,7011.68115234375
2023-09-20,7011.68115234375,7046.47509765625,6980.32080078125,6980.32080078125,146616600.0,6969.328895951317,6974.041796875,6966.5306640625,6935.899869791667,60.55279970722573,22.145845851548984,22.480165728218672,6991.4658203125
2023-09-21,6991.4658203125,7021.2939453125,6974.0087890625,7011.68115234375,138027800.0,6973.756280823553,6980.468359375,6969.077734375,6939.778336588542,57.11130057313296,22.637738691020786,22.5116803207791,7016.84423828125
2023-09-22,7016.84423828125,7040.1298828125,6985.958984375,6991.4658203125,155659000.0,6982.373872315094,6987.27900390625,6971.6904296875,6943.897281901041,60.17167019000502,24.78963407340143,22.967271071303564,6998.380859375
2023-09-25,6998.380859375,7029.76611328125,6994.43896484375,7016.98486328125,182991900.0,6985.5752697270755,6999.73857421875,6971.799153645833,6947.844010416667,56.985793759383725,24.720226906694734,23.3178622383818,6923.7998046875
2023-09-26,6923.7998046875,7019.5517578125,6913.81689453125,6998.09716796875,222491300.0,6973.220176719161,6988.434375,6967.271940104167,6948.298274739584,46.31771909273584,18.43465024082343,22.341219838870128,6937.828125
2023-09-27,6937.828125,6970.84619140625,6913.35205078125,6923.7998046875,154929800.0,6966.141766375329,6973.66376953125,6963.396940104167,6949.055843098959,48.27903652160505,14.41903994074437,20.756783859244976,6939.89208984375
2023-09-29,6939.89208984375,6978.5927734375,6937.828125,6937.828125,165659400.0,6960.891831069014,6963.3490234375,6962.4025390625,6950.367643229167,48.576722232039984,11.273233739433635,18.86007383528271,6961.458984375
2023-10-02,6961.458984375,6984.5791015625,6939.61083984375,6939.89208984375,157872500.0,6961.005261730212,6952.27197265625,6964.847819010417,6953.7525390625,51.70471754951678,10.400536892018863,17.16816644662994,6940.88720703125
2023-10-03,6940.88720703125,6992.626953125,6940.88720703125,6961.458984375,167668900.0,6956.98165079042,6940.7732421875,6963.347428385417,6956.247672526041,48.6639542302524,7.957221945486708,15.325977546401294,6886.576171875
2023-10-04,6886.576171875,6943.27392578125,6839.85791015625,6940.88720703125,196090300.0,6942.900555007336,6933.328515625,6960.187890625,6955.251871744792,41.692665672779555,1.6197590325155033,12.584733843624136,6874.826171875
2023-10-05,6874.826171875,6934.80419921875,6874.826171875,6886.98583984375,167955300.0,6929.285678380869,6920.728125,6956.144563802083,6953.699072265625,40.3460575261204,-4.301270418189233,9.207532991261463,6888.51806640625
2023-10-06,6888.51806640625,6913.01220703125,6875.09912109375,6875.09912109375,142303700.0,6921.132155985946,6910.4533203125,6951.423567708333,6953.336604817709,42.66973519314848,-7.7990053765825,5.806225317692671,6891.455078125
2023-10-09,6891.455078125,6929.97119140625,6880.5380859375,6888.51806640625,139709000.0,6915.196740413758,6896.4525390625,6945.334505208333,6953.203678385416,43.18101311147758,-10.216226926231684,2.6017348689078004,6922.18798828125
2023-10-10,6922.18798828125,6954.0087890625,6891.455078125,6891.455078125,123670000.0,6916.594989987256,6892.7126953125,6944.408170572917,6953.21904296875,48.369732172493066,-9.54200907458926,0.17298608020838868,6931.7529296875
2023-10-11,6931.7529296875,6965.8251953125,6914.72119140625,6922.18798828125,178123100.0,6919.626577927305,6901.748046875,6941.1703125,6952.349641927083,49.90308111576132,-8.142019602011715,-1.490015056235632,6935.15087890625
2023-10-12,6935.15087890625,6986.8828125,6931.88916015625,6931.88916015625,218808900.0,6922.731438123095,6913.81298828125,6936.068294270834,6951.299479166667,50.46588909510875,-6.68131372881453,-2.5282747907514116,6926.77978515625
2023-10-13,6926.77978515625,6973.751953125,6902.05908203125,6934.8779296875,216335000.0,6923.541107529727,6921.46533203125,6931.755891927083,6950.416813151041,49.00525351669717,-6.128525281394104,-3.2483248888799503,6896.2919921875
2023-10-16,6896.2919921875,6970.59814453125,6878.26318359375,6926.916015625,341572100.0,6918.091284461281,6922.43271484375,6923.719075520833,6947.704752604167,44.00931567934465,-8.057662828285174,-4.210192476760995,6939.615234375
2023-10-17,6939.615234375,6948.0390625,6892.23291015625,6896.2919921875,176866700.0,6922.3960744440255,6925.9181640625,6919.8013671875,6945.800260416667,51.56559497762933,-6.021285030086801,-4.5724109874261565,6927.90576171875
2023-10-18,6927.90576171875,6968.2548828125,6908.2861328125,6939.615234375,187464900.0,6923.4980118989715,6925.14873046875,6920.07509765625,6943.673518880209,49.616558645111844,-5.291302693191938,-4.716189328579313,6846.4267578125
2023-10-19,6846.4267578125,6927.98095703125,6840.365234375,6927.6328125,205941400.0,6908.083761081678,6907.40390625,6913.981673177083,6938.689306640625,38.66509745071013,-11.158829063437224,-6.004717275550895,6849.16796875
2023-10-20,6849.16796875,6869.47412109375,6803.19287109375,6846.4267578125,194064800.0,6896.300602615343,6891.88154296875,6907.9333984375,6935.16796875,39.15170103108859,-15.410055642677435,-7.8857849489762035,6741.9638671875
2023-10-23,6741.9638671875,6853.44921875,6730.8759765625,6849.16796875,168543100.0,6865.433255529775,6861.01591796875,6893.300390625,6929.074104817709,29.346143598976255,-27.11706968960243,-11.73204189710145,6806.76220703125
2023-10-24,6806.76220703125,6826.048828125,6738.533203125,6741.828125,141478700.0,6853.699045830071,6834.4453125,6884.358723958333,6923.853076171875,39.25001491509217,-30.811106921856663,-15.547854902052492,6834.38818359375
2023-10-25,6834.38818359375,6878.56005859375,6806.89892578125,6806.89892578125,153802700.0,6849.836873382807,6815.741796875,6880.879524739584,6920.533707682292,42.92339361904188,-31.150390304854227,-18.66836198261284,6714.51904296875
2023-10-26,6714.51904296875,6838.80908203125,6704.52001953125,6833.97900390625,168306200.0,6822.773307299996,6789.36025390625,6870.1923828125,6913.168473307292,33.467251143670225,-40.623431064413126,-23.059375798972898,6758.79296875
2023-10-27,6758.79296875,6781.39306640625,6713.93701171875,6714.51904296875,163096100.0,6809.977239589997,6771.28525390625,6861.54404296875,6906.483805338542,38.82768789553329,-44.05056087280627,-27.257612813739573,6735.89208984375
2023-10-30,6735.89208984375,6775.212890625,6692.77978515625,6758.6572265625,157763400.0,6795.160209640749,6770.0708984375,6851.173177083333,6898.253841145834,37.159946935671904,-48.0604841297627,-31.4181870769442,6752.2109375
2023-10-31,6752.2109375,6754.51611328125,6666.41015625,6735.89208984375,195489700.0,6786.570355212599,6759.16064453125,6839.841373697916,6892.124772135417,39.1651641615948,-49.35267565332106,-35.00508479221958,6642.41796875
2023-11-01,6642.41796875,6773.98095703125,6639.82421875,6751.93896484375,206571400.0,6757.739877920079,6720.7666015625,6820.552376302084,6880.861344401042,31.810468961830765,-58.561066227011,-39.71628107917786,6751.38623046875
2023-11-02,6751.38623046875,6784.9951171875,6642.68994140625,6642.68994140625,221191100.0,6756.469148429815,6728.1400390625,6808.301399739584,6872.184847005208,43.20912100257702,-56.415629801746036,-43.056150823691496,6788.85009765625
2023-11-03,6788.85009765625,6826.6181640625,6748.69580078125,6751.38623046875,231714900.0,6762.945338275102,6734.15146484375,6799.106087239584,6865.430989583333,46.519146849113774,-51.10324855557792,-44.665570370068785,6878.8359375
2023-11-06,6878.8359375,6878.8359375,6787.22802734375,6788.85009765625,228787500.0,6786.123458120082,6762.740234375,6797.942350260417,6860.830712890625,53.52580491067459,-39.180395699327164,-43.56853543592046,6843.7900390625
2023-11-07,6843.7900390625,6887.02294921875,6806.8818359375,6878.8359375,193087900.0,6797.656774308566,6781.0560546875,6791.55400390625,6855.677685546875,50.73780972520911,-32.18831318646153,-41.292490986028675,6804.10595703125
2023-11-08,6804.10595703125,6843.91796875,6760.10205078125,6843.65380859375,151412300.0,6798.946610853103,6813.39365234375,6783.30068359375,6851.687890625,47.707550675498666,-29.509049235153725,-38.93580263585369,6838.23291015625
2023-11-09,6838.23291015625,6865.0771484375,6793.76416015625,6804.10595703125,120495400.0,6806.803870713733,6830.76298828125,6782.754427083333,6848.368050130209,50.448318807297795,-24.351247323330426,-36.01889157334904,6809.26318359375
2023-11-10,6809.26318359375,6843.95703125,6801.9189453125,6838.23291015625,133618500.0,6807.295733289737,6834.84560546875,6780.094108072916,6844.013753255208,48.141646941028014,-22.343702675767418,-33.28385379383272,6838.31201171875
2023-11-13,6838.31201171875,6857.10302734375,6809.26318359375,6809.26318359375,187630200.0,6813.49898897554,6826.7408203125,6786.517317708333,6839.908854166667,50.58168156279788,-18.198925535359194,-30.266868142138016,6862.05517578125
2023-11-14,6862.05517578125,6886.81005859375,6829.94921875,6838.0400390625,152609900.0,6823.210226336682,6830.39384765625,6790.203515625,6837.281119791666,52.547011618805975,-12.850156277513634,-26.783525769213142,6958.205078125
2023-11-15,6958.205078125,6985.5908203125,6862.3271484375,6862.3271484375,181839600.0,6850.209196694346,6861.213671875,6798.457975260417,6839.66875,59.560694948434445,-0.8430068853704142,-21.5954219924446,6958.0078125
2023-11-16,6958.0078125,6964.1689453125,6906.59423828125,6958.3408203125,122880300.0,6871.768919855477,6885.16865234375,6814.690559895834,6842.441471354166,59.54125085099933,8.558174518848318,-15.564702690186017,6977.66796875
2023-11-17,6977.66796875,6977.66796875,6919.6298828125,6958.14501953125,122926700.0,6892.948729634382,6918.849609375,6829.2822265625,6845.413134765625,60.91088356815571,17.39457498347656,-8.972847155453502,6994.88818359375
2023-11-20,6994.88818359375,7011.05908203125,6962.7509765625,6977.66796875,150491900.0,6913.336620426257,6950.16484375,6846.5486328125,6848.860904947916,62.12045820255455,25.49314433807558,-2.079648856747686,6961.7900390625
2023-11-21,6961.7900390625,7010.97802734375,6946.9609375,6994.88818359375,160615900.0,6923.027304153506,6970.11181640625,6860.520572916666,6850.180973307291,58.38108553786604,28.907349318949855,4.117750778391823,6906.953125
2023-11-22,6906.953125,6965.4111328125,6893.5068359375,6961.7900390625,181914600.0,6919.812468322805,6959.86142578125,6878.15625,6849.354313151041,52.71889547254997,26.878413075973185,8.669883237908095,7004.34423828125
2023-11-23,7004.34423828125,7018.42919921875,6906.60986328125,6907.0888671875,219080000.0,6936.718822314495,6969.1287109375,6895.0201171875,6851.660758463541,60.1171528837694,32.75157561942706,13.486221714211888,7009.630859375
2023-11-24,7009.630859375,7049.541015625,7000.09716796875,7004.47998046875,181146200.0,6951.301229726597,6975.5212890625,6909.738834635416,6854.4224609375,60.47866014221209,37.401543675260655,18.269286106421642,7013.40576171875
2023-11-27,7013.40576171875,7061.8271484375,7008.81298828125,7009.630859375,163462500.0,6963.722136125028,6979.2248046875,6918.71015625,6858.326253255208,60.752223637462066,40.919584433887394,22.799345771914794,7041.0732421875
2023-11-28,7041.0732421875,7067.14306640625,7010.8251953125,7013.40576171875,167633600.0,6979.1923573375225,6995.0814453125,6931.862369791666,6861.708186848959,62.78545931561822,45.416656582068754,27.322807933945587,7036.0869140625
2023-11-29,7036.0869140625,7070.19091796875,7020.01220703125,7041.0732421875,167555900.0,6990.571268682519,7020.908203125,6947.327766927084,6865.314225260417,62.16045534278,48.02466520577764,31.463179388312,7080.7412109375
2023-11-30,7080.7412109375,7109.60888671875,7036.0869140625,7036.0869140625,259745500.0,7008.605257133516,7036.18759765625,6963.494986979166,6873.12470703125,65.47500417587082,53.08285330605395,35.787114171860395,7059.90576171875
2023-12-01,7059.90576171875,7083.85595703125,7022.76513671875,7080.06103515625,265990100.0,7018.865358050563,7046.242578125,6980.2044921875,6880.149300130209,62.71460732089527,54.77880127251137,39.58545159199059,7093.60009765625
2023-12-04,7093.60009765625,7149.244140625,7060.0419921875,7060.0419921875,308380600.0,7033.812305971701,7062.2814453125,6997.223697916666,6891.8705078125,65.26497240400616,58.17114284497802,43.30258984258808,7100.85498046875
2023-12-05,7100.85498046875,7117.578125,7047.6318359375,7093.05615234375,319577000.0,7047.22084087111,7074.23779296875,7013.143684895834,6901.673600260417,65.80729201992784,60.744778399958705,46.791027554062204,7087.39501953125
2023-12-06,7087.39501953125,7140.1572265625,7085.81201171875,7100.85498046875,272847500.0,7055.255676603138,7084.4994140625,7021.75634765625,6910.107161458333,63.81653184234769,60.995182268248755,49.63185849689952,7134.623046875
2023-12-07,7134.623046875,7134.623046875,7041.0087890625,7087.39501953125,235230700.0,7071.129150657511,7095.27578125,7033.530696614584,6924.110628255208,67.5283751575823,64.26374380765537,52.558235559050694,7159.59814453125
2023-12-08,7159.59814453125,7201.62890625,7123.037109375,7134.623046875,270037600.0,7088.8229494322595,7115.2142578125,7045.659375,6937.47080078125,69.3207009296799,68.08454774634811,55.66349799651018,7088.78515625
2023-12-11,7088.78515625,7153.115234375,7045.1728515625,7139.27587890625,490104800.0,7088.8153907958085,7114.25126953125,7051.919173177083,6949.233902994792,59.32248180244226,64.65326347364316,57.46145109193678,7125.30712890625
2023-12-12,7125.30712890625,7134.22021484375,7082.8798828125,7104.97216796875,255110500.0,7096.113738417897,7119.14169921875,7062.8203125,6961.670442708333,62.33946041872404,64.14157972858993,58.797476819267416,7075.3408203125
2023-12-13,7075.3408203125,7124.47509765625,7045.94287109375,7110.0771484375,182766500.0,7091.959154796818,7116.730859375,7074.046158854167,6976.101204427084,56.198322404601974,59.02381337694078,58.84274413080209,7176.01611328125
2023-12-14,7176.01611328125,7191.1591796875,7115.44677734375,7134.0419921875,228648300.0,7108.770546493704,7125.00947265625,7085.490950520833,6990.255533854167,63.912255644717796,62.37260882683768,59.54871707000921,7190.98779296875
2023-12-15,7190.98779296875,7215.93701171875,7169.43017578125,7183.14892578125,207901200.0,7125.213995788714,7131.28740234375,7097.581412760416,7003.660123697917,64.90217018595959,65.47983203100921,60.73494006220922,7119.52490234375
2023-12-18,7119.52490234375,7192.89208984375,7092.02783203125,7181.43408203125,239480200.0,7124.0761770997215,7137.4353515625,7104.656022135417,7011.683089192708,56.88161194225615,61.46731384161558,60.8814148180905,7187.84619140625
2023-12-19,7187.84619140625,7187.84619140625,7112.81787109375,7116.5458984375,155446500.0,7136.830179961028,7149.9431640625,7114.440885416667,7023.151627604167,61.748526317383615,63.07325212167416,61.31978227880723,7219.6669921875
2023-12-20,7219.6669921875,7237.9658203125,7196.2412109375,7207.18017578125,142313600.0,7153.397542406323,7178.8083984375,7126.679557291666,7037.003662109375,63.79809443247988,66.15109383222807,62.286044589491404,7209.619140625
2023-12-21,7209.619140625,7229.2880859375,7173.0078125,7222.0927734375,144347800.0,7164.641862050059,7185.52900390625,7135.271419270834,7049.383203125,62.656460595573826,67.00711164226595,63.23025800004632,7237.51904296875
2023-12-22,7237.51904296875,7248.5478515625,7218.1748046875,7225.6201171875,111284900.0,7179.217298233798,7194.83525390625,7147.1123046875,7063.6583984375,64.55321098321483,69.13980029416416,64.41216645886989,7245.916015625
2023-12-27,7245.916015625,7293.52490234375,7239.6630859375,7256.158203125,124953000.0,7192.557041712038,7220.1134765625,7157.26669921875,7077.245198567708,65.12730751467595,70.69263622712879,65.66826041252168,7303.88818359375
2023-12-28,7303.88818359375,7308.205078125,7262.25390625,7266.56884765625,123036000.0,7214.823270088381,7243.321875,7170.80224609375,7091.972965494791,68.8752689712869,75.72819189602342,67.68024670922202,7272.796875
2023-12-29,7272.796875,7309.7822265625,7259.68212890625,7307.11083984375,123172800.0,7226.417991070705,7253.9478515625,7183.162369791667,7102.459358723959,64.8497481913002,76.33021013174039,69.41023939372569,7323.587890625
2024-01-02,7323.587890625,7323.587890625,7245.56591796875,7268.39794921875,121359000.0,7245.851970981565,7276.7416015625,7195.760026041667,7114.645361328125,68.12703062110972,79.98372184625623,71.52493588423181,7279.0908203125
2024-01-03,7279.0908203125,7321.87890625,7275.8740234375,7316.10888671875,159498400.0,7252.499740847752,7285.05595703125,7203.726204427084,7124.692789713542,62.618715378257455,78.38504055097656,72.89695681758076,7359.76318359375
2024-01-04,7359.76318359375,7371.23486328125,7280.4072265625,7290.06494140625,155674900.0,7273.952429396952,7307.825390625,7221.79140625,7136.855289713541,67.71524818527513,82.67463785430755,74.85249302492612,7350.619140625
2024-01-05,7350.619140625,7403.578125,7350.619140625,7376.2880859375,163057200.0,7289.2857716425615,7317.17158203125,7236.81220703125,7149.816259765625,66.60674492642613,84.36383302203922,76.75476102434874,7283.5751953125
2024-01-08,7283.5751953125,7393.1318359375,7275.1708984375,7362.046875,140602400.0,7288.14365637655,7319.32724609375,7250.694498697917,7162.370328776042,58.982766998374075,79.3776303732875,77.2793348941365,7200.203125
2024-01-09,7200.203125,7311.63818359375,7180.1572265625,7299.783203125,152570700.0,7270.55555010124,7294.65029296875,7252.306966145833,7168.898958333333,51.14312254514181,67.91570952243273,75.40660981979575,7227.296875
2024-01-10,7227.296875,7259.60107421875,7152.8779296875,7187.580078125,152699300.0,7261.903815080993,7284.29150390625,7254.727571614583,7176.1544921875,53.31474429558517,60.32292869031153,72.3898735938989,7219.9638671875
2024-01-11,7219.9638671875,7277.5009765625,7219.9638671875,7253.4560546875,190523900.0,7253.515825502294,7256.331640625,7261.423502604167,7183.039762369792,52.632856172808246,53.10175871212141,68.53225061754341,7241.13818359375
2024-01-12,7241.13818359375,7271.8720703125,7205.7587890625,7242.3671875,152196500.0,7251.040297120586,7234.43544921875,7264.976302083333,7189.70859375,54.44468346788117,48.528117915893745,64.53142407721347,7224.0009765625
2024-01-15,7224.0009765625,7281.26123046875,7206.30712890625,7254.044921875,132959600.0,7245.632433008969,7222.52060546875,7265.265234375,7195.972395833333,52.68810518729316,43.024683478569386,60.23007595748466,7242.787109375
2024-01-16,7242.787109375,7268.17822265625,7210.02880859375,7231.63916015625,130295500.0,7245.063368282175,7231.03740234375,7267.476432291666,7201.37392578125,54.42402641669785,39.721174973075904,56.12829576060291,7200.634765625
2024-01-17,7200.634765625,7252.45703125,7162.48486328125,7248.01416015625,202143100.0,7236.177647750741,7225.70498046875,7265.01748046875,7206.064892578125,49.99174814649524,33.31771296765328,51.56617920201299,7252.966796875
2024-01-18,7252.966796875,7267.080078125,7185.37890625,7198.85009765625,158921700.0,7239.535477575593,7232.30556640625,7265.487532552083,7211.377115885417,54.90220812934586,32.09570149083902,47.672083659778195,7227.40185546875
2024-01-19,7227.40185546875,7277.97900390625,7170.80517578125,7271.341796875,137359600.0,7237.108753154225,7229.55830078125,7260.388444010417,7215.595345052084,52.20535409082871,28.733153566444344,43.88429764111143,7247.92822265625
2024-01-22,7247.92822265625,7247.92822265625,7194.951171875,7233.1728515625,141722200.0,7239.27264705463,7234.34375,7258.730533854166,7220.946451822917,54.15265813788456,27.40866635212933,40.58917138331502,7256.22900390625
2024-01-23,7256.22900390625,7256.22900390625,7201.8291015625,7232.51611328125,132610200.0,7242.663918424955,7237.03212890625,7254.23994140625,7224.999983723958,54.95198016744531,26.72078380413768,37.81549386747955,7227.8232421875
2024-01-24,7227.8232421875,7271.9580078125,7170.2978515625,7255.77001953125,128902300.0,7239.695783177464,7242.46982421875,7250.822102864583,7227.274153645833,51.6344180604856,23.611347439354176,34.974664581854476,7178.0419921875
2024-01-25,7178.0419921875,7253.72021484375,7176.11181640625,7215.52685546875,130391900.0,7227.365024979472,7227.48486328125,7238.707356770833,7230.249381510416,46.35292295283677,16.934950316639515,31.366721728811488,7137.087890625
2024-01-26,7137.087890625,7166.68994140625,7099.083984375,7152.26904296875,140214300.0,7209.309598108577,7209.4220703125,7224.471940104167,7230.642073567708,42.50136235389869,8.244170106488127,26.742211404346815,7157.1748046875
2024-01-29,7157.1748046875,7177.69677734375,7115.0361328125,7147.71484375,160408500.0,7198.882639424362,7191.27138671875,7216.045247395833,7233.369873046875,44.91884385400536,2.9435785268087784,21.982484828839212,7192.2158203125
2024-01-30,7192.2158203125,7213.18896484375,7133.61376953125,7147.23583984375,182161800.0,7197.54927560199,7178.46875,7215.512760416666,7233.90986328125,48.951031396950356,1.552443025329012,17.896476468137173,7207.94091796875
2024-01-31,7207.94091796875,7247.51806640625,7192.64404296875,7213.30712890625,170270400.0,7199.627604075343,7174.49228515625,7214.22236328125,7234.474967447916,50.69535424046186,1.6992541346362486,14.65703200143699,7201.69580078125
2024-02-01,7201.69580078125,7248.52978515625,7191.69482421875,7221.85205078125,157409100.0,7200.041243416525,7179.223046875,7213.0044921875,7237.213997395834,49.965158839874626,1.2967263775735773,11.984970876664308,7238.78515625
2024-02-02,7238.78515625,7238.78515625,7180.35693359375,7221.90087890625,114364900.0,7207.79002598322,7199.5625,7212.847623697917,7238.911962890625,54.18567529627047,3.9252731423102887,10.373031329793506,7198.615234375
2024-02-05,7198.615234375,7254.0888671875,7186.1708984375,7237.3349609375,137325900.0,7205.955067661577,7207.8505859375,7211.155240885417,7238.210237630208,49.3321275894785,2.7355052085013085,8.845526105535066,7247.408203125
2024-02-06,7247.408203125,7268.1318359375,7212.14013671875,7230.14892578125,138020300.0,7214.245694754262,7218.8890625,7211.463313802084,7239.469873046875,54.64622151798181,5.664493591319115,8.209319602691876,7235.15185546875
2024-02-07,7235.15185546875,7285.1279296875,7225.44921875,7264.97607421875,138054800.0,7218.42692689716,7224.33125,7213.764453125,7239.390966796875,53.138590376933486,6.917018082870527,7.950859298727606,7297.6689453125
2024-02-12,7297.6689453125,7306.158203125,7250.31005859375,7268.3349609375,178661300.0,7234.275330580229,7243.52587890625,7216.744596354167,7241.116064453125,59.30581395396257,12.806632551447365,8.922013949271559,7209.7412109375
2024-02-13,7209.7412109375,7301.587890625,7197.8271484375,7301.587890625,128287400.0,7229.368506651684,7237.71708984375,7215.567220052083,7237.97783203125,49.44886542453803,10.260880090342653,9.189787177485778,7303.28076171875
2024-02-15,7303.28076171875,7365.68212890625,7298.48193359375,7337.630859375,184420400.0,7244.150957665098,7258.6501953125,7219.257389322916,7238.993961588541,57.53483517695551,15.611256086666799,10.474080959321983,7335.544921875
2024-02-16,7335.544921875,7370.56982421875,7314.8828125,7337.81591796875,146427800.0,7262.429750507079,7276.2775390625,7224.5451171875,7239.392529296875,59.91647912458808,22.19901921777091,12.819068611011769,7296.7021484375
2024-02-19,7296.7021484375,7339.755859375,7277.537109375,7323.31201171875,151238000.0,7269.284230093164,7288.58759765625,7229.137044270833,7239.979573567708,55.85503136242229,24.008823001055134,15.057019489020444,7352.60107421875
2024-02-20,7352.60107421875,7354.10791015625,7309.498046875,7320.72314453125,129972000.0,7285.947598918282,7299.5740234375,7240.77431640625,7239.740836588541,60.051753550508856,29.61232918417045,17.968081428050446,7349.02099609375
2024-02-21,7349.02099609375,7370.8818359375,7286.669921875,7345.791015625,152570100.0,7298.562278353376,7327.42998046875,7254.903190104166,7239.687565104166,59.66056145586312,33.37948786257584,21.050362714955526,7339.63623046875
2024-02-22,7339.63623046875,7365.76123046875,7321.52294921875,7334.9521484375,154523800.0,7306.777068776451,7334.70107421875,7267.06728515625,7241.556266276041,58.5832203563592,35.20193016346275,23.88067620465697,7295.09521484375
2024-02-23,7295.09521484375,7340.18994140625,7262.10009765625,7326.52685546875,146259500.0,7304.440697989911,7326.6111328125,7273.925911458334,7244.7193359375,53.63305407096553,32.67547852411826,25.639636668549233,7283.8232421875
2024-02-26,7283.8232421875,7295.14208984375,7252.2841796875,7277.64013671875,147080400.0,7300.31720682943,7324.0353515625,7278.984733072916,7246.603548177083,52.42575264130463,29.424506019016007,26.39661053864259,7285.31689453125
2024-02-27,7285.31689453125,7292.93115234375,7255.1240234375,7263.98779296875,183851000.0,7297.317144369795,7310.578515625,7284.55947265625,7248.781982421875,52.57808653468992,26.66127753652472,26.449543938219016,7328.63623046875
2024-02-28,7328.63623046875,7328.73876953125,7289.2578125,7292.0751953125,220356500.0,7303.580961589586,7306.5015625,7290.549544270833,7251.698583984375,56.88954468218601,27.648196235723844,26.68927439771998,7316.11083984375
2024-02-29,7316.11083984375,7337.9228515625,7289.341796875,7326.80322265625,230050900.0,7306.0869372404195,7301.796484375,7298.382584635417,7254.768912760416,55.32334299358961,27.10716751730888,26.772853021637765,7311.9072265625
2024-03-01,7311.9072265625,7331.31591796875,7269.89404296875,7318.666015625,134622000.0,7307.250995104836,7305.15888671875,7302.68251953125,7257.072916666667,54.77828859388121,26.039040054323777,26.62609042817497,7276.7490234375
2024-03-04,7276.7490234375,7328.384765625,7259.78076171875,7318.83203125,168064100.0,7301.15060077137,7303.74404296875,7305.4556640625,7259.61005859375,50.31346541285396,22.10080387187736,25.721033116915446,7247.4599609375
2024-03-05,7247.4599609375,7305.44677734375,7238.3388671875,7296.5341796875,152811800.0,7290.412472804596,7296.17265625,7302.1083984375,7259.426497395833,46.88504828988631,16.42698075033877,23.862222643600113,7329.80078125
2024-03-06,7329.80078125,7331.0810546875,7248.52783203125,7252.0849609375,180285900.0,7298.290134493677,7296.40556640625,7310.112369791666,7262.839794921875,55.96878427398972,18.36297416152229,22.76237294718455,7373.9638671875
2024-03-07,7373.9638671875,7386.8740234375,7334.30810546875,7338.73193359375,193312700.0,7313.424881032442,7307.976171875,7314.824576822916,7267.040983072917,59.92724068209028,23.193494667731102,22.84859729129386,7381.9072265625
2024-03-08,7381.9072265625,7416.43310546875,7376.15576171875,7398.42919921875,125243200.0,7327.121350138454,7321.976171875,7317.915397135416,7271.230257161458,60.61311774121663,27.347435474103804,23.74836492785585,7421.20703125
2024-03-13,7421.20703125,7441.6162109375,7392.01123046875,7422.3017578125,135225800.0,7345.938486360764,7350.8677734375,7326.21572265625,7277.676383463541,63.90479610192993,33.425322970132584,25.683756536311197,7433.31494140625
2024-03-14,7433.31494140625,7454.4482421875,7380.64794921875,7405.56689453125,129206200.0,7363.413777369862,7388.03876953125,7331.596647135417,7286.185481770834,64.87866453758689,38.7721584513356,28.30143691931608,7328.05419921875
2024-03-15,7328.05419921875,7416.3388671875,7308.03515625,7408.658203125,231480500.0,7356.34186173964,7387.689453125,7330.198860677084,7292.551025390625,51.79521286999543,34.1225582868783,29.465661192828527,7302.44921875
2024-03-18,7302.44921875,7358.55078125,7300.94091796875,7338.076171875,155334600.0,7345.563333141712,7373.3865234375,7327.7197265625,7297.393505859375,49.196278068956936,28.048285547566593,29.18218606377614,7336.74609375
2024-03-19,7336.74609375,7361.52978515625,7314.18017578125,7320.5380859375,137594400.0,7343.79988526337,7364.354296875,7330.496451822916,7302.211181640625,52.6252761260229,25.705534420782897,28.486855735177492,7331.1279296875
2024-03-20,7331.1279296875,7343.4599609375,7295.35009765625,7303.92919921875,169731600.0,7341.265494148196,7346.3384765625,7333.65009765625,7306.317415364583,52.00604879310317,23.128932451270884,27.415271078396174,7338.35302734375
2024-03-21,7338.35302734375,7396.47119140625,7336.59521484375,7360.55810546875,139792200.0,7340.683000787308,7327.34609375,7337.18583984375,7310.87265625,52.77563250569461,21.423010693305514,26.216819001378045,7350.15185546875
2024-03-22,7350.15185546875,7350.15185546875,7318.43603515625,7327.51416015625,123735900.0,7342.576771723596,7331.765625,7338.62021484375,7314.584879557292,54.070835222063145,20.783542491842127,25.130163699470863,7377.759765625
2024-03-25,7377.759765625,7377.759765625,7316.92919921875,7339.52392578125,124315600.0,7349.613370503877,7346.827734375,7342.730143229167,7320.556363932292,57.03987793207794,22.24802556593113,24.55373607276292,7365.6640625
2024-03-26,7365.6640625,7371.84423828125,7330.4638671875,7337.6611328125,138442500.0,7352.823508903102,7352.611328125,7346.313932291667,7324.498225911459,55.35161357268318,22.17697444231544,24.078383746673424,7310.091796875
2024-03-27,7310.091796875,7375.39990234375,7292.7978515625,7364.23095703125,125276700.0,7344.277166497482,7348.4041015625,7348.536783854167,7326.996223958334,48.28110386336957,17.43546334754683,22.749799666848105,7288.81298828125
2024-03-28,7288.81298828125,7313.01416015625,7244.9541015625,7289.158203125,124084200.0,7333.184330854236,7338.49609375,7351.29365234375,7326.701025390625,45.865210731843874,11.82445467211619,20.56473066790172,7205.06103515625
2024-04-01,7205.06103515625,7295.0029296875,7137.4638671875,7286.11376953125,124345600.0,7307.559671714639,7309.4779296875,7342.977669270834,7326.54501953125,37.839580288838086,0.6125461480924059,16.574293763939856,7236.98388671875
2024-04-02,7236.98388671875,7236.98388671875,7153.93896484375,7199.1240234375,127711500.0,7293.444514715461,7281.32275390625,7333.845670572917,7324.335123697917,42.005169735946765,-5.632140988513129,12.13300681344926,7166.84423828125
2024-04-03,7166.84423828125,7226.35302734375,7158.740234375,7214.02001953125,111040300.0,7268.124459428619,7241.5587890625,7319.508138020833,7318.711767578125,36.25618426285835,-16.055703822879877,6.4952646861834324,7254.39892578125
2024-04-04,7254.39892578125,7254.39892578125,7165.8310546875,7170.71923828125,108900300.0,7265.379352699146,7230.42021484375,7308.38759765625,7317.30166015625,46.16176191573907,-17.054922381737924,1.7852272725991614,7286.8818359375
2024-04-05,7286.8818359375,7298.85888671875,7239.27392578125,7245.32177734375,94886600.0,7269.679849346818,7230.033984375,7298.625390625,7315.111018880209,49.30902198941135,-15.052198534968738,-1.5822578889144188,7164.80712890625
2024-04-16,7164.80712890625,7188.0888671875,7066.5732421875,7130.6279296875,175642500.0,7248.705305258704,7221.983203125,7287.742252604166,7308.970556640625,39.87498157917496,-23.04973114144741,-5.8757525394210175,7130.8408203125
2024-04-17,7130.8408203125,7234.3740234375,7130.8408203125,7199.830078125,143541300.0,7225.132408269464,7200.75458984375,7276.301692708334,7302.010709635417,37.71291629081488,-31.76249234612169,-11.053100500761152,7166.81396484375
2024-04-18,7166.81396484375,7180.55908203125,7135.52001953125,7151.73779296875,129376600.0,7213.468719584322,7200.74853515625,7264.972884114583,7297.73466796875,41.34053113351744,-35.35711147724942,-15.913902696058805,7087.31689453125
2024-04-19,7087.31689453125,7141.5810546875,7036.2060546875,7131.455078125,150694500.0,7188.2383545737075,7167.33212890625,7248.718815104166,7291.184456380209,36.30803629378477,-44.11212510659698,-21.55354717816644,7073.81982421875
2024-04-22,7073.81982421875,7117.02392578125,7026.47705078125,7099.51708984375,121595900.0,7165.354648502716,7124.7197265625,7231.083268229167,7284.134554036458,35.51749834095469,-51.545453358432496,-27.551928414219653,7110.81298828125
2024-04-23,7110.81298828125,7165.9541015625,7099.841796875,7102.80810546875,172892100.0,7154.446316458423,7113.9208984375,7215.12734375,7276.873779296875,39.411337269143345,-53.83085182587092,-32.80771309654991,7174.533203125
2024-04-24,7174.533203125,7191.1767578125,7126.85009765625,7127.0478515625,154056000.0,7158.463693791739,7122.659375,7201.57890625,7272.154524739583,45.5145319941399,-49.92485511822815,-36.231141500885556,7155.2939453125
2024-04-25,7155.2939453125,7177.06494140625,7132.10205078125,7167.98388671875,140400000.0,7157.829744095892,7120.35537109375,7187.554231770833,7266.93408203125,44.071038244898126,-47.83041267855697,-38.55099573641984,7036.0751953125
2024-04-26,7036.0751953125,7149.25390625,7036.0751953125,7137.93408203125,137603900.0,7133.478834339215,7110.10703125,7169.286458333333,7258.91162109375,36.37292952567857,-55.15471945455647,-41.87174048004717,7155.7841796875
2024-04-29,7155.7841796875,7155.7841796875,7021.4921875,7021.4921875,129998600.0,7137.939903408873,7126.49990234375,7160.41787109375,7255.85576171875,46.48173128426612,-50.715157981854645,-43.64042398040867,7234.19677734375
2024-04-30,7234.19677734375,7266.8681640625,7179.68505859375,7187.4140625,156560600.0,7157.191278195849,7151.17666015625,7162.36025390625,7252.668961588542,51.875225731467,-40.403782565058464,-42.99309569733863,7117.4248046875
2024-05-02,7117.4248046875,7232.9521484375,7072.47412109375,7227.60791015625,145628700.0,7149.23798349418,7139.75498046875,7154.3896484375,7244.117659505208,44.65750471081051,-41.17977078299555,-42.63043071447002,7134.72412109375
2024-05-03,7134.72412109375,7165.10205078125,7094.6162109375,7142.86376953125,159524500.0,7146.335211014095,7135.641015625,7152.248307291667,7235.87822265625,45.85932292952756,-39.938451174522925,-42.092034806480605,7135.89013671875
2024-05-06,7135.89013671875,7178.76708984375,7102.68505859375,7171.58984375,164988900.0,7144.246196155026,7155.60400390625,7144.347721354166,7226.367659505208,45.9445308172219,-38.41775278555269,-41.35717840229502,7123.61181640625
2024-05-07,7123.61181640625,7159.76708984375,7108.17578125,7136.85205078125,148490800.0,7140.119320205272,7149.16953125,7133.463053385417,7216.044222005208,45.13891769710908,-37.767980422707296,-40.63933880637748,7088.794921875
2024-05-08,7088.794921875,7164.30810546875,7071.34521484375,7129.4560546875,147871800.0,7129.854440539218,7120.08916015625,7128.395572916666,7208.068912760416,42.84474539416313,-39.605911264307,-40.432653297963384,7099.26123046875
2024-05-13,7099.26123046875,7111.59912109375,7052.22998046875,7061.373046875,134590500.0,7123.735798525125,7116.4564453125,7126.290266927083,7201.295979817708,43.769936924290434,-39.75961695022761,-40.29804602841623,7083.76318359375
2024-05-14,7083.76318359375,7136.64013671875,7071.501953125,7095.52197265625,137468100.0,7115.7412755388505,7106.2642578125,7120.753548177084,7192.863216145834,42.66852139399551,-40.663252016685874,-40.37108722607016,7179.8310546875
2024-05-15,7179.8310546875,7192.14501953125,7082.1181640625,7085.37890625,139854300.0,7128.559231368581,7115.05244140625,7126.921158854167,7187.819986979167,50.914047609974745,-33.244295448550474,-38.94572887056622,7246.69580078125
2024-05-16,7246.69580078125,7270.7568359375,7201.9150390625,7203.169921875,154713600.0,7152.186545251115,7139.66923828125,7138.446223958334,7184.76474609375,55.69070200754589,-21.71893040964278,-35.50036917838153,7317.23779296875
2024-05-17,7317.23779296875,7356.71484375,7245.19580078125,7249.72705078125,181505100.0,7185.196794794642,7185.3578125,7152.207877604166,7183.667610677084,60.10187682246211,-6.814295399420189,-29.763154422589267,7266.69091796875
2024-05-20,7266.69091796875,7374.546875,7243.01220703125,7329.39990234375,158071100.0,7201.495619429464,7218.84375,7158.351725260417,7179.965315755208,55.8140777431499,0.9085516359327812,-23.628813210884857,7186.037109375
2024-05-21,7186.037109375,7295.05615234375,7179.52880859375,7258.4111328125,135589400.0,7198.403917418572,7239.29853515625,7160.40126953125,7173.977750651042,49.71894023058935,0.5149393497604251,-18.800062698755802,7222.3818359375
2024-05-22,7222.3818359375,7239.86181640625,7191.10595703125,7198.19287109375,135720300.0,7203.199501122358,7247.80869140625,7172.821712239584,7171.054085286459,52.24951266228179,3.09997982740515,-14.420054193523614,7176.419921875
2024-05-27,7176.419921875,7256.18408203125,7171.48583984375,7219.98193359375,190885600.0,7197.843585272886,7233.753515625,7174.197428385417,7167.307649739583,48.89795691684548,1.4234915604329217,-11.251345042732307,7253.6259765625
2024-05-28,7253.6259765625,7308.13720703125,7228.4111328125,7228.5078125,166427200.0,7209.00006353081,7221.03115234375,7175.492708333333,7168.926481119792,54.21121881951298,6.252669029353456,-7.7505422283151555,7140.22900390625
2024-05-29,7140.22900390625,7282.0,7127.208984375,7275.52978515625,144619600.0,7195.245851605899,7195.73876953125,7177.01298828125,7165.701318359375,46.55485258207299,0.9190447941982711,-6.016624823812471,7034.14208984375
2024-05-30,7034.14208984375,7134.70703125,6984.97900390625,7125.77197265625,177693800.0,7163.025099253469,7165.359765625,7170.30751953125,7161.277913411458,40.755672079148816,-11.732967848520275,-7.159893428754032,6970.73583984375
2024-05-31,6970.73583984375,7102.21923828125,6959.22705078125,7076.373046875,269684600.0,7124.567247371526,7115.03056640625,7159.297233072916,7151.822477213542,37.730505910348995,-26.56985276405794,-11.041885295814815,7036.19091796875
2024-06-03,7036.19091796875,7088.40087890625,6993.09423828125,7030.20703125,141774800.0,7106.891981490971,7086.984765625,7153.469173177084,7143.46611328125,42.477259671054966,-32.66991473903454,-15.36749118445876,7099.31201171875
2024-06-04,7099.31201171875,7149.19287109375,7065.0341796875,7071.09423828125,160663800.0,7105.375987536527,7056.12197265625,7154.1703125,7141.282942708333,46.69702832044366,-32.04155792753045,-18.7023045330731,6947.669921875
2024-06-05,6947.669921875,7118.34912109375,6934.94287109375,7114.53515625,137116300.0,7073.834774404221,7017.61015625,7144.064225260417,7135.17724609375,39.24804457178551,-43.28091451086766,-23.618026528632015,6974.89697265625
2024-06-06,6974.89697265625,7032.57421875,6939.5458984375,6992.56298828125,129986000.0,7054.047214054628,7005.7611328125,7136.806477864583,7128.780013020833,41.06582131199135,-49.42148995388561,-28.778719213682734,6897.9501953125
2024-06-07,6897.9501953125,6994.115234375,6887.81201171875,6987.7939453125,109886700.0,7022.827810306203,6991.20400390625,7118.014420572917,7122.467789713542,37.638266479361825,-59.807478707843984,-34.98447111251498,6921.5478515625
2024-06-10,6921.5478515625,6929.09716796875,6846.380859375,6910.72021484375,228419200.0,7002.571818557462,6968.275390625,7096.337890625,7117.392057291667,39.31118831648293,-65.3806485582918,-41.06370660167035,6855.69091796875
2024-06-11,6855.69091796875,6932.4619140625,6855.69091796875,6900.31005859375,150124200.0,6973.19563843972,6919.551171875,7065.568098958333,7108.88798828125,36.37816461034112,-74.25555811745107,-47.7020769048265,6850.09716796875
2024-06-12,6850.09716796875,6866.26611328125,6821.5078125,6859.34912109375,165086100.0,6948.575944345526,6900.03662109375,7037.795182291667,7098.073453776042,36.13157626854385,-80.80884272229196,-54.323430068319595,6831.56396484375
2024-06-13,6831.56396484375,6896.65283203125,6831.56396484375,6893.8408203125,154352200.0,6925.173548445171,6871.37001953125,7014.163639322916,7087.282454427083,35.27833480823767,-86.50071617796675,-60.758887290249035,6734.83203125
2024-06-14,6734.83203125,6840.19677734375,6713.27197265625,6829.9931640625,143790500.0,6887.105245006138,6838.74638671875,6981.660319010417,7077.241015625,31.14435417078505,-97.69090556891751,-68.14529094598274,6726.9189453125
2024-06-19,6726.9189453125,6791.52685546875,6698.84814453125,6739.89501953125,215680300.0,6855.0679850674105,6799.82060546875,6951.693587239583,7062.9455078125,30.826124996260717,-105.97610461873501,-75.7114536805332,6819.32080078125
2024-06-20,6819.32080078125,6825.55517578125,6728.40185546875,6751.23583984375,138884000.0,6847.918548210179,6792.54658203125,6922.739908854167,7049.11630859375,38.70244428306397,-103.8885643540616,-81.34687581523889,6879.97802734375
2024-06-21,6879.97802734375,6945.833984375,6823.06201171875,6838.47802734375,202168500.0,6854.330444036894,6798.52275390625,6905.38984375,7041.201416015625,43.268994421069884,-96.23035873026856,-84.32357239824483,6889.1650390625
2024-06-24,6889.1650390625,6914.81201171875,6870.30517578125,6877.4677734375,113953400.0,6861.297363042016,6810.04296875,6895.72470703125,7033.01611328125,43.950071927697486,-88.40083078272164,-85.1390240751402,6882.7041015625
2024-06-25,6882.7041015625,6890.44287109375,6843.64697265625,6874.8671875,103645300.0,6865.578710746113,6839.6173828125,6889.855924479167,7024.576578776042,43.55405784311367,-81.77457078640782,-84.46613341739373,6905.64208984375
2024-06-26,6905.64208984375,6936.26220703125,6885.40283203125,6885.81591796875,111785600.0,6873.59138656564,6875.36201171875,6881.152669270833,7017.310921223959,45.43388762239309,-73.8213415727123,-82.33717504845745,6967.951171875
2024-06-27,6967.951171875,6968.13623046875,6915.830078125,6929.14501953125,85223100.0,6892.463343627513,6905.0880859375,6872.395279947917,7013.282796223958,50.27800902782444,-61.77838517119653,-78.22541707300527,7063.5771484375
2024-06-28,7063.5771484375,7084.623046875,6987.80078125,6989.3740234375,104714500.0,6926.686104589511,6941.80791015625,6880.122428385416,7012.093326822916,56.63996735651627,-44.01071025709007,-71.38247570982223,7139.6259765625
2024-07-01,7139.6259765625,7139.6259765625,7075.375,7076.6259765625,108297900.0,6969.27407898411,6991.90009765625,6891.104361979166,7013.955419921875,60.92223096054082,-23.522047493819628,-61.81039006662171,7125.14208984375
2024-07-02,7125.14208984375,7176.869140625,7099.0498046875,7149.0439453125,121880100.0,7000.447681156038,7040.3876953125,6906.25048828125,7012.132454427084,59.71267053671768,-8.357028628435728,-51.119717778984516,7196.7548828125
2024-07-03,7196.7548828125,7196.7548828125,7126.81494140625,7153.76611328125,126775400.0,7039.709121487331,7098.61025390625,6924.597623697917,7010.467757161458,63.564497020020795,9.332334635435473,-39.02930729610052,7220.88916015625
2024-07-04,7220.88916015625,7262.837890625,7204.43896484375,7212.703125,158574300.0,7075.945129221114,7149.1978515625,6948.944173177083,7007.256136067708,64.78640083751023,25.010412483436085,-26.2213633401932,7253.3720703125
2024-07-05,7253.3720703125,7275.93798828125,7213.39013671875,7248.72314453125,130902100.0,7111.430517439392,7187.1568359375,6975.829166666666,7006.812174479167,66.41875489161993,39.60001716332681,-13.057087239489197,7250.97705078125
2024-07-08,7250.97705078125,7265.083984375,7215.4677734375,7261.98291015625,160069900.0,7139.339824107765,7209.42705078125,7003.7900390625,7008.976839192708,66.17517699868942,50.38828118452693,-0.3680135546859713,7269.80078125
2024-07-09,7269.80078125,7302.94189453125,7239.63818359375,7254.1572265625,136101900.0,7165.432015536212,7238.3587890625,7039.454622395833,7010.557470703125,67.19350637952442,59.76800749283848,11.65919065481892,7287.0419921875
2024-07-10,7287.0419921875,7313.2001953125,7272.1220703125,7283.18896484375,214279500.0,7189.75401086647,7256.4162109375,7076.796158854167,7014.244873046875,68.13963512949977,67.81104627079912,22.88956177801496,7300.4072265625
2024-07-11,7300.4072265625,7328.26904296875,7274.06201171875,7302.5048828125,146390900.0,7211.884654005677,7272.31982421875,7108.868587239584,7015.804248046875,68.88867077927472,74.40596946554524,33.19284331552102,7327.580078125
2024-07-12,7327.580078125,7354.1630859375,7300.7451171875,7336.48388671875,130722300.0,7235.023738829542,7287.16142578125,7138.708723958333,7022.049283854167,70.41172281771165,80.8926356890288,42.732801790222574,7278.86279296875
2024-07-15,7278.86279296875,7346.10400390625,7252.81103515625,7336.30810546875,107422000.0,7243.791549657384,7292.73857421875,7164.68857421875,7030.206640625,64.3310790998636,81.16664903468973,50.419571239116,7224.29296875
2024-07-16,7224.29296875,7294.7919921875,7213.2841796875,7289.80908203125,107863200.0,7239.891833475908,7283.63701171875,7187.461165364583,7038.658544921875,58.261729941403,76.10320742726253,55.55629847674531,7224.2177734375
2024-07-17,7224.2177734375,7265.0869140625,7207.5830078125,7261.22021484375,218209000.0,7236.757021468226,7271.07216796875,7208.699544270833,7044.926106770833,58.25357413779072,71.26285204121814,58.69760918963988,7321.07080078125
2024-07-18,7321.07080078125,7330.80810546875,7220.09619140625,7231.72998046875,146217900.0,7253.619777330831,7275.2048828125,7232.240852864584,7052.31806640625,65.04158112297813,74.3846059622947,61.83500854417085,7294.4951171875
2024-07-19,7294.4951171875,7315.13916015625,7249.81689453125,7304.27880859375,125286800.0,7261.794845302165,7268.587890625,7247.635384114584,7063.87890625,62.059711429100695,73.86273919255746,64.24055467384818,7321.97607421875
2024-07-22,7321.97607421875,7341.908203125,7301.4189453125,7316.248046875,140918600.0,7273.8310910854825,7277.210546875,7259.792057291666,7075.448209635417,63.902626275521044,74.80434169519776,66.3533120781181,7313.85693359375
2024-07-23,7313.85693359375,7347.01708984375,7293.30908203125,7336.27685546875,251719000.0,7281.836259587137,7295.12333984375,7272.373046875,7089.311767578125,62.93004572568093,74.04191258962874,67.89103218042023,7262.7587890625
2024-07-24,7262.7587890625,7311.15185546875,7249.27685546875,7298.5078125,149278800.0,7278.02076548221,7302.83154296875,7276.773307291666,7100.685465494792,57.04556052519398,68.52458010739247,68.01774176581468,7240.27685546875
2024-07-25,7240.27685546875,7268.046875,7207.81787109375,7264.2138671875,125922000.0,7270.471983479519,7286.67275390625,7278.0658203125,7113.504996744791,54.62532476645059,61.62754622229386,66.73970265711051,7288.1669921875
2024-07-26,7288.1669921875,7298.9560546875,7256.5341796875,7262.1298828125,128745600.0,7274.010985221115,7285.40712890625,7280.385481770833,7128.10732421875,58.649810779054576,59.34187478307376,65.26013708230317,7288.89697265625
2024-07-29,7288.89697265625,7333.89892578125,7274.2529296875,7304.59814453125,131946800.0,7276.988182708143,7278.79130859375,7282.9134765625,7143.3517578125,58.70992709928231,56.933077940359,63.59472525391434,7241.86376953125
2024-07-30,7241.86376953125,7292.55517578125,7226.7822265625,7283.9169921875,124088300.0,7269.9633000727645,7264.39267578125,7281.051009114583,7160.252815755209,53.33013412300665,50.64509751013702,61.00479970515888,7255.76220703125
2024-07-31,7255.76220703125,7275.18603515625,7226.49609375,7251.80419921875,140459400.0,7267.123081464462,7262.993359375,7278.965690104166,7177.880924479166,54.65250545294183,46.25017227266744,58.053874218660596,7325.98486328125
2024-08-01,7325.98486328125,7325.98486328125,7258.8740234375,7274.51708984375,119012300.0,7278.89543782782,7280.1349609375,7280.670865885417,7194.7697265625,60.71002207925111,47.881594624820536,56.019418299892585,7308.123046875
2024-08-02,7308.123046875,7337.98095703125,7264.0078125,7304.0859375,130681400.0,7284.740959637256,7284.126171875,7279.37373046875,7209.041227213542,58.566996658255,47.18924108911415,54.2533828577369,7059.65283203125
2024-08-05,7059.65283203125,7257.47607421875,6998.81103515625,7254.61279296875,196047200.0,7239.723334116055,7238.27734375,7264.759733072917,7214.724153645833,38.308858121052964,26.288043931563152,48.66031507250216,7129.21484375
2024-08-06,7129.21484375,7167.259765625,7066.5009765625,7098.6728515625,122457600.0,7217.621636042845,7215.74755859375,7258.42119140625,7222.941178385417,44.13485192370363,15.161989612680372,41.96064998053781,7212.130859375
2024-08-07,7212.130859375,7246.2578125,7147.29296875,7149.5087890625,128572200.0,7216.523480709277,7207.0212890625,7257.615397135417,7233.157470703125,50.174974025374716,12.886592294607908,36.14583844335183,7195.12109375
2024-08-08,7195.12109375,7234.44677734375,7181.76611328125,7212.7412109375,125248900.0,7212.243003317421,7180.84853515625,7249.21875,7240.729801432291,49.004438051366876,9.600113465126014,30.836693447706665,7256.99609375
2024-08-09,7256.99609375,7267.421875,7219.9228515625,7219.98388671875,112712600.0,7221.193621403937,7170.62314453125,7246.718815104166,7247.177099609375,53.27467078008223,11.851731322766682,27.03970102271867,7297.625
2024-08-12,7297.625,7297.625,7230.78515625,7265.15087890625,156405500.0,7236.47989712315,7218.217578125,7245.09541015625,7252.443733723959,55.88678677519084,16.721809273080908,24.97612267279112,7356.63818359375
2024-08-13,7356.63818359375,7366.65087890625,7286.5498046875,7316.42822265625,146066800.0,7260.51155441727,7263.70224609375,7247.947493489583,7260.160270182291,59.43410197377241,25.054439870997157,24.99178611243233,7436.0390625
2024-08-14,7436.0390625,7445.6640625,7372.89111328125,7377.0068359375,168060500.0,7295.617056033817,7308.48388671875,7259.49951171875,7268.136409505209,63.66748441328526,37.63130672090756,27.519690234127378,7409.5009765625
2024-08-15,7409.5009765625,7460.38720703125,7386.73681640625,7442.91015625,150416800.0,7318.3938401395535,7351.35986328125,7270.781119791666,7274.423470052084,61.36254894626995,44.93913222116862,31.003578631535625,7432.08984375
2024-08-16,7432.08984375,7459.7490234375,7417.20703125,7443.93505859375,151268200.0,7341.133040861643,7386.37861328125,7280.3759765625,7280.380729166666,62.603574466009725,51.954470582812064,35.193757021790915,7466.8310546875
2024-08-19,7466.8310546875,7466.8310546875,7420.3759765625,7428.7412109375,138674400.0,7366.272643626815,7420.21982421875,7292.238248697917,7287.575862630209,64.49255239109024,59.63012321349834,40.0810302601324,7533.98486328125
2024-08-20,7533.98486328125,7538.1572265625,7482.5048828125,7490.31982421875,183613200.0,7399.815087557703,7455.68916015625,7311.71298828125,7296.381998697917,67.87090982817006,70.32126458446692,46.12907712499931,7554.5927734375
2024-08-21,7554.5927734375,7594.546875,7543.63916015625,7563.08203125,199930800.0,7430.770624733663,7479.39990234375,7331.635026041667,7305.300358072916,68.85037052645677,79.54006886666957,52.81127547333337,7488.67578125
2024-08-22,7488.67578125,7540.27294921875,7460.40380859375,7531.34716796875,140745300.0,7442.351656036931,7495.23486328125,7342.481087239584,7311.5759765625,62.30738138683869,80.59800368401739,58.36862111547018,7544.2978515625
2024-08-23,7544.2978515625,7567.51416015625,7507.73779296875,7510.6640625,128771000.0,7462.740895142045,7517.67646484375,7358.22607421875,7318.79990234375,65.30369708314225,84.94546245548372,63.68398938347289,7606.19482421875
2024-08-26,7606.19482421875,7619.90283203125,7549.412109375,7549.412109375,142108800.0,7491.431680957387,7545.54921875,7394.66220703125,7329.710970052083,68.3215757307207,92.32120190478963,69.41143188773624,7597.880859375
2024-08-27,7597.880859375,7610.201171875,7547.26318359375,7598.4638671875,141150100.0,7512.72151664091,7558.32841796875,7425.906608072916,7342.163899739583,67.47264980596529,96.38459941280871,74.80606539275074,7658.875
2024-08-28,7658.875,7672.287109375,7581.048828125,7604.3271484375,152042100.0,7541.952213312728,7579.18486328125,7455.68955078125,7356.652473958334,70.38039167490285,103.33540241723676,80.51193279764794,7627.60400390625
2024-08-29,7627.60400390625,7715.7587890625,7627.60400390625,7679.52783203125,153940300.0,7559.082571431433,7606.9705078125,7484.521744791667,7366.870247395834,67.07004088303319,105.10902442841507,85.43135112380136,7670.73291015625
2024-08-30,7670.73291015625,7673.18212890625,7616.34521484375,7642.77880859375,194479000.0,7581.412639176397,7632.25751953125,7512.10419921875,7379.411507161459,69.22033394881862,108.74127323285938,90.09333554561297,7694.52978515625
2024-09-02,7694.52978515625,7726.18798828125,7669.921875,7686.5390625,156165700.0,7604.0360683723675,7649.92451171875,7538.564518229166,7391.829964192709,70.37000656292882,112.24616163254996,94.52390076300037,7616.52099609375
2024-09-03,7616.52099609375,7726.662109375,7598.46923828125,7706.65087890625,165704700.0,7606.533053916644,7653.6525390625,7555.8900390625,7401.918766276041,62.17191411353822,107.49007493635236,97.11713559767077,7672.89599609375
2024-09-04,7672.89599609375,7672.89599609375,7546.048828125,7577.09619140625,147636500.0,7619.805642352067,7656.45673828125,7571.680501302083,7415.590006510417,65.31658217416353,107.03598906398838,99.10090629093429,7681.04296875
2024-09-05,7681.04296875,7722.22509765625,7650.80419921875,7679.64892578125,137717400.0,7632.053107631653,7667.14453125,7589.78330078125,7430.282210286458,65.75957226508245,106.11034138085142,100.50279330891773,7721.84619140625
2024-09-06,7721.84619140625,7754.47509765625,7683.7041015625,7684.81201171875,122729500.0,7650.011724386573,7677.3671875,7609.100390625,7444.73818359375,67.96636353158976,107.43084211016503,101.8884030691672,7702.73876953125
2024-09-09,7702.73876953125,7748.3251953125,7654.72509765625,7729.2548828125,138539000.0,7660.557133415509,7679.008984375,7624.827571614584,7458.53291015625,65.82683844489816,105.71690057062187,102.65410256945813,7761.38818359375
2024-09-10,7761.38818359375,7764.77978515625,7723.30078125,7725.283203125,196539800.0,7680.723343451157,7707.982421875,7639.98779296875,7475.850390625,69.04763609187798,107.8479036136223,103.69286277829096,7760.955078125
2024-09-11,7760.955078125,7802.47607421875,7736.78076171875,7770.26806640625,171932600.0,7696.769690385927,7725.59423828125,7653.745279947917,7492.690152994792,68.995921110727,108.25390722970678,104.60507166857414,7798.15380859375
2024-09-12,7798.15380859375,7833.27197265625,7782.01611328125,7782.01611328125,252749100.0,7717.046514027492,7749.01640625,7674.3771484375,7508.429117838542,71.00462283586727,110.30575856483301,105.74520904782592,7812.130859375
2024-09-13,7812.130859375,7828.9658203125,7775.63623046875,7805.68994140625,162457200.0,7736.063383096995,7767.07333984375,7692.232682291667,7525.229378255209,71.74535064441527,111.77126712544668,106.95042066335009,7831.77880859375
2024-09-17,7831.77880859375,7854.01806640625,7802.27001953125,7832.52490234375,216113800.0,7755.206468196346,7792.88134765625,7707.271614583334,7550.966910807291,72.79737797264077,113.21306873169215,108.2029502770185,7829.134765625
2024-09-18,7829.134765625,7879.0439453125,7818.9599609375,7845.81396484375,241800200.0,7769.992127682077,7806.4306640625,7722.688541666666,7574.297574869792,72.4066705674903,112.8415871466932,109.13067765095346,7905.39013671875
2024-09-19,7905.39013671875,7910.55615234375,7853.35302734375,7858.11279296875,259454000.0,7797.071729489412,7835.31767578125,7739.122884114583,7597.406217447917,76.34914872715635,117.34764585371249,110.77407129150528,7743.00390625
2024-09-20,7743.00390625,7904.51318359375,7738.32080078125,7904.39501953125,317741900.0,7786.25816484153,7824.2876953125,7746.8162109375,7615.668977864583,57.506381723388174,106.58685128929665,109.93662729106356,7775.73095703125
2024-09-23,7775.73095703125,7775.73095703125,7675.291015625,7743.201171875,260227800.0,7784.152723279474,7817.00771484375,7753.816080729167,7632.960139973959,59.66683621203564,99.55206927078962,107.85971568700877,7778.4912109375
2024-09-24,7778.4912109375,7810.5400390625,7717.8388671875,7774.55615234375,182808900.0,7783.02042081108,7806.3501953125,7759.413509114584,7648.989013671875,59.85223616377513,93.12618259615101,104.91300906883723,7740.90185546875
2024-09-25,7740.90185546875,7760.8837890625,7633.44677734375,7747.85498046875,276661800.0,7774.596707742615,7788.70361328125,7767.70556640625,7661.797802734375,56.07220409884584,84.03180789804537,100.73676883467886,7744.51611328125
2024-09-26,7744.51611328125,7763.0810546875,7673.0478515625,7723.09716796875,202756700.0,7768.580588850343,7756.52880859375,7772.480240885417,7672.08037109375,56.3576097474225,76.23727497832715,95.83687006340853,7696.916015625
2024-09-27,7696.916015625,7736.916015625,7663.47607421875,7713.7998046875,190512300.0,7754.247674205275,7747.31123046875,7773.538444010416,7681.660872395833,51.602432353519006,65.46448755037636,89.7623935608021,7527.92919921875
2024-09-30,7527.92919921875,7679.2421875,7527.92919921875,7674.2861328125,222223500.0,7708.983979207971,7697.75087890625,7760.61064453125,7684.855517578125,39.01635238959947,42.797805635097575,80.3694759756612,7642.1328125
2024-10-01,7642.1328125,7642.1328125,7547.11083984375,7551.4619140625,206962900.0,7695.613745866377,7670.47919921875,7756.570247395834,7690.698909505209,48.20982157195788,33.66154473091683,71.02788972671233,7563.26220703125
2024-10-02,7563.26220703125,7619.10400390625,7501.4599609375,7601.73779296875,315317300.0,7669.143438099352,7634.95126953125,7743.361848958333,7691.674820963542,43.349448385246234,19.82822598248913,60.787956977867694,7543.828125
2024-10-03,7543.828125,7581.333984375,7504.4072265625,7567.44921875,189365800.0,7644.080375479482,7594.813671875,7728.88671875,7691.315999348958,42.21995067737093,7.213895906641483,50.07314476362246,7496.0908203125
2024-10-04,7496.0908203125,7549.23291015625,7467.7958984375,7531.7919921875,223945300.0,7614.482464446087,7554.6486328125,7708.749186197917,7691.563167317709,39.49755915933932,-6.559439950152409,38.74662782086749,7504.134765625
2024-10-07,7504.134765625,7540.23583984375,7450.1982421875,7493.6572265625,235809600.0,7592.412924681869,7549.88974609375,7688.21611328125,7690.224397786458,40.197319635661756,-16.634081352055546,27.670485986282884,7557.14208984375
2024-10-08,7557.14208984375,7592.8837890625,7449.47900390625,7486.72119140625,194830700.0,7585.358757714246,7532.8916015625,7669.906998697917,7688.589306640625,44.73349630089379,-20.10925224091625,18.11453834084306,7501.28515625
2024-10-09,7501.28515625,7595.576171875,7501.216796875,7556.55517578125,169190500.0,7568.544037421398,7520.49619140625,7648.050358072916,7685.369449869791,41.18808366087191,-27.058622970539545,9.079906078566538,7480.080078125
2024-10-10,7480.080078125,7528.953125,7467.81884765625,7501.869140625,157952700.0,7550.8512455621185,7507.74658203125,7619.696354166666,7679.409619140625,39.89536546128182,-33.88649945562247,0.48662497172873564,7520.60205078125
2024-10-11,7520.60205078125,7549.541015625,7506.27587890625,7520.52978515625,159472100.0,7544.801406605945,7512.648828125,7604.869563802084,7675.842887369791,43.54200718464316,-35.61728236502586,-6.734156495622184,7559.65478515625
2024-10-14,7559.65478515625,7570.26708984375,7518.81298828125,7518.81298828125,205872100.0,7547.772082316006,7523.75283203125,7590.464485677084,7672.140283203125,46.88653869565296,-33.452096063389945,-12.077744409175736,7626.951171875
2024-10-15,7626.951171875,7635.0439453125,7573.4521484375,7579.0458984375,218732600.0,7563.607900227806,7537.7146484375,7580.36181640625,7669.887662760417,52.14722022807546,-26.006131831685707,-14.863421893677732,7648.93994140625
2024-10-16,7648.93994140625,7658.39794921875,7616.60400390625,7645.2119140625,197424300.0,7580.674308463495,7567.24560546875,7574.231022135416,7670.968294270833,53.758830692809845,-18.12194311966141,-15.515126138874468,7735.0390625
2024-10-17,7735.0390625,7758.669921875,7657.72119140625,7661.0732421875,224594300.0,7611.5472592707965,7618.23740234375,7573.59921875,7673.039729817709,59.5091536461784,-4.870048364930881,-13.38611058408575,7760.06005859375
2024-10-18,7760.06005859375,7790.7109375,7718.6767578125,7762.15185546875,234291900.0,7641.249819135387,7666.12900390625,7577.808821614583,7675.6736328125,61.02595756779216,7.563966283603804,-9.19609521054784,7772.59619140625
2024-10-21,7772.59619140625,7795.0869140625,7739.88720703125,7780.2451171875,246855900.0,7667.51909358956,7708.71728515625,7594.119954427083,7677.365299479166,61.79810663130655,18.219549992897555,-3.7129661698587615,7788.98291015625
2024-10-22,7788.98291015625,7801.40380859375,7731.9609375,7752.3837890625,286785700.0,7691.811856902898,7741.1236328125,7603.9099609375,7680.240104166666,62.83462572075776,27.667514223907347,2.5631299088944606,7787.56494140625
2024-10-23,7787.56494140625,7805.9169921875,7761.251953125,7774.009765625,269650200.0,7710.962473803569,7768.8486328125,7618.8634765625,7681.112662760416,62.67615315363424,34.6413517784149,8.978774282798549,7716.548828125
2024-10-24,7716.548828125,7794.86279296875,7716.548828125,7778.65576171875,242869700.0,7712.079744667856,7765.1505859375,7630.378190104167,7679.632454427084,55.1712847517661,34.04530832685123,13.992081091609085,7694.66015625
2024-10-25,7694.66015625,7752.2509765625,7678.17822265625,7717.42578125,205788500.0,7708.595826984286,7752.07060546875,7643.616145833334,7676.182666015625,53.062297320182246,31.44423711606032,17.482512296499333,7634.630859375
2024-10-28,7634.630859375,7714.73876953125,7599.62109375,7705.873046875,197205700.0,7693.80283346243,7724.4775390625,7652.315885416667,7670.265999348959,47.679354235849914,24.259360067821945,18.837881850763857,7606.60009765625
2024-10-29,7606.60009765625,7666.43017578125,7587.2099609375,7625.4677734375,182774700.0,7676.362286301194,7688.0009765625,7655.6130859375,7662.760042317708,45.36509558441753,16.117650789583422,18.29383563852777,7569.85009765625
2024-10-30,7569.85009765625,7581.9091796875,7521.73486328125,7558.7958984375,168203300.0,7655.059848572206,7644.4580078125,7660.18408203125,7654.117220052083,42.45556276498935,6.623517870283649,15.959772084878947,7574.01904296875
2024-10-31,7574.01904296875,7617.36279296875,7558.68310546875,7569.71923828125,203290200.0,7638.851687451515,7615.95205078125,7666.4466796875,7643.071516927083,42.902934719391425,-0.5578216041840278,12.656253347066354,7505.2568359375
2024-11-01,7505.2568359375,7583.68798828125,7485.45703125,7573.7939453125,155270800.0,7612.132717148712,7578.07138671875,7665.423665364583,7635.146614583334,37.69719198284354,-11.663174498591616,7.792367777934761,7479.5029296875
2024-11-04,7479.5029296875,7529.703125,7415.80908203125,7505.11083984375,212287900.0,7585.60675965647,7547.04580078125,7660.080208333334,7625.272347005209,35.93833070336859,-22.285478552631503,1.7767985118215082,7491.93115234375
2024-11-05,7491.93115234375,7496.99609375,7451.5478515625,7474.4521484375,182653900.0,7566.871638193927,7524.11201171875,7651.078873697917,7615.720345052084,37.45491437701234,-29.362405806976312,-4.451042351938057,7383.8681640625
2024-11-06,7383.8681640625,7506.60107421875,7363.03076171875,7495.130859375,235788800.0,7530.270943367642,7486.915625,7633.407421875,7603.819222005209,30.658604921020327,-43.19280194256589,-12.199394270063625,7243.85986328125
2024-11-07,7243.85986328125,7381.7578125,7243.85986328125,7373.56689453125,204087800.0,7472.988727350364,7420.8837890625,7600.662141927083,7587.130680338541,24.464686433804033,-64.70511006618835,-22.700537429288573,7287.19091796875
2024-11-08,7287.19091796875,7350.36181640625,7263.9619140625,7263.9619140625,148863600.0,7435.8291654740415,7377.27060546875,7569.137532552083,7573.473177083333,29.230009947288238,-77.36549400488457,-33.63352874440777,7266.4599609375
2024-11-11,7266.4599609375,7282.19580078125,7182.31201171875,7259.2900390625,221004900.0,7401.955324566734,7334.66201171875,7535.3951171875,7564.757535807292,28.309806144321016,-88.05669173706883,-44.51816134293998,7321.98583984375
2024-11-12,7321.98583984375,7344.07421875,7268.60888671875,7271.173828125,287694700.0,7385.961427622137,7300.67294921875,7504.261979166667,7554.085970052083,34.27779445015091,-91.00007635253041,-53.814544344858064,7308.6708984375
2024-11-13,7308.6708984375,7370.39306640625,7304.873046875,7344.0078125,226286700.0,7370.50332178521,7285.63349609375,7472.335709635417,7545.599593098958,33.556401177521124,-93.33126958106914,-61.71788939210029,7214.56103515625
2024-11-14,7214.56103515625,7318.77587890625,7214.56103515625,7303.90087890625,209423400.0,7339.3148644594185,7279.77373046875,7438.869856770833,7534.6240234375,28.923154329447456,-101.60143833149323,-69.69459917997888,7161.2578125
2024-11-15,7161.2578125,7241.6591796875,7122.67578125,7192.208984375,213100000.0,7303.703454067536,7254.587109375,7403.309700520834,7523.462923177083,26.67647299124785,-111.17517305347519,-77.99071395467814,7134.27685546875
2024-11-18,7134.27685546875,7174.7529296875,7118.869140625,7152.076171875,191734000.0,7269.818134347779,7228.15048828125,7369.952766927084,7511.134326171875,25.592790560305374,-119.56133588312241,-86.304838340367,7195.71484375
2024-11-19,7195.71484375,7229.8310546875,7136.69091796875,7140.19482421875,205098000.0,7254.997476228224,7202.8962890625,7342.560416666666,7499.086751302083,32.33358538944138,-119.8681329279816,-93.01749725788993,7180.3349609375
2024-11-20,7180.3349609375,7229.7060546875,7171.26513671875,7213.9951171875,164074200.0,7240.06497317008,7177.2291015625,7316.592740885417,7488.388411458333,31.562732665532963,-119.96936761280904,-98.40787132887375,7140.912109375
2024-11-21,7140.912109375,7209.35791015625,7140.912109375,7168.326171875,155717100.0,7220.234400411064,7162.49931640625,7287.7189453125,7477.0828125,29.613822979324496,-121.82635311601734,-103.09156768630248,7195.56494140625
2024-11-22,7195.56494140625,7215.68701171875,7154.4521484375,7154.68212890625,205841500.0,7215.300508610101,7169.3607421875,7267.072819010416,7466.2482421875,35.554789233959184,-117.5331517030354,-105.97988448964907,7314.10791015625
2024-11-25,7314.10791015625,7329.4921875,7218.828125,7218.9521484375,264819900.0,7235.061988919331,7205.326953125,7256.046484375,7458.063346354166,46.1682295667314,-103.3737040666183,-105.45864840504292,7245.88818359375
2024-11-26,7245.88818359375,7341.59521484375,7245.88818359375,7329.5322265625,164096700.0,7237.227227854216,7215.36162109375,7239.643619791666,7445.361246744792,41.892406715479304,-96.54410129587541,-103.67573898320943,7200.1572265625
2024-11-28,7200.1572265625,7249.69287109375,7195.66796875,7215.9072265625,178995100.0,7229.813227595873,7219.32607421875,7227.396223958333,7430.401822916667,39.26704185729983,-93.74110878800366,-101.68881294416828,7114.26611328125
2024-11-29,7114.26611328125,7189.12890625,7107.2841796875,7168.00390625,218431100.0,7206.703804732949,7213.996875,7218.756640625,7409.709391276042,34.849564457317754,-97.3284700331833,-100.81674436197127,7046.98583984375
2024-12-02,7046.98583984375,7153.02978515625,7041.341796875,7117.75390625,163941100.0,7174.76021175511,7184.2810546875,7202.74296875,7385.940250651041,31.828966735013765,-104.39701168144984,-101.532797825867,7196.01708984375
2024-12-03,7196.01708984375,7196.01708984375,7102.216796875,7104.93017578125,176316700.0,7179.011587372838,7160.662890625,7198.04677734375,7366.720947265625,43.50911139841035,-96.85680058899379,-100.59759837849236,7326.76416015625
2024-12-04,7326.76416015625,7328.32421875,7187.47802734375,7198.09814453125,166379200.0,7208.56210192952,7176.8380859375,7198.36533203125,7351.313655598959,51.37966993695609,-79.41548086953026,-96.36117487669995,7313.31298828125
2024-12-05,7313.31298828125,7338.60400390625,7283.5,7326.02392578125,131417800.0,7229.5122791998665,7199.46923828125,7198.6748046875,7335.505257161459,50.598620253512244,-65.91863746830313,-90.27266739502059,7382.78515625
2024-12-06,7382.78515625,7382.80908203125,7287.59619140625,7302.6650390625,130161700.0,7260.166854609894,7253.173046875,7209.88974609375,7324.379801432292,54.44995750509088,-49.051038641136984,-82.02834164424387,7437.73095703125
2024-12-09,7437.73095703125,7440.97900390625,7380.66015625,7382.61376953125,230130900.0,7295.679675094165,7331.3220703125,7228.3212890625,7315.815494791666,57.286234665732586,-30.89355643626368,-71.80138460264783,7453.287109375
2024-12-10,7453.287109375,7457.80517578125,7396.7900390625,7448.76806640625,203350400.0,7327.201161950333,7382.77607421875,7249.588639322917,7309.770703125,58.08204995909696,-15.074598892930226,-60.45602746070431,7464.751953125
2024-12-11,7464.751953125,7530.55908203125,7444.173828125,7444.85888671875,235486300.0,7354.711320185267,7410.3736328125,7267.524446614583,7305.042431640625,58.69287942912256,-1.5944640069228626,-48.683714769948025,7394.23779296875
2024-12-12,7394.23779296875,7470.89404296875,7380.02685546875,7441.97314453125,147665300.0,7362.616614741964,7426.55859375,7281.784635416667,7299.188688151042,53.52655017544699,3.3600045551984294,-38.27497090491873,7324.7890625
2024-12-13,7324.7890625,7399.89697265625,7324.7890625,7379.7509765625,120050700.0,7355.051104293571,7414.959375,7294.043098958334,7290.881022135417,48.95593487009084,1.6633503763878252,-30.28730664865742,7258.630859375
2024-12-16,7258.630859375,7320.794921875,7204.65380859375,7304.2177734375,186546900.0,7335.767055309858,7379.13935546875,7298.247493489584,7282.66015625,45.0127675570112,-4.962470102752377,-25.222339339476413,7157.73193359375
2024-12-17,7157.73193359375,7263.31494140625,7132.05712890625,7238.173828125,157427600.0,7300.160030966636,7320.0283203125,7287.822428385417,7271.934456380209,39.75374076994093,-18.146004784312936,-23.807072428443718,7107.875
2024-12-18,7107.875,7216.8828125,7105.06787109375,7168.966796875,122373300.0,7261.703024773309,7248.6529296875,7278.621549479167,7259.132584635417,37.42684671264949,-32.24538415444658,-25.494734773644293,6977.23779296875
2024-12-19,6977.23779296875,7040.548828125,6951.0517578125,7034.6171875,170862900.0,7204.809978412398,7165.2529296875,7263.76025390625,7245.578238932291,32.12143015520272,-53.34563938818974,-31.064915696553385,6983.865234375
2024-12-20,6983.865234375,7032.40087890625,6931.5810546875,6980.1748046875,145749700.0,7160.621029604919,7097.0681640625,7255.066861979167,7236.911751302084,32.643083672261085,-68.74056609004583,-38.60004577525187,7096.44482421875
2024-12-23,7096.44482421875,7096.44482421875,7035.72705078125,7037.52978515625,138664700.0,7147.785788527686,7064.63095703125,7258.364127604166,7230.553548177083,40.945439567305534,-71.03804205308097,-45.0876450308177,7065.74609375
2024-12-24,7065.74609375,7120.576171875,7063.7548828125,7115.63720703125,110632900.0,7131.377849572149,7046.2337890625,7249.67939453125,7223.8630859375,39.515136489322735,-74.47741007230434,-50.96559803911503,7036.57080078125
2024-12-27,7036.57080078125,7100.27001953125,7024.71484375,7073.375,144277600.0,7112.41643981397,7031.97294921875,7230.333170572917,7214.349251302084,38.15115123180261,-78.65070000997366,-56.50261843328676,7079.90478515625
2024-12-30,7079.90478515625,7079.90478515625,6993.07177734375,7026.77685546875,159672400.0,7105.914108882426,7052.50634765625,7214.772623697917,7206.723714192708,41.38735309919676,-77.56722528153932,-60.71553980293728,7163.205078125
2025-01-02,7163.205078125,7163.205078125,7088.31982421875,7092.42919921875,161752600.0,7117.372302730942,7088.37431640625,7200.133951822917,7205.011848958334,47.11574788421846,-69.18935447079548,-62.410302736508925,7164.42919921875
2025-01-03,7164.42919921875,7197.0078125,7135.27587890625,7177.25,182944400.0,7126.783682028503,7101.97119140625,7181.913834635417,7205.117561848959,47.197417273564945,-61.73936221591612,-62.27611463239036,7080.47412109375
2025-01-06,7080.47412109375,7182.01904296875,7073.9541015625,7176.1162109375,192190300.0,7117.521769841553,7104.916796875,7157.059635416666,7203.324137369792,42.36516983115122,-61.89616241120075,-62.20012418815244,7083.2841796875
2025-01-07,7083.2841796875,7103.18505859375,7029.51220703125,7074.259765625,144709900.0,7110.674251810742,7114.25947265625,7131.628450520833,7199.576448567708,42.577088505459564,-61.08947797653764,-61.97799494582948,7080.35205078125
2025-01-08,7080.35205078125,7129.2939453125,7046.169921875,7099.658203125,147124800.0,7104.609811604843,7114.34892578125,7110.702734375,7196.243684895833,42.40189345668403,-59.995185890886205,-61.58143313484083,7064.587890625
2025-01-09,7064.587890625,7106.4580078125,7062.09521484375,7093.25390625,148465600.0,7096.605427408875,7094.62548828125,7093.355989583333,7193.699544270833,41.41520921981203,-59.7116685611345,-61.20748022009957,7088.8662109375
2025-01-10,7088.8662109375,7121.62890625,7074.14404296875,7076.90478515625,166170500.0,7095.0575841146,7079.512890625,7082.038346354167,7190.142919921875,43.59223858052581,-56.87233263898088,-60.34045070387583,7016.87890625
2025-01-13,7016.87890625,7089.56982421875,6986.5927734375,7076.6982421875,149887800.0,7079.42184854168,7066.79384765625,7072.64814453125,7180.235286458334,38.96829271046711,-59.74224096405669,-60.22080875591201,6956.6650390625
2025-01-14,6956.6650390625,7042.3310546875,6956.6650390625,7014.798828125,151037100.0,7054.870486645845,7041.47001953125,7062.56748046875,7170.594514973958,35.56962899180316,-66.11330679536513,-61.39930836380264,7079.56201171875
2025-01-15,7079.56201171875,7084.56494140625,6977.77294921875,6992.84814453125,173538400.0,7059.808791660426,7041.31201171875,7069.389095052084,7166.574674479167,45.93414927127607,-60.547707484976854,-61.228988188037484,7107.51904296875
2025-01-16,7107.51904296875,7190.61181640625,7071.9111328125,7165.17578125,144790100.0,7069.350841922092,7049.8982421875,7077.632682291666,7166.349772135417,47.98403559862604,-53.26700231319228,-59.63659101306845,7154.658203125
2025-01-17,7154.658203125,7178.81494140625,7084.2978515625,7115.05322265625,197761000.0,7086.412314162673,7063.056640625,7081.51357421875,7169.938850911459,51.33448839212419,-43.19532591470579,-56.34833799339592,7170.73681640625
2025-01-20,7170.73681640625,7201.60693359375,7165.44384765625,7188.40185546875,183080100.0,7103.277214611389,7093.82822265625,7088.512955729167,7169.096175130208,52.45931028067093,-33.52953250981227,-51.78457689667919,7181.81982421875
2025-01-21,7181.81982421875,7221.73095703125,7176.33203125,7207.59423828125,176177100.0,7118.985736532862,7138.8591796875,7098.196223958334,7164.264697265625,53.26123469205204,-24.69039993108072,-46.3657415035595,7257.1279296875
2025-01-22,7257.1279296875,7267.48681640625,7223.255859375,7227.02197265625,146457400.0,7146.61417516379,7174.37236328125,7110.011100260416,7162.391861979167,58.39653899021384,-11.476297332788818,-39.38785266940537,7232.64306640625
2025-01-23,7232.64306640625,7324.6259765625,7232.64306640625,7275.0009765625,142025900.0,7163.819953412282,7199.39716796875,7114.640299479167,7157.387125651042,56.233210491598584,-2.9457923983545697,-32.099440615195206,7166.05615234375
2025-01-24,7166.05615234375,7261.4482421875,7166.05615234375,7255.02294921875,122224300.0,7164.267193198576,7201.6767578125,7114.748763020833,7148.331298828125,50.72931419381627,-1.5405546980327927,-25.987663431762723,7073.47802734375
2025-01-30,7073.47802734375,7150.29296875,7042.68798828125,7142.787109375,156862200.0,7146.109360027611,7182.225,7114.282356770834,7135.67099609375,44.24523845287926,-7.807178383558494,-22.35156642212188,7109.19580078125
2025-01-31,7109.19580078125,7174.7451171875,7095.67822265625,7113.5751953125,125561900.0,7138.726648178339,7167.7001953125,7116.009798177083,7123.819124348958,47.05687599129459,-9.778674519556262,-19.83698804160876,7030.05810546875
2025-02-03,7030.05810546875,7089.69677734375,6933.14306640625,7087.751953125,135419500.0,7116.992939636422,7122.28623046875,7112.656868489584,7111.679801432291,42.00282546308667,-17.524834656509483,-19.374557364588906,7073.458984375
2025-02-04,7073.458984375,7125.94287109375,7037.625,7051.48486328125,250749100.0,7108.286148584139,7090.4494140625,7113.248274739583,7103.302132161459,45.46232230194373,-19.93187194899201,-19.48602028146953,7024.22802734375
2025-02-05,7024.22802734375,7079.4619140625,7002.52099609375,7071.5771484375,247130700.0,7091.474524336061,7062.0837890625,7108.9390625,7095.488704427084,42.37461381040249,-25.517839369254034,-20.69238409902643,6875.5361328125
2025-02-06,6875.5361328125,7033.619140625,6830.11181640625,7030.18896484375,170868800.0,7048.286846031349,7022.49541015625,7099.5162109375,7086.082177734375,34.70735832159518,-41.46496965406914,-24.84690121003497,6742.576171875
2025-02-07,6742.576171875,6769.78076171875,6656.72412109375,6758.10400390625,152142600.0,6987.144711200081,6949.171484375,7085.243619791667,7073.905550130208,29.55724888434807,-64.09311739184068,-32.69614444639612,6648.14208984375
2025-02-10,6648.14208984375,6713.9521484375,6585.98486328125,6681.23388671875,153503000.0,6919.344186928814,6872.78828125,7056.482291666666,7062.935693359375,26.544505727467765,-88.62452039809432,-43.881819636735756,6531.990234375
2025-02-11,6531.990234375,6658.23095703125,6500.4638671875,6629.81494140625,146025200.0,6841.873396418052,6764.49453125,7018.113704427084,7047.873193359375,23.38693247820271,-116.09998962388454,-58.32545363416551,6645.77783203125
2025-02-12,6645.77783203125,6645.77783203125,6537.47607421875,6540.94677734375,141288200.0,6802.654283540692,6688.8044921875,6984.188346354166,7032.850960286459,31.92954843805262,-127.22620427978654,-72.10560376328972,6613.56787109375
2025-02-13,6613.56787109375,6647.10498046875,6565.77685546875,6637.419921875,126053300.0,6764.837001051304,6636.41083984375,6947.04375,7017.778352864583,30.879899986604116,-137.06290832395734,-85.09706467542325,6638.458984375
2025-02-14,6638.458984375,6679.39697265625,6609.6708984375,6640.130859375,121300000.0,6739.561397716044,6615.58740234375,6910.819694010416,7004.507958984375,32.72055459380218,-141.22214139226435,-96.32208001879148,6830.8818359375
2025-02-17,6830.8818359375,6830.8818359375,6658.22021484375,6663.30517578125,136644900.0,6757.825485360336,6652.1353515625,6882.403287760417,6996.207194010417,44.92963393471132,-127.521459581626,-102.5619559313584,6873.55419921875
2025-02-18,6873.55419921875,6908.7001953125,6830.77587890625,6847.76611328125,158584300.0,6780.971228132019,6720.44814453125,6858.464029947917,6986.552164713542,47.21716983646347,-111.93000799151923,-104.43556634339058,6794.8681640625
2025-02-19,6794.8681640625,6886.9228515625,6773.9072265625,6877.1572265625,159932500.0,6783.750615318116,6750.2662109375,6833.7181640625,6974.233463541666,43.61915573444018,-104.71587626824203,-104.49162832836087,6788.0419921875
2025-02-20,6788.0419921875,6836.72314453125,6755.43017578125,6796.669921875,168907900.0,6784.608890691993,6785.16103515625,6814.689095052084,6964.485725911459,43.31082021492442,-98.4149733723043,-103.27629733714956,6803.0009765625
2025-02-21,6803.0009765625,6814.8662109375,6758.35302734375,6788.89599609375,131140300.0,6788.287307866094,6818.06943359375,6794.276106770833,6955.142952473959,44.24100832989799,-91.16352108634328,-100.85374208698832,6749.60107421875
2025-02-24,6749.60107421875,6818.7939453125,6732.4091796875,6801.67578125,156247700.0,6780.550061136625,6801.81328125,6775.578971354166,6944.117919921875,41.6158675239848,-88.70310456965035,-98.42361458352073,6587.0869140625
2025-02-25,6587.0869140625,6772.64990234375,6576.96923828125,6749.43701171875,194167900.0,6741.857431721801,6744.51982421875,6743.154166666666,6928.201220703125,34.84031015255364,-98.728658769096,-98.48462342063578,6606.17822265625
2025-02-26,6606.17822265625,6682.869140625,6547.2412109375,6627.02099609375,135195100.0,6714.7215899086905,6706.7818359375,6715.2841796875,6912.11162109375,36.15535250876613,-103.93537138774627,-99.57477301405788,6485.4482421875
2025-02-27,6485.4482421875,6626.259765625,6443.22021484375,6609.88818359375,156489700.0,6668.866920364452,6646.2630859375,6689.2783203125,6894.397265625,31.78649844247532,-116.46113759202763,-102.95204592965183,6270.59716796875
2025-02-28,6270.59716796875,6447.8828125,6246.27880859375,6446.64404296875,196893700.0,6589.212969885312,6539.78232421875,6657.813053385416,6871.528336588542,25.80951711002743,-142.0866966630656,-110.7789760763346,6519.658203125
2025-03-03,6519.658203125,6570.951171875,6347.09521484375,6362.14892578125,170810200.0,6575.30201653325,6493.79375,6649.2474609375,6852.864876302084,39.9142177348562,-140.67636325425792,-116.75845351191927,6380.40087890625
2025-03-04,6380.40087890625,6528.96923828125,6361.40380859375,6524.701171875,149084200.0,6536.32178900785,6452.45654296875,6639.14150390625,6828.627604166667,35.81435133240369,-149.07709811945824,-123.22218243342707,6531.39892578125
2025-03-05,6531.39892578125,6570.81982421875,6404.68896484375,6404.68896484375,143533500.0,6535.337216362531,6437.50068359375,6631.516243489584,6807.852294921875,42.688541056581904,-141.9145578999487,-126.9606575267314,6617.84716796875
2025-03-06,6617.84716796875,6667.89306640625,6573.798828125,6577.84521484375,138941500.0,6551.839206683775,6463.98046875,6631.801529947917,6789.422639973958,46.23850879701876,-127.78946509876732,-127.12641904113859,6636.0
2025-03-07,6636.0,6682.93798828125,6577.83203125,6631.31103515625,198389400.0,6568.671365347021,6537.06103515625,6631.63759765625,6771.228645833334,46.98116199103741,-113.81841758425162,-124.46481874976119,6598.2119140625
2025-03-10,6598.2119140625,6629.44189453125,6568.1259765625,6618.9169921875,153564400.0,6574.579475090117,6552.77177734375,6616.12626953125,6749.264778645834,45.56996188398273,-104.5897984088142,-120.4898146815718,6545.85009765625
2025-03-11,6545.85009765625,6567.5849609375,6499.041015625,6535.8701171875,150016300.0,6568.833599603344,6585.86162109375,6594.279329427083,6726.3716796875,43.61497017829139,-100.34450323073543,-116.46075239140453,6665.044921875
2025-03-12,6665.044921875,6665.044921875,6566.203125,6566.798828125,139690400.0,6588.075864057676,6612.5908203125,6585.624446614584,6709.671305338542,48.9806924623082,-86.36647113666277,-110.44189614045618,6647.4169921875
2025-03-13,6647.4169921875,6707.38623046875,6618.5390625,6700.10693359375,139851000.0,6599.944089683641,6618.50478515625,6576.249446614584,6695.469270833333,48.24941029727508,-75.83700481425058,-103.52091787521508,6515.630859375
2025-03-14,6515.630859375,6632.078125,6514.69189453125,6623.69091796875,122970500.0,6583.081443621913,6594.43095703125,6557.091438802084,6675.683772786459,43.07204678310133,-77.23603746618664,-98.2639417934094,6471.94677734375
2025-03-17,6471.94677734375,6557.41015625,6445.97509765625,6490.6708984375,126321100.0,6560.854510366281,6569.1779296875,6538.58115234375,6657.080061848958,41.48304121047465,-80.93673298269005,-94.79850003126553,6223.38818359375
2025-03-18,6223.38818359375,6465.22412109375,6011.841796875,6458.666015625,233069600.0,6493.361245011775,6504.685546875,6514.3345703125,6628.744368489583,33.83448111282942,-102.7418183391228,-96.38716369283699,6311.66015625
2025-03-19,6311.66015625,6332.73486328125,6147.42578125,6221.19580078125,126795800.0,6457.02102725942,6434.00859375,6494.700032552083,6604.992106119792,38.192874002239925,-111.61308889549673,-99.43234873336894,6381.673828125
2025-03-20,6381.673828125,6446.88916015625,6353.69384765625,6372.61083984375,146168800.0,6441.951587432536,6380.8599609375,6487.78173828125,6588.530029296875,41.48521617992358,-111.70643429413212,-101.88716584552158,6258.17919921875
2025-03-21,6258.17919921875,6426.1650390625,6218.60107421875,6418.39013671875,190225100.0,6405.197109789779,6329.36962890625,6486.953873697917,6572.383463541667,37.67324710836929,-120.357983743771,-105.58132942517148,6161.2177734375
2025-03-24,6161.2177734375,6269.90380859375,5967.19384765625,6242.23486328125,124187900.0,6356.401242519323,6267.223828125,6463.057845052083,6556.152652994791,34.957252466681865,-133.49947686499854,-111.16495891313689,6235.619140625
2025-03-25,6235.619140625,6265.2958984375,6178.490234375,6197.98681640625,111267000.0,6332.244822140458,6269.67001953125,6453.405729166667,6546.273616536459,38.61429259675426,-136.33900512604487,-116.19976815571849,6472.35595703125
2025-03-26,6472.35595703125,6489.14892578125,6312.966796875,6314.3291015625,159762700.0,6360.267049118617,6301.8091796875,6449.46953125,6540.492887369792,48.53059123253644,-118.12499769558508,-116.58481406369181,6510.6201171875
2025-03-27,6510.6201171875,6510.6201171875,6417.240234375,6462.59619140625,121855500.0,6390.337662732394,6327.5984375,6442.321061197917,6537.061295572917,49.93825641820876,-99.45619849748255,-113.15909095044996,5996.14208984375
2025-04-08,5996.14208984375,6036.55419921875,5882.60498046875,5914.2880859375,184790800.0,6311.498548154666,6275.191015625,6399.6638671875,6515.650732421875,35.77205507465965,-124.73722468596407,-115.47471769755279,5967.98779296875
2025-04-09,5967.98779296875,6092.412109375,5949.60107421875,5978.44091796875,150044400.0,6242.796397117484,6236.54501953125,6357.64892578125,6486.88759765625,35.1838537747567,-145.36871646826785,-121.4535174516958,6254.02392578125
2025-04-10,6254.02392578125,6310.8251953125,6188.669921875,6270.61083984375,181443500.0,6245.041902850238,6240.2259765625,6338.19384765625,6466.236588541667,45.066635117851185,-137.05866990277082,-124.57454794191081,6262.22607421875
2025-04-11,6262.22607421875,6298.77783203125,6148.77587890625,6195.56787109375,117642700.0,6248.478737123942,6198.2,6311.3392578125,6448.481852213542,45.32407954448431,-128.33172505555376,-125.3259833646394,6368.51708984375
2025-04-14,6368.51708984375,6404.06982421875,6225.3369140625,6225.3369140625,149701700.0,6272.486407667903,6169.77939453125,6292.745930989583,6434.497688802084,48.68055052485228,-111.55284992533416,-122.57135667677836,6441.68310546875
2025-04-15,6441.68310546875,6497.5322265625,6395.9267578125,6444.341796875,147079600.0,6306.325747228073,6258.88759765625,6287.816080729167,6422.453759765625,50.914323864576545,-91.29914480279422,-116.31691430198154,6400.05419921875
2025-04-16,6400.05419921875,6469.59716796875,6373.7900390625,6461.27392578125,142022700.0,6325.071437626209,6345.30087890625,6283.0232421875,6410.802197265625,49.59169989808912,-77.71123564920617,-108.59577857142648,6438.26904296875
2025-04-17,6438.26904296875,6438.26904296875,6384.28515625,6407.02099609375,131124200.0,6347.710958694718,6382.14990234375,6297.3486328125,6405.8416015625,50.85384057466656,-63.13136218814179,-99.50289529476954,6445.966796875
2025-04-21,6445.966796875,6472.5380859375,6406.80322265625,6450.31396484375,108855100.0,6367.362126330775,6418.898046875,6306.302408854167,6400.501220703125,51.119337449396504,-50.37487284363942,-89.67729080454352,6538.26611328125
2025-04-22,6538.26611328125,6538.32177734375,6428.10498046875,6455.0791015625,150312500.0,6401.542923720871,6452.8478515625,6316.74189453125,6402.26181640625,54.30676882460073,-32.443491303787596,-78.23053090439234,6634.376953125
2025-04-23,6634.376953125,6642.9150390625,6588.2568359375,6589.3271484375,184488000.0,6448.109729601698,6491.38662109375,6341.821744791667,6414.387809244791,57.42037822537945,-10.35800012344771,-64.65602474820342,6613.47802734375
2025-04-24,6613.47802734375,6697.90087890625,6585.4560546875,6671.06787109375,159090300.0,6481.183389150108,6534.07138671875,6371.972428385417,6417.51513671875,56.518517864491244,5.396336495390642,-50.645552499484616,6678.9150390625
2025-04-25,6678.9150390625,6683.36083984375,6640.77783203125,6660.619140625,169030400.0,6520.729719132587,6582.2005859375,6401.52548828125,6427.465608723958,58.70552106535659,22.89802752765263,-35.936836494057175,6722.9658203125
2025-04-28,6722.9658203125,6738.35205078125,6688.77978515625,6716.21484375,164549400.0,6561.17693936857,6637.600390625,6418.2328125,6433.851171875,60.15829434079554,39.863254874550876,-20.776818220335564,6749.0751953125
2025-04-29,6749.0751953125,6763.88720703125,6724.31787109375,6748.98779296875,193012300.0,6598.756590557356,6679.76220703125,6434.129817708334,6438.225439453125,61.033331848133706,54.78361670047434,-5.6647312361735835,6766.794921875
2025-04-30,6766.794921875,6791.2529296875,6725.966796875,6755.4638671875,210149800.0,6632.364256820885,6706.24580078125,6485.506673177083,6442.585270182291,61.64894973719382,67.26258359243002,8.920731729547137,6815.72998046875
2025-05-02,6815.72998046875,6818.27978515625,6765.8310546875,6811.10986328125,183083600.0,6669.0374015504585,6746.69619140625,6542.022819010416,6449.835872395834,63.370034456284095,80.17667818372229,23.17192102038217,6831.9521484375
2025-05-05,6831.9521484375,6879.10888671875,6824.39697265625,6844.37109375,194998400.0,6701.620350927867,6777.30361328125,6580.5513671875,6459.372607421875,63.94764104415307,90.67494030051785,36.67252487640931,6898.19677734375
2025-05-06,6898.19677734375,6913.68798828125,6858.15087890625,6860.44580078125,162346800.0,6740.935636211044,6812.3498046875,6622.9494140625,6467.1443359375,66.28560322874117,103.15121360619287,49.96826262236603,6926.22509765625
2025-05-07,6926.22509765625,6970.5,6909.9609375,6925.251953125,187668100.0,6777.993528500086,6847.77978515625,6660.129947916666,6476.437939453125,67.25322020491294,113.98643660729158,62.771897419351134,6827.75
2025-05-08,6827.75,6965.93408203125,6824.64990234375,6945.98388671875,260892400.0,6787.944822800069,6859.97080078125,6685.867740885416,6486.841910807291,60.66538023183146,113.32101736084769,72.88172140765045,6832.80322265625
2025-05-09,6832.80322265625,6882.31787109375,6811.77294921875,6849.44921875,164380000.0,6796.916502771306,6863.38544921875,6714.71767578125,6498.870458984375,60.87716124159291,111.91137597098805,80.68765232031797,6979.8798828125
2025-05-14,6979.8798828125,6987.78076171875,6914.75390625,6915.95703125,272470100.0,6833.509178779545,6892.97099609375,6750.825065104166,6524.086848958334,66.52622814355828,121.2642238293356,88.8029666221215,7040.1611328125
2025-05-15,7040.1611328125,7076.73681640625,7002.37109375,7003.14697265625,343582300.0,6874.839569586136,6921.3638671875,6790.438020833333,6548.37021484375,68.53181392205025,132.01878583995676,97.44613046568857,7106.52587890625
2025-05-16,7106.52587890625,7106.52587890625,7009.84619140625,7092.23486328125,239677400.0,6921.17683145016,6957.4240234375,6828.322005208333,6572.531949869792,70.61891862547036,144.2342909686913,106.80376256628912,7141.0908203125
2025-05-19,7141.0908203125,7160.6591796875,7085.97314453125,7113.44287109375,227261200.0,6965.159629222629,7020.0921875,6862.1029296875,6601.962337239584,71.67272400762505,154.91846505958074,116.42670306494745,7094.60205078125
2025-05-20,7094.60205078125,7202.81689453125,7088.623046875,7164.14697265625,219667500.0,6991.048113534353,7072.451953125,6894.177864583334,6633.075146484375,68.13317311158461,157.8152983014088,124.70442211223973,7142.4609375
2025-05-21,7142.4609375,7170.72412109375,7109.22119140625,7114.69921875,228188900.0,7021.330678327483,7104.9681640625,6925.080924479166,6663.303206380208,69.78735124832636,162.10423498637192,132.18438468706617,7166.98095703125
2025-05-22,7166.98095703125,7190.6689453125,7136.7841796875,7165.10009765625,201247200.0,7050.460734068237,7130.33212890625,6954.68193359375,6686.457373046875,70.62857471695311,165.5731842607138,138.8621446017957,7214.1630859375
2025-05-23,7214.1630859375,7223.2529296875,7177.2451171875,7206.35791015625,152151100.0,7083.20120444209,7151.8595703125,6985.68779296875,6709.908805338541,72.23081315240822,170.16796466748383,145.12330861493334,7188.35302734375
2025-05-26,7188.35302734375,7240.083984375,7129.38818359375,7231.47705078125,331040000.0,7104.231569022422,7161.31201171875,7013.791666666667,6749.649169921875,69.98184325610758,169.76970572892787,150.05258803773225,7198.966796875
2025-05-27,7198.966796875,7212.56884765625,7162.9609375,7204.171875,245398700.0,7123.178614592938,7182.1849609375,7039.340787760417,6790.681803385417,70.39012787192377,168.369664463562,153.7160033228982,7175.81884765625
2025-05-28,7175.81884765625,7237.3408203125,7166.67822265625,7223.51318359375,277488600.0,7133.706661205601,7188.85654296875,7062.265234375,6821.40830078125,68.21110576590226,163.50746336967313,155.6742953322532,7065.06884765625
2025-06-02,7065.06884765625,7152.912109375,7035.837890625,7134.48681640625,240143000.0,7119.979098495731,7168.47412109375,7073.3900390625,6848.1697265625,58.82793941589901,148.99995580756968,154.3394274273165,7044.82177734375
2025-06-03,7044.82177734375,7090.35107421875,6994.15576171875,7071.63818359375,199730400.0,7104.947634265335,7134.605859375,7081.296484375,6870.713216145833,57.27671174677485,134.32051885156216,150.33564571216564,7069.037109375
2025-06-04,7069.037109375,7094.44677734375,7052.9140625,7083.23876953125,232777400.0,7097.765529287269,7110.74267578125,7097.382291666667,6891.625016276042,58.68005703283642,123.22052471642382,144.91262151301729,7113.4248046875
2025-06-05,7113.4248046875,7136.64306640625,7083.89208984375,7100.23583984375,193147800.0,7100.897384367316,7093.63427734375,7116.090397135416,6915.404036458333,61.19617640640006,116.6606243822971,139.26222208687327,7230.7451171875
2025-06-10,7230.7451171875,7230.7451171875,7133.37890625,7136.86279296875,265169800.0,7126.866930931354,7104.61953125,7132.81474609375,6941.819905598958,66.92838774671277,119.55052085120224,135.31988183973908,7222.4560546875
2025-06-11,7222.4560546875,7239.955078125,7172.203125,7232.68115234375,262581600.0,7145.984755682583,7136.09697265625,7144.967740885417,6967.702880859375,66.1844772242878,119.7910498983365,132.21411545145855,7204.3701171875
2025-06-12,7204.3701171875,7237.27490234375,7191.90478515625,7219.56103515625,281607200.0,7157.6618279835675,7168.006640625,7151.490690104167,6989.90634765625,64.49990472561862,117.17160556320505,129.20561347380786,7166.06494140625
2025-06-13,7166.06494140625,7192.6630859375,7149.60986328125,7191.1240234375,230230400.0,7159.342450668104,7187.41220703125,7153.155631510416,7007.629280598959,60.960862196310316,110.72836187007306,125.5101631530609,7117.5908203125
2025-06-16,7117.5908203125,7211.5439453125,7117.5908203125,7158.90380859375,224577700.0,7150.992124596984,7188.24541015625,7154.688216145833,7024.433040364584,56.71958261213028,100.55149334096677,120.51842919064208,7155.85205078125
2025-06-17,7155.85205078125,7181.466796875,7143.60400390625,7163.02685546875,173034400.0,7151.964109833837,7173.266796875,7155.58095703125,7040.330940755209,59.136254260868206,94.484455261927,115.31163440489907,7107.7890625
2025-06-18,7107.7890625,7166.66796875,7089.455078125,7155.1240234375,180387400.0,7143.12910036707,7150.3333984375,7151.634830729166,7053.158382161459,54.98297652872249,84.82024738540622,109.2133570010005,6968.63916015625
2025-06-19,6968.63916015625,7115.90380859375,6935.009765625,7107.7861328125,222226000.0,7108.2311123249065,7103.18720703125,7135.266569010417,7060.477180989584,45.10592024102042,65.18168493181747,100.40702258716391,6907.13818359375
2025-06-20,6907.13818359375,6956.80517578125,6873.7158203125,6948.2841796875,331625100.0,7068.0125265786755,7051.40185546875,7116.518912760416,7065.155289713542,41.55300002201254,44.14647479445466,89.15491302862206,6787.14013671875
2025-06-23,6787.14013671875,6834.76904296875,6745.14697265625,6833.47509765625,226947900.0,7011.838048606691,6985.31171875,7089.063802083333,7064.202294921875,35.65215110526158,17.590309553849693,74.84199233366759,6869.1708984375
2025-06-24,6869.1708984375,6924.96923828125,6852.11279296875,6864.27880859375,186087300.0,6983.3046185728535,6927.97548828125,7068.62060546875,7065.442919921875,41.74261468157565,3.127502285310584,60.49909432399619,6832.14306640625
2025-06-25,6832.14306640625,6918.783203125,6814.73583984375,6908.9248046875,170914900.0,6953.072308139534,6872.8462890625,7053.092220052084,7063.241129557292,39.90651464196951,-11.193185192934834,46.16063842060999,6897.39990234375
2025-06-26,6897.39990234375,6897.39990234375,6817.4111328125,6842.01220703125,154075100.0,6941.937826980377,6858.5984375,7043.264095052084,7062.280289713542,44.53676327844677,-17.07986584677019,33.512537567133954,6927.67919921875
2025-06-30,6927.67919921875,6949.27978515625,6876.2587890625,6936.06494140625,167652600.0,6939.086101428053,6862.706640625,7033.840234375,7065.611263020834,46.59302939955616,-19.08185275251799,22.993659503203567,6915.35986328125
2025-07-01,6915.35986328125,6971.23876953125,6885.13818359375,6954.38623046875,149285200.0,6934.3408537986925,6888.3505859375,7020.635904947917,7068.363151041666,45.8482577403827,-21.415643049727805,14.111798992617295,6881.2451171875
2025-07-02,6881.2451171875,6905.369140625,6838.40380859375,6896.421875,182041600.0,6923.7217064764545,6890.7654296875,6997.335904947917,7065.075325520834,43.76213332034462,-25.721462565848924,6.145146680924053,6878.05078125
2025-07-03,6878.05078125,6922.73388671875,6877.43798828125,6898.630859375,154435700.0,6914.587521431164,6899.94697265625,6974.375553385416,7059.671647135417,43.5622617989339,-29.05666462544923,-0.8952155803506043,6865.19189453125
2025-07-04,6865.19189453125,6916.673828125,6843.69091796875,6893.2177734375,132824800.0,6904.708396051181,6893.50537109375,6951.763671875,7051.627180989583,42.71648568561464,-32.36436472805235,-7.189045409890954,6900.93212890625
2025-07-07,6900.93212890625,6900.93212890625,6844.86083984375,6874.0078125,120827500.0,6903.953142622196,6888.15595703125,6934.088151041667,7043.621891276041,45.862645184525405,-31.735970160541,-12.098430360020965,6904.39208984375
2025-07-08,6904.39208984375,6916.8330078125,6885.2822265625,6892.3408203125,151801800.0,6904.040932066507,6885.96240234375,6919.87490234375,7037.281559244791,46.17086952330542,-30.605966476900903,-15.799937583396954,6943.921875
2025-07-09,6943.921875,6943.921875,6907.212890625,6918.69921875,157353100.0,6912.017120653206,6898.49775390625,6905.746223958334,7030.663590494792,49.69474985787631,-26.21847683791566,-17.883645434300696,7005.37109375
2025-07-10,7005.37109375,7013.6298828125,6955.455078125,6968.7978515625,167684600.0,6930.687915272565,6923.96181640625,6898.918359375,7025.276595052083,54.66330629782402,-17.580266914631466,-17.82296973036685,7047.43798828125
2025-07-11,7047.43798828125,7055.794921875,7026.48779296875,7036.2958984375,165301900.0,6954.037929874302,6960.41103515625,6904.171614583333,7019.719091796875,57.74046832668305,-7.256330038743727,-15.709641792042227,7097.15087890625
2025-07-14,7097.15087890625,7136.2958984375,7071.34423828125,7130.53515625,205642100.0,6982.660519680692,6999.65478515625,6916.839127604167,7016.679020182291,61.10060265909256,4.880618390098789,-11.591589755614025,7140.47412109375
2025-07-15,7140.47412109375,7161.8359375,7079.0,7122.0830078125,199389400.0,7014.223239963305,7046.87119140625,6940.3947265625,7014.729264322917,63.801795597487725,17.789989118365156,-5.71527398081819,7192.01806640625
2025-07-16,7192.01806640625,7216.81396484375,7142.86181640625,7182.64501953125,227976400.0,7049.782205251894,7096.4904296875,6961.91787109375,7015.26923828125,66.75929302208752,31.81320126238097,1.790421067821642,7287.02099609375
2025-07-17,7287.02099609375,7291.56396484375,7226.1171875,7229.259765625,202116700.0,7097.229963420266,7152.82041015625,6992.24306640625,7022.667643229167,71.39782385702135,50.01608606524405,11.435554067306125,7311.9150390625
2025-07-18,7311.9150390625,7401.5791015625,7311.9150390625,7346.037109375,273828000.0,7140.166978548714,7205.7158203125,7019.877408854167,7031.570751953125,72.48144853169461,65.69347119245504,22.28713749233591,7398.19189453125
2025-07-21,7398.19189453125,7408.01220703125,7306.8720703125,7366.31005859375,287814600.0,7191.771961745221,7265.9240234375,7051.244921875,7042.542578125,75.8906238668531,84.11016343843403,34.65174268155553,7344.73583984375
2025-07-22,7344.73583984375,7457.380859375,7344.73583984375,7440.2861328125,279326600.0,7222.364737364927,7306.7763671875,7079.869986979166,7050.252945963542,70.09625841243096,93.31637478498851,46.38466910224213,7469.22998046875
2025-07-23,7469.22998046875,7469.22998046875,7354.99609375,7378.23095703125,247067700.0,7271.737785985692,7362.21875,7119.068977864584,7058.20244140625,74.9023079096217,109.39694047918329,58.98712337763036,7530.90185546875
2025-07-24,7530.90185546875,7568.22314453125,7478.36376953125,7485.08203125,242813700.0,7323.570599882304,7410.994921875,7162.5923828125,7068.483968098958,76.8842611818935,125.668679236981,72.32343454950049,7543.5029296875
2025-07-25,7543.5029296875,7552.77490234375,7515.125,7542.375,215990900.0,7367.557065843344,7457.3125,7207.813118489584,7079.788395182291,77.27907356014862,137.99028470584472,85.45680458076934,7614.76806640625
2025-07-28,7614.76806640625,7669.44580078125,7614.76806640625,7630.751953125,229532300.0,7416.999265955926,7500.627734375,7255.402180989583,7094.745166015625,79.41991446186287,151.7563935184926,98.71672236831401,7617.9072265625
2025-07-29,7617.9072265625,7680.19482421875,7565.7880859375,7625.79296875,230535000.0,7457.180858077241,7555.26201171875,7302.969856770834,7111.422379557292,79.51149215985194,161.0628061503421,111.18593912471962,7549.88818359375
2025-07-30,7549.88818359375,7667.55615234375,7528.12890625,7642.25,282476700.0,7475.722323180544,7571.39365234375,7343.367610677084,7124.556917317708,72.03203688485395,161.09266098234184,121.16728349624407,7484.3369140625
2025-07-31,7484.3369140625,7566.751953125,7476.380859375,7551.244140625,325693000.0,7477.445241356935,7562.0806640625,7375.298665364583,7137.108512369791,65.62516892696414,154.0510766176567,127.7440421205266,7537.76806640625
2025-08-01,7537.76806640625,7579.60595703125,7523.6201171875,7545.15185546875,257331800.0,7489.509806366799,7560.93369140625,7407.987337239583,7156.079475911459,68.11465294830893,151.04091211300147,132.40341611902159,7464.64501953125
2025-08-04,7464.64501953125,7560.05615234375,7448.0400390625,7552.49609375,266636100.0,7484.53684899969,7530.90908203125,7432.486946614584,7174.663037109375,61.545498317495664,141.12807963513205,134.1483488222437,7515.18505859375
2025-08-05,7515.18505859375,7546.93994140625,7463.05810546875,7502.69482421875,246898000.0,7490.666490918503,7510.3646484375,7457.46767578125,7198.931201171875,64.12107417949326,135.78500226702909,134.47567951120078,7503.75
2025-08-06,7503.75,7549.26513671875,7502.01123046875,7534.44677734375,260371600.0,7493.2831927348025,7501.13701171875,7478.2498046875,7220.083837890625,63.09143498033702,129.13922470030047,133.4083885490207,7490.18310546875
2025-08-07,7490.18310546875,7580.5498046875,7490.18310546875,7546.3359375,278225900.0,7492.663175281592,7502.30625,7491.7939453125,7242.018505859375,61.823020370751685,121.37848744523853,131.0024083282643,7533.384765625
2025-08-08,7533.384765625,7648.90283203125,7516.97705078125,7639.19287109375,234779100.0,7500.807493350274,7501.42958984375,7506.55859375,7263.218001302083,64.2853272378471,117.36119339809284,128.27416534223,7605.9248046875
2025-08-11,7605.9248046875,7630.10693359375,7559.34716796875,7589.4638671875,238319300.0,7521.83095561772,7529.685546875,7520.407454427083,7285.826188151042,68.01560201023383,118.66296108240294,126.3519244902646,7791.69677734375
2025-08-12,7791.69677734375,7800.8310546875,7646.9111328125,7666.08984375,272446300.0,7575.804119962926,7584.987890625,7550.204850260417,7315.037418619791,75.16852764952645,133.14999670414272,127.71153893304023,7892.9111328125
2025-08-13,7892.9111328125,7903.05322265625,7835.3017578125,7846.1240234375,323979600.0,7639.225522532842,7662.8201171875,7578.450260416666,7348.759619140625,78.04889876127649,151.05693904684085,132.38061895580037,7931.2509765625
2025-08-14,7931.2509765625,7973.98095703125,7905.5478515625,7909.01611328125,361821900.0,7697.630613338774,7751.03369140625,7605.140201822916,7383.866292317708,79.04068039952674,166.42359720369222,139.18921460537877,7898.375
2025-08-15,7898.375,8017.06787109375,7898.373046875,7967.77294921875,346947400.0,7737.77949067102,7824.03173828125,7628.79833984375,7418.305729166666,75.87496924997303,173.94385150730795,146.14014198576461,7862.94921875
2025-08-19,7862.94921875,7931.7587890625,7854.09521484375,7905.34521484375,358268400.0,7762.813436286816,7875.43662109375,7645.34375,7450.372965494792,72.50508829443596,175.0275342778632,151.91762044418434,7943.8251953125
2025-08-20,7943.8251953125,7952.341796875,7863.86181640625,7874.89599609375,374993100.0,7799.015788091953,7905.8623046875,7667.071614583333,7485.020735677083,75.21182138618809,180.3336025643057,157.6008168682086,7890.71484375
2025-08-21,7890.71484375,7932.30517578125,7848.8828125,7903.2900390625,341447000.0,7817.355599223563,7905.423046875,7689.793391927084,7516.580501302084,70.3163581385925,178.19897158072854,161.72044781071259,7858.85107421875
2025-08-22,7858.85107421875,7913.38720703125,7858.85107421875,7910.09912109375,320227000.0,7825.654694222601,7890.94306640625,7714.761002604167,7545.029833984375,67.47859351963464,171.9539432226611,163.7671468931023,7926.9072265625
2025-08-25,7926.9072265625,7951.97802734375,7915.05419921875,7921.02099609375,376267300.0,7845.905200690582,7896.64951171875,7740.70361328125,7574.345475260417,70.24103301695317,170.53050645418807,165.11981880531945,7905.7568359375
2025-08-26,7905.7568359375,7978.06689453125,7881.208984375,7971.787109375,504946100.0,7857.875527739966,7905.21103515625,7770.111067708333,7601.299007161459,68.29936139882838,165.78469997371212,165.252795038998,7936.17578125
2025-08-27,7936.17578125,7945.44482421875,7894.7587890625,7923.0029296875,357580800.0,7873.535578441973,7903.68115234375,7798.177115885416,7627.822395833334,69.60089714978406,162.60377372506355,164.7229907762111,7952.087890625
2025-08-28,7952.087890625,8022.7578125,7941.93896484375,7951.865234375,399326600.0,7889.246040878579,7915.95576171875,7828.06630859375,7653.158056640625,70.28810286134056,159.52790264022406,163.68397314901372,7830.4931640625
2025-08-29,7830.4931640625,7913.85986328125,7765.59619140625,7899.88720703125,481348100.0,7877.495465515363,7910.2841796875,7850.753645833333,7671.273795572916,59.263029011702876,145.60018610848147,160.06721574090727,7736.06591796875
2025-09-01,7736.06591796875,7783.41796875,7547.56396484375,7620.09912109375,358661000.0,7849.209556006041,7872.11591796875,7864.26572265625,7685.412158203125,52.39045923436246,125.49623829854318,153.1530202524345,7801.5849609375
2025-09-02,7801.5849609375,7842.298828125,7771.333984375,7771.333984375,347812700.0,7839.684636992333,7851.28154296875,7877.309733072917,7698.85859375,56.187041361664065,113.54171579768263,145.2307593614841,7885.86279296875
2025-09-03,7885.86279296875,7911.6181640625,7840.7509765625,7843.6318359375,351685500.0,7848.920268187617,7841.2189453125,7883.587467447916,7716.896158854167,60.54543597263716,109.60473216790342,138.10555392276797,7867.34814453125
2025-09-04,7867.34814453125,7899.7958984375,7855.7421875,7873.8427734375,362349800.0,7852.605843456344,7824.27099609375,7881.883268229167,7730.166764322917,59.1532746716784,103.79419204508122,131.24328154723062,7766.84912109375
2025-09-08,7766.84912109375,7934.9912109375,7766.84912109375,7929.06298828125,336787200.0,7835.454498983826,7811.5421875,7870.92314453125,7738.031673177084,52.14442017539431,90.04191865987741,123.00300896975999,7628.60498046875
2025-09-09,7628.60498046875,7791.333984375,7619.716796875,7748.51220703125,335416000.0,7794.084595280811,7790.05,7852.9384765625,7740.868408203125,44.3584278292589,67.21320414970432,111.84504800574886,7699.0068359375
2025-09-10,7699.0068359375,7726.376953125,7661.27978515625,7682.421875,263174400.0,7775.06904341215,7769.534375,7842.008984375,7743.6763671875,48.57000414466754,54.17759915320494,100.31155823524008,7747.90478515625
2025-09-11,7747.90478515625,7819.09814453125,7742.59912109375,7781.1708984375,289797900.0,7769.63619176097,7741.9427734375,7828.947623697916,7748.009619140625,51.325729646815304,47.24780088390162,89.6988067649724,7854.06005859375
2025-09-12,7854.06005859375,7854.81201171875,7790.7939453125,7819.001953125,289619100.0,7786.520965127526,7739.28515625,7826.503971354166,7758.148681640625,56.744451965735514,49.74826221910553,81.70869785579903,7937.1181640625
2025-09-15,7937.1181640625,7937.1181640625,7889.18896484375,7891.26416015625,345056100.0,7816.640404914521,7773.33896484375,7831.72177734375,7773.241389973959,60.45403232988921,57.76609917474525,76.92017811958827,7957.69580078125
2025-09-16,7957.69580078125,7985.576171875,7899.66796875,7979.31982421875,401395800.0,7844.851484087867,7839.15712890625,7833.774348958334,7787.238981119792,61.338655035256686,65.03109801869596,74.54236209940981,8025.17919921875
2025-09-17,8025.17919921875,8025.17919921875,7940.51318359375,7964.423828125,323654400.0,7880.917027114044,7904.3916015625,7841.73583984375,7805.923453776041,64.16937188163939,75.36524458924305,74.70693859737646,8008.43310546875
2025-09-18,8008.43310546875,8068.0087890625,7993.51708984375,8065.7431640625,378167700.0,7906.420242784985,7956.497265625,7846.552994791667,7822.365055338541,62.93787642829161,81.2670642574576,76.0189637293927,8051.1181640625
2025-09-19,8051.1181640625,8051.1181640625,7983.35693359375,7996.19580078125,423577900.0,7935.359827040488,7995.90888671875,7853.155013020833,7840.610660807291,64.7926277276973,88.36995255476268,78.48916149446669,8040.0390625
2025-09-22,8040.0390625,8087.92919921875,8005.34912109375,8082.2587890625,345468800.0,7956.295674132391,8016.49306640625,7867.124739583333,7858.939192708333,63.898784556286806,92.04402556840887,81.20013430925513,8125.201171875
2025-09-23,8125.201171875,8125.201171875,8039.94677734375,8066.294921875,518663700.0,7990.076773680913,8049.994140625,7893.06708984375,7878.66640625,67.59895171490737,100.6671966196318,85.09354677133047,8126.55810546875
2025-09-24,8126.55810546875,8169.01708984375,8077.83984375,8161.2841796875,454412900.0,8017.373040038481,8070.269921875,7914.731966145833,7896.020849609375,67.65583600187426,106.38428321003812,89.351694059072,8040.6650390625
2025-09-25,8040.6650390625,8146.08984375,8022.97900390625,8130.02197265625,483927800.0,8022.031439843286,8076.71630859375,7925.052115885416,7904.319791666667,60.424321877025065,102.79925705661026,92.04120665857967,8099.3330078125
2025-09-26,8099.3330078125,8099.3330078125,8034.998046875,8051.76220703125,351966900.0,8037.491753437129,8086.35927734375,7940.5177734375,7911.200520833333,63.30908491720541,103.49904026054446,94.33277337897263,8123.2451171875
2025-09-29,8123.2451171875,8157.330078125,8100.01708984375,8139.5791015625,439450000.0,8054.6424261872035,8103.00048828125,7964.277506510417,7917.600325520833,64.44661846440398,104.77534590880532,96.42128788493918,8061.06201171875
2025-09-30,8061.06201171875,8150.341796875,8042.8232421875,8137.634765625,461651600.0,8055.926343293513,8090.17265625,7993.107975260416,7923.023225911458,59.29806317885434,99.62080379060444,97.06119106607224,8043.82177734375
2025-10-01,8043.82177734375,8093.69384765625,8034.25,8069.93701171875,536747800.0,8053.505430103561,8073.625390625,8016.095638020834,7929.052311197916,57.91658622912534,93.07177569895885,96.26330799264957,8071.0810546875
2025-10-02,8071.0810546875,8109.43603515625,8059.048828125,8070.4248046875,402266500.0,8057.020555020349,8079.70859375,8037.64072265625,7933.294173177083,59.52232377683799,89.0546530141346,94.82157699694659,8118.30078125
2025-10-03,8118.30078125,8118.30078125,8076.59716796875,8099.64501953125,428024700.0,8069.276600266279,8083.5021484375,8055.256770833334,7940.88037109375,62.21206542872292,88.65928262486614,93.5891181225305,8139.89404296875
2025-10-06,8139.89404296875,8176.30810546875,8104.5517578125,8155.365234375,429540400.0,8083.400088806774,8086.83193359375,8068.775162760417,7950.248470052084,63.4094760030156,89.06169670058352,92.6836338381411,8169.28076171875
2025-10-07,8169.28076171875,8217.0458984375,8153.712890625,8182.65576171875,426851900.0,8100.57622338917,8108.47568359375,8082.880826822917,7958.327587890625,65.03338274682673,90.70626994565464,92.28816105964381,8166.02880859375
2025-10-08,8166.02880859375,8224.64453125,8044.93310546875,8201.140625,355267800.0,8113.666740430087,8132.91708984375,8092.27080078125,7967.0033203125,64.69123337145142,90.70164850722631,91.97085854916033,8250.9384765625
2025-10-09,8250.9384765625,8272.6318359375,8159.94482421875,8187.7001953125,347199100.0,8141.12108765657,8168.88857421875,8108.437825520833,7977.49541015625,69.24154803571696,96.43781150873292,92.86424914107485,8257.859375
2025-10-10,8257.859375,8270.33203125,8194.046875,8259.0751953125,366345900.0,8164.468745125256,8196.80029296875,8122.220572916666,7987.68779296875,69.58560322048518,100.38504437377378,94.36840818761463,8227.2021484375
2025-10-13,8227.2021484375,8288.279296875,8133.626953125,8169.64892578125,366939200.0,8177.015425787705,8214.2619140625,8134.698111979166,8000.91142578125,66.06058690738226,99.8880259026646,95.47233173062463,8066.52197265625
2025-10-14,8066.52197265625,8284.91015625,7974.02978515625,8269.48046875,440487100.0,8154.916735161414,8193.71015625,8130.786165364583,8011.926627604166,51.37193925328051,85.54250708488507,93.48636680147673,8051.1748046875
2025-10-15,8051.1748046875,8132.52197265625,7936.37109375,8107.298828125,329138800.0,8134.168349066631,8170.73935546875,8125.760611979166,8020.2462890625,50.223269983158254,72.10402159669775,89.20989776052095,8124.7568359375
2025-10-16,8124.7568359375,8148.044921875,8030.77685546875,8064.67919921875,246641300.0,8132.286046440805,8145.50302734375,8131.366731770833,8028.209423828125,55.375238069047555,66.62338706496485,84.69259562140972,7915.65576171875
2025-10-17,7915.65576171875,8140.59716796875,7854.30712890625,8132.7470703125,353739000.0,8088.959989496394,8077.0623046875,8119.12158203125,8029.819677734375,42.05449624897614,44.889774180031054,76.73203133313399,8088.97802734375
2025-10-20,8088.97802734375,8117.26904296875,7937.384765625,7988.4482421875,307599100.0,8088.9635970658655,8049.41748046875,8116.837109375,8040.557307942709,52.29768231753773,41.17672801884419,69.62097067027604,8238.083984375
2025-10-21,8238.083984375,8238.083984375,8161.19384765625,8165.69189453125,281761500.0,8118.7876745276935,8083.7298828125,8128.63857421875,8060.873274739583,59.0106116764908,49.69288810566195,65.63535415735322,8152.55322265625
2025-10-22,8152.55322265625,8261.84375,8141.98583984375,8235.69921875,275367500.0,8125.540784153405,8104.00556640625,8135.887337239584,8075.991487630208,54.29093801626388,48.97582583593885,62.30344849307035,8274.3515625
2025-10-23,8274.3515625,8292.8876953125,8179.61279296875,8179.8837890625,281648700.0,8155.3029398227245,8133.92451171875,8149.438704427083,8093.539713541667,59.28485739424832,57.57200272513364,61.35715933948301,8271.7216796875
2025-10-24,8271.7216796875,8351.05859375,8271.7216796875,8294.8916015625,238196400.0,8178.58668779568,8205.1376953125,8159.666764322917,8107.461767578125,59.13462597039284,63.44101672763554,61.773930817113516,8117.15087890625
2025-10-27,8117.15087890625,8354.6728515625,7959.1689453125,8322.216796875,359000200.0,8166.299526017794,8210.772265625,8158.150553385417,8113.462858072917,50.96074164979464,54.98583827151742,60.4163123079943,8092.62890625
2025-10-28,8092.62890625,8151.3349609375,8039.85107421875,8144.4248046875,282866700.0,8151.565402064236,8181.68125,8153.0404296875,8117.960628255209,49.785037365788455,45.77862270771766,57.48877438793898,8166.22412109375
2025-10-29,8166.22412109375,8169.13916015625,8042.6298828125,8107.3759765625,248336300.0,8154.497145870139,8184.4154296875,8153.053450520833,8122.662125651042,53.26954356000248,43.914141923528405,54.77384789505687,8184.06396484375
2025-10-30,8184.06396484375,8231.8828125,8145.60400390625,8176.36083984375,326703000.0,8160.410509664862,8166.35791015625,8148.595149739584,8128.516487630209,54.10099618543836,43.37604175729939,52.49428666750538,8163.875
2025-10-31,8163.875,8215.5458984375,8144.0771484375,8202.5234375,245393300.0,8161.103407731889,8144.78857421875,8142.329524739584,8132.275048828125,52.9527534087177,40.84962372776317,50.16535407955694,8275.083984375
2025-11-03,8275.083984375,8282.16015625,8201.3642578125,8208.0302734375,338112200.0,8183.8995230605115,8176.3751953125,8145.521647135417,8140.109879557292,58.21379673857157,47.27608557809526,49.58750037926461,8241.9111328125
2025-11-04,8241.9111328125,8317.076171875,8225.9111328125,8275.953125,254611100.0,8195.50184501091,8206.231640625,8157.2142578125,8144.000211588542,56.19513298759349,49.126036640143866,49.495207631440465,8318.5263671875
2025-11-05,8318.5263671875,8318.5263671875,8181.90380859375,8213.6005859375,333837700.0,8220.106749446228,8236.69208984375,8175.0376953125,8150.399153645833,59.67328027308017,56.12734421280129,50.82163494771264,8337.0576171875
2025-11-06,8337.0576171875,8362.916015625,8289.890625,8354.6796875,229181000.0,8243.496922994482,8267.2908203125,8189.191080729167,8160.27890625,60.490430976279775,62.45134764764316,53.14757748769875,8394.58984375
2025-11-07,8394.58984375,8398.7646484375,8332.6005859375,8346.5771484375,227520700.0,8273.715507145585,8313.4337890625,8221.12001953125,8170.12080078125,62.99731180110983,71.28382029077875,56.77482604831475,8391.240234375
2025-11-10,8391.240234375,8478.1484375,8391.240234375,8443.3203125,415934000.0,8297.220452591468,8336.6650390625,8241.270833333334,8179.053971354167,62.74768181850836,77.12429218023499,60.8447192746988,8366.5146484375
2025-11-11,8366.5146484375,8443.6865234375,8338.396484375,8437.958984375,677885600.0,8311.079291760674,8361.5857421875,8249.832877604167,8189.235725911459,60.83148438203241,78.84883974328295,64.44554336841563,8388.56640625
2025-11-12,8388.56640625,8428.9482421875,8377.4970703125,8392.2802734375,491096300.0,8326.57671465854,8375.59375,8265.56708984375,8200.727213541666,61.947591867003545,81.06053330344002,67.76854135542051,8371.9990234375
2025-11-13,8371.9990234375,8418.1630859375,8354.8359375,8412.826171875,534184900.0,8335.661176414333,8382.58203125,8272.076920572918,8210.7578125,60.551577945811715,80.54796030366742,70.3244251450699,8370.435546875
2025-11-14,8370.435546875,8417.134765625,8360.9365234375,8378.12890625,422843300.0,8342.616050506465,8377.751171875,8278.657845052083,8219.1623046875,60.41321512066298,79.10372452046977,72.08028502014987,8416.8818359375
2025-11-17,8416.8818359375,8452.3291015625,8391.9951171875,8397.8359375,382110500.0,8357.469207592672,8382.8794921875,8298.639908854168,8228.395231119792,63.110003677186384,80.77585088881278,73.81939819388245,8361.92578125
2025-11-18,8361.92578125,8442.865234375,8341.9033203125,8427.3984375,374837900.0,8358.360522324137,8381.96171875,8316.593033854168,8234.816731770834,58.06928613431691,76.78144010958022,74.411806577022,8406.5771484375
2025-11-19,8406.5771484375,8426.6328125,8375.5751953125,8384.3623046875,394548300.0,8368.00384754681,8385.5638671875,8332.616569010417,8242.835009765626,60.80828777233736,76.33884625351857,74.79721451232132,8419.9169921875
2025-11-20,8419.9169921875,8491.427734375,8419.9169921875,8449.5419921875,319147400.0,8378.386476474949,8395.1474609375,8348.340104166668,8248.467626953125,61.61500655999044,76.1862734032893,75.07502629051493,8414.3515625
2025-11-21,8414.3515625,8432.6025390625,8361.271484375,8403.9013671875,288992600.0,8385.57949367996,8403.9306640625,8365.038541666667,8253.684033203124,61.05039591817663,74.75455072899786,75.01093117821152,8570.25390625
2025-11-24,8570.25390625,8570.25390625,8429.4638671875,8458.29296875,471629100.0,8422.514376193969,8434.605078125,8384.716536458332,8265.119091796874,69.48575868072768,85.2175811753059,77.0522611776304,8521.884765625
2025-11-25,8521.884765625,8574.384765625,8487.220703125,8570.845703125,414092000.0,8442.388454080176,8466.596875,8403.3814453125,8280.2978515625,64.79701867390457,88.58546468109853,79.35890187832402,8602.1298828125
2025-11-26,8602.1298828125,8602.1298828125,8503.146484375,8533.8857421875,498634000.0,8474.336739826642,8505.707421875,8422.288346354168,8298.663020833334,68.58441245646864,96.6159187740268,82.81030525746458,8545.865234375
2025-11-27,8545.865234375,8622.267578125,8521.49609375,8611.328125,463624300.0,8488.642438736315,8530.8970703125,8436.208854166667,8312.699967447918,63.43133636785304,97.31820095126204,85.71188439622406,8508.7060546875
2025-11-28,8508.7060546875,8572.359375,8495.205078125,8555.65625,386357400.0,8492.655161926552,8549.76796875,8443.8166015625,8332.468310546876,60.213596773930185,93.79511765691677,87.3285310483626,8548.7880859375
2025-12-01,8548.7880859375,8553.6162109375,8493.2451171875,8541.5390625,433587600.0,8503.881746728743,8545.4748046875,8454.319791666667,8347.7953125,62.42762892774593,93.16340397722342,88.49550563413477,8617.04296875
2025-12-02,8617.04296875,8625.6357421875,8564.6953125,8577.6064453125,405114200.0,8526.513991132995,8564.5064453125,8471.0216796875,8360.427278645833,65.90687205970758,97.05161435023001,90.20672737735383,8611.787109375
2025-12-03,8611.787109375,8669.1865234375,8591.806640625,8655.017578125,432093300.0,8543.568614781398,8566.437890625,8485.903059895832,8375.735074869792,65.40462278781334,98.57266088207143,91.87991407829736,8640.1962890625
2025-12-04,8640.1962890625,8650.296875,8606.9033203125,8646.646484375,447262700.0,8562.894149637617,8585.3041015625,8503.782877604166,8387.929899088542,66.87407760097886,100.90728818685056,93.68538890000801,8632.7607421875
2025-12-05,8632.7607421875,8689.0986328125,8617.0380859375,8658.8896484375,421538600.0,8576.867468147595,8610.1150390625,8521.271223958332,8399.964534505209,66.0829140758062,100.99332249900908,95.14697561980823,8710.6953125
2025-12-08,8710.6953125,8720.0908203125,8642.0615234375,8676.7265625,525913600.0,8603.633037018077,8642.496484375,8540.8587890625,8419.749348958334,70.07860755759697,106.12681000498378,97.34294249684334,8657.1787109375
2025-12-09,8657.1787109375,8749.2626953125,8626.845703125,8743.208984375,498676700.0,8614.342171801962,8650.5236328125,8560.542317708334,8438.56767578125,64.46263767098621,104.67022020547665,98.80839803857,8700.923828125
2025-12-10,8700.923828125,8720.880859375,8668.6064453125,8713.7109375,623753400.0,8631.65850306657,8668.3509765625,8580.1654296875,8456.390999348958,66.8044138746593,105.8258333267404,100.21188509620409,8620.4814453125
2025-12-11,8620.4814453125,8776.9697265625,8560.10546875,8764.0908203125,667238000.0,8629.423091515757,8664.4080078125,8593.536393229168,8470.938248697918,59.09296466146252,99.10817964095804,99.99114400515488,8660.4990234375
2025-12-12,8660.4990234375,8680.041015625,8585.421875,8651.765625,457344900.0,8635.638277900107,8669.9556640625,8609.946223958334,8487.4923828125,61.475391831711285,95.90790814621869,99.17449683336764,8649.662109375
2025-12-15,8649.662109375,8720.6826171875,8622.9853515625,8705.2392578125,553538600.0,8638.443044195086,8657.7490234375,8615.240104166667,8499.9783203125,60.44868140965942,91.44312214226375,97.62822189514686,8686.46875
2025-12-16,8686.46875,8700.861328125,8611.3466796875,8696.6962890625,431043000.0,8648.04818535607,8663.60703125,8626.212369791667,8514.796907552083,62.72567440343887,89.83912583982237,96.07040268408197,8677.3447265625
2025-12-17,8677.3447265625,8729.4658203125,8660.748046875,8708.3271484375,341969700.0,8653.907493597357,8658.8912109375,8631.226692708333,8526.75751953125,61.77623541600175,86.83078355269754,94.2224788578051,8618.1953125
2025-12-18,8618.1953125,8730.708984375,8618.1953125,8705.1376953125,328562900.0,8646.765057377886,8658.433984375,8636.048697916667,8536.128776041667,55.87198755366478,78.76582384637186,91.13114785551846,8609.55078125
2025-12-19,8609.55078125,8671.767578125,8562.8876953125,8657.2421875,307160800.0,8639.32220215231,8648.2443359375,8642.7716796875,8543.294140625,55.04399060008366,70.85991475912124,87.07690123623902,8645.84375
2025-12-22,8645.84375,8648.794921875,8609.388671875,8629.24609375,374939200.0,8640.62651172185,8647.4806640625,8649.242057291667,8551.780924479166,57.86706339794102,66.75347164507548,83.01221531800633,8584.7822265625
2025-12-23,8584.7822265625,8667.7333984375,8566.9951171875,8656.6533203125,329812800.0,8629.45765468998,8627.143359375,8647.091341145833,8559.056510416667,51.955581574765425,57.904444866748236,77.99066122775471,8537.9111328125
2025-12-24,8537.9111328125,8611.3330078125,8525.1005859375,8597.3876953125,280698800.0,8611.148350314485,8599.256640625,8642.166276041668,8564.03466796875,47.90972288731404,46.572562335388284,71.70704144928143,8644.255859375
2025-12-29,8644.255859375,8652.1826171875,8545.7216796875,8545.7216796875,334277800.0,8617.769852126588,8604.46875,8642.4369140625,8573.109895833333,56.23664757262198,45.646905350444285,66.49501422951401,8646.9384765625
