Date,Close,Return_Target,Return_Lag_1,Return_Lag_2,Return_Lag_3,Return_Lag_5,RSI_14,MACD_Hist,Normalized_ATR,Vol_to_SMA_20,Rolling_Mom_5,Day_of_Week,Is_Month_End
2010-02-18,2559.934326171875,-0.002210196928307928,-0.008253948496693142,0.00892527579321678,0.016305633376228812,0.010521694862086761,49.178608214399695,5.364843177474164,0.015250630170704826,0.8205007435434152,0.020916207438746004,3,0
2010-02-19,2554.2763671875,0.0038707490769729347,-0.002210196928307928,-0.008253948496693142,0.00892527579321678,-0.0065824480960932075,48.21015045639363,5.565317416434546,0.015095573461338626,0.7000236902213024,0.008184315648351315,4,0
2010-02-22,2564.163330078125,0.007560641134903623,0.0038707490769729347,-0.002210196928307928,-0.008253948496693142,0.016305633376228812,50.06083960215914,6.205588323414538,0.01455255171584486,0.6220721605013846,0.018637512821417457,0,0
2010-02-23,2583.550048828125,-0.0016389754097935194,0.007560641134903623,0.0038707490769729347,-0.002210196928307928,0.00892527579321678,53.56482287405195,7.680059637423444,0.014674020447262667,1.0843897997445753,0.009892520580092268,1,0
2010-02-24,2579.315673828125,-0.011779029703800625,-0.0016389754097935194,0.007560641134903623,0.0038707490769729347,-0.008253948496693142,52.69513975814761,8.075149953308726,0.01442861527861605,1.3006342519411016,-0.000671730622918032,2,0
2010-02-25,2548.933837890625,0.0022129350382307234,-0.011779029703800625,-0.0016389754097935194,0.007560641134903623,-0.002210196928307928,46.821154353302134,6.085919111467424,0.01487659698634294,0.7799582893075787,-0.004196811830025515,3,0
2010-03-01,2554.574462890625,0.008579221347427834,0.0022129350382307234,-0.011779029703800625,-0.0016389754097935194,0.0038707490769729347,47.98053508961283,4.991518989001355,0.014329928794228933,0.6289202752923752,0.0002263201365131362,0,0
2010-03-02,2576.49072265625,-0.0036877543397301205,0.008579221347427834,0.0022129350382307234,-0.011779029703800625,0.007560641134903623,52.329269418937756,5.542647994952999,0.013820171708397711,0.8495974896747861,0.004934792406968036,1,0
2010-03-03,2566.9892578125,-0.0005625624620282377,-0.0036877543397301205,0.008579221347427834,0.0022129350382307234,-0.0016389754097935194,50.36354733030756,5.078633083231146,0.013798121603471514,1.140791592519133,-0.006313603067665707,2,0
2010-03-04,2565.545166015625,0.005116442702950197,-0.0005625624620282377,-0.0036877543397301205,0.008579221347427834,-0.011779029703800625,50.05578135173494,4.505297551198618,0.0134367756765796,0.8512216932523697,-0.005237190119900426,3,0
2010-03-05,2578.671630859375,0.01848897757378909,0.005116442702950197,-0.0005625624620282377,-0.0036877543397301205,0.0022129350382307234,52.874782959511776,4.813087569108844,0.012896638131595395,0.8849044251487719,0.011658282286850397,4,0
2010-03-08,2626.3486328125,0.011694884436232789,0.01848897757378909,0.005116442702950197,-0.0005625624620282377,0.008579221347427834,61.39739235934383,7.850979711955949,0.013088557942413643,1.0470876146002792,0.027934324822408763,0,0
2010-03-09,2657.0634765625,0.004912006727351592,0.011694884436232789,0.01848897757378909,0.005116442702950197,-0.0036877543397301205,65.70093013781533,11.34041636915611,0.012907436817170359,1.080208079491936,0.031049987911213717,1,0
2010-03-10,2670.114990234375,0.0023605644471034193,0.004912006727351592,0.011694884436232789,0.01848897757378909,-0.0005625624620282377,67.36579603120295,13.776870780829217,0.01255350746732827,1.0769570031483042,0.03964974897829543,2,0
2010-03-11,2676.41796875,-0.003740350836224371,0.0023605644471034193,0.004912006727351592,0.011694884436232789,0.005116442702950197,68.16934458217789,14.963537331204602,0.012301596534927404,1.421169836285964,0.042572875887427086,3,0
2010-03-12,2666.4072265625,0.001161459433980605,-0.003740350836224371,0.0023605644471034193,0.004912006727351592,0.01848897757378909,65.4143712242606,14.229445569251558,0.012140305544212858,1.7974763941445306,0.03371608234825252,4,0
2010-03-15,2669.504150390625,0.03245944935239953,0.001161459433980605,-0.003740350836224371,0.0023605644471034193,0.011694884436232789,65.8738490135737,13.1340108500399,0.011917007236122806,1.0163686515480133,0.016388564208444034,0,0
2010-03-17,2756.15478515625,-0.0069007485909111654,0.03245944935239953,0.001161459433980605,-0.003740350836224371,0.004912006727351592,75.62954716613334,17.171785431558973,0.01296874361220228,2.0868907758889783,0.03715312912461077,2,0
2010-03-18,2737.13525390625,0.0020941360444537427,-0.0069007485909111654,0.03245944935239953,0.001161459433980605,0.0023605644471034193,70.84239713232652,17.43252823748197,0.013719190280780712,1.8061653164414428,0.025340373806348016,3,0
2010-03-19,2742.8671875,-0.014791650644996879,0.0020941360444537427,-0.0069007485909111654,0.03245944935239953,-0.003740350836224371,71.4293347117384,16.852080535284685,0.013558346611437712,1.1555512099672824,0.02507394540369834,4,0
2010-03-22,2702.295654296875,0.0068313950730729545,-0.014791650644996879,0.0020941360444537427,-0.0069007485909111654,0.001161459433980605,61.927099194110106,12.781430568858639,0.01396069574030607,1.009060063688244,0.014022645594925831,0,0
2010-03-23,2720.756103515625,0.01984221951169829,0.0068313950730729545,-0.014791650644996879,0.0020941360444537427,0.03245944935239953,64.25704171816437,10.47473138034379,0.014023661346685784,0.8026379482378052,0.01969258123401818,1,0
2010-03-24,2774.741943359375,0.008756884856004676,0.01984221951169829,0.0068313950730729545,-0.014791650644996879,-0.0069007485909111654,70.03267375512539,11.63783675338101,0.014158339758771921,0.9515872813660946,0.007075351393316942,2,0
2010-03-25,2799.0400390625,0.004977641260239585,0.008756884856004676,0.01984221951169829,0.0068313950730729545,0.0020941360444537427,72.20930793303485,12.9936490395949,0.014427717854900579,1.1870897356256866,0.022732984840232784,3,0
2010-03-26,2812.97265625,-0.006509322738817547,0.004977641260239585,0.008756884856004676,0.01984221951169829,-0.014791650644996879,73.40227141083442,13.708056587491988,0.013856947985291797,1.1337776374223283,0.025616490056018626,4,0
2010-03-29,2794.662109375,0.0012513392230024678,-0.006509322738817547,0.004977641260239585,0.008756884856004676,0.0068313950730729545,69.19814712988443,11.894066808948146,0.013804236455430509,1.263518490355908,0.03389881796219796,0,0
2010-03-30,2798.1591796875,-0.007492893451505278,0.0012513392230024678,-0.006509322738817547,0.004977641260239585,0.01984221951169829,69.55677532616458,9.955021109210115,0.01360463568848357,1.0990064741346726,0.02831876211212747,1,0
2010-03-31,2777.19287109375,0.018973516669594126,-0.007492893451505278,0.0012513392230024678,-0.006509322738817547,0.008756884856004676,64.69348257430488,6.455355562819783,0.014045326127952566,1.0850175148114511,0.000983649148923904,2,1
2010-04-01,2829.885986328125,0.020229720565052123,0.018973516669594126,-0.007492893451505278,0.0012513392230024678,0.004977641260239585,70.31163849211401,6.847041267396946,0.014236397826155258,1.0822209011151345,0.011200280962513354,3,0
2010-04-05,2887.1337890625,-0.002174078490068232,0.020229720565052123,0.018973516669594126,-0.007492893451505278,-0.006509322738817547,74.97141270888314,9.932281459823614,0.014446200632178911,1.1098979080178855,0.026452360267325892,0,0
2010-04-06,2880.85693359375,0.0061135645030208075,-0.002174078490068232,0.020229720565052123,0.018973516669594126,0.0012513392230024678,73.60724675183286,10.467423073526547,0.01442824058705345,1.9747718737618671,0.030787604516075207,1,0
2010-04-07,2898.46923828125,-0.01647294967288937,0.0061135645030208075,-0.002174078490068232,0.020229720565052123,-0.007492893451505278,74.98277463565685,10.876852311246864,0.014182179108354755,1.4759432227004188,0.035649829796093546,2,0
2010-04-08,2850.722900390625,-0.0020424678122266116,-0.01647294967288937,0.0061135645030208075,-0.002174078490068232,0.018973516669594126,65.08031842178318,6.990198083755736,0.01492267665012072,1.125213236456402,0.026669773574709454,3,0
2010-04-09,2844.900390625,0.012766899241996255,-0.0020424678122266116,-0.01647294967288937,0.0061135645030208075,0.020229720565052123,63.970841358158566,3.2741355000598134,0.014832280291913478,0.9171451250251227,0.005653789092888717,4,0
2010-04-12,2881.220947265625,0.0011684974114689606,0.012766899241996255,-0.0020424678122266116,-0.01647294967288937,-0.002174078490068232,67.67304582455023,2.5418082219908342,0.014533875373491115,1.0809334031759552,-0.0018090322301671513,0,0
2010-04-13,2884.587646484375,0.00010918073736942979,0.0011684974114689606,0.012766899241996255,-0.0020424678122266116,0.0061135645030208075,68.00127371174374,1.6091867454226687,0.014190562166247747,1.0711701637128315,0.0015335436713700412,1,0
2010-04-14,2884.902587890625,0.005377876016549932,0.00010918073736942979,0.0011684974114689606,0.012766899241996255,-0.01647294967288937,68.03397083229427,0.40149058823534745,0.01372208443815959,1.0595213852549068,-0.0044708400942813364,2,0
2010-04-15,2900.417236328125,-0.007536294490227302,0.005377876016549932,0.00010918073736942979,0.0011684974114689606,-0.0020424678122266116,69.67771994517568,0.05378709368478951,0.013380624712038705,1.2120291126738474,0.017379985595157965,3,0
2010-04-16,2878.558837890625,-0.013285863787667052,-0.007536294490227302,0.005377876016549932,0.00010918073736942979,0.012766899241996255,64.63488339145144,-2.121845601991886,0.013570073118883938,0.7896963674880492,0.011886158917157275,4,0
2010-04-19,2840.314697265625,0.01790040148947103,-0.013285863787667052,-0.007536294490227302,0.005377876016549932,0.0011684974114689606,56.87848302612625,-6.370002318083024,0.014452354580530433,0.8192261454884108,-0.014166604112506032,0,0
2010-04-20,2891.157470703125,0.0074555523176009775,0.01790040148947103,-0.013285863787667052,-0.007536294490227302,0.00010918073736942979,63.20085429123962,-5.994644287909146,0.014473513045553669,0.880787356986029,0.0025652999654960373,1,0
2010-04-21,2912.712646484375,0.004705346503084407,0.0074555523176009775,0.01790040148947103,-0.013285863787667052,0.005377876016549932,65.50967530589926,-4.596436729662017,0.01396020146312883,1.359258467340078,0.009911671545727585,2,0
2010-04-22,2926.41796875,-0.0006154368274995381,0.004705346503084407,0.0074555523176009775,0.01790040148947103,-0.007536294490227302,66.93038089578096,-3.120906357346456,0.013985530717112366,1.0221155066966645,0.00923914203226206,3,0
2010-04-23,2924.616943359375,0.006830822445948348,-0.0006154368274995381,0.004705346503084407,0.0074555523176009775,-0.013285863787667052,66.542479757134,-2.656726988363502,0.01347084526399421,0.789450880994956,0.016159999694989824,4,0
2010-04-26,2944.594482421875,-0.0018371521107723998,0.006830822445948348,-0.0006154368274995381,0.004705346503084407,0.01790040148947103,68.70881938275998,-1.454863561778609,0.013153862487509535,0.8342474228408141,0.03627668592860522,0,0
2010-04-27,2939.184814453125,-0.012241067519369042,-0.0018371521107723998,0.006830822445948348,-0.0006154368274995381,0.0074555523176009775,67.43550768005312,-1.4704740412541923,0.012584046358837008,0.8636797349299054,0.016539132328361794,1,0
2010-04-28,2903.2060546875,0.008108290840910914,-0.012241067519369042,-0.0018371521107723998,0.006830822445948348,0.004705346503084407,59.53339599920805,-4.195851767248136,0.013395478985843945,1.0503049486055678,-0.0031574875086082255,2,0
2010-04-29,2926.74609375,0.015167144479724337,0.008108290840910914,-0.012241067519369042,-0.0018371521107723998,-0.0006154368274995381,62.61972813940802,-4.6688764132197775,0.012940062030911255,1.224978266469588,0.0002454568292182824,3,0
2010-04-30,2971.136474609375,-0.003485766992405326,0.015167144479724337,0.008108290840910914,-0.012241067519369042,0.006830822445948348,67.63293472044057,-2.36411163334688,0.012943458500878902,1.0336373493509683,0.016028038136442158,4,1
2010-05-03,2960.77978515625,-0.0006349282786665134,-0.003485766992405326,0.015167144479724337,0.008108290840910914,-0.0018371521107723998,65.42820715632867,-1.9275436738643563,0.012831150262456638,0.8095384957300916,0.005711448698088484,0,0
2010-05-04,2958.89990234375,-0.03811272169981095,-0.0006349282786665134,-0.003485766992405326,0.015167144479724337,-0.012241067519369042,65.01392370758472,-2.139447643872657,0.0131291746698041,0.8112293529577191,0.00691367253019437,1,0
2010-05-05,2846.128173828125,-0.01251580387658291,-0.03811272169981095,-0.0006349282786665134,-0.003485766992405326,0.008108290840910914,46.1399351947722,-9.818675195291107,0.015787620721633346,1.335283639034474,-0.018957981650247535,2,0
2010-05-06,2810.506591796875,-0.025362073031797272,-0.01251580387658291,-0.03811272169981095,-0.0006349282786665134,0.015167144479724337,41.992959917746695,-16.82979784516491,0.01732511455407353,1.0335766071002954,-0.03958207636774136,3,0
2010-05-07,2739.226318359375,0.04055510085632896,-0.025362073031797272,-0.01251580387658291,-0.03811272169981095,-0.003485766992405326,35.17927314574875,-25.291926518190152,0.019254847919739138,0.7482399890291017,-0.08011129387926297,4,0
2010-05-10,2850.31591796875,-0.013168427910351888,0.04055510085632896,-0.025362073031797272,-0.01251580387658291,-0.0006349282786665134,49.05349918849806,-22.523854222683248,0.020207692134153993,1.1912854621567432,-0.03607042603052868,0,0
2010-05-11,2812.78173828125,0.012346940245742788,-0.013168427910351888,0.04055510085632896,-0.025362073031797272,-0.03811272169981095,45.5091855704674,-22.29550241159871,0.020459809120344046,1.058164045187842,-0.048603925662214054,1,0
2010-05-12,2847.510986328125,0.003779771001692911,0.012346940245742788,-0.013168427910351888,0.04055510085632896,-0.01251580387658291,49.1688810945936,-19.00846967948101,0.019674319069028685,0.588607000117397,0.0018557362833396818,2,0
2010-05-14,2858.27392578125,-0.013614446819941728,0.003779771001692911,0.012346940245742788,-0.013168427910351888,-0.025362073031797272,50.28328915636382,-15.462776367306947,0.018840893961963635,0.6143186869090211,0.018151311161615502,4,0
2010-05-17,2819.360107421875,0.005219473785252449,-0.013614446819941728,0.003779771001692911,0.012346940245742788,0.04055510085632896,46.32852421735526,-15.075842551536645,0.019712423619105454,0.5782610193181805,0.029898937373471046,0,0
2010-05-18,2834.07568359375,-0.03694255543455094,0.005219473785252449,-0.013614446819941728,0.003779771001692911,-0.013168427910351888,47.994261000990214,-13.232178137127807,0.018681367841843786,0.7145486308023407,-0.005436689697605468,1,0
2010-05-19,2729.377685546875,-0.01290894940047127,-0.03694255543455094,0.005219473785252449,-0.013614446819941728,0.012346940245742788,38.77389674703869,-18.162647664356626,0.020955426261311916,1.0622399219441376,-0.02921081722180452,2,0
2010-05-20,2694.144287109375,-0.026362875576053546,-0.01290894940047127,-0.03694255543455094,0.005219473785252449,0.003779771001692911,36.25002152973836,-22.606084936536874,0.022463976627369552,1.1121454229667158,-0.05446670686801858,3,0
2010-05-21,2623.118896484375,-0.005188614050526397,-0.026362875576053546,-0.01290894940047127,-0.03694255543455094,-0.013614446819941728,31.761772554516156,-28.743964986870324,0.0243998357041363,0.9503747181645225,-0.08460935344576503,4,0
2010-05-24,2609.508544921875,-0.03659215794251547,-0.005188614050526397,-0.026362875576053546,-0.01290894940047127,0.005219473785252449,30.970444600990845,-31.892524157654144,0.02474617354889805,1.215009833378185,-0.0761835206763497,0,0
2010-05-25,2514.02099609375,0.07265414768539324,-0.03659215794251547,-0.005188614050526397,-0.026362875576053546,-0.03694255543455094,26.064113821335013,-38.154904175106424,0.026907139404613353,1.5510249873353406,-0.11799515240411762,1,0
2010-05-26,2696.675048828125,0.006356840803575681,0.07265414768539324,-0.03659215794251547,-0.005188614050526397,-0.01290894940047127,44.25590634437168,-28.203372499127774,0.028268998432906377,1.9754035420290033,-0.008398449284173437,2,0
2010-05-27,2713.8173828125,0.030595559688213037,0.006356840803575681,0.07265414768539324,-0.03659215794251547,-0.026362875576053546,45.60852803194964,-19.10924085814611,0.029078558261695676,1.9572684155250009,0.010867340919873514,3,0
2010-05-31,2796.84814453125,-0.02586451161804104,0.030595559688213037,0.006356840803575681,0.07265414768539324,-0.005188614050526397,51.719408930823505,-6.780841000517739,0.028384174821603925,1.1072995663801208,0.0678257761841401,0,1
2010-06-01,2724.509033203125,0.003326376983955326,-0.02586451161804104,0.030595559688213037,0.006356840803575681,-0.03659215794251547,46.78743189506738,-2.9714269923701053,0.028966265937593046,1.0734684752073185,0.04714987861662545,1,0
2010-06-02,2733.57177734375,0.028276520513615067,0.003326376983955326,-0.02586451161804104,0.030595559688213037,0.07265414768539324,47.463360791833026,0.5004046780523694,0.028116799649966828,1.1359069072725339,0.08706841354309625,2,0
2010-06-03,2810.86767578125,0.00436642308200752,0.028276520513615067,0.003326376983955326,-0.02586451161804104,0.006356840803575681,52.952505819462495,7.931987104805437,0.027376437756269873,1.1874075975647918,0.04269078637131807,3,0
2010-06-04,2823.14111328125,-0.025863084340791875,0.00436642308200752,0.028276520513615067,0.003326376983955326,0.030595559688213037,53.77832048140695,13.28822860579448,0.02613041149468545,0.9443371978518681,0.04070036864974991,4,0
2010-06-07,2750.1259765625,0.010817242391950144,-0.025863084340791875,0.00436642308200752,0.028276520513615067,-0.02586451161804104,48.34203346910416,11.589699472392894,0.02815385126891034,0.7608327169403586,-0.015758275379255005,0,0
2010-06-08,2779.874755859375,0.002090043294757704,0.010817242391950144,-0.025863084340791875,0.00436642308200752,0.003326376983955326,50.5359773054394,12.090154258252994,0.026662639547186187,0.8204721417691818,0.02092347863073618,1,0
2010-06-09,2785.684814453125,-0.005386600456698032,0.002090043294757704,0.010817242391950144,-0.025863084340791875,0.028276520513615067,50.973914131555055,12.38738575927323,0.025445789553474808,0.7930414145827315,0.01968714494153856,2,0
2010-06-10,2770.679443359375,0.011228419670512135,-0.005386600456698032,0.002090043294757704,0.010817242391950144,0.00436642308200752,49.748857799686604,11.185034024136804,0.02464199198291863,0.6799549385535111,-0.01397597602877454,3,0
2010-06-11,2801.789794921875,0.008900473513242302,0.011228419670512135,-0.005386600456698032,0.002090043294757704,-0.025863084340791875,52.30801149363009,12.023306563224544,0.023816245552120526,0.6025824092597241,-0.007113979440269924,4,0
2010-06-14,2826.72705078125,0.0011801413578569342,0.008900473513242302,0.011228419670512135,-0.005386600456698032,0.010817242391950144,54.31636212557502,13.67530313823691,0.022553161583833987,0.4912223192077413,0.027649578413764253,0,0
2010-06-15,2830.06298828125,0.01006509869186667,0.0011801413578569342,0.008900473513242302,0.011228419670512135,0.002090043294757704,54.5918369830801,14.34101132909644,0.02156486941753598,0.723694166373712,0.018012477379671044,1,0
2010-06-16,2858.5478515625,0.011347544866974868,0.01006509869186667,0.0011801413578569342,0.008900473513242302,-0.005386600456698032,56.97744144524745,15.92589517013176,0.021016374987590236,0.730179160742691,0.02598753277678001,2,0
2010-06-17,2890.9853515625,0.013313711905509118,0.011347544866974868,0.01006509869186667,0.0011801413578569342,0.011228419670512135,59.5815668734986,18.219767976201915,0.020315107249925628,0.9568186168866054,0.04272167810045291,3,0
2010-06-18,2929.47509765625,0.004203304739593516,0.013313711905509118,0.011347544866974868,0.01006509869186667,0.008900473513242302,62.48339415153732,21.18248639707294,0.019615003752503992,1.2041136974992155,0.04480697033544989,4,0
2010-06-21,2941.78857421875,-0.00248614763386501,0.004203304739593516,0.013313711905509118,0.011347544866974868,0.0011801413578569342,63.38896903654862,22.690326156104963,0.019477938871402697,1.0311528849318925,0.040109801561801106,0,0
2010-06-22,2934.474853515625,-0.003339210119064573,-0.00248614763386501,0.004203304739593516,0.013313711905509118,0.01006509869186667,62.42513406677643,21.902954983953034,0.018996057470028766,0.6606450277890475,0.03644351257007916,1,0
2010-06-23,2924.676025390625,-0.003656588232220259,-0.003339210119064573,-0.00248614763386501,0.004203304739593516,0.011347544866974868,61.08501276119092,19.509750348752387,0.018560948310211507,0.9018436699277665,0.02303920375914792,2,0
2010-06-24,2913.981689453125,0.01129949230328009,-0.003656588232220259,-0.003339210119064573,-0.00248614763386501,0.013313711905509118,59.581657660219584,16.13388026665134,0.018234658334777287,0.8432721729225567,0.008035070659952792,3,0
2010-06-25,2946.908203125,0.002955212593707568,0.01129949230328009,-0.003656588232220259,-0.003339210119064573,0.004203304739593516,62.631057185702986,15.06607154702644,0.01783426436197368,0.5679872981220075,0.006020851057723764,4,0
2010-06-28,2955.616943359375,-0.02109826802069381,0.002955212593707568,0.01129949230328009,-0.003656588232220259,-0.00248614763386501,63.41720991443687,13.92102692412061,0.01725284276776868,0.6907556077056857,0.0047727589118378155,0,0
2010-06-29,2893.258544921875,0.007020546399154837,-0.02109826802069381,0.002955212593707568,0.01129949230328009,-0.003339210119064573,54.56530042412909,8.220529864036052,0.01854796787943199,0.6592841793855023,-0.013839361474990985,1,0
2010-06-30,2913.57080078125,-0.013534790471515512,0.007020546399154837,-0.02109826802069381,0.002955212593707568,-0.003656588232220259,56.68612506701259,5.220704718723937,0.018907701877673086,0.6230772190219299,-0.003479604956771576,2,1
2010-07-01,2874.13623046875,-0.0009373570286317356,-0.013534790471515512,0.007020546399154837,-0.02109826802069381,0.01129949230328009,51.64582959668863,0.24606229107157418,0.019109494188796528,0.9988871134723935,-0.013357807196066829,3,0
2010-07-02,2871.442138671875,0.002002393076962594,-0.0009373570286317356,-0.013534790471515512,0.007020546399154837,0.002955212593707568,51.31016725824019,-3.3614476936429867,0.018506419002552787,0.6553437450452303,-0.025594656527978654,4,0
2010-07-05,2877.19189453125,0.01158865124737618,0.002002393076962594,-0.0009373570286317356,-0.013534790471515512,-0.02109826802069381,52.026785527547844,-5.3764258640562055,0.017554339410660504,0.6175395065484881,-0.026547476044723628,0,0
2010-07-06,2910.53466796875,-0.0029559914608419113,0.01158865124737618,0.002002393076962594,-0.0009373570286317356,0.007020546399154837,56.0650667906878,-4.514431578847091,0.017275390260676485,0.6900510080544131,0.006139443223346364,1,0
2010-07-07,2901.93115234375,0.004777344693180696,-0.0029559914608419113,0.01158865124737618,0.002002393076962594,-0.013534790471515512,54.7836003752082,-4.561018730526154,0.01666883296535253,0.5936882417761078,-0.0038370946366503844,2,0
2010-07-08,2915.794677734375,0.009598349506555914,0.004777344693180696,-0.0029559914608419113,0.01158865124737618,-0.0009373570286317356,56.508644629346335,-3.7304553944283825,0.016242748688854534,1.200790897472451,0.014475040528045824,3,0
2010-07-09,2943.781494140625,0.005059659244290637,0.009598349506555914,0.004777344693180696,-0.0029559914608419113,0.002002393076962594,59.83958568167268,-1.4838327278690215,0.015771244645634733,1.2046322864042966,0.025010747063233474,4,0
2010-07-12,2958.676025390625,0.0009195677734403773,0.005059659244290637,0.009598349506555914,0.004777344693180696,0.01158865124737618,61.52832689785879,0.7004397230767978,0.015342505421852469,0.9606074293102227,0.028068013230561517,0,0
2010-07-13,2961.396728515625,0.006600312072311265,0.0009195677734403773,0.005059659244290637,0.009598349506555914,-0.0029559914608419113,61.843948949486695,1.9526273811131531,0.015007697166142779,0.777803184333022,0.017398929756625714,1,0
2010-07-14,2980.94287109375,-0.00015503759149715357,0.006600312072311265,0.0009195677734403773,0.005059659244290637,0.004777344693180696,64.1212880285655,3.6242704080881296,0.014636839091383313,1.1064773660935865,0.02695523328977889,2,0
2010-07-15,2980.480712890625,0.003976802517748679,-0.00015503759149715357,0.006600312072311265,0.0009195677734403773,0.009598349506555914,64.02398613895922,4.186046186184004,0.01431606204682652,1.2768116034027583,0.02202285100510104,3,0
2010-07-16,2992.33349609375,-0.005640145821866671,0.003976802517748679,-0.00015503759149715357,0.006600312072311265,0.005059659244290637,65.47114296577595,4.799099404396248,0.01372261007665226,1.2607204527351004,0.016401304016293805,4,0
2010-07-19,2975.456298828125,0.006677350317773056,-0.005640145821866671,0.003976802517748679,-0.00015503759149715357,0.0009195677734403773,61.66730347132131,3.5677367125994692,0.013881021741901351,0.8787354539840245,0.0057014989501364965,0,0
2010-07-20,2995.324462890625,0.0059957539619241995,0.006677350317773056,-0.005640145821866671,0.003976802517748679,0.006600312072311265,64.29707575228642,3.581751450167893,0.013391650116768149,1.2751103274206719,0.011459281494469176,1,0
2010-07-21,3013.28369140625,-0.001154150607539317,0.0059957539619241995,0.006677350317773056,-0.005640145821866671,-0.00015503759149715357,66.53214640079256,4.2456226147414,0.012841440333661702,1.496745581811328,0.01085472338408211,2,0
2010-07-22,3009.805908203125,0.010663711914952412,-0.001154150607539317,0.0059957539619241995,0.006677350317773056,0.003976802517748679,65.67474268905038,3.904273334646433,0.012453102996134934,1.2441055918107489,0.009855610368039947,3,0
2010-07-23,3041.901611328125,-0.0060226512362446805,0.010663711914952412,-0.001154150607539317,0.0059957539619241995,-0.005640145821866671,69.5719779169826,5.212083610131614,0.012414668667541031,1.4531119770879128,0.01654251976524368,4,0
2010-07-26,3023.581298828125,0.005946018878785653,-0.0060226512362446805,0.010663711914952412,-0.001154150607539317,0.006677350317773056,65.03310547634231,4.255685840804233,0.012741148577058423,1.1677532205294519,0.01616001435086567,0,0
2010-07-27,3041.5595703125,0.005193515482298183,0.005946018878785653,-0.0060226512362446805,0.010663711914952412,0.0059957539619241995,67.288457758631,4.237053546332703,0.012651807130420613,1.0488690967715484,0.015428682911878266,1,0
2010-07-28,3057.35595703125,0.012867116561379843,0.005193515482298183,0.005946018878785653,-0.0060226512362446805,-0.001154150607539317,69.1700464773524,4.658271329066949,0.012229637766435202,1.0763488225488766,0.01462644443225225,2,0
2010-07-29,3096.6953125,-0.008891629685879865,0.012867116561379843,0.005193515482298183,0.005946018878785653,0.010663711914952412,73.29048836865435,6.8249378090085315,0.01214647994363422,1.2192801314474304,0.02864771160117141,3,0
2010-07-30,3069.16064453125,-0.0033562209486669436,-0.008891629685879865,0.012867116561379843,0.005193515482298183,-0.0060226512362446805,66.58283665279015,5.688738120595325,0.012543251433470928,0.8854997522439207,0.009092370000339134,4,0
2010-08-02,3058.85986328125,-0.027892608321913204,-0.0033562209486669436,-0.008891629685879865,0.012867116561379843,0.005946018878785653,64.21509127712574,3.628787974154797,0.012510195617166004,0.7741474032809179,0.01175880028791687,0,0
2010-08-03,2973.540283203125,0.003225305615010443,-0.027892608321913204,-0.0033562209486669436,-0.008891629685879865,0.005193515482298183,48.75113365558462,-3.697960298214163,0.014798987717061016,1.1015022213397152,-0.022079826912781986,1,0
2010-08-04,2983.130859375,0.02068016902334291,0.003225305615010443,-0.027892608321913204,-0.0033562209486669436,0.012867116561379843,50.20280758526175,-7.876382505780548,0.014688178487378795,0.7641497127235397,-0.024048036780069726,2,0
2010-08-05,3044.822509765625,0.005140321689458549,0.02068016902334291,0.003225305615010443,-0.027892608321913204,-0.008891629685879865,58.371333432354085,-6.519534424513168,0.014855253451536503,0.9117740639715992,-0.01623498431810666,3,0
2010-08-06,3060.473876953125,0.007189705625556986,0.005140321689458549,0.02068016902334291,0.003225305615010443,-0.0033562209486669436,60.1570042051996,-4.687738358523447,0.014453102444022625,0.7210898323943353,-0.002203032942768246,4,0
2010-08-09,3082.477783203125,-0.008251814593718931,0.007189705625556986,0.005140321689458549,0.02068016902334291,-0.027892608321913204,62.586779820006306,-2.238191367429394,0.0139415500255652,0.6425944360668054,0.008342893631455683,0,0
2010-08-10,3057.041748046875,-0.007144749295280195,-0.008251814593718931,0.007189705625556986,0.005140321689458549,0.003225305615010443,58.170549983670284,-2.5522643065894854,0.01389617040610381,0.6307871369983438,0.027983687359649956,1,0
2010-08-11,3035.199951171875,-0.0031871323603046564,-0.007144749295280195,-0.008251814593718931,0.007189705625556986,0.02068016902334291,54.60732231115767,-4.346863438427533,0.013923195511577814,0.769807293401113,0.017613632449359318,2,0
2010-08-12,3025.5263671875,0.009044623239951477,-0.0031871323603046564,-0.007144749295280195,-0.008251814593718931,0.005140321689458549,53.05719137015834,-6.188897552780645,0.0139508951250977,0.7099069025874062,-0.006253668934288248,3,0
2010-08-13,3052.89111328125,-0.0001345900186506821,0.009044623239951477,-0.0031871323603046564,-0.007144749295280195,0.007189705625556986,56.793599358114804,-5.5862950764129025,0.013491544919691017,0.6357087671951351,-0.00234936738379532,4,0
2010-08-16,3052.480224609375,0.006384008777442274,-0.0001345900186506821,0.009044623239951477,-0.0031871323603046564,-0.008251814593718931,56.720595899631846,-5.242874988351691,0.013152320663599174,0.738565798401116,-0.009673663028002988,0,0
2010-08-18,3071.96728515625,0.010827577185260617,0.006384008777442274,-0.0001345900186506821,0.009044623239951477,-0.007144749295280195,59.38694235251931,-3.798117842047322,0.0127772581300323,1.0088486706894118,0.004962160343158217,2,0
2010-08-19,3105.229248046875,0.0039834046949689395,0.010827577185260617,0.006384008777442274,-0.0001345900186506821,-0.0031871323603046564,63.518332511624365,-0.8510617553023785,0.012802173077506508,1.6290236771339477,0.02293448682369903,3,0
2010-08-20,3117.5986328125,0.0035326637683439355,0.0039834046949689395,0.010827577185260617,0.006384008777442274,0.009044623239951477,64.94639786842465,1.55174086792546,0.012611872145430384,1.2650469569929839,0.030105023878972625,4,0
2010-08-23,3128.612060546875,-0.004409122424510081,0.0035326637683439355,0.0039834046949689395,0.010827577185260617,-0.0001345900186506821,66.214524236697,3.397386338914483,0.01216961440484183,1.5543733617165074,0.024593064407365084,0,0
2010-08-24,3114.817626953125,0.007695465216232211,-0.004409122424510081,0.0035326637683439355,0.0039834046949689395,0.006384008777442274,63.13376594803732,3.206141630474164,0.012386880259727806,1.3677352249239987,0.020318532001505685,1,0
2010-08-25,3138.78759765625,0.0019832809524602535,0.007695465216232211,-0.004409122424510081,0.0035326637683439355,0.010827577185260617,66.08650598445962,4.150967594701463,0.01227088731368798,1.769283912309127,0.021629988440295622,2,0
2010-08-26,3145.0126953125,-0.012845859314086439,0.0019832809524602535,0.007695465216232211,-0.004409122424510081,0.0039834046949689395,66.82954432426624,4.616434071520146,0.011855328167126738,1.7937129590060288,0.012785692207495258,3,0
2010-08-27,3104.6123046875,-0.0016646100198073333,-0.012845859314086439,0.0019832809524602535,0.007695465216232211,0.0035326637683439355,57.95486508648095,1.7709952629798522,0.012427358549045845,1.240942748629767,-0.00404357180156012,4,0
2010-08-30,3099.4443359375,-0.00570438375578286,-0.0016646100198073333,-0.012845859314086439,0.0019832809524602535,-0.004409122424510081,56.9136990887693,-0.7560778330585478,0.012684594328502994,0.9788200708224761,-0.009240845589711388,0,0
2010-08-31,3081.763916015625,0.017337451244384683,-0.00570438375578286,-0.0016646100198073333,-0.012845859314086439,0.007695465216232211,53.380484853061546,-3.7479242688867487,0.012812603049925667,0.9138768045010547,-0.010536106920984167,1,1
2010-09-01,3135.19384765625,-0.004199504211029104,0.017337451244384683,-0.00570438375578286,-0.0016646100198073333,0.0019832809524602535,61.21622406845451,-2.3276053084736077,0.012926093075002056,0.977640656139813,-0.0008941208928316957,2,0
2010-09-02,3122.027587890625,0.013493303200505125,-0.004199504211029104,0.017337451244384683,-0.00570438375578286,-0.012845859314086439,58.602320747929895,-2.460990293792115,0.013286910536390232,1.0108502043908576,-0.007076906056321053,3,0
2010-09-03,3164.154052734375,0.0167086214712151,0.013493303200505125,-0.004199504211029104,0.017337451244384683,-0.0016646100198073333,63.911944465474654,-0.026952945338280188,0.01312647707205216,0.9139355226210406,0.01926225645827051,4,0
2010-09-06,3217.022705078125,0.004270875033439037,0.0167086214712151,0.013493303200505125,-0.004199504211029104,-0.00570438375578286,69.24348569033462,4.57430146458082,0.01316728086492488,0.7167739161899707,0.037635487949292945,0,0
2010-09-07,3230.76220703125,0.039043158262074495,0.004270875033439037,0.0167086214712151,0.013493303200505125,0.017337451244384683,70.46468980535613,7.7851634598521855,0.012733191402533334,0.9142746087754239,0.04761074673851484,1,0
2010-09-15,3356.9013671875,-0.004587316765513716,0.039043158262074495,0.004270875033439037,0.0167086214712151,-0.004199504211029104,78.7907574031264,17.111575372634476,0.01412769479233452,1.130295033761655,0.06931645375620465,2,0
2010-09-16,3341.502197265625,0.012874235768744358,-0.004587316765513716,0.039043158262074495,0.004270875033439037,0.013493303200505125,75.97496292809328,20.710543264359913,0.014041016354400235,1.1974635869256705,0.06892864120172004,3,0
2010-09-17,3384.521484375,-0.004039169011036625,0.012874235768744358,-0.004587316765513716,0.039043158262074495,0.0167086214712151,78.30729298537895,24.21192229297568,0.013908973909621224,2.0206837560271325,0.06830957376995928,4,0
2010-09-20,3370.850830078125,-0.0017635251091746573,-0.004039169011036625,0.012874235768744358,-0.004587316765513716,0.004270875033439037,75.78935556516088,23.795582947388326,0.013967101982343664,2.0603082090041998,0.04756178328770755,0,0
2010-09-21,3364.90625,-0.006447015727592653,-0.0017635251091746573,-0.004039169011036625,0.012874235768744358,0.039043158262074495,74.66506967608592,21.384343880365677,0.014343336768826029,1.8822041602576618,0.041527383145093855,1,0
2010-09-22,3343.212646484375,-0.0018382042850197955,-0.006447015727592653,-0.0017635251091746573,-0.004039169011036625,-0.004587316765513716,70.55193727863337,16.795336323352686,0.014429341022447582,1.9518624843128694,-0.003962790844573294,2,0
2010-09-23,3337.067138671875,0.018107670946028387,-0.0018382042850197955,-0.006447015727592653,-0.0017635251091746573,0.012874235768744358,69.38583460510833,12.035872202072923,0.014238316765976177,1.2860694051100647,-0.0012136783640793736,3,0
2010-09-24,3397.49365234375,0.020723284210974136,0.018107670946028387,-0.0018382042850197955,-0.006447015727592653,-0.004039169011036625,73.94578650486562,11.640106881878538,0.014430517293662456,0.8491843755175674,0.004019756813204656,4,0
2010-09-27,3467.90087890625,0.001346965424109392,0.020723284210974136,0.018107670946028387,-0.0018382042850197955,-0.0017635251091746573,78.04854164175671,14.610585725145853,0.014660142955019351,1.0270654900788831,0.028782210035215416,0,0
2010-09-28,3472.572021484375,0.006553097639108829,0.001346965424109392,0.020723284210974136,0.018107670946028387,-0.006447015727592653,78.29276806360879,15.306819996947084,0.015010102348354298,1.0376911783012381,0.031892700568499466,1,0
2010-09-29,3495.328125,0.0016684519738401349,0.006553097639108829,0.001346965424109392,0.020723284210974136,-0.0018382042850197955,79.4899377396419,15.660356698032416,0.014677854601975165,1.0313256496632754,0.04489281393520095,2,0
2010-09-30,3501.159912109375,0.013086274212557036,0.0016684519738401349,0.006553097639108829,0.001346965424109392,0.018107670946028387,79.79743846439393,14.664800767448384,0.014158696240263429,0.9509776181134567,0.04839947019406088,3,1
2010-10-01,3546.97705078125,0.006310184632628335,0.013086274212557036,0.0016684519738401349,0.006553097639108829,0.020723284210974136,82.07164820719389,15.394196074874998,0.013960946872041902,0.855244872008065,0.04337807346058953,4,0
2010-10-04,3569.359130859375,0.006218495844247274,0.006310184632628335,0.013086274212557036,0.0016684519738401349,0.001346965424109392,83.07403357298978,15.635864115479649,0.013827993835935944,0.9448428094744258,0.028964973882243727,0,0
2010-10-05,3591.55517578125,0.00326007527695249,0.006218495844247274,0.006310184632628335,0.013086274212557036,0.006553097639108829,84.02775211702414,15.511655889873055,0.013536607535613941,1.115505340146945,0.03383650430238161,1,0
2010-10-06,3603.263916015625,-0.004778314799631311,0.00326007527695249,0.006218495844247274,0.006310184632628335,0.0016684519738401349,84.52316595926034,14.460005222878323,0.013483000100957163,1.2807451729824184,0.03054348194022527,2,0
2010-10-07,3586.04638671875,-0.010939686880422905,-0.004778314799631311,0.00326007527695249,0.006218495844247274,0.013086274212557036,80.56586993132855,11.003216645595899,0.013873153825736053,1.0022954931490506,0.024096715166753824,3,0
2010-10-08,3546.816162109375,0.0005051708250392029,-0.010939686880422905,-0.004778314799631311,0.00326007527695249,0.006310184632628335,72.2639399375262,4.790267445071464,0.014115615003963602,0.8273982794514506,7.07540737738821e-05,4,0
2010-10-11,3548.60791015625,-0.0004220817775015817,0.0005051708250392029,-0.010939686880422905,-0.004778314799631311,0.006218495844247274,72.40380780565023,-0.21748830325748258,0.013880191006361335,0.8149853176243766,-0.00573425973381525,0,0
2010-10-12,3547.110107421875,0.018248170912129158,-0.0004220817775015817,0.0005051708250392029,-0.010939686880422905,0.00326007527695249,72.07659536069369,-4.416773059009131,0.013490710424919804,0.9448675608276605,-0.012374837355564106,1,0
2010-10-13,3611.83837890625,0.0017992995851721094,0.018248170912129158,-0.0004220817775015817,0.0005051708250392029,-0.004778314799631311,76.929017447015,-3.6527303537348956,0.013582670144901799,1.2145420518873236,0.0026132582796125625,2,0
2010-10-14,3618.337158203125,-0.005927044380940161,0.0017992995851721094,0.018248170912129158,-0.0004220817775015817,-0.010939686880422905,77.35451232906205,-3.5255673779999483,0.013430928617273586,0.9355047857126596,0.009190872664415983,3,0
2010-10-15,3596.89111328125,-0.008371690884855676,-0.005927044380940161,0.0017992995851721094,0.018248170912129158,0.0005051708250392029,72.59631002467219,-5.579592287876366,0.01323457934110093,0.7280145119538761,0.014203515163898728,4,0
2010-10-18,3566.779052734375,0.007252801545183596,-0.008371690884855676,-0.005927044380940161,0.0017992995851721094,-0.0004220817775015817,66.41863389571193,-9.43339598026823,0.013189134116331722,0.7526712365002229,0.005326653454003849,0,0
2010-10-19,3592.648193359375,-0.0038504332204567504,0.007252801545183596,-0.008371690884855676,-0.005927044380940161,0.018248170912129158,68.86951731734814,-10.619153294251959,0.012812997729269276,0.9954959045478831,0.013001536776689027,1,0
2010-10-20,3578.81494140625,0.002530284485265044,-0.0038504332204567504,0.007252801545183596,-0.008371690884855676,0.0017992995851721094,66.09173372712411,-12.579982213044303,0.013055405528901045,1.3081187251138109,-0.009097067355896882,2,0
2010-10-21,3587.870361328125,0.002713270631563791,0.002530284485265044,-0.0038504332204567504,0.007252801545183596,-0.005927044380940161,67.02922978902393,-13.434447214974327,0.012721455408956549,1.0890471597944573,-0.008366082455803947,3,0
2010-10-22,3597.605224609375,0.012715096189950037,0.002713270631563791,0.002530284485265044,-0.0038504332204567504,-0.008371690884855676,68.05185263688222,-13.476691969705044,0.012225599554862758,0.8244476381991829,0.0002742325567000048,4,0
2010-10-25,3643.34912109375,0.00291238623889134,0.012715096189950037,0.002713270631563791,0.002530284485265044,0.007252801545183596,72.3860002434185,-10.678909786553518,0.012130720601171794,0.8267147217734642,0.021361019631505718,0,0
2010-10-26,3653.9599609375,-0.008110114374521471,0.00291238623889134,0.012715096189950037,0.002713270631563791,-0.0038504332204567504,73.29113801897279,-8.46548830641298,0.01168370441350609,0.8700518809194624,0.017020604325213462,1,0
2010-10-27,3624.325927734375,0.003961606815491514,-0.008110114374521471,0.00291238623889134,0.012715096189950037,0.002530284485265044,66.7141228837668,-9.283403223712838,0.012216706483309555,0.8363737899614743,0.012760923171148741,2,0
2010-10-28,3638.68408203125,-0.0009623558697132717,0.003961606815491514,-0.008110114374521471,0.00291238623889134,0.002713270631563791,68.20299084435173,-9.129787230413044,0.011866417159043496,0.7135027688847587,0.014192245501375211,3,0
2010-10-29,3635.182373046875,0.0027021351058149623,-0.0009623558697132717,0.003961606815491514,-0.008110114374521471,0.012715096189950037,67.411048835647,-9.49425340708693,0.011664877962503494,0.5842567078453806,0.010516619000098149,4,0
2010-11-01,3645.005126953125,-0.005393189430554335,0.0027021351058149623,-0.0009623558697132717,0.003961606815491514,0.00291238623889134,68.51544629548816,-9.29236211443748,0.011629843422541343,0.6484105843260103,0.0005036579159630739,0,0
2010-11-02,3625.346923828125,-0.005465398280512068,-0.005393189430554335,0.0027021351058149623,-0.0009623558697132717,-0.008110114374521471,63.851822082112974,-10.60629903928725,0.011486048153379376,0.8525219007156049,-0.007801917753482601,1,0
2010-11-03,3605.532958984375,0.006482211211975342,-0.005465398280512068,-0.005393189430554335,0.0027021351058149623,0.003961606815491514,59.4587993933813,-12.787215427672521,0.011741650536697297,0.8419887484272887,-0.005157201659473198,2,0
2010-11-04,3628.90478515625,0.007235740272769187,0.006482211211975342,-0.005465398280512068,-0.005393189430554335,-0.0009623558697132717,62.71720094881699,-12.612049563464169,0.01140297999393375,0.7567559321553713,-0.002636597262989371,3,0
2010-11-05,3655.16259765625,0.012025812163954264,0.007235740272769187,0.006482211211975342,-0.005465398280512068,0.0027021351058149623,66.02138513246535,-10.75639715489639,0.011231586804815903,0.9020140853458394,0.0055614988794930875,4,0
2010-11-08,3699.118896484375,0.010332116277425918,0.012025812163954264,0.007235740272769187,0.006482211211975342,-0.005393189430554335,70.70235372228193,-6.790732646855233,0.011194710720518867,0.762861822486186,0.014885175937632389,0,0
2010-11-09,3737.338623046875,0.005212847884383587,0.010332116277425918,0.012025812163954264,0.007235740272769187,-0.005465398280512068,74.04985660592597,-2.0610573060395296,0.011302164046520105,1.1051140428485866,0.03061048164561264,1,0
2010-11-10,3756.82080078125,-0.003286990108746224,0.005212847884383587,0.010332116277425918,0.012025812163954264,0.006482211211975342,75.58144742581658,1.7084588012555173,0.01097820795566495,1.3401696940546959,0.0412887278105083,2,0
2010-11-11,3744.47216796875,-0.02103608718007366,-0.003286990108746224,0.005212847884383587,0.010332116277425918,0.007235740272769187,72.65439213897386,2.6432995494620144,0.011296343271598652,1.4543581320552612,0.03151952648978673,3,0
2010-11-12,3665.703125,-0.0025598212953688027,-0.02103608718007366,-0.003286990108746224,0.005212847884383587,0.012025812163954264,57.38739546930635,-2.4924052177331433,0.012881580856849213,1.0826697888386652,0.003247699036943885,4,0
2010-11-15,3656.319580078125,0.004803861571811785,-0.0025598212953688027,-0.02103608718007366,-0.003286990108746224,0.010332116277425918,55.88095623425815,-6.730087093895541,0.012801284937998734,1.045419379715308,-0.011337934422379181,0,0
2010-11-16,3673.884033203125,0.0010552736803779439,0.004803861571811785,-0.0025598212953688027,-0.02103608718007366,0.005212847884383587,58.098232579997315,-8.447661823409973,0.012702841883585798,1.2380244825098605,-0.016866189127993314,1,0
2010-11-18,3677.760986328125,0.012818149417267222,0.0010552736803779439,0.004803861571811785,-0.0025598212953688027,-0.003286990108746224,58.59289531939405,-9.349894453937068,0.012583205895984417,2.3931883932654854,-0.021023763331998957,3,0
2010-11-19,3724.903076171875,0.004343784375157034,0.012818149417267222,0.0010552736803779439,0.004803861571811785,-0.02103608718007366,64.13694488567575,-6.911399676367466,0.012440523092250614,1.4370082094716479,-0.004918623805985511,4,0
2010-11-22,3741.083251953125,-0.016848656476594726,0.004343784375157034,0.012818149417267222,0.0010552736803779439,-0.0025598212953688027,65.82808891046265,-4.466996150606661,0.012171118810916351,0.9320873204387871,0.02046124774924518,0,0
2010-11-23,3678.051025390625,-0.005278953345559612,-0.016848656476594726,0.004343784375157034,0.012818149417267222,0.004803861571811785,54.95600986937467,-7.191998083112161,0.013100491071660857,1.1355533019286037,0.006172412568019259,1,0
2010-11-24,3658.634765625,0.011817011980967518,-0.005278953345559612,-0.016848656476594726,0.004343784375157034,0.0010552736803779439,52.10145238892095,-10.21437298013008,0.013484069940273735,0.9150407595377588,-0.003910402349352138,2,0
2010-11-25,3701.868896484375,-0.016075864340851398,0.011817011980967518,-0.005278953345559612,-0.016848656476594726,0.012818149417267222,57.406755105211936,-9.243215414765302,0.013381208064249275,1.404536538583799,0.006851335951237436,3,0
2010-11-26,3642.358154296875,-0.003257033149253852,-0.016075864340851398,0.011817011980967518,-0.005278953345559612,0.004343784375157034,49.310558221405856,-12.35576936335115,0.014165139353859851,1.427123351138118,-0.022042677806881183,4,0
2010-11-29,3630.494873046875,-0.02738507839712523,-0.003257033149253852,-0.016075864340851398,0.011817011980967518,-0.016848656476594726,47.86145895045416,-14.79583841143689,0.014566726049029676,0.7844328944634538,-0.02964349533129207,0,0
2010-11-30,3531.073486328125,0.024887513389946214,-0.02738507839712523,-0.003257033149253852,-0.016075864340851398,-0.005278953345559612,37.82835433919328,-22.24052553124976,0.01601353265173147,1.2017722163068776,-0.04017991725182257,1,1
2010-12-01,3618.953125,0.020857664509332352,0.024887513389946214,-0.02738507839712523,-0.003257033149253852,0.011817011980967518,48.17067680946245,-20.42794297470981,0.016248760264421475,0.9899118247476394,-0.010013450516316746,2,0
2010-12-02,3694.43603515625,0.0004547193738473343,0.020857664509332352,0.024887513389946214,-0.02738507839712523,-0.016075864340851398,55.08241344339057,-13.652672539574262,0.016467733697875096,0.9574041713386874,-0.0009727979879519122,3,0
2010-12-03,3696.115966796875,0.007057728132711105,0.0004547193738473343,0.020857664509332352,0.024887513389946214,-0.003257033149253852,55.225523389859156,-8.800872826472911,0.01621708219899907,0.5855460797026288,0.01555778572674682,4,0
2010-12-06,3722.2021484375,0.012799895580127174,0.007057728132711105,0.0004547193738473343,0.020857664509332352,-0.02738507839712523,57.49039735140243,-3.831397829346532,0.015580808326951264,0.5893878135132379,0.025872547008711777,0,0
2010-12-08,3769.845947265625,0.004271664107834416,0.012799895580127174,0.007057728132711105,0.0004547193738473343,0.024887513389946214,61.33709905151519,2.335814962086996,0.015221763635316079,0.6373535472778411,0.06605752098596418,2,0
2010-12-09,3785.949462890625,-0.010137774920619402,0.004271664107834416,0.012799895580127174,0.007057728132711105,0.020857664509332352,62.569978300771474,6.912300128636204,0.014532381390801494,0.713309112879291,0.04544167170385238,3,0
2010-12-10,3747.568359375,-0.014804326242798038,-0.010137774920619402,0.004271664107834416,0.012799895580127174,0.0004547193738473343,57.83620620600115,6.759005484951228,0.014721084740780162,0.7505834381405359,0.014446232273900628,4,0
2010-12-13,3692.088134765625,-0.000694911316976965,-0.014804326242798038,-0.010137774920619402,0.004271664107834416,0.007057728132711105,51.7423409015591,2.5425813435585134,0.015240967020199416,0.5942294812862657,-0.0008128133427447448,0,0
2010-12-14,3689.5224609375,-0.008497259580351968,-0.000694911316976965,-0.014804326242798038,-0.010137774920619402,0.012799895580127174,51.472247421211684,-0.6284137746690917,0.014851504658359447,0.5698611124614354,-0.008565452792432815,1,0
2010-12-15,3658.171630859375,-0.023665513404379945,-0.008497259580351968,-0.000694911316976965,-0.014804326242798038,0.004271664107834416,48.16382267644847,-4.813494572978215,0.015420903915848157,0.6694980556022468,-0.029862607952911957,2,0
2010-12-16,3571.59912109375,0.002751196744608553,-0.023665513404379945,-0.008497259580351968,-0.000694911316976965,-0.010137774920619402,40.434882259192065,-12.927943440434479,0.01673564203826885,0.662761649945915,-0.05779978546512632,3,0
2010-12-17,3581.42529296875,-0.003561194035141435,0.002751196744608553,-0.023665513404379945,-0.008497259580351968,-0.014804326242798038,41.58077465131397,-16.89846721543703,0.016797652535644646,0.5663785433614398,-0.044910813799898364,4,0
2010-12-20,3568.671142578125,0.019232104584184784,-0.003561194035141435,0.002751196744608553,-0.023665513404379945,-0.000694911316976965,40.491914746723054,-19.46602599664441,0.016726793875716524,0.67710197651691,-0.03366768159224176,0,0
2010-12-21,3637.30419921875,-0.004608146459773699,0.019232104584184784,-0.003561194035141435,0.002751196744608553,-0.008497259580351968,48.332733362696544,-15.781329397491524,0.01667805678323461,0.4968510209712702,-0.013740665691080012,1,0
2010-12-22,3620.54296875,-0.002527960024124476,-0.004608146459773699,0.019232104584184784,-0.003561194035141435,-0.023665513404379945,46.713948090053606,-13.784693201407315,0.016336039485194336,0.456764473404021,-0.009851552570501743,2,0
2010-12-23,3611.390380859375,0.003803138872335632,-0.002527960024124476,-0.004608146459773699,0.019232104584184784,0.002751196744608553,45.81165717645066,-12.433783633163415,0.015961676302573415,0.41729803052437314,0.011286000809753727,3,0
2010-12-27,3625.125,0.009579074320713143,0.003803138872335632,-0.002527960024124476,-0.004608146459773699,-0.003561194035141435,47.45192299260309,-10.069472725244191,0.015253445068577575,0.42377881357865266,0.012337942937480806,0,0
2010-12-28,3659.850341796875,0.010717010966831753,0.009579074320713143,0.003803138872335632,-0.002527960024124476,0.019232104584184784,51.45307186383937,-5.831393328142275,0.014973063971967054,0.4953079632512014,0.025478211293335384,1,0
2010-12-29,3699.072998046875,0.0011610805943185198,0.010717010966831753,0.009579074320713143,0.003803138872335632,-0.004608146459773699,55.5683178020108,-0.34074024122297075,0.014605967588862864,0.48519429076286585,0.016963117675982353,2,0
2010-12-30,3703.367919921875,0.006481708247646045,0.0011610805943185198,0.010717010966831753,0.009579074320713143,-0.002527960024124476,56.008071992142554,3.4189428660765007,0.014124591188403729,0.5695708571730967,0.022732344730074572,3,0
2011-01-03,3727.3720703125,0.008730742194633212,0.006481708247646045,0.0011610805943185198,0.010717010966831753,0.003803138872335632,58.481367587121795,7.146603180688119,0.013703392481853476,1.02244269528415,0.03174201300184509,0,0
2011-01-04,3759.914794921875,0.006289230992198913,0.008730742194633212,0.006481708247646045,0.0011610805943185198,0.009579074320713143,61.630838433653736,11.187405420585515,0.013353626517194052,1.57062353804119,0.03666961632414267,1,0
2011-01-05,3783.561767578125,-0.012541080095078705,0.006289230992198913,0.008730742194633212,0.006481708247646045,0.010717010966831753,63.78084220523746,14.619448954677155,0.013401059183544544,1.0026756353701753,0.03337977299562844,2,0
2011-01-06,3736.11181640625,-0.0280505653947295,-0.012541080095078705,0.006289230992198913,0.008730742194633212,0.0011610805943185198,56.89190405583285,12.919460667634645,0.013919088242455168,0.8743995533365259,0.010121681933717985,3,0
2011-01-07,3631.311767578125,-0.04210549882401016,-0.0280505653947295,-0.012541080095078705,0.006289230992198913,0.006481708247646045,45.26349034517556,4.402535137850991,0.015833880164403655,1.115721291948118,-0.019089964055330033,4,0
2011-01-10,3478.41357421875,-0.006733282882667391,-0.04210549882401016,-0.0280505653947295,-0.012541080095078705,0.008730742194633212,34.26091185711188,-11.020188765908403,0.019083758793107423,1.3983430479775727,-0.06767717112698624,0,0
2011-01-11,3454.992431640625,0.028838052724456276,-0.006733282882667391,-0.04210549882401016,-0.0280505653947295,0.006289230992198913,32.94003918764919,-21.674808492837645,0.020240735217201305,1.2022833973604943,-0.08314119620428684,1,0
2011-01-12,3554.627685546875,0.002861174518389964,0.028838052724456276,-0.006733282882667391,-0.04210549882401016,-0.012541080095078705,43.006503836996195,-20.87976710887669,0.020282729664126014,1.5450611120204742,-0.060592374472029475,2,0
2011-01-13,3564.798095703125,0.0011801597557716814,0.002861174518389964,0.028838052724456276,-0.006733282882667391,-0.0280505653947295,43.93171542921057,-18.611825449651434,0.020416724806076408,1.3128639250944623,-0.04519011985856081,3,0
2011-01-14,3569.005126953125,-0.009361674765342443,0.0011801597557716814,0.002861174518389964,0.028838052724456276,-0.04210549882401016,44.33427079786318,-15.877736477354143,0.019958295234438227,0.7871065295216253,-0.015959394708059627,4,0
2011-01-17,3535.59326171875,0.003653553876972415,-0.009361674765342443,0.0011801597557716814,0.002861174518389964,-0.006733282882667391,41.76934010474705,-15.359362377656016,0.019982538473998283,0.6484039627699344,0.016784429350608088,0,0
2011-01-18,3548.5107421875,-0.004048036767184682,0.003653553876972415,-0.009361674765342443,0.0011801597557716814,0.028838052724456276,43.13899875152915,-13.26529175873949,0.01930737938778763,0.8917730347425742,0.027171266110247894,1,0
2011-01-19,3534.146240234375,-0.022682378245773682,-0.004048036767184682,0.003653553876972415,-0.009361674765342443,0.002861174518389964,41.95714429879438,-12.00421782929022,0.01895159681974013,0.8219429169079647,-0.005714823381393064,2,0
2011-01-20,3453.9833984375,-0.021590150525364282,-0.022682378245773682,-0.004048036767184682,0.003653553876972415,0.0011801597557716814,36.02554611915627,-15.503093957451032,0.019922353241732433,0.9824585425968398,-0.03125837614555671,3,0
2011-01-21,3379.411376953125,-0.009907261696210257,-0.021590150525364282,-0.022682378245773682,-0.004048036767184682,-0.009361674765342443,31.55625401862123,-21.409869919658192,0.02196167553521445,1.080405625488685,-0.054028686426692674,4,0
2011-01-24,3345.9306640625,0.026253249560085345,-0.009907261696210257,-0.021590150525364282,-0.022682378245773682,0.003653553876972415,29.77051503786592,-25.84507915066809,0.02220168085278174,0.721518158409339,-0.05457427335756049,0,0
2011-01-25,3433.772216796875,0.01974755151733798,0.026253249560085345,-0.009907261696210257,-0.021590150525364282,-0.004048036767184682,39.45162240989536,-21.324028142263437,0.022166849812282757,0.8703944168095098,-0.03197457767444756,1,0
2011-01-26,3501.580810546875,0.003685904978045995,0.01974755151733798,0.026253249560085345,-0.009907261696210257,-0.022682378245773682,45.67691021489663,-12.656222560125613,0.02196015316236436,0.9676159749501639,-0.008178989389924896,2,0
2011-01-27,3514.4873046875,-0.007686167884884965,0.003685904978045995,0.01974755151733798,0.026253249560085345,-0.021590150525364282,46.79813329393809,-5.3185698830930335,0.021404668805848844,0.9692285559944314,0.018189293833894782,3,0
2011-01-28,3487.474365234375,-0.02249190479740726,-0.007686167884884965,0.003685904978045995,0.01974755151733798,-0.009907261696210257,44.71778482914428,-1.7347260521408572,0.02109997688993018,0.6336010487506706,0.0320932764743741,4,0
2011-01-31,3409.034423828125,0.009777772685100716,-0.02249190479740726,-0.007686167884884965,0.003685904978045995,0.026253249560085345,39.260093330255096,-3.9695652284116107,0.022232125454816454,0.8058651502718739,0.019508633373177098,0,1
2011-02-01,3442.3671875,0.011132816489379804,0.009777772685100716,-0.02249190479740726,-0.007686167884884965,0.01974755151733798,42.473147588107906,-2.5921678656878413,0.021333378074853537,0.851223341473504,0.0030331564981924686,1,0
2011-02-02,3480.6904296875,0.00440789826237209,0.011132816489379804,0.009777772685100716,-0.02249190479740726,0.003685904978045995,46.00935751247627,1.3014926883380582,0.020571370677222606,0.7367505934195695,-0.005581578529765707,2,0
2011-02-04,3496.032958984375,-0.002420363314976637,0.00440789826237209,0.011132816489379804,0.009777772685100716,-0.007686167884884965,47.40330146456155,5.0986443676968705,0.019786406593827306,0.6267406663607026,-0.004859585245439613,4,0
2011-02-07,3487.5712890625,-0.007963406886003943,-0.002420363314976637,0.00440789826237209,0.011132816489379804,-0.02249190479740726,46.68737230756781,7.1055039635196025,0.019345028591165096,0.5945041066124519,0.0004062193244687151,0,0
2011-02-08,3459.79833984375,-0.012272521415415127,-0.007963406886003943,-0.002420363314976637,0.00440789826237209,0.009777772685100716,44.321317888659536,6.63644465802664,0.019148124903545335,0.8019979308615252,0.01493471723587203,1,0
2011-02-09,3417.337890625,-0.012824438453497455,-0.012272521415415127,-0.007963406886003943,-0.002420363314976637,0.011132816489379804,40.90797043122256,3.687668478473796,0.01957000980862369,0.878226137202209,-0.007115576864643813,2,0
2011-02-10,3373.512451171875,0.005371725254772697,-0.012824438453497455,-0.012272521415415127,-0.007963406886003943,0.00440789826237209,37.68222048856487,-0.7562819079794423,0.02011562402092965,0.8529788957969537,-0.031072831807521073,3,0
2011-02-11,3391.634033203125,0.007371078293016531,0.005371725254772697,-0.012824438453497455,-0.012272521415415127,-0.002420363314976637,39.79620192064977,-1.9493813873981836,0.019737007756109225,0.9717058511170148,-0.030109004815120466,4,0
2011-02-14,3416.634033203125,5.216322688239572e-06,0.007371078293016531,0.005371725254772697,-0.012824438453497455,-0.007963406886003943,42.68480300720248,-0.5989586514933123,0.018993246765278544,0.8020888094345956,-0.020317563207127298,0,0
2011-02-16,3416.65185546875,0.005149555478732415,5.216322688239572e-06,0.007371078293016531,0.005371725254772697,-0.012272521415415127,42.68691418620954,0.6819640693171607,0.018265763256610553,0.7251061323330827,-0.012348939998435116,2,0
2011-02-17,3434.24609375,0.019542788798942556,0.005149555478732415,5.216322688239572e-06,0.007371078293016531,-0.012824438453497455,44.846739857755075,2.9723089157994167,0.017416358940933078,0.9471231580541492,0.005073136895712427,3,0
2011-02-18,3501.36083984375,-0.0011006462749486579,0.019542788798942556,0.005149555478732415,5.216322688239572e-06,0.005371725254772697,52.240374484220155,8.928784959831852,0.017363190219528663,1.4114370028488457,0.03744036414815244,4,0
2011-02-21,3497.507080078125,-0.01330705066227067,-0.0011006462749486579,0.019542788798942556,0.005149555478732415,0.007371078293016531,51.81087848535054,12.321477941279653,0.016794782302860866,1.0383586839462253,0.030967992618431084,0,0
2011-02-22,3450.965576171875,0.00667130993611309,-0.01330705066227067,-0.0011006462749486579,0.019542788798942556,5.216322688239572e-06,46.80598657747428,11.17707555027662,0.017054552457293433,0.8890018399815712,0.010289863663143883,1,0
2011-02-23,3473.988037109375,-0.01007192475045604,0.00667130993611309,-0.01330705066227067,-0.0011006462749486579,0.005149555478732415,49.40937977372786,11.66283604849012,0.016794546548463848,1.0456262037952344,0.016955957276568734,2,0
2011-02-24,3438.998291015625,0.001278846002988665,-0.01007192475045604,0.00667130993611309,-0.01330705066227067,0.019542788798942556,45.74504772025731,9.416101208018873,0.016824041456112018,1.5862837964649643,0.0017344770473802784,3,0
2011-02-25,3443.396240234375,0.007787849123283008,0.001278846002988665,-0.01007192475045604,0.00667130993611309,-0.0011006462749486579,46.28428619711101,8.066638278054157,0.01613863623123978,1.1614709501113556,-0.016529465748573613,4,0
2011-02-28,3470.212890625,0.01218004062475897,0.007787849123283008,0.001278846002988665,-0.01007192475045604,-0.01330705066227067,49.5752581001086,8.762632709486219,0.015597333749640868,0.9725512601399773,-0.007640970350341947,0,1
2011-03-01,3512.480224609375,-0.007521450263947904,0.01218004062475897,0.007787849123283008,0.001278846002988665,0.00667130993611309,54.32516224388757,11.670249728671052,0.01518581490927991,1.195619431895578,0.017846120936687693,1,0
2011-03-02,3486.061279296875,0.0023929002408937805,-0.007521450263947904,0.01218004062475897,0.007787849123283008,-0.01007192475045604,51.085960283922645,11.401650110021023,0.015089865420590915,1.1111131219499346,0.0036533607366266985,2,0
2011-03-03,3494.403076171875,0.013839863202002256,0.0023929002408937805,-0.007521450263947904,0.01218004062475897,0.001278846002988665,52.057995503137214,11.348702564223732,0.014573191534467933,1.1604423439409473,0.01611818572797652,3,0
2011-03-04,3542.76513671875,0.005310324477026951,0.013839863202002256,0.0023929002408937805,-0.007521450263947904,0.007787849123283008,57.34975251397505,13.961830901813519,0.014335592534274163,1.1298145822458103,0.02867920292699011,4,0
2011-03-07,3561.578369140625,0.005221334329570615,0.005310324477026951,0.013839863202002256,0.0023929002408937805,0.01218004062475897,59.23477633544556,16.191460430890395,0.013983803543666991,0.8002528522327684,0.026201678280734053,0,0
2011-03-08,3580.174560546875,0.005128339764443046,0.005221334329570615,0.005310324477026951,0.013839863202002256,-0.007521450263947904,61.0665163075813,18.013084808108754,0.013487974403299813,1.1020582627437685,0.019242971985545698,1,0
2011-03-09,3598.534912109375,-0.0030641946229337247,0.005128339764443046,0.005221334329570615,0.005310324477026951,0.0023929002408937805,62.841810010678614,19.427380688756454,0.013092683758787943,1.1434211583122105,0.03189276201393665,2,0
2011-03-10,3587.50830078125,-0.012660099735723018,-0.0030641946229337247,0.005128339764443046,0.005221334329570615,0.013839863202002256,61.04161835700292,18.592544983220165,0.01286983494470244,0.9980315923178654,0.026435667150109143,3,0
2011-03-11,3542.090087890625,0.007794863127921436,-0.012660099735723018,-0.0030641946229337247,0.005128339764443046,0.005310324477026951,54.15956712327056,14.15459280200005,0.013607148691559816,1.1632804041525895,-6.429578761613097e-05,4,0
2011-03-14,3569.7001953125,-0.012705406534435748,0.007794863127921436,-0.012660099735723018,-0.0030641946229337247,0.005221334329570615,57.31047646505249,12.319157419191487,0.013712301273823148,1.2193816802919186,0.0024202428632783546,0,0
2011-03-15,3524.345703125,0.0019844524554368803,-0.012705406534435748,0.007794863127921436,-0.012660099735723018,0.005128339764443046,51.09719339705274,7.5266375620485775,0.014784444041427766,1.2809594160076476,-0.015506498000728008,1,0
2011-03-16,3531.339599609375,-0.01338447786895891,0.0019844524554368803,-0.012705406534435748,0.007794863127921436,-0.0030641946229337247,51.962071627548575,4.455503394986964,0.01454305700570397,0.9784613242110349,-0.018650385309734174,2,0
2011-03-17,3484.074462890625,0.0028299105675384517,-0.01338447786895891,0.0019844524554368803,-0.012705406534435748,-0.012660099735723018,46.03650448483469,-0.8485453759901347,0.015037884765070285,0.7772512114151969,-0.02897066855575936,3,0
2011-03-18,3493.93408203125,0.007090832786790013,0.0028299105675384517,-0.01338447786895891,0.0019844524554368803,0.007794863127921436,47.384417156218596,-3.6265922892029003,0.014640397436698068,0.9808633904654696,-0.01348065825249789,4,0
2011-03-21,3518.708984375,-0.00031965015133950114,0.007090832786790013,0.0028299105675384517,-0.01338447786895891,-0.012705406534435748,50.715665959372274,-3.7156360984477015,0.014041420201592558,0.6228358472799951,-0.014184688593629313,0,0
2011-03-22,3517.584228515625,0.010947371343400736,-0.00031965015133950114,0.007090832786790013,0.0028299105675384517,0.0019844524554368803,50.55916263983442,-3.758984027089898,0.013709519814663063,0.5995630810196912,-0.0017989322105330663,1,0
2011-03-23,3556.092529296875,0.015581135341079078,0.010947371343400736,-0.00031965015133950114,0.007090832786790013,-0.01338447786895891,55.6098324753774,-1.2335617232773792,0.013551436925858229,0.7294136210984073,0.007163986677430789,2,0
2011-03-24,3611.50048828125,-0.0012537259917151378,0.015581135341079078,0.010947371343400736,-0.00031965015133950114,0.0028299105675384517,61.67626620095595,3.8508374291916834,0.013587049409269449,1.3313375112065993,0.03612959988746878,3,0
2011-03-25,3606.97265625,-0.0011793563898049308,-0.0012537259917151378,0.015581135341079078,0.010947371343400736,0.007090832786790013,60.943314125130144,6.438882090508773,0.01358575803235798,0.9635679507253784,0.03204596332821519,4,0
2011-03-28,3602.71875,-0.0031486637695490316,-0.0011793563898049308,-0.0012537259917151378,0.015581135341079078,-0.00031965015133950114,60.21925311798333,7.329396330190162,0.01324909782829458,0.7262648344491517,0.023775774151620244,0,0
2011-03-29,3591.375,0.013772213049493498,-0.0031486637695490316,-0.0011793563898049308,-0.0012537259917151378,0.010947371343400736,58.23239364995758,6.64008671849211,0.012987102468174323,1.1274469182095148,0.020946760533410713,1,0
2011-03-30,3640.836181640625,0.010353342566971513,0.013772213049493498,-0.0031486637695490316,-0.0011793563898049308,0.015581135341079078,63.835253228911185,8.86200345701404,0.012883077743280668,1.3028111021501252,0.023771602239503475,2,0
2011-03-31,3678.531005859375,0.007832477603928467,0.010353342566971513,0.013772213049493498,-0.0031486637695490316,-0.0012537259917151378,67.42196854681436,12.021044184264646,0.01273422791419839,1.4133130233667472,0.01854380946539591,3,1
2011-04-01,3707.343017578125,-0.0020068122563717816,0.007832477603928467,0.010353342566971513,0.013772213049493498,-0.0011793563898049308,69.8808141074214,15.007575204368578,0.012331721737297833,1.0307056087595015,0.027630013061039516,4,0
2011-04-04,3699.903076171875,-0.0038137084328975224,-0.0020068122563717816,0.007832477603928467,0.010353342566971513,-0.0031486637695490316,68.4442532824374,15.381701334142804,0.012390769366868802,0.9145247745555828,0.026802557194472665,0,0
2011-04-05,3685.792724609375,0.011357218023413607,-0.0038137084328975224,-0.0020068122563717816,0.007832477603928467,0.013772213049493498,65.68625758212882,13.638062377798356,0.012079265540177929,1.0034967163574784,0.026137512531124174,1,0
2011-04-06,3727.653076171875,0.0007470298098688488,0.011357218023413607,-0.0038137084328975224,-0.0020068122563717816,0.010353342566971513,69.59990147795762,14.199289341535177,0.012182398783030653,1.2591265621319934,0.023722517505044283,2,0
2011-04-07,3730.437744140625,0.0030097108791413696,0.0007470298098688488,0.011357218023413607,-0.0038137084328975224,0.007832477603928467,69.84628365930226,13.649659274820984,0.01201985137360576,1.1073310837100392,0.014116204747941619,3,0
2011-04-08,3741.665283203125,0.001076220122314897,0.0030097108791413696,0.0007470298098688488,0.011357218023413607,-0.0020068122563717816,70.87134664309414,12.940272033202703,0.01160991590128156,1.096966880136415,0.009293438023154521,4,0
2011-04-11,3745.692138671875,-0.007102560200177854,0.001076220122314897,0.0030097108791413696,0.0007470298098688488,-0.0038137084328975224,71.24885880228867,11.67891503842253,0.011450583084433854,0.9424071765329665,0.0123764704018412,0,0
2011-04-12,3719.088134765625,0.004081561648970444,-0.007102560200177854,0.001076220122314897,0.0030097108791413696,0.011357218023413607,65.23368610508328,8.156308017937448,0.01156779265888752,0.8579498299364917,0.009087618634560868,1,0
2011-04-13,3734.267822265625,-0.007078458907129992,0.004081561648970444,-0.007102560200177854,0.001076220122314897,0.0007470298098688488,66.94829310380524,6.049001865279813,0.011362525247727372,1.1981288349740737,0.0018119622601177054,2,0
2011-04-14,3707.8349609375,0.006076791043459151,-0.007078458907129992,0.004081561648970444,-0.007102560200177854,0.0030097108791413696,61.280735483766044,2.269844797775555,0.011342056150830568,0.9750535225543396,-0.006013526456881135,3,0
2011-04-15,3730.36669921875,-0.0009218184110010297,0.006076791043459151,-0.007078458907129992,0.004081561648970444,0.001076220122314897,64.07273773071012,0.7605465456203717,0.010981724619244727,1.028237790902276,-0.002946446292563354,4,0
2011-04-18,3726.927978515625,0.0014963155146536788,-0.0009218184110010297,0.006076791043459151,-0.007078458907129992,-0.007102560200177854,63.32226999072998,-0.9060357272468806,0.010719340487526244,0.8507326909473995,-0.004944484825879281,0,0
2011-04-19,3732.504638671875,0.016640198781568083,0.0014963155146536788,-0.0009218184110010297,0.006076791043459151,0.004081561648970444,64.05750956036076,-2.006429996992253,0.010732858769077305,0.9698254001807675,0.0036543908889522525,1,0
2011-04-20,3794.6142578125,0.0016652147562141728,0.016640198781568083,0.0014963155146536788,-0.0009218184110010297,-0.007078458907129992,71.02426097701823,0.9181103215756252,0.010972231513647875,1.7160786246647177,0.01621302802154989,2,0
2011-04-21,3800.93310546875,-0.0032993286110999387,0.0016652147562141728,0.016640198781568083,0.0014963155146536788,0.006076791043459151,71.62681221520427,2.6495631702284683,0.01070223876782054,1.0971601717673547,0.024956701684894056,3,0
2011-04-25,3788.392578125,-0.003607983267144621,-0.0032993286110999387,0.0016652147562141728,0.016640198781568083,-0.0009218184110010297,68.57883199807586,2.3328461432896717,0.010581156814707915,0.7779154546083035,0.015580582030334966,0,0
2011-04-26,3774.72412109375,0.007963123339803202,-0.003607983267144621,-0.0032993286110999387,0.0016652147562141728,0.0014963155146536788,65.31635944348541,0.6716798820226444,0.010744734142961612,1.2753081541360671,0.012894417174191375,1,0
2011-04-27,3804.78271484375,0.001050795058388454,0.007963123339803202,-0.003607983267144621,-0.0032993286110999387,0.016640198781568083,68.82832881389987,1.0439472995295347,0.010500822296810538,1.5312978944946436,0.019361224999340898,2,0
2011-04-28,3808.78076171875,0.0028062724612367695,0.001050795058388454,0.007963123339803202,-0.003607983267144621,0.0016652147562141728,69.27398120483807,1.005714093128752,0.01041961226715502,1.206048327741274,0.003771821276161269,3,0
2011-04-29,3819.46923828125,0.007770950975502844,0.0028062724612367695,0.001050795058388454,0.007963123339803202,-0.0032993286110999387,70.48870364024884,1.136866662977809,0.010133161660686238,1.1134706023021304,0.004912878981183866,4,0
2011-05-02,3849.150146484375,-0.009204801765101522,0.007770950975502844,0.0028062724612367695,0.001050795058388454,-0.003607983267144621,73.60885108905532,2.576773189832963,0.00988759629991806,1.1775003334888334,0.01598315856778665,0,0
2011-05-03,3813.719482421875,0.0002779592465140812,-0.009204801765101522,0.007770950975502844,0.0028062724612367695,0.007963123339803202,64.80126129648255,0.6003576458775868,0.010139501710168145,1.36954645900668,0.010386340069829747,1,0
2011-05-04,3814.779541015625,0.00035231240132604924,0.0002779592465140812,-0.009204801765101522,0.007770950975502844,0.001050795058388454,64.93644311110937,-1.0863510837933958,0.010009312314837765,1.8405927467788534,0.0027011759765406262,2,0
2011-05-05,3816.12353515625,-0.004642808109761476,0.00035231240132604924,0.0002779592465140812,-0.009204801765101522,0.0028062724612367695,65.11934910538923,-2.4824610189188405,0.009843755928365668,1.9582923623592698,0.0020026933194782215,3,0
2011-05-06,3798.406005859375,-0.003449676381135136,-0.004642808109761476,0.00035231240132604924,0.0002779592465140812,0.007770950975502844,60.629358714847605,-4.834046733470629,0.009840024601558176,1.2480336663039735,-0.005446387251520024,4,0
2011-05-09,3785.302734375,0.003981012086735625,-0.003449676381135136,-0.004642808109761476,0.00035231240132604924,-0.009204801765101522,57.47317817914492,-7.355743222778294,0.009659865259138511,1.0857260345154036,-0.016667014608158004,0,0
2011-05-10,3800.3720703125,0.009899254313349815,0.003981012086735625,-0.003449676381135136,-0.004642808109761476,0.0002779592465140812,60.048942933179305,-8.037195137198978,0.009297604915043887,2.0567722386102525,-0.003481200756320857,1,0
2011-05-11,3837.992919921875,-0.00766837067129067,0.009899254313349815,0.003981012086735625,-0.003449676381135136,0.00035231240132604924,65.64356251209165,-6.071991256576084,0.009254269204280102,1.626698213632658,0.006140094310514876,2,0
2011-05-12,3808.561767578125,0.006120436011353592,-0.00766837067129067,0.009899254313349815,0.003981012086735625,-0.004642808109761476,58.71626187813155,-6.816196855265382,0.009458430000165293,2.05858246833562,-0.0018805887621018424,3,0
2011-05-13,3831.871826171875,-0.008558141467022051,0.006120436011353592,-0.00766837067129067,0.009899254313349815,-0.003449676381135136,62.12537215087453,-5.8382389780253945,0.009163914704544652,1.7439820549235614,0.008882655359013225,4,0
2011-05-16,3799.078125,0.010787207834137336,-0.008558141467022051,0.006120436011353592,-0.00766837067129067,0.003981012086735625,55.217129075142616,-7.3992329178912755,0.00948071232464667,0.9342767054086205,0.00377419027312631,0,0
2011-05-18,3840.0595703125,0.005104176494657775,0.010787207834137336,-0.008558141467022051,0.006120436011353592,0.009899254313349815,61.046557458297706,-5.744740942331482,0.009561662511336501,1.0334343689245145,0.010580386020528021,2,0
2011-05-19,3859.659912109375,0.0034049864866376733,0.005104176494657775,0.010787207834137336,-0.008558141467022051,-0.00766837067129067,63.494141763959796,-3.5129745421355025,0.009334346775003988,1.1399961828584715,0.005785308201835981,3,0
2011-05-20,3872.802001953125,-0.02439961376781452,0.0034049864866376733,0.005104176494657775,0.010787207834137336,0.006120436011353592,65.07855859272951,-1.4405203711703933,0.008952886160682823,0.6904159636465315,0.016858665359764324,4,0
2011-05-23,3778.30712890625,0.0019820436178827894,-0.02439961376781452,0.0034049864866376733,0.005104176494657775,-0.008558141467022051,48.70878486406731,-6.442417766101464,0.010598818638103191,1.2456573427741255,-0.013661384419403788,0,0
2011-05-24,3785.7958984375,-0.0015269607432180088,0.0019820436178827894,-0.02439961376781452,0.0034049864866376733,0.010787207834137336,49.78676280705938,-9.093132552677524,0.010200157342257717,0.9863946497567219,-0.0031211993344989475,1,0
2011-05-25,3780.01513671875,0.009167249996802962,-0.0015269607432180088,0.0019820436178827894,-0.02439961376781452,0.005104176494657775,48.931857766621484,-10.95732217699435,0.009979426630138974,0.7815431088228229,-0.015435367911854292,2,0
2011-05-26,3814.66748046875,0.00460361994506453,0.009167249996802962,-0.0015269607432180088,0.0019820436178827894,0.0034049864866376733,54.027874035902464,-9.62548888100837,0.009899464302489492,0.6393480253087873,-0.011372294409709105,3,0
2011-05-27,3832.228759765625,-0.0016285475602079158,0.00460361994506453,0.009167249996802962,-0.0015269607432180088,-0.02439961376781452,56.402268434583235,-7.429040607315475,0.009980717745824675,0.44548638072159713,-0.010173660951282248,4,0
2011-05-30,3825.98779296875,0.002830661965232295,-0.0016285475602079158,0.00460361994506453,0.009167249996802962,0.0019820436178827894,55.30898105679531,-6.30788131696859,0.00971611025860071,0.537602301768022,0.012597405256324357,0,0
2011-05-31,3836.81787109375,0.00020692806882527393,0.002830661965232295,-0.0016285475602079158,0.00460361994506453,-0.0015269607432180088,56.8712959480476,-4.815654208886521,0.00940838534379314,1.1845953045748179,0.013446023603673862,1,1
2011-06-01,3837.61181640625,0.001630843665614945,0.00020692806882527393,0.002830661965232295,-0.0016285475602079158,0.009167249996802962,56.98999888170637,-3.798580692029404,0.009186283211756796,1.1086778112484847,0.015179912415717145,2,0
2011-06-03,3843.870361328125,-0.0025543534491710984,0.001630843665614945,0.00020692806882527393,0.002830661965232295,0.00460361994506453,57.971976255348,-2.77524520074493,0.009103193915314953,0.6095578990650855,0.007643506084529128,4,0
2011-06-06,3834.0517578125,0.002282563042065755,-0.0025543534491710984,0.001630843665614945,0.00020692806882527393,-0.0016285475602079158,55.818828767362064,-2.8213104715826134,0.008929555785274101,0.6300668190132044,0.00048553269029349977,0,0
2011-06-07,3842.80322265625,-0.00445803406098122,0.002282563042065755,-0.0025543534491710984,0.001630843665614945,0.002830661965232295,57.33970962505217,-2.343711887880474,0.008786868272919435,0.9656944849794066,0.004396643292567171,1,0
2011-06-08,3825.671875,-0.005131923824654994,-0.00445803406098122,0.002282563042065755,-0.0025543534491710984,0.00020692806882527393,53.46014025130113,-3.209366285462547,0.008778318780006941,0.8506660514648053,-0.002892052733646344,2,0
2011-06-09,3806.038818359375,-0.004870767473179938,-0.005131923824654994,-0.00445803406098122,0.002282563042065755,0.001630843665614945,49.34003281167916,-5.023905022613572,0.008806162198240501,0.7939035054056731,-0.008230904627126612,3,0
2011-06-10,3787.50048828125,-0.010267570355356526,-0.004870767473179938,-0.005131923824654994,-0.00445803406098122,-0.0025543534491710984,45.754301439230055,-7.256751574361893,0.009019899678190736,0.5156602863469929,-0.014732515765921494,4,0
2011-06-13,3748.612060546875,0.006539464639093273,-0.010267570355356526,-0.004870767473179938,-0.005131923824654994,0.002282563042065755,39.30183693502036,-10.916891940638886,0.009591377736783716,0.7670866310354074,-0.02244573267210692,0,0
2011-06-14,3773.1259765625,0.0055596592989948235,0.006539464639093273,-0.010267570355356526,-0.004870767473179938,-0.00445803406098122,44.605069905279095,-11.208690548808995,0.009552125684027043,0.6147716600466693,-0.018188831075079404,1,0
2011-06-15,3794.103271484375,-0.014174120292417713,0.0055596592989948235,0.006539464639093273,-0.010267570355356526,-0.005131923824654994,48.73293140444777,-9.57413325637204,0.009506492397831112,0.7862903793592383,-0.00817113771510336,2,0
2011-06-16,3740.3251953125,-0.004857062217549335,-0.014174120292417713,0.0055596592989948235,0.006539464639093273,-0.004870767473179938,40.417814077126,-11.566751354084378,0.01035723830345954,0.9383179225292612,-0.01721333418286608,3,0
2011-06-17,3722.158203125,0.0018319607292685003,-0.004857062217549335,-0.014174120292417713,0.0055596592989948235,-0.010267570355356526,38.055560992323265,-13.429377231002993,0.01071238341906504,0.8828823906758818,-0.017199628927235477,4,0
2011-06-20,3728.97705078125,0.017649400381958946,0.0018319607292685003,-0.004857062217549335,-0.014174120292417713,0.006539464639093273,39.485204687460595,-13.487738381441561,0.010713104323957515,0.6417941401528967,-0.0051000978426104515,0,0
2011-06-21,3794.791259765625,0.007086579472466381,0.017649400381958946,0.0018319607292685003,-0.004857062217549335,0.0055596592989948235,51.1935619157504,-8.616474547695283,0.011063550238477177,0.9087075460371671,0.006009837900255222,1,0
2011-06-22,3821.683349609375,0.0004756089887223425,0.007086579472466381,0.017649400381958946,0.0018319607292685003,-0.014174120292417713,55.02283260496894,-3.3750570020743282,0.010714597980239562,0.9287048729436593,0.007536758073726779,2,0
2011-06-23,3823.5009765625,0.006514246162137249,0.0004756089887223425,0.007086579472466381,0.017649400381958946,-0.004857062217549335,55.27823371783597,0.23110074475623632,0.010466236623653528,0.8404966447706684,0.022186487354866835,3,0
2011-06-24,3848.408203125,-0.009128863140959731,0.006514246162137249,0.0004756089887223425,0.007086579472466381,0.0018319607292685003,58.736085767227614,4.096266162181328,0.010338769024737942,0.9109288915005336,0.03355779573455342,4,0
2011-06-27,3813.276611328125,0.004418029344816388,-0.009128863140959731,0.006514246162137249,0.0004756089887223425,0.017649400381958946,52.56271464201294,4.080280866416245,0.010472484771338268,0.6796127548214993,0.022596971864325188,0,0
2011-06-28,3830.123779296875,0.015219859375720013,0.004418029344816388,-0.009128863140959731,0.006514246162137249,0.007086579472466381,55.00499464800309,4.940366700558365,0.010151036071010769,0.8658057006775639,0.00936560082718263,1,0
2011-06-30,3888.417724609375,0.0099082316969612,0.015219859375720013,0.004418029344816388,-0.009128863140959731,0.0004756089887223425,62.247692311456056,8.938246233761873,0.010494978836268857,0.9577951134858975,0.01749888073043626,3,1
2011-07-01,3926.945068359375,0.006727421043773996,0.0099082316969612,0.015219859375720013,0.004418029344816388,0.006514246162137249,66.12832890187302,13.41142821253759,0.010896993135330237,0.8939242755008825,0.02693150343867512,4,0
2011-07-04,3953.36328125,-0.007433902205499443,0.006727421043773996,0.0099082316969612,0.015219859375720013,-0.009128863140959731,68.5180138345143,17.14468516509163,0.01068672943467465,0.8956598904920522,0.027144678320311866,0,0
2011-07-05,3923.974365234375,-0.0038660828905144884,-0.007433902205499443,0.006727421043773996,0.0099082316969612,0.004418029344816388,63.178086974394525,16.617911150900134,0.010951371549437575,1.0552195442166912,0.028839639255772154,1,0
2011-07-06,3908.803955078125,0.007806895753969867,-0.0038660828905144884,-0.007433902205499443,0.006727421043773996,0.015219859375720013,60.55461615942492,14.31816286749574,0.010984671992474519,1.0232033121152033,0.020555527020441278,2,0
2011-07-07,3939.319580078125,0.016301122751248398,0.007806895753969867,-0.0038660828905144884,-0.007433902205499443,0.0099082316969612,63.81003971919221,13.910647308860732,0.010780536741165714,0.9303348882956095,0.013142563398691132,3,0
2011-07-08,4003.534912109375,-0.002024090161044767,0.016301122751248398,0.007806895753969867,-0.0038660828905144884,0.006727421043773996,69.5121903588391,16.829440597464632,0.01103121755681441,0.935298955927918,0.01953545445297833,4,0
2011-07-11,3995.431396484375,-0.01440891320757165,-0.002024090161044767,0.016301122751248398,0.007806895753969867,-0.007433902205499443,68.05495481855655,17.026514256165925,0.010842826706776347,0.8743150964555855,0.010783943248159567,0,0
2011-07-12,3937.861572265625,0.010876047406608969,-0.01440891320757165,-0.002024090161044767,0.016301122751248398,-0.0038660828905144884,58.64839119392421,12.311704730241956,0.011462718653225056,0.9923204700643952,0.00380893224608736,1,0
2011-07-13,3980.68994140625,0.004217748940104293,0.010876047406608969,-0.01440891320757165,-0.002024090161044767,0.007806895753969867,62.77101545888933,11.144497375614307,0.011298225791066971,1.3383181066825292,0.018551062543210817,2,0
2011-07-14,3997.4794921875,0.006395509475086714,0.004217748940104293,0.010876047406608969,-0.01440891320757165,0.016301122751248398,64.27467580051658,10.574908151642774,0.010841718938601384,1.2417748927128518,0.014961915729345243,3,0
2011-07-15,4023.04541015625,0.0024288774743461694,0.006395509475086714,0.004217748940104293,0.010876047406608969,-0.002024090161044767,66.49389163186359,10.945738098450917,0.010612159550899255,0.991234524410272,0.005056302453183559,4,0
2011-07-18,4032.81689453125,-0.002369657917604462,0.0024288774743461694,0.006395509475086714,0.004217748940104293,-0.01440891320757165,67.32923776109016,10.853653639480797,0.010200752713296395,0.9180184634727278,0.009509270088574495,0,0
2011-07-19,4023.260498046875,0.006764132524033961,-0.002369657917604462,0.0024288774743461694,0.006395509475086714,0.010876047406608969,65.60654455299411,9.21805274350804,0.010036413809756761,1.527708444416239,0.021548525378541683,1,0
2011-07-20,4050.474365234375,0.004305714337206057,0.006764132524033961,-0.002369657917604462,0.0024288774743461694,0.004217748940104293,68.10892953654631,9.026329068049407,0.009860538503761633,1.844803565848408,0.017436610495966676,2,0
2011-07-21,4067.91455078125,0.009525165317523232,0.004305714337206057,0.006764132524033961,-0.002369657917604462,0.006395509475086714,69.63373759524056,9.1053437747482,0.009549736148527756,1.9389450671060986,0.01752457589306844,3,0
2011-07-22,4106.662109375,-0.004803729743637741,0.009525165317523232,0.004305714337206057,0.006764132524033961,0.0024288774743461694,72.7510078223264,10.688943822477057,0.00949723890076961,1.5988056221883027,0.020654231735504958,4,0
2011-07-25,4086.934814453125,0.011177422336863918,-0.004803729743637741,0.009525165317523232,0.004305714337206057,-0.002369657917604462,68.87442578430381,9.37648307345441,0.009553261469206048,1.4602200918812485,0.013421624517521047,0,0
2011-07-26,4132.6162109375,0.01000165650589735,0.011177422336863918,-0.004803729743637741,0.009525165317523232,0.006764132524033961,72.52531908316597,10.470487861577176,0.00966283622827669,1.835609862751414,0.026968704771989427,1,0
2011-07-27,4173.94921875,-0.006776125353405771,0.01000165650589735,0.011177422336863918,-0.004803729743637741,0.004305714337206057,75.34342224844005,12.714100722438936,0.009769884733544518,1.4593906167898156,0.030206228753852815,2,0
2011-07-28,4145.666015625,-0.003624714439637411,-0.006776125353405771,0.01000165650589735,0.011177422336863918,0.009525165317523232,70.04872954656702,11.088929804909526,0.010031741281693665,1.1098969493191313,0.019124389063240987,3,0
2011-07-29,4130.63916015625,0.015164401790213722,-0.003624714439637411,-0.006776125353405771,0.01000165650589735,-0.004803729743637741,67.34103659906759,7.944789534937357,0.010346371769690485,1.0744607336427066,0.0059745093060803445,4,0
2011-08-01,4193.27783203125,-0.0037188659816742575,0.015164401790213722,-0.003624714439637411,-0.006776125353405771,0.011177422336863918,72.17016636615281,8.951734462406748,0.010532785971523932,1.3217942434678667,0.025942640839931808,0,0
2011-08-02,4177.68359375,-0.009894814055710799,-0.0037188659816742575,0.015164401790213722,-0.003624714439637411,0.01000165650589735,69.41818162449275,7.494669081334976,0.010616720261067861,1.1591938580865844,0.011046352521393632,1,0
2011-08-03,4136.34619140625,-0.0034863857545244237,-0.009894814055710799,-0.0037188659816742575,0.015164401790213722,-0.006776125353405771,62.6034284257745,2.9096410930473837,0.011372432346233462,0.9474567191592951,-0.008850118040214516,2,0
2011-08-04,4121.92529296875,-0.04862650344367714,-0.0034863857545244237,-0.009894814055710799,-0.0037188659816742575,-0.003624714439637411,60.37663651986269,-1.6844617783659714,0.011664948978703751,0.9973961305324115,-0.005560378441333169,3,0
2011-08-05,3921.490478515625,-0.01820080093759191,-0.04862650344367714,-0.0034863857545244237,-0.009894814055710799,0.015164401790213722,39.39976647666255,-17.910556475366405,0.01603673146672348,1.5569365050429749,-0.050562167445372896,4,0
2011-08-08,3850.1162109375,-0.029906260439074628,-0.01820080093759191,-0.04862650344367714,-0.0034863857545244237,-0.0037188659816742575,34.767453971036346,-32.29959522941579,0.01900231249154304,1.3714085577356054,-0.08392737017317853,0,0
2011-08-09,3734.9736328125,0.03439164956036067,-0.029906260439074628,-0.01820080093759191,-0.04862650344367714,-0.009894814055710799,28.870390201698385,-47.5024797371475,0.023593329386013665,1.4346447025712925,-0.1101147646305789,1,0
2011-08-10,3863.425537109375,0.0014983641599330966,0.03439164956036067,-0.029906260439074628,-0.01820080093759191,-0.0034863857545244237,40.91123894469546,-46.76460812188271,0.02392377894882975,1.0327128839145745,-0.06582830101450743,2,0
2011-08-11,3869.21435546875,0.005468850858596719,0.0014983641599330966,0.03439164956036067,-0.029906260439074628,-0.04862650344367714,41.39273440044606,-43.795545421615685,0.023437555344812983,0.9349094092364665,-0.06084355110004991,3,0
2011-08-12,3890.37451171875,0.017862846842423563,0.005468850858596719,0.0014983641599330966,0.03439164956036067,-0.01820080093759191,43.214280117352075,-38.50287676663895,0.022785773951851433,0.7948503198971685,-0.0067481967977760515,4,0
2011-08-15,3959.86767578125,-0.0017031843783250622,0.017862846842423563,0.005468850858596719,0.0014983641599330966,-0.029906260439074628,48.838237400933416,-28.859011863235665,0.022049432544159562,0.6903156485780638,0.02931545098223942,0,0
2011-08-16,3953.123291015625,0.017129268768829142,-0.0017031843783250622,0.017862846842423563,0.005468850858596719,0.03439164956036067,48.33788560441653,-21.79297551774772,0.0215697020168031,1.058803525585677,0.05751852704298899,1,0
2011-08-18,4020.83740234375,-0.04432882900660928,0.017129268768829142,-0.0017031843783250622,0.017862846842423563,0.0014983641599330966,53.48997705741244,-11.911647601274534,0.020894618674282408,0.871765702682106,0.04025614625145746,3,0
2011-08-19,3842.598388671875,-0.0008149672383424011,-0.04432882900660928,0.017129268768829142,-0.0017031843783250622,0.005468850858596719,41.70121153533073,-16.452749798662225,0.023975471137582718,0.837889286285375,-0.005571046915084921,4,0
2011-08-22,3839.466796875,0.010638506221617883,-0.0008149672383424011,-0.04432882900660928,0.017129268768829142,0.017862846842423563,41.52803686109535,-18.58305397547582,0.024014267982796742,0.6507604605918101,-0.01185486501202404,0,0
2011-08-23,3880.31298828125,-0.008618601436211293,0.010638506221617883,-0.0008149672383424011,-0.04432882900660928,-0.0017031843783250622,44.75083097559891,-16.24172866992499,0.023165205737476623,0.6848512863820057,-0.01907920563282972,1,0
2011-08-24,3846.8701171875,-0.0006870058476414753,-0.008618601436211293,0.010638506221617883,-0.0008149672383424011,0.017129268768829142,42.67680835165462,-15.92434500701227,0.02292321115538515,0.6749428524592346,-0.02599462269071595,2,0
2011-08-25,3844.227294921875,-0.0006882402496387607,-0.0006870058476414753,-0.008618601436211293,0.010638506221617883,-0.04432882900660928,42.509142809147534,-14.890284566385656,0.02225080200946083,0.5891126994878016,-0.04381089730718657,3,0
2011-08-26,3841.58154296875,0.006362011393877154,-0.0006882402496387607,-0.0006870058476414753,-0.008618601436211293,-0.0008149672383424011,42.32984934415957,-13.427481158116308,0.021545347536718343,0.43678609036759564,-0.0001703085502160473,4,0
2011-09-05,3866.021728515625,0.006155643509959674,0.006362011393877154,-0.0006882402496387607,-0.0006870058476414753,0.010638506221617883,44.65217299095476,-10.01346733646826,0.021181869570192597,0.4985128436064052,0.007006670082003508,0,0
2011-09-06,3889.819580078125,0.028653710378422348,0.006155643509959674,0.006362011393877154,-0.0006882402496387607,-0.008618601436211293,46.89464935955614,-5.573610411560747,0.020676338772380568,0.5764765270065624,0.002523807370345299,1,0
2011-09-07,4001.27734375,0.0009888199764334082,0.028653710378422348,0.006155643509959674,0.006362011393877154,-0.0006870058476414753,55.90555493159237,4.883434646902664,0.020671660034575427,0.862570747071811,0.03979611918497894,2,0
2011-09-08,4005.23388671875,-0.0017196127284135887,0.0009888199764334082,0.028653710378422348,0.006155643509959674,-0.0006882402496387607,56.189736734940375,11.692153975562299,0.019950341604521624,0.7457458802791092,0.04147194500905382,3,0
2011-09-09,3998.346435546875,-0.025605311570756184,-0.0017196127284135887,0.0009888199764334082,0.028653710378422348,0.006362011393877154,55.51895535277809,15.138561942015173,0.019216546068770123,0.6190610532620066,0.040440572530278995,4,0
2011-09-12,3895.967529296875,-0.00547629030742991,-0.025605311570756184,-0.0017196127284135887,0.0009888199764334082,0.006155643509959674,46.61149890436828,10.168326462394475,0.020472551442356806,0.5870324675989518,0.008473249565645657,0,0
2011-09-13,3874.632080078125,-0.019548416044794625,-0.00547629030742991,-0.025605311570756184,-0.0017196127284135887,0.028653710378422348,44.991485011486226,5.332078307613941,0.02048849694954269,0.7899196006294535,-0.003158684251743926,1,0
2011-09-14,3798.88916015625,-0.006502466220015712,-0.019548416044794625,-0.00547629030742991,-0.025605311570756184,0.0009888199764334082,39.71435151386907,-2.6509756274599923,0.021697120477014827,0.999546113671297,-0.0513608106749609,2,0
2011-09-15,3774.18701171875,0.016121280258126758,-0.006502466220015712,-0.019548416044794625,-0.00547629030742991,-0.0017196127284135887,38.143046496236835,-8.924556677940227,0.02253661729301292,0.80942468775096,-0.05885209687141002,3,0
2011-09-16,3835.03173828125,-0.02089317169469118,0.016121280258126758,-0.006502466220015712,-0.019548416044794625,-0.025605311570756184,44.018366044357236,-8.318059177759807,0.022009381532731773,0.802539734483466,-0.041011203884869674,4,0
2011-09-19,3754.90576171875,-0.0007834152379042614,-0.02089317169469118,0.016121280258126758,-0.006502466220015712,-0.00547629030742991,38.79284425133963,-12.408517733179746,0.022693174712285626,0.704186596552633,-0.03629906400880467,0,0
2011-09-20,3751.964111328125,-0.014556178095522232,-0.0007834152379042614,-0.02089317169469118,0.016121280258126758,-0.019548416044794625,38.61162005858915,-14.274503850923665,0.022646655581849535,0.9372059191840606,-0.03160618893927902,1,0
2011-09-21,3697.349853515625,-0.08880351048526691,-0.014556178095522232,-0.0007834152379042614,-0.02089317169469118,-0.006502466220015712,35.31323246985119,-17.91350627155724,0.02258347641193738,0.7369448167285532,-0.02661395099000663,2,0
2011-09-22,3369.01220703125,0.016978400770927937,-0.08880351048526691,-0.014556178095522232,-0.0007834152379042614,0.016121280258126758,22.73764143945735,-39.900597134722545,0.03016514579368783,1.4973370400848525,-0.10891499525525783,3,0
2011-09-23,3426.212646484375,-0.03216513427934209,0.016978400770927937,-0.08880351048526691,-0.014556178095522232,-0.02089317169469118,27.576404760251734,-47.54023324793647,0.031054634369214195,1.1296498598349503,-0.10805787474245665,4,0
2011-09-26,3316.008056640625,0.047585807748265374,-0.03216513427934209,0.016978400770927937,-0.08880351048526691,-0.0007834152379042614,24.40513857408854,-56.361724404395744,0.03435070264287841,1.3912280669307084,-0.11932983732710756,0,0
2011-09-27,3473.802978515625,0.011292038898572443,0.047585807748265374,-0.03216513427934209,0.016978400770927937,-0.014556178095522232,35.791068761252404,-48.22997974949209,0.03397690769057481,1.2171690689976904,-0.07096061434093792,1,0
2011-09-28,3513.029296875,0.006834838055430836,0.011292038898572443,0.047585807748265374,-0.03216513427934209,-0.08880351048526691,38.27977122590284,-37.355400217383476,0.03280205139122611,1.1393416494889177,-0.04511239734684325,2,0
2011-09-29,3537.040283203125,0.0033512526507799567,0.006834838055430836,0.011292038898572443,0.047585807748265374,0.016978400770927937,39.817448749289184,-26.217594781375908,0.03191942865553534,0.7634848483765428,0.0505259511938545,3,0
2011-09-30,3548.893798828125,-0.05644467641593587,0.0033512526507799567,0.006834838055430836,0.011292038898572443,-0.03216513427934209,40.60416047578556,-16.214772790068068,0.030677362113060224,0.8794960302590152,0.03689880307370652,4,1
2011-10-03,3348.57763671875,-0.023667931536346387,-0.05644467641593587,0.0033512526507799567,0.006834838055430836,0.047585807748265374,32.800781223242325,-20.950917310134344,0.03486496141773664,0.9951541650758905,0.012619260937112742,0,0
2011-10-04,3269.32373046875,0.007275850095025405,-0.023667931536346387,-0.05644467641593587,0.0033512526507799567,0.011292038898572443,30.31819209763168,-26.9032222525218,0.035255735620195294,1.0705432571525024,-0.05863447834749902,1,0
2011-10-05,3293.11083984375,0.045507526291496125,0.007275850095025405,-0.023667931536346387,-0.05644467641593587,0.006834838055430836,31.9821758157763,-26.668608545817364,0.03350378858187549,0.8232242965703778,-0.06265066715104606,2,0
2011-10-06,3442.97216796875,-0.0050599847657287755,0.045507526291496125,0.007275850095025405,-0.023667931536346387,0.0033512526507799567,41.46575499609459,-14.461907666937677,0.03294788579773129,1.1946424979669343,-0.02397797891498077,3,0
2011-10-07,3425.55078125,0.00741448113385057,-0.0050599847657287755,0.045507526291496125,0.007275850095025405,-0.05644467641593587,40.75437507175798,-6.0338603625858696,0.033015823296261494,1.1710807170711786,-0.0323892163314895,4,0
2011-10-10,3450.949462890625,0.02337502084351928,0.00741448113385057,-0.0050599847657287755,0.045507526291496125,-0.023667931536346387,42.30832950059055,2.330417035053415,0.031242342071969326,0.5675991405878666,0.03146994121829694,0,0
2011-10-11,3531.615478515625,0.02949743102501068,0.02337502084351928,0.00741448113385057,-0.0050599847657287755,0.007275850095025405,47.057829090667596,13.73797609659124,0.030619829222731123,1.4994383109967124,0.0785128935981626,1,0
2011-10-12,3635.7890625,0.010850988222553148,0.02949743102501068,0.02337502084351928,0.00741448113385057,0.045507526291496125,52.496716324725554,27.92388851909297,0.029985302583730552,1.867115227240766,0.10073447452814788,2,0
2011-10-13,3675.240966796875,-0.002912423299200384,0.010850988222553148,0.02949743102501068,0.02337502084351928,-0.0050599847657287755,54.407015461978,38.91353944593281,0.028843317053406637,1.9401869209187221,0.0660779364592049,3,0
2011-10-14,3664.537109375,0.01755549521037514,-0.002912423299200384,0.010850988222553148,0.02949743102501068,0.00741448113385057,53.77516180703955,44.03422456036219,0.027812415447960006,0.9523067503529371,0.06822549792573329,4,0
2011-10-17,3728.869873046875,-0.028690699960342902,0.01755549521037514,-0.002912423299200384,0.010850988222553148,0.02337502084351928,57.006905298418744,49.8962197830986,0.026637254286824605,1.681337538479855,0.07836651200225786,0,0
2011-10-18,3621.885986328125,0.017470624853179073,-0.028690699960342902,0.01755549521037514,-0.002912423299200384,0.02949743102501068,50.66343434181918,44.868806365244964,0.0283887111484031,1.1570545548397326,0.02630079119839568,1,0
2011-10-19,3685.16259765625,-0.016967455403736453,0.017470624853179073,-0.028690699960342902,0.01755549521037514,0.010850988222553148,53.92884717287358,44.04303003319303,0.027368922155393056,1.1095585726986308,0.014273985026564073,2,0
2011-10-20,3622.634765625,-0.000582950405679572,-0.016967455403736453,0.017470624853179073,-0.028690699960342902,-0.002912423299200384,50.380344365909004,37.765118339629645,0.027659675682316497,0.6884133544274296,-0.013544458599725528,3,0
2011-10-21,3620.52294921875,0.023785235293966922,-0.000582950405679572,-0.016967455403736453,0.017470624853179073,0.01755549521037514,50.26005853338085,32.16854696218431,0.02667270014674869,0.7006044244034128,-0.011214985706204716,4,0
2011-10-24,3706.637939453125,0.0009970762835809222,0.023785235293966922,-0.000582950405679572,-0.016967455403736453,-0.028690699960342902,54.9802902423374,32.84951807497016,0.026041605986127554,1.0966342042394246,-0.004985245622612933,0,0
2011-10-25,3710.333740234375,0.007580904445835257,0.0009970762835809222,0.023785235293966922,-0.000582950405679572,0.017470624853179073,55.17688618516716,32.0947627523307,0.024821354186393037,0.6879168065257731,0.024702530621310892,1,0
2011-10-26,3738.46142578125,0.019899641723119643,0.007580904445835257,0.0009970762835809222,0.023785235293966922,-0.016967455403736453,56.72574416349398,31.96572278778561,0.024032405234031037,0.7077195862687129,0.014812810213967076,2,0
2011-10-27,3812.85546875,0.004446883026275161,0.019899641723119643,0.007580904445835257,0.0009970762835809222,-0.000582950405679572,60.60330166937003,35.1153880715254,0.023303606881930904,1.3229740148185267,0.05167990734082317,3,0
2011-10-28,3829.810791015625,-0.010212339527778114,0.004446883026275161,0.019899641723119643,0.007580904445835257,0.023785235293966922,61.45110122763177,36.40933158658942,0.022731601164496375,1.113297976627669,0.056709740772777906,4,0
2011-10-31,3790.699462890625,-0.027918544211408713,-0.010212339527778114,0.004446883026275161,0.019899641723119643,0.0009970762835809222,58.33273651044489,32.81128711360475,0.022689551190441665,0.7991837954826938,0.02271216595103287,0,1
2011-11-01,3684.86865234375,0.021172815188168492,-0.027918544211408713,-0.010212339527778114,0.004446883026275161,0.007580904445835257,50.81807097981916,22.002989720367438,0.023796585164241397,0.8793778719280355,-0.006203454543956766,1,0
2011-11-02,3762.8876953125,-0.015206852906820001,0.021172815188168492,-0.027918544211408713,-0.010212339527778114,0.019899641723119643,55.38144423936845,18.924753172012274,0.024280240089734072,1.0577867505667706,0.00738845619837647,2,0
2011-11-03,3705.666015625,0.02099884256636142,-0.015206852906820001,0.021172815188168492,-0.027918544211408713,0.004446883026275161,51.5998612560135,12.179054937976787,0.024384084675670693,0.7714954149877137,-0.027718038431563174,3,0
2011-11-04,3783.480712890625,-0.001424004962981229,0.02099884256636142,-0.015206852906820001,0.021172815188168492,-0.010212339527778114,55.99982847630392,12.078230995839249,0.023974911522987682,0.7239490120125229,-0.011166078891476916,4,0
2011-11-07,3778.093017578125,0.007254119513134372,-0.001424004962981229,0.02099884256636142,-0.015206852906820001,-0.027918544211408713,55.622793440445065,10.810259834915811,0.02279660786308371,0.511146773593201,-0.0023777443266800313,0,0
2011-11-08,3805.499755859375,0.013589052183225592,0.007254119513134372,-0.001424004962981229,0.02099884256636142,0.021172815188168492,57.2013638241427,10.945437921457629,0.021554198813799084,0.5073868965556926,0.032794919397863054,1,0
2011-11-09,3857.212890625,-0.019049766240500143,0.013589052183225592,0.007254119513134372,-0.001424004962981229,-0.015206852906820001,60.08641129190671,13.479227086525881,0.020736038475699138,0.7853047729922905,0.025211156392920153,2,0
2011-11-10,3783.73388671875,-0.0013203490940287832,-0.019049766240500143,0.013589052183225592,0.007254119513134372,0.02099884256636142,54.46802330833738,9.363402088401138,0.021691628446513036,0.7343831374719196,0.02136824305924001,3,0
2011-11-11,3778.738037109375,0.014330930458644753,-0.0013203490940287832,-0.019049766240500143,0.013589052183225592,-0.001424004962981229,54.09764579995651,5.644579935411549,0.020838027647446366,0.6219870601219576,-0.0009509486011501922,4,0
2011-11-14,3832.890869140625,-0.005008560452258393,0.014330930458644753,-0.0013203490940287832,-0.019049766240500143,0.007254119513134372,57.47332321794355,6.131403817596656,0.020089004970658512,0.9233861013268103,0.01480398682047579,0,0
2011-11-15,3813.693603515625,6.504111257688017e-05,-0.005008560452258393,0.014330930458644753,-0.0013203490940287832,0.013589052183225592,55.903791397315565,4.533718462608647,0.019378723540171762,0.6269465196438635,0.0025413068550830253,1,0
2011-11-16,3813.941650390625,-0.005725422091607868,6.504111257688017e-05,-0.005008560452258393,0.014330930458644753,-0.019049766240500143,55.92054156406173,2.9438775622743805,0.01890495979124316,0.9691782073169072,-0.010982704215565686,2,0
2011-11-17,3792.105224609375,-0.009955278824742786,-0.005725422091607868,6.504111257688017e-05,-0.005008560452258393,-0.0013203490940287832,53.97671802913464,0.02620635721144282,0.018271555258182214,0.6017415460538174,0.002341639933326589,3,0
2011-11-18,3754.353759765625,-0.019888367886424563,-0.009955278824742786,-0.005725422091607868,6.504111257688017e-05,0.014330930458644753,50.69580705632869,-4.586494354839942,0.018033303592531122,0.5573598293304297,-0.0062932897973874136,4,0
2011-11-21,3679.685791015625,0.015137414142907257,-0.019888367886424563,-0.009955278824742786,-0.005725422091607868,-0.005008560452258393,44.88455032013794,-12.365272817466398,0.01876182739035301,0.8219497057720744,-0.04051258814245673,0,0
2011-11-22,3735.38671875,-0.012989877742327183,0.015137414142907257,-0.019888367886424563,-0.009955278824742786,6.504111257688017e-05,49.532119494077186,-13.372689690093324,0.01839759253710176,0.7908649432772406,-0.02036661354729108,1,0
2011-11-23,3686.864501953125,0.002447455689033262,-0.012989877742327183,0.015137414142907257,-0.019888367886424563,-0.005725422091607868,45.901023227663686,-16.703936378936014,0.018664972170949562,0.5658040771761614,-0.03342153240219514,2,0
2011-11-24,3695.887939453125,-0.015919825381314534,0.002447455689033262,-0.012989877742327183,0.015137414142907257,-0.009955278824742786,46.683778992043436,-17.606584250512373,0.01801330616479471,0.695173510011488,-0.025248654621554012,3,0
2011-11-25,3637.050048828125,0.0027102122879918422,-0.015919825381314534,0.002447455689033262,-0.012989877742327183,-0.019888367886424563,42.378038617611224,-21.23033759777001,0.018320173995380506,0.7112905103495891,-0.03121320117812576,4,0
2011-11-28,3646.9072265625,0.011165148765555521,0.0027102122879918422,-0.015919825381314534,0.002447455689033262,0.015137414142907257,43.321192838835564,-21.937316989847837,0.018090492922061156,0.6945942544771748,-0.008614621003709355,0,0
2011-11-29,3687.62548828125,0.007405799352431908,0.011165148765555521,0.0027102122879918422,-0.015919825381314534,-0.012989877742327183,47.168104337851226,-18.759576080514087,0.01785033537508001,0.8607802319174097,-0.012586886381061091,1,0
2011-11-30,3714.935302734375,0.017770658254676386,0.007405799352431908,0.011165148765555521,0.0027102122879918422,0.002447455689033262,49.63707886263623,-14.126489086584302,0.01723675422320321,1.1443249176899273,0.0078087907136979995,2,1
2011-12-01,3780.9521484375,-0.00033409139924500675,0.017770658254676386,0.007405799352431908,0.011165148765555521,-0.015919825381314534,55.09957979453114,-6.321704003788331,0.01754839593764812,1.4898419341860378,0.023131993279341123,3,0
2011-12-02,3779.68896484375,0.0002532037050937408,-0.00033409139924500675,0.017770658254676386,0.007405799352431908,0.0027102122879918422,54.976707003039785,-1.2173455848663175,0.016754242278594043,0.8663037542130341,0.03871772726141065,4,0
2011-12-05,3780.64599609375,-0.0074373967019266685,0.0002532037050937408,-0.00033409139924500675,0.017770658254676386,0.011165148765555521,55.058478046540735,2.0713223155585787,0.016099715623479706,0.9373336190248471,0.03626071867851255,0,0
2011-12-06,3752.52783203125,0.010808599463616675,-0.0074373967019266685,0.0002532037050937408,-0.00033409139924500675,0.007405799352431908,52.06644924306777,2.189321166725179,0.015906570844138608,0.8671807588176946,0.01765817321103036,1,0
2011-12-07,3793.08740234375,-0.0030248796285080592,0.010808599463616675,-0.0074373967019266685,0.0002532037050937408,0.017770658254676386,55.79788275981873,4.691683047431036,0.015381130589431512,1.2109772264730496,0.021060973322215126,2,0
2011-12-08,3781.61376953125,-0.005857584723577114,-0.0030248796285080592,0.010808599463616675,-0.0074373967019266685,-0.00033409139924500675,54.50527451039775,5.2260087784379445,0.014912385333628984,1.1868451852933548,0.00026543543903068123,3,0
2011-12-09,3759.462646484375,0.008655113051642571,-0.005857584723577114,-0.0030248796285080592,0.010808599463616675,0.0002532037050937408,52.00067841831018,3.80547372694598,0.014936260431098709,0.9374333425731894,-0.005258057885301426,4,0
2011-12-12,3792.001220703125,-0.007533847620888379,0.008655113051642571,-0.005857584723577114,-0.0030248796285080592,-0.0074373967019266685,55.253398398956186,4.715631873648945,0.014580961770207023,1.4683660983348585,0.0031438514612474044,0,0
2011-12-13,3763.432861328125,-0.0031818964112990678,-0.007533847620888379,0.008655113051642571,-0.005857584723577114,0.010808599463616675,51.92626561532052,3.128461746005735,0.014582808314449799,1.487951610410151,0.0030474005422856942,1,0
2011-12-14,3751.4580078125,-0.013344681351755705,-0.0031818964112990678,-0.007533847620888379,0.008655113051642571,-0.0030248796285080592,50.55215897152022,1.1110450994043006,0.014029432453070794,1.651077440648376,-0.010943095332630048,2,0
2011-12-15,3701.39599609375,0.018050226246194345,-0.013344681351755705,-0.0031818964112990678,-0.007533847620888379,-0.005857584723577114,45.170557084188815,-3.5034511702822293,0.014850620881655638,1.2004004633587573,-0.021262897055877694,3,0
2011-12-16,3768.20703125,0.0005130040501275523,0.018050226246194345,-0.013344681351755705,-0.0031818964112990678,0.008655113051642571,52.44634960417161,-2.037297225667679,0.014996978352126683,1.4585531876254787,0.002644913913893765,4,0
2011-12-19,3770.14013671875,-0.004760694742701577,0.0005130040501275523,0.018050226246194345,-0.013344681351755705,-0.007533847620888379,52.6421665760929,-0.9724822344832482,0.014307402822018075,0.9950115846380678,-0.005497195087621254,0,0
2011-12-20,3752.191650390625,0.011174198516921363,-0.004760694742701577,0.0005130040501275523,0.018050226246194345,-0.0031818964112990678,50.560391243323366,-1.4816183431706431,0.014202388786642924,1.4536147320081618,-0.002724042209434452,1,0
2011-12-21,3794.119384765625,0.0003099600385130241,0.011174198516921363,-0.004760694742701577,0.0005130040501275523,-0.013344681351755705,55.033855812609524,0.8739506787759925,0.014097423484641379,1.427688108647324,0.011632052718785979,2,0
2011-12-22,3795.29541015625,0.0004499042490027083,0.0003099600385130241,0.011174198516921363,-0.004760694742701577,0.018050226246194345,55.15642158998517,2.2989077831807165,0.01354950467139391,1.2447011190120425,0.025286694109054708,3,0
2011-12-23,3797.0029296875,-0.00203458936954537,0.0004499042490027083,0.0003099600385130241,0.011174198516921363,0.0005130040501275523,55.346735466438275,3.094555799104233,0.013421849137215884,0.7531963844278227,0.007686372111863071,4,0
2011-12-27,3789.277587890625,-0.0053335889889239985,-0.00203458936954537,0.0004499042490027083,0.0003099600385130241,-0.004760694742701577,54.225465499068925,2.845019594663066,0.013405656758176954,0.4558775312055999,0.005138778692190149,1,0
2011-12-28,3769.067138671875,0.010495074555487705,-0.0053335889889239985,-0.00203458936954537,0.0004499042490027083,0.011174198516921363,51.297555027301435,1.1502085063352592,0.01336579102527545,0.6625976844298297,0.004565884445967727,2,0
2011-12-29,3808.623779296875,0.0034709341714804776,0.010495074555487705,-0.0053335889889239985,-0.00203458936954537,0.0003099600385130241,56.27403257831704,2.449946407366209,0.013723673918936996,0.5946928878217161,0.0038867604845340686,3,0
2011-12-30,3821.84326171875,-0.0033626607947863096,0.0034709341714804776,0.010495074555487705,-0.0053335889889239985,0.0004499042490027083,57.825011828944646,3.872115360830273,0.01308962660608295,0.861842521704808,0.007047734617501522,4,0
2012-01-02,3808.99169921875,0.012796098869156669,-0.0033626607947863096,0.0034709341714804776,0.010495074555487705,-0.00203458936954537,55.75452328425402,3.623850765157437,0.012722496949480364,0.8199960618974728,0.003235169573712504,0,0
2012-01-03,3857.73193359375,0.01284092987462393,0.012796098869156669,-0.0033626607947863096,0.0034709341714804776,-0.0053335889889239985,61.39954809222452,6.263990320875786,0.012580960175230783,1.572381072874494,0.018065857812414543,1,0
2012-01-04,3907.268798828125,-0.0002961102707400576,0.01284092987462393,0.012796098869156669,-0.0033626607947863096,0.010495074555487705,66.12938006052218,10.612687382217878,0.012691090629073296,1.2034639327144976,0.03624037667596247,2,0
2012-01-05,3906.11181640625,-0.009433271201968796,-0.0002961102707400576,0.01284092987462393,0.012796098869156669,0.0034709341714804776,65.9261938409607,12.544957913368993,0.012352371822401004,1.057137098643939,0.02544919184973471,3,0
2012-01-06,3869.264404296875,0.005080099974085872,-0.009433271201968796,-0.0002961102707400576,0.01284092987462393,-0.0033626607947863096,59.64111844249013,10.55509395521458,0.012574752992277645,0.6707121612228992,0.012544986476285436,4,0
2012-01-09,3888.920654296875,0.01279739825785886,0.005080099974085872,-0.009433271201968796,-0.0002961102707400576,0.012796098869156669,61.736739813843876,9.793098559080029,0.012386248905975322,1.080188806325569,0.020987747245157617,0,0
2012-01-10,3938.688720703125,-0.007413870403336187,0.01279739825785886,0.005080099974085872,-0.009433271201968796,0.01284092987462393,66.48225409552981,11.739997771452096,0.012343441048255573,1.49838157463847,0.02098904663385981,1,0
2012-01-11,3909.48779296875,-3.653221935673301e-05,-0.007413870403336187,0.01279739825785886,0.005080099974085872,-0.0002961102707400576,61.65087491891904,10.216345420851866,0.012506745788579228,0.9511798093257273,0.0007342463558996926,2,0
2012-01-12,3909.344970703125,0.006606702926687413,-3.653221935673301e-05,-0.007413870403336187,0.01279739825785886,-0.009433271201968796,61.627285221188046,8.428426248486517,0.012119156566611184,1.2872578976963038,0.0009938244072830171,3,0
2012-01-13,3935.1728515625,-0.006513522252859283,0.006606702926687413,-3.653221935673301e-05,-0.007413870403336187,0.005080099974085872,64.28843634250123,8.20677494217334,0.011800666715352744,1.2781152685222972,0.017033798535939226,4,0
2012-01-16,3909.541015625,0.011525664627551224,-0.006513522252859283,0.006606702926687413,-3.653221935673301e-05,0.01279739825785886,59.852313365659406,5.67570551154116,0.011769429463525894,0.944429877801076,0.005440176308994071,0,0
2012-01-17,3954.60107421875,0.005910033839884088,0.011525664627551224,-0.006513522252859283,0.006606702926687413,-0.007413870403336187,64.491102426581,6.328275862288379,0.01163583314275489,1.4133813617586395,0.004168442678686435,1,0
2012-01-18,3977.972900390625,0.0057678462151531384,0.005910033839884088,0.011525664627551224,-0.006513522252859283,-3.653221935673301e-05,66.64390814617937,7.543565388277614,0.011290655856600947,1.1998558618442259,0.01749234692190671,2,0
2012-01-19,4000.917236328125,-0.003638569939742209,0.0057678462151531384,0.005910033839884088,0.011525664627551224,0.006606702926687413,68.65313638031265,9.003374167014634,0.011312483793288496,1.2830624969699542,0.02329672535641658,3,0
2012-01-20,3986.359619140625,0.0020238693606597913,-0.003638569939742209,0.0057678462151531384,0.005910033839884088,-0.006513522252859283,65.93921435835082,8.126109739887866,0.011575076840957777,1.0758329973935812,0.013051452489986959,4,0
2012-01-24,3994.427490234375,-0.007755005370946755,0.0020238693606597913,-0.003638569939742209,0.0057678462151531384,0.011525664627551224,66.72430086047146,7.255385511842547,0.011679256471374114,0.6166920768198443,0.021588844103506033,1,0
2012-01-25,3963.45068359375,0.005002804556822671,-0.007755005370946755,0.0020238693606597913,-0.003638569939742209,0.005910033839884088,60.918349961008836,3.926128747996991,0.011797503611776084,0.7748594698093205,0.002308174105008054,2,0
2012-01-26,3983.279052734375,0.0007470192015439636,0.005002804556822671,-0.007755005370946755,0.0020238693606597913,0.0057678462151531384,63.129909156770985,2.4637557479140497,0.011487922764611653,0.9423057079477166,0.001400944821946637,3,0
2012-01-27,3986.254638671875,-0.017873185927790525,0.0007470192015439636,0.005002804556822671,-0.007755005370946755,-0.003638569939742209,63.46403986188316,1.1670486819642605,0.011079443907416725,0.7848959713980819,-0.003619882191662538,4,0
2012-01-30,3915.007568359375,0.006777056263423509,-0.017873185927790525,0.0007470192015439636,0.005002804556822671,0.0020238693606597913,51.44287376590435,-4.697223123081969,0.012117430521506834,0.8061022251387757,-0.017854498179710854,0,0
2012-01-31,3941.539794921875,0.005906824143161238,0.006777056263423509,-0.017873185927790525,0.0007470192015439636,-0.007755005370946755,54.87106718688391,-6.866188981944958,0.011892639511762221,0.9522672894757255,-0.013101311276947136,1,1
2012-02-01,3964.82177734375,0.013096131690385038,0.005906824143161238,0.006777056263423509,-0.017873185927790525,0.005002804556822671,57.69366309756709,-6.797081443660815,0.01149199306425391,1.0276130631406135,0.0005605182371608564,2,0
2012-02-02,4016.74560546875,-0.00023728786774601662,0.013096131690385038,0.005906824143161238,0.006777056263423509,0.0007470192015439636,63.21888765649946,-3.485467986364931,0.011518896636107442,1.3160793152522139,0.008653845370723223,3,0
2012-02-03,4015.79248046875,-0.010249329338525848,-0.00023728786774601662,0.013096131690385038,0.005906824143161238,-0.017873185927790525,63.0560932755241,-1.6816544180795958,0.011138475220766235,1.1748009522740932,0.007669538301433243,4,0
2012-02-06,3974.63330078125,-0.004864712730844767,-0.010249329338525848,-0.00023728786774601662,0.013096131690385038,0.006777056263423509,56.31239554025789,-3.4794831480964774,0.011933143741878377,0.997104243953028,0.01529339489069792,0,0
2012-02-07,3955.2978515625,0.008405397231018075,-0.004864712730844767,-0.010249329338525848,-0.00023728786774601662,0.005906824143161238,53.42196123307561,-6.039836402261223,0.012159446582359608,1.03120143668781,0.0036516258964296444,1,0
2012-02-08,3988.543701171875,-0.002434646348872138,0.008405397231018075,-0.004864712730844767,-0.010249329338525848,0.013096131690385038,57.46470658528838,-5.574525646636893,0.01188449144299671,0.9646807126846781,0.006150198984286481,2,0
2012-02-09,3978.8330078125,-0.01673657599725109,-0.002434646348872138,0.008405397231018075,-0.004864712730844767,-0.00023728786774601662,55.937507048662006,-5.965860411618479,0.011688718584910147,0.8661163690326991,-0.009380579054970695,3,0
2012-02-10,3912.240966796875,0.012654342193556989,-0.01673657599725109,-0.002434646348872138,0.008405397231018075,-0.010249329338525848,46.75997995238913,-10.490046897477825,0.01256086019340375,0.8466527085505041,-0.02587986718447577,4,0
2012-02-13,3961.747802734375,-0.002293108307046876,0.012654342193556989,-0.01673657599725109,-0.002434646348872138,-0.004864712730844767,52.941410599491974,-9.934391406087833,0.012522238561346334,0.7509727991569435,-0.0029761956523929323,0,0
2012-02-14,3952.6630859375,5.768954722218389e-05,-0.002293108307046876,0.012654342193556989,-0.01673657599725109,0.008405397231018075,51.75393398890697,-9.940451282709212,0.012096785870181004,0.7922709914936596,-0.0004045912285950415,1,0
2012-02-15,3952.89111328125,-0.006434792769977382,5.768954722218389e-05,-0.002293108307046876,0.012654342193556989,-0.002434646348872138,51.78316800261106,-9.681291927012452,0.011616794524923974,0.8510042441269652,-0.008752298912390932,2,0
2012-02-16,3927.455078125,0.012458991365372984,-0.006434792769977382,5.768954722218389e-05,-0.002293108307046876,-0.01673657599725109,48.26960718168076,-10.885238746510087,0.011568858803965697,1.0738193184058078,-0.012752445333496176,3,0
2012-02-17,3976.38720703125,0.0009331820987688033,0.012458991365372984,-0.006434792769977382,5.768954722218389e-05,0.012654342193556989,54.64508314267884,-8.172307135999066,0.011490013879036072,1.0008312322903894,0.0164431220291279,4,0
2012-02-20,3980.097900390625,0.005702690283767131,0.0009331820987688033,0.012458991365372984,-0.006434792769977382,-0.002293108307046876,55.09703017725963,-6.013868396064758,0.011264695887617762,0.7740624926469019,0.0047219619343397135,0,0
2012-02-21,4002.795166015625,-0.0019803056323739465,0.005702690283767131,0.0009331820987688033,0.012458991365372984,5.768954722218389e-05,57.86289539509399,-3.0907384620417773,0.010901535219229246,0.9497164458928024,0.01271776052515372,1,0
2012-02-22,3994.868408203125,-0.00906503527688507,-0.0019803056323739465,0.005702690283767131,0.0009331820987688033,-0.006434792769977382,56.552759100820474,-1.7888594178111425,0.010569471249793254,1.2036468244761356,0.01067976534555759,2,0
2012-02-23,3958.65478515625,-0.016228780763075323,-0.00906503527688507,-0.0019803056323739465,0.005702690283767131,0.012458991365372984,50.884344930399386,-3.3725201567252654,0.010654843810790316,0.9166666540982398,0.008049522838649903,3,0
2012-02-24,3894.41064453125,-0.008613544075399493,-0.016228780763075323,-0.00906503527688507,-0.0019803056323739465,0.0009331820987688033,42.70635591588132,-8.46291870851773,0.012055628269433571,1.1840642177014196,-0.020638249289798405,4,0
2012-02-27,3860.865966796875,0.011017947456660071,-0.008613544075399493,-0.016228780763075323,-0.00906503527688507,0.005702690283767131,39.166751929965926,-13.505968775306096,0.012331804183707613,0.6283667989536256,-0.0301849754639667,0,0
2012-02-28,3903.40478515625,0.020917673410370208,0.011017947456660071,-0.008613544075399493,-0.016228780763075323,-0.0019803056323739465,45.35232998494264,-13.368722900641396,0.012223851278288523,0.8424109067261663,-0.02486971829107376,1,0
2012-02-29,3985.054931640625,-0.005752327191713924,0.020917673410370208,0.011017947456660071,-0.008613544075399493,-0.00906503527688507,54.8434284169584,-7.4652989309725015,0.01259781073066822,1.0141339864194807,-0.001971739248329607,2,1
2012-03-01,3962.131591796875,0.010746821825348363,-0.005752327191713924,0.020917673410370208,0.011017947456660071,-0.016228780763075323,52.107225000072944,-4.913834148614848,0.012386718184176504,0.7351031848225018,0.0013409688368415384,3,0
2012-03-02,4004.7119140625,-0.00498661854626814,0.010746821825348363,-0.005752327191713924,0.020917673410370208,-0.008613544075399493,56.45327772733936,-0.4055741372971591,0.012159370000700427,0.8100174906253971,0.028316571425265225,4,0
2012-03-05,3984.741943359375,-0.004472137155505873,-0.00498661854626814,0.010746821825348363,-0.005752327191713924,0.011017947456660071,53.979247604008464,1.1019475918922055,0.01203127303078048,0.6001770027905815,0.03194349695439658,0,0
2012-03-06,3966.921630859375,-0.006190721106690944,-0.004472137155505873,-0.00498661854626814,0.010746821825348363,0.020917673410370208,51.79777628460904,0.7843125227654983,0.012053154773994202,0.683471096005112,0.016453412342230633,1,0
2012-03-07,3942.363525390625,0.0063797067127093765,-0.006190721106690944,-0.004472137155505873,-0.00498661854626814,-0.005752327191713924,48.86687318858209,-1.0924223266349191,0.011948263041334416,0.8549185285172103,-0.010654982174830518,2,0
2012-03-08,3967.5146484375,0.006017374994923275,0.0063797067127093765,-0.006190721106690944,-0.004472137155505873,0.010746821825348363,51.870519053353355,-0.6731724860628345,0.011523357559594393,0.8014812638812853,0.001477051729592782,3,0
2012-03-09,3991.388671875,-0.0010517637824789539,0.006017374994923275,0.0063797067127093765,-0.006190721106690944,-0.00498661854626814,54.59688970769971,1.0832110908806758,0.011128779816303893,0.9238478230253296,-0.003252395100832306,4,0
2012-03-12,3987.190673828125,0.005340956051094636,-0.0010517637824789539,0.006017374994923275,0.0063797067127093765,-0.004472137155505873,54.01744888369081,1.7916519728472693,0.011042541843477494,0.7541339974386166,0.0006824596629568802,0,0
2012-03-13,4008.486083984375,0.011396354620955229,0.005340956051094636,-0.0010517637824789539,0.006017374994923275,-0.006190721106690944,56.53736289556331,3.428971250963791,0.010579476580853002,0.7980473065414133,0.01049555286955739,1,0
2012-03-14,4054.168212890625,-0.0035384469097168303,0.011396354620955229,0.005340956051094636,-0.0010517637824789539,0.0063797067127093765,61.42145167691281,7.111150630034393,0.01059683470720581,1.07425844896731,0.028082628597203563,2,0
2012-03-15,4039.82275390625,-0.002832336805076663,-0.0035384469097168303,0.011396354620955229,0.005340956051094636,0.006017374994923275,59.172699208704984,8.034954602783142,0.010466856076654475,1.2081774904310532,0.018164474974777356,3,0
2012-03-16,4028.380615234375,-0.0009443494997377622,-0.002832336805076663,-0.0035384469097168303,0.011396354620955229,-0.0010517637824789539,57.36854822997516,7.3484048115099405,0.01049532631835414,1.2375963552793197,0.009314763174777418,4,0
2012-03-19,4024.576416015625,-0.0006373195936950626,-0.0009443494997377622,-0.002832336805076663,-0.0035384469097168303,0.005340956051094636,56.74903482792674,6.15919350449715,0.010298867436433334,0.8801272354661341,0.00942217745751861,0,0
2012-03-20,4022.011474609375,0.003497052565778924,-0.0006373195936950626,-0.0009443494997377622,-0.002832336805076663,0.011396354620955229,56.30752319537476,4.78231260997056,0.010134039388249451,0.9069257780628465,0.003443901812728911,1,0
2012-03-21,4036.07666015625,0.0013193989512314541,0.003497052565778924,-0.0006373195936950626,-0.0009443494997377622,-0.0035384469097168303,58.22678522084859,4.410378418772904,0.009764189121529234,1.0478589439803443,-0.004455400242447394,2,0
2012-03-22,4041.40185546875,-0.0024382638150461933,0.0013193989512314541,0.003497052565778924,-0.0006373195936950626,-0.002832336805076663,58.961791016416896,4.120004853972304,0.009410341644118268,0.8938888933848338,0.00040244561850089067,3,0
2012-03-26,4031.5478515625,0.01182610054247446,-0.0024382638150461933,0.0013193989512314541,0.003497052565778924,-0.0009443494997377622,56.964421451810715,2.9178824145744215,0.009631388608840063,0.941505490487386,0.0007965186085313603,0,0
2012-03-27,4079.225341796875,0.00274273458424501,0.01182610054247446,-0.0024382638150461933,0.0013193989512314541,-0.0006373195936950626,63.42103145965478,4.872185796520853,0.009716930911324176,1.244713416766149,0.013566968650743583,1,0
2012-03-28,4090.41357421875,0.0035677932647157906,0.00274273458424501,0.01182610054247446,-0.0024382638150461933,0.003497052565778924,64.75725587588693,6.36266403553509,0.009489454296972675,1.1899482201925373,0.016947022828683656,2,0
2012-03-29,4105.00732421875,0.003990933805000596,0.0035677932647157906,0.00274273458424501,0.01182610054247446,0.0013193989512314541,66.47744111382974,7.687122706112493,0.009513113936726552,1.3252327005712523,0.017017763527620522,3,0
2012-03-30,4121.39013671875,0.010802066723400339,0.003990933805000596,0.0035677932647157906,0.00274273458424501,-0.0024382638150461933,68.34532388301477,8.93474649703246,0.00931164559227924,1.0865471352402702,0.019689298381389664,4,0
2012-04-02,4165.90966796875,0.01185098120756245,0.010802066723400339,0.003990933805000596,0.0035677932647157906,0.01182610054247446,72.78338579330143,11.844064736741764,0.009363291685237512,1.7238067018353234,0.032929628919836196,0,0
2012-04-03,4215.27978515625,-0.019311718562942892,0.01185098120756245,0.010802066723400339,0.003990933805000596,0.00274273458424501,76.68688462307887,15.92494763836931,0.009725410982626746,1.5152822426375245,0.032954509584924185,1,0
2012-04-04,4133.87548828125,0.007822302793811131,-0.019311718562942892,0.01185098120756245,0.010802066723400339,0.0035677932647157906,61.12087273397283,12.144204178520162,0.010819233834690906,1.1273265807565123,0.010900056437736283,2,0
2012-04-05,4166.2119140625,-0.0029540333425452925,0.007822302793811131,-0.019311718562942892,0.01185098120756245,0.003990933805000596,64.22714312027716,10.865126542868019,0.011029319273073827,1.1341531058525998,0.015154565966831623,3,0
2012-04-09,4153.90478515625,-0.001027365417775039,-0.0029540333425452925,0.007822302793811131,-0.019311718562942892,0.010802066723400339,62.19058499877539,8.347284757886541,0.01069574745362667,1.405220179834181,0.008209598819285735,0,0
2012-04-10,4149.63720703125,-0.00476780667361143,-0.001027365417775039,-0.0029540333425452925,0.007822302793811131,0.01185098120756245,61.46280520028243,5.679039228417693,0.010422846423903854,1.1932209020902795,-0.003619833321889643,1,0
2012-04-11,4129.8525390625,0.0023068270304180682,-0.00476780667361143,-0.001027365417775039,-0.0029540333425452925,-0.019311718562942892,58.06999834271057,2.0531892831988756,0.0103939330263606,1.3212928861146567,-0.020238621203063523,2,0
2012-04-12,4139.37939453125,0.004767707832863399,0.0023068270304180682,-0.00476780667361143,-0.001027365417775039,0.007822302793811131,59.23686134355107,-0.11688219734479333,0.01013615062653339,1.3118283597463452,0.0013799243902974379,3,0
2012-04-13,4159.11474609375,-0.0030522899688384397,0.004767707832863399,0.0023068270304180682,-0.00476780667361143,-0.0029540333425452925,61.61964158342971,-0.6089924364973598,0.009815787518546453,1.0479673930979008,-0.001674670570650294,4,0
2012-04-16,4146.419921875,0.0026006056617930984,-0.0030522899688384397,0.004767707832863399,0.0023068270304180682,-0.001027365417775039,59.22156652223731,-2.091821883753795,0.009639736229782208,1.0331921898534557,-0.0017729271969434413,0,0
2012-04-17,4157.203125,0.0021340265954048476,0.0026006056617930984,-0.0030522899688384397,0.004767707832863399,-0.00476780667361143,60.62337247582708,-2.6148020260134928,0.009468192143087532,1.13261959734702,0.0018550438826246962,1,0
2012-04-18,4166.07470703125,-0.0006051250328025226,0.0021340265954048476,0.0026006056617930984,-0.0030522899688384397,0.0023068270304180682,61.78724049004342,-2.624787265602265,0.009355175321512534,1.2542408480195801,0.008756877151640974,2,0
2012-04-19,4163.5537109375,0.004239612766944623,-0.0006051250328025226,0.0021340265954048476,0.0026006056617930984,0.004767707832863399,61.23336881978186,-3.0337790954793036,0.009056216177173039,1.0544987008091333,0.005844925088420383,3,0
2012-04-20,4181.20556640625,-0.006188756910603388,0.004239612766944623,-0.0006051250328025226,0.0021340265954048476,-0.0030522899688384397,63.68787902877539,-2.3771216430703106,0.008762312043718596,1.1485948645685646,0.005316830022501606,4,0
2012-04-23,4155.3291015625,0.0035764503272224246,-0.006188756910603388,0.004239612766944623,-0.0006051250328025226,0.0026006056617930984,57.900422064945936,-3.8594167054956827,0.00925949696101546,1.3351195972343397,0.002180363080736658,0,0
2012-04-24,4170.1904296875,-0.0016089127749383536,0.0035764503272224246,-0.006188756910603388,0.004239612766944623,0.0021340265954048476,60.14068103524787,-3.9960742415688912,0.009025127503002264,1.224663616066267,0.0031562077461659843,1,0
2012-04-25,4163.48095703125,0.004002083311588134,-0.0016089127749383536,0.0035764503272224246,-0.006188756910603388,-0.0006051250328025226,58.62394171204417,-4.649638682615588,0.008755746045707741,1.182975396966344,-0.0005867316241772169,2,0
2012-04-26,4180.1435546875,-0.0039052981835860923,0.004002083311588134,-0.0016089127749383536,0.0035764503272224246,0.004239612766944623,61.23840894872979,-4.090781036575883,0.008740463773237206,1.1345815645152173,0.0040204767202134395,3,0
2012-04-27,4163.81884765625,0.0040228667226189785,-0.0039052981835860923,0.004002083311588134,-0.0016089127749383536,-0.006188756910603388,57.410903298084435,-4.897145959480071,0.008733158212132828,0.8963626004950142,-0.004124434230317275,4,0
2012-04-30,4180.5693359375,0.003648178900573118,0.0040228667226189785,-0.0039052981835860923,0.004002083311588134,0.0035764503272224246,60.16229848907686,-4.394991676737554,0.008701604440499087,0.8074939711971921,0.006087189402905091,0,1
2012-05-01,4195.82080078125,0.005555541978677914,0.003648178900573118,0.0040228667226189785,-0.0039052981835860923,-0.0016089127749383536,62.53554439917716,-3.184653762141302,0.008486092761977893,0.8704078007759986,0.006158917976255784,1,0
2012-05-02,4219.130859375,0.0011158714838244155,0.005555541978677914,0.003648178900573118,0.0040228667226189785,0.004002083311588134,65.88104196427904,-1.0723488834729835,0.008311379504828662,0.9836812146111763,0.013323372729872052,2,0
2012-05-03,4223.8388671875,-0.0017334414436659396,0.0011158714838244155,0.005555541978677914,0.003648178900573118,-0.0039052981835860923,66.53111335084228,0.30986557905623613,0.008108692300313447,1.020375112053211,0.010437160902108333,3,0
2012-05-04,4216.51708984375,-0.013712118694304332,-0.0017334414436659396,0.0011158714838244155,0.005555541978677914,0.0040228667226189785,64.47374426638783,0.3935965155897918,0.008085706362906593,0.9399778030702675,0.012609017642028486,4,0
2012-05-07,4158.69970703125,0.005340837055978653,-0.013712118694304332,-0.0017334414436659396,0.0011158714838244155,0.003648178900573118,51.04911673395219,-3.5643348403660013,0.009096952335793572,0.7680736295462205,-0.005125967774894824,0,0
2012-05-08,4180.91064453125,-0.012440167918150169,0.005340837055978653,-0.013712118694304332,-0.0017334414436659396,0.005555541978677914,54.93139460754179,-4.732676237706279,0.008819087462557391,0.6623807140752954,-0.0034333096194892887,1,0
2012-05-09,4128.8994140625,0.001107026430743785,-0.012440167918150169,0.005340837055978653,-0.013712118694304332,0.0011158714838244155,45.77596875328942,-8.817208942462624,0.009378921341794608,0.7262340995048415,-0.02142901951631737,2,0
2012-05-10,4133.47021484375,-0.004715223132613411,0.001107026430743785,-0.012440167918150169,0.005340837055978653,-0.0017334414436659396,46.61800840945548,-10.884406657789214,0.009161950205798528,0.8021854925359486,-0.021437864569398002,3,0
2012-05-11,4113.97998046875,-0.014844700526299492,-0.004715223132613411,0.001107026430743785,-0.012440167918150169,-0.013712118694304332,43.51495844393581,-13.08952325213886,0.009241744321623424,0.6370980940222936,-0.024419646258345473,4,0
2012-05-14,4052.9091796875,-0.0018314270300148205,-0.014844700526299492,-0.004715223132613411,0.001107026430743785,0.005340837055978653,35.53361976555341,-17.889229809302197,0.010054921304036143,0.6791219842991589,-0.025552228090340634,0,0
2012-05-15,4045.486572265625,-0.016103256468359972,-0.0018314270300148205,-0.014844700526299492,-0.004715223132613411,-0.012440167918150169,34.70055053860092,-20.599090999142792,0.010606529955365677,0.8417178376568416,-0.03272449217633411,1,0
2012-05-16,3980.341064453125,-0.010146485930577875,-0.016103256468359972,-0.0018314270300148205,-0.014844700526299492,0.001107026430743785,28.40600397548711,-25.49381335492831,0.012150108243140646,0.8626583509249847,-0.03638758072654391,2,0
2012-05-21,3939.95458984375,0.02055582414087853,-0.010146485930577875,-0.016103256468359972,-0.0018314270300148205,-0.004715223132613411,25.337491737102056,-29.86320571278575,0.012721023675287818,0.7794152158883569,-0.04764109308786557,0,0
2012-05-22,4020.943603515625,-0.009828725754464918,0.02055582414087853,-0.010146485930577875,-0.016103256468359972,-0.014844700526299492,39.460610257417734,-25.860316244436472,0.013071507471092534,0.9671988764618239,-0.02237004581437363,1,0
2012-05-23,3981.4228515625,0.0008276352797673692,-0.009828725754464918,0.02055582414087853,-0.010146485930577875,-0.0018314270300148205,35.89267005407497,-24.451391623540243,0.013519194945682806,0.6871144540844051,-0.017354071042539054,2,0
2012-05-24,3984.718017578125,-0.020669482804942296,0.0008276352797673692,-0.009828725754464918,0.02055582414087853,-0.016103256468359972,36.408951525999626,-21.95403054585126,0.013097792682134764,0.7450131367644315,-0.014695008732756865,3,0
2012-05-25,3902.35595703125,0.004145319865741071,-0.020669482804942296,0.0008276352797673692,-0.009828725754464918,-0.010146485930577875,29.922449230392246,-24.321780789809377,0.014236045247804396,0.8572338912951274,-0.01926123506933919,4,0
2012-05-28,3918.532470703125,9.694517407732306e-05,0.004145319865741071,-0.020669482804942296,0.0008276352797673692,0.02055582414087853,32.467280832808655,-23.270831316222647,0.014575657172384163,0.672672853151019,-0.004969429273020243,0,0
2012-05-29,3918.912353515625,-0.00029317465602907156,9.694517407732306e-05,0.004145319865741071,-0.020669482804942296,-0.009828725754464918,32.52924563952686,-21.087264744776384,0.014103004915069746,0.5790337963866288,-0.02542830823982145,1,0
2012-05-30,3917.763427734375,-0.021718673068547578,-0.00029317465602907156,9.694517407732306e-05,0.004145319865741071,0.0008276352797673692,32.432320619157096,-18.35776473768786,0.013569766407811622,0.716352806344412,-0.015892757141385605,2,0
2012-05-31,3832.6748046875,-0.008624953148795855,-0.021718673068547578,-0.00029317465602907156,9.694517407732306e-05,-0.020669482804942296,26.204895138705666,-20.744163452106314,0.014884072970820762,1.3025703376153503,-0.03843906548970055,3,1
2012-06-01,3799.6181640625,-0.03820869901349566,-0.008624953148795855,-0.021718673068547578,-0.00029317465602907156,0.004145319865741071,24.256277742219666,-22.844169703204763,0.015052570685593989,0.7373111948751063,-0.02639453583355411,4,0
2012-06-04,3654.439697265625,0.01731907190960258,-0.03820869901349566,-0.008624953148795855,-0.021718673068547578,9.694517407732306e-05,17.945016214810508,-31.757871434464576,0.017747474609210154,1.0934299415424693,-0.06874855471279084,0,0
2012-06-05,3717.731201171875,0.03320585399348186,0.01731907190960258,-0.03820869901349566,-0.008624953148795855,-0.00029317465602907156,26.877476317270833,-31.09854539615995,0.01775297273301876,0.8669395249465454,-0.05152642797726559,1,0
2012-06-06,3841.181640625,-0.00019137533463675638,0.03320585399348186,0.01731907190960258,-0.03820869901349566,-0.021718673068547578,40.48615701341872,-20.563511372766257,0.018253638295411365,1.423771404568658,-0.018027399327754656,2,0
2012-06-07,3840.446533203125,-0.003975469517151664,-0.00019137533463675638,0.03320585399348186,0.01731907190960258,-0.008624953148795855,40.437896020335884,-12.269201879892734,0.018542738704758237,1.1379405080781804,0.0034998984061561655,3,0
2012-06-08,3825.178955078125,0.010688008430978169,-0.003975469517151664,-0.00019137533463675638,0.03320585399348186,-0.03820869901349566,39.38773773407184,-6.713600858898076,0.017949277295067522,0.7035788128948101,0.008149382037800357,4,0
2012-06-11,3866.0625,-0.0035267203994697738,0.010688008430978169,-0.003975469517151664,-0.00019137533463675638,0.01731907190960258,43.610779542362835,0.4329321117763385,0.01749749546695442,0.9413030509025827,0.05704608948227419,0,0
2012-06-12,3852.427978515625,0.0020461933471465077,-0.0035267203994697738,0.010688008430978169,-0.003975469517151664,0.03320585399348186,42.54614359200367,4.721794965868838,0.01707023099146421,0.7635042085473798,0.036200297173201834,1,0
2012-06-13,3860.310791015625,-0.017832847083573466,0.0020461933471465077,-0.0035267203994697738,0.010688008430978169,-0.00019137533463675638,43.4063466598136,8.357120335955528,0.016333896348092253,1.281875720240887,0.005040636526866482,2,0
2012-06-14,3791.470458984375,0.006986732593841971,-0.017832847083573466,0.0020461933471465077,-0.0035267203994697738,-0.003975469517151664,38.048764879083926,6.476911896755254,0.01700129410720673,1.166518667868619,-0.012600835222070228,3,0
2012-06-15,3817.96044921875,0.011012275834956231,0.006986732593841971,-0.017832847083573466,0.0020461933471465077,0.010688008430978169,41.06333015681239,7.307233618440378,0.016656734979988923,1.55881195836682,-0.0016386331110765928,4,0
2012-06-18,3860.0048828125,0.005352302066084835,0.011012275834956231,0.006986732593841971,-0.017832847083573466,-0.0035267203994697738,45.588903355261984,10.768929870242133,0.016766275652004194,1.1078231375577738,-0.0013143657070985304,0,0
2012-06-19,3880.664794921875,0.016254589513578388,0.005352302066084835,0.011012275834956231,0.006986732593841971,0.0020461933471465077,47.713526927858574,14.309198089128046,0.01606075327042534,0.814250008711436,0.007564656758456079,1,0
2012-06-20,3943.743408203125,-0.010677018638538982,0.016254589513578388,0.005352302066084835,0.011012275834956231,-0.017832847083573466,53.66278484056336,20.387575838810093,0.01582041018180244,1.5280586751047385,0.02177305292488796,2,0
2012-06-21,3901.635986328125,-0.003143400445313471,-0.010677018638538982,0.016254589513578388,0.005352302066084835,0.006986732593841971,49.60524972613899,20.97895842612833,0.016064176071991614,1.211834350471502,0.028928881369922443,3,0
2012-06-22,3889.37158203125,-0.008210225357491496,-0.003143400445313471,-0.010677018638538982,0.016254589513578388,0.011012275834956231,48.45601364214181,19.956893867241817,0.016042969000160424,0.849158310893739,0.018798748330767,4,0
2012-06-25,3857.43896484375,0.00617269417160804,-0.008210225357491496,-0.003143400445313471,-0.010677018638538982,0.005352302066084835,45.50026001532734,16.676465011701964,0.01584645307337474,0.6695329408018952,-0.00042375286168072623,0,0
2012-06-26,3881.249755859375,0.013774973189347728,0.00617269417160804,-0.008210225357491496,-0.003143400445313471,0.016254589513578388,48.04515906628275,15.671907715760199,0.015376029725291973,0.8507072163403335,0.0003966392438424782,1,0
2012-06-27,3934.7138671875,-0.012018734982863655,0.013774973189347728,0.00617269417160804,-0.008210225357491496,-0.010677018638538982,53.31640887942535,18.003169354816237,0.015130049093524707,0.8938703918095211,-0.002082977080388182,2,0
2012-06-28,3887.423583984375,0.01749211685041785,-0.012018734982863655,0.013774973189347728,0.00617269417160804,-0.003143400445313471,48.617722727533945,15.832106146456141,0.015549587031792017,0.8149381829167154,-0.0034246934247128547,3,0
2012-06-29,3955.4228515625,0.00909180014680211,0.01749211685041785,-0.012018734982863655,0.013774973189347728,-0.008210225357491496,54.78776984677692,18.27430889019081,0.01569867424333309,0.7870802307489237,0.017210823871018466,4,0
2012-07-02,3991.384765625,0.014619133299308196,0.00909180014680211,0.01749211685041785,-0.012018734982863655,0.00617269417160804,57.68194043119341,21.393793152769014,0.01519294014478046,1.087626328496257,0.03451284937531207,0,0
2012-07-03,4049.7353515625,0.006425839458548799,0.014619133299308196,0.00909180014680211,0.01749211685041785,0.013774973189347728,61.93922718649442,26.154287783414915,0.014985876832536169,1.0934061047411914,0.04295928850301223,1,0
2012-07-04,4075.75830078125,-0.001491945816735396,0.006425839458548799,0.014619133299308196,0.00909180014680211,-0.012018734982863655,63.69346295404987,29.571097761765476,0.014542716067279249,1.3921162349613934,0.0356101547722133,2,0
2012-07-05,4069.677490234375,-0.0035968903258000173,-0.001491945816735396,0.006425839458548799,0.014619133299308196,0.01749211685041785,62.963187493490324,29.85041194505574,0.014005877305485236,0.8437996986226683,0.04613694393834156,3,0
2012-07-06,4055.039306640625,-0.01729931789998229,-0.0035968903258000173,-0.001491945816735396,0.006425839458548799,0.00909180014680211,61.14571326477601,27.534415753156203,0.013701623808078135,0.6576750822471439,0.02504793676212369,4,0
2012-07-09,3984.889892578125,0.006181370311888035,-0.01729931789998229,-0.0035968903258000173,-0.001491945816735396,0.014619133299308196,53.21778214548574,20.107784097685297,0.014359942594938465,0.6375167429857643,-0.0013431812846607105,0,0
2012-07-10,4009.52197265625,0.0023580341766993307,0.006181370311888035,-0.01729931789998229,-0.0035968903258000173,0.006425839458548799,55.40427856295036,15.87012526827408,0.013837986363236807,0.7120460104344244,-0.009780944272080871,1,0
2012-07-11,4018.9765625,-0.008711539882082842,0.0023580341766993307,0.006181370311888035,-0.01729931789998229,-0.001491945816735396,56.249512924478374,12.848634708748115,0.013205180038282086,0.7684794584930342,-0.01384874955393034,2,0
2012-07-12,3983.965087890625,0.008923650907467717,-0.008711539882082842,0.0023580341766993307,0.006181370311888035,-0.0035968903258000173,52.2966630429544,7.880801397520809,0.013367673296795425,0.9933019973437223,-0.021068343619277785,3,0
2012-07-13,4019.5166015625,0.0069140193659598115,0.008923650907467717,-0.008711539882082842,0.0023580341766993307,-0.01729931789998229,55.700893106589575,6.438663311178228,0.013014609091678708,0.7177599384700384,-0.00854780238601005,4,0
2012-07-16,4047.3076171875,0.008204419749529679,0.0069140193659598115,0.008923650907467717,-0.008711539882082842,0.006181370311888035,58.211386649016305,6.772030077725638,0.012791590367181319,0.9885060819817599,0.015665534879932053,0,0
2012-07-17,4080.513427734375,0.00023597290930488235,0.008204419749529679,0.0069140193659598115,0.008923650907467717,0.0023580341766993307,61.05158260227068,8.530897987631505,0.012429494706515597,0.9104897976972915,0.017688584317573697,1,0
2012-07-18,4081.476318359375,0.003567291175409215,0.00023597290930488235,0.008204419749529679,0.0069140193659598115,-0.008711539882082842,61.13407366961708,9.013928169209045,0.01209306727761149,0.960496662093242,0.015566523050179248,2,0
2012-07-19,4096.0361328125,-0.003660586967058732,0.003567291175409215,0.00023597290930488235,0.008204419749529679,0.008923650907467717,62.42983142437942,9.519146087656537,0.011810841743755822,0.9724090938385308,0.027845354107671305,3,0
2012-07-20,4081.042236328125,-0.017496822944362944,-0.003660586967058732,0.003567291175409215,0.00023597290930488235,0.0069140193659598115,60.20384568105333,8.104041642975261,0.011700562042492197,0.7867349787733681,0.015261116233144856,4,0
2012-07-23,4009.636962890625,-0.004409177035819445,-0.017496822944362944,-0.003660586967058732,0.003567291175409215,0.008204419749529679,50.89663131655412,1.940985417181011,0.012541749097386031,0.7966645309781306,-0.0091497260771779,0,0
2012-07-24,3991.957763671875,0.002185852304734448,-0.004409177035819445,-0.017496822944362944,-0.003660586967058732,0.00023597290930488235,48.881706577430776,-3.4506687662315585,0.012646518402329108,0.9448739567655228,-0.021763322862527024,1,0
2012-07-25,4000.68359375,0.0009839016769594977,0.002185852304734448,-0.004409177035819445,-0.017496822944362944,0.003567291175409215,49.9351983196461,-6.383211617558892,0.012432555536453654,0.7393019758255883,-0.019813443467097458,2,0
2012-07-26,4004.619873046875,0.01983536714767231,0.0009839016769594977,0.002185852304734448,-0.004409177035819445,-0.003660586967058732,50.43147585356775,-7.911811695902983,0.012165038952105712,0.8511946780422588,-0.022396832965547175,3,0
2012-07-27,4084.052978515625,0.0036504049639052294,0.01983536714767231,0.0009839016769594977,0.002185852304734448,-0.017496822944362944,59.21706536294337,-3.6442522098463,0.012546459613102617,1.042010024370701,0.0010991211491838682,4,0
2012-07-30,4098.96142578125,0.010542757293821925,0.0036504049639052294,0.01983536714767231,0.0009839016769594977,-0.004409177035819445,60.62756428000397,-0.07699167637503024,0.012228702400364158,1.0201776695423768,0.02224634905745204,0,0
2012-07-31,4142.17578125,-0.002866025648884385,0.010542757293821925,0.0036504049639052294,0.01983536714767231,0.002185852304734448,64.46412126187688,4.670925762242902,0.012109075530813302,1.5247931033957525,0.03719828338709341,1,1
2012-08-01,4130.30419921875,-0.0090432957715475,-0.002866025648884385,0.010542757293821925,0.0036504049639052294,0.0009839016769594977,62.657821185093276,6.383860573088203,0.011948729272721908,1.5472975437649672,0.03214640543347458,2,0
2012-08-02,4092.95263671875,0.0016371270787833847,-0.0090432957715475,-0.002866025648884385,0.010542757293821925,0.01983536714767231,57.224804820931546,4.4641092597515915,0.012360464624072606,1.0462519277404125,0.02211920798496758,3,0
2012-08-03,4099.6533203125,0.001386955118394484,0.0016371270787833847,-0.0090432957715475,-0.002866025648884385,0.0036504049639052294,57.929559238053905,3.169234020311258,0.012214060375458604,0.8038998491789253,0.003920967916078655,4,0
2012-08-06,4105.33935546875,-0.00485178231711636,0.001386955118394484,0.0016371270787833847,-0.0090432957715475,0.010542757293821925,58.55359260384677,2.261922679578497,0.012176870946413012,0.9972417282272128,0.0016575180705679093,0,0
2012-08-07,4085.421142578125,0.0012552972606181267,-0.00485178231711636,0.001386955118394484,0.0016371270787833847,-0.002866025648884385,55.45072333888469,0.005932968451311638,0.012087441122184866,1.5316611238556157,-0.013737021540370375,1,0
2012-08-08,4090.549560546875,0.009891022269258531,0.0012552972606181267,-0.00485178231711636,0.001386955118394484,-0.0090432957715475,56.09583278515845,-1.3787155629798207,0.01166300763974267,1.1556986654447325,-0.009615698630867864,2,0
2012-08-09,4131.00927734375,0.0025159843490312195,0.009891022269258531,0.0012552972606181267,-0.00485178231711636,0.0016371270787833847,60.90567245999984,0.11326456288767162,0.011486816776999297,1.057191559614864,0.009318619409938167,3,0
2012-08-10,4141.40283203125,-0.009424998346419078,0.0025159843490312195,0.009891022269258531,0.0012552972606181267,0.001386955118394484,62.05567201577025,1.4110373593801029,0.011188762499389064,1.1630551693594047,0.010197476680186002,4,0
2012-08-13,4102.3701171875,0.004637658251577692,-0.009424998346419078,0.0025159843490312195,0.009891022269258531,-0.00485178231711636,55.457908447311596,-0.6384317224894289,0.011629786237276035,0.8384820943485294,-0.0006144767846275601,0,0
2012-08-14,4121.3955078125,0.004956864532905003,0.004637658251577692,-0.009424998346419078,0.0025159843490312195,0.0012552972606181267,57.8123612595824,-0.9718628392752677,0.011378646527245162,0.8375007953302737,0.008874963784066492,1,0
2012-08-15,4141.82470703125,0.004471699650230976,0.004956864532905003,0.004637658251577692,-0.009424998346419078,0.009891022269258531,60.24255182544562,-0.12043273771782026,0.01118843106833607,1.0470446370344242,0.012576531056353368,2,0
2012-08-16,4160.345703125,0.0005171126009755334,0.004471699650230976,0.004956864532905003,0.004637658251577692,0.0025159843490312195,62.35949053854747,1.307509473120703,0.010844422980895033,1.2678849729715773,0.007157208437325813,3,0
2012-08-23,4162.4970703125,-0.004146375853774309,0.0005171126009755334,0.004471699650230976,0.004956864532905003,-0.009424998346419078,62.60854654179045,1.9742916619746964,0.01083959487161272,0.9696484985799534,0.0051583366892701266,3,0
2012-08-24,4145.23779296875,0.00011555522992257039,-0.004146375853774309,0.0005171126009755334,0.004471699650230976,0.004637658251577692,59.22303033152435,0.8857978737886754,0.010751663380318438,0.6787566686054718,0.010436959181914895,4,0
2012-08-27,4145.716796875,-0.0007308229926689114,0.00011555522992257039,-0.004146375853774309,0.0005171126009755334,0.004956864532905003,59.288827320396315,-0.11581149144920033,0.010209116386851616,0.29028726137027633,0.005914856160259774,0,0
2012-08-28,4142.68701171875,-0.011991375049901443,-0.0007308229926689114,0.00011555522992257039,-0.004146375853774309,0.004471699650230976,58.64425154363679,-1.2341161285901592,0.010157339615391415,1.0823939929203374,0.00022716863468585924,1,0
2012-08-29,4093.010498046875,-0.016512047649828943,-0.011991375049901443,-0.0007308229926689114,0.00011555522992257039,0.0005171126009755334,49.19958701614203,-5.3410121627164955,0.010767737312415936,1.214762196832461,-0.01623590606544656,2,0
2012-08-30,4025.426513671875,0.008631715862310152,-0.016512047649828943,-0.011991375049901443,-0.0007308229926689114,-0.004146375853774309,39.8067781855257,-12.236448807467845,0.011746195765860938,1.1345485659672718,-0.033265066316251035,3,0
2012-08-31,4060.1728515625,0.014190220022671562,0.008631715862310152,-0.016512047649828943,-0.011991375049901443,0.00011555522992257039,45.56108982664943,-13.959847054149698,0.012396084781993595,1.1968930217488092,-0.020486974600166574,4,1
2012-09-03,4117.78759765625,-0.003082804937468153,0.014190220022671562,0.008631715862310152,-0.016512047649828943,-0.0007308229926689114,53.499174842700505,-10.8599427461094,0.012582041459020232,1.0574597781945443,-0.006412309807417582,0,0
2012-09-04,4105.09326171875,-0.0072836109772647095,-0.003082804937468153,0.014190220022671562,0.008631715862310152,-0.011991375049901443,51.71004341695623,-9.361597299984648,0.012238824124540117,1.3425470303226894,-0.008764291752216824,1,0
2012-09-05,4075.193359375,0.006749104600577427,-0.0072836109772647095,-0.003082804937468153,0.014190220022671562,-0.016512047649828943,47.6665791289406,-10.022305744144997,0.012149678788395003,1.2503712204722428,-0.004056527679580091,2,0
2012-09-06,4102.697265625,0.009949747236597917,0.006749104600577427,-0.0072836109772647095,-0.003082804937468153,0.008631715862310152,51.42898128160418,-8.315412089715117,0.011699358007063497,1.2349676251846593,0.01920462457082628,3,0
2012-09-07,4143.51806640625,0.004097962213901241,0.009949747236597917,0.006749104600577427,-0.0072836109772647095,0.014190220022671562,56.43503270841707,-4.345223889359403,0.011655009038818493,1.1870795941814558,0.020522655945114043,4,0
2012-09-10,4160.498046875,-0.0012748952550847292,0.004097962213901241,0.009949747236597917,0.006749104600577427,-0.003082804937468153,58.35765351318224,-0.6761321524548976,0.011388459764959148,0.8496139051926976,0.010430398136343721,0,0
2012-09-11,4155.19384765625,0.004510192145866121,-0.0012748952550847292,0.004097962213901241,0.009949747236597917,-0.0072836109772647095,57.50392253601225,1.1913150568257151,0.011154059821952961,0.9192770992015448,0.012238307818727145,1,0
2012-09-12,4173.9345703125,-0.0008284767655668546,0.004510192145866121,-0.0012748952550847292,0.004097962213901241,0.006749104600577427,59.74469388053897,3.363407204072791,0.01090627666250837,0.9461098549879773,0.024032110941857976,2,0
2012-09-13,4170.4765625,0.020706496185050716,-0.0008284767655668546,0.004510192145866121,-0.0012748952550847292,0.009949747236597917,59.12518783289768,4.188243233314715,0.010527339774021855,1.5962920470725408,0.016454529575713694,3,0
2012-09-14,4256.83251953125,-0.0004028450126077887,0.020706496185050716,-0.0008284767655668546,0.004510192145866121,0.004097962213901241,68.03826347128151,9.84757752185591,0.01122831145899571,1.873138691272804,0.027211278524166493,4,0
2012-09-17,4255.11767578125,-0.0073764576456131214,-0.0004028450126077887,0.020706496185050716,-0.0008284767655668546,-0.0012748952550847292,67.72245668156825,12.597492626975974,0.011034847471877609,1.4206902097870064,0.022710471297657464,0,0
2012-09-18,4223.72998046875,0.004928325926374599,-0.0073764576456131214,-0.0004028450126077887,0.020706496185050716,0.004510192145866121,62.04570948810649,11.45732075947927,0.011276310387750128,1.0970872631013826,0.016608908907129072,1,0
2012-09-19,4244.5458984375,-0.006406774318605146,0.004928325926374599,-0.0073764576456131214,-0.0004028450126077887,-0.0008284767655668546,64.18957318443773,11.244086525255845,0.011089386351883591,1.265549716248806,0.01702704268763755,2,0
2012-09-20,4217.35205078125,0.006426782393286201,-0.006406774318605146,0.004928325926374599,-0.0073764576456131214,0.020706496185050716,59.464043395616386,8.533518302454642,0.011009138172272177,1.585173609421654,0.011448745134599259,3,0
2012-09-21,4244.4560546875,-0.010297094808646268,0.006426782393286201,-0.006406774318605146,0.004928325926374599,-0.0004028450126077887,62.43259554177923,7.845474404926929,0.010773998200685381,1.297437371476231,-0.002830968657165256,4,0
2012-09-24,4200.75048828125,0.006182628499348475,-0.010297094808646268,0.006426782393286201,-0.006406774318605146,-0.0073764576456131214,55.3886927171198,3.924395193297933,0.011020377048063823,1.3790931292567588,-0.012725218453203735,0,0
2012-09-25,4226.72216796875,-0.011053880011695494,0.006182628499348475,-0.010297094808646268,0.006426782393286201,0.004928325926374599,58.39281926601912,2.6201561091244514,0.010804909278654351,1.132519261126754,0.0008338676917578614,1,0
2012-09-26,4180.00048828125,0.010731906641103128,-0.011053880011695494,0.006182628499348475,-0.010297094808646268,-0.006406774318605146,51.65404782315871,-1.620620147978002,0.011400052830553365,0.85928701892535,-0.015148338246312232,2,0
2012-09-27,4224.85986328125,0.008884355331219895,0.010731906641103128,-0.011053880011695494,0.006182628499348475,0.006426782393286201,56.80803887924371,-1.6314698346962402,0.01142844184556439,1.2207220251720674,0.0019903427133960427,3,0
2012-09-28,4262.39501953125,-0.006162518894515467,0.008884355331219895,0.010731906641103128,-0.011053880011695494,-0.010297094808646268,60.59351836078455,0.5457891839626896,0.011171139855607587,0.9079698575159731,0.004447915651329737,4,0
2012-10-01,4236.1279296875,0.004850044780815965,-0.006162518894515467,0.008884355331219895,0.010731906641103128,0.006182628499348475,56.839254758804415,-0.09257742303936567,0.011247564485768467,0.8052096225141299,0.008582491565460537,0,0
2012-10-02,4256.67333984375,-0.0012514816177310317,0.004850044780815965,-0.006162518894515467,0.008884355331219895,-0.011053880011695494,58.9800787084464,0.5254159980538518,0.010871836639032609,1.058978310388576,0.007249907846928028,1,0
2012-10-03,4251.34619140625,0.0046922177798232045,-0.0012514816177310317,0.004850044780815965,-0.006162518894515467,0.010731906641103128,58.17435112141055,0.2461515329201518,0.010601645638058524,1.0883353671202454,0.01705230624089249,2,0
2012-10-04,4271.29443359375,0.009330090238351962,0.0046922177798232045,-0.0012514816177310317,0.004850044780815965,0.008884355331219895,60.358239019837896,1.0315980648313356,0.010257487845835382,0.7652067951378241,0.011012617379612566,3,0
2012-10-05,4311.14599609375,-0.00999215446607049,0.009330090238351962,0.0046922177798232045,-0.0012514816177310317,-0.006162518894515467,64.3616539128848,3.7110426016153895,0.010250735066476146,0.7870787377482326,0.011458352286744633,4,0
2012-10-08,4268.068359375,0.0028151228394357464,-0.00999215446607049,0.009330090238351962,0.0046922177798232045,0.004850044780815965,57.59109952811535,2.1363415116591327,0.011000176818115128,0.8331337693536608,0.00762871671518961,0,0
2012-10-09,4280.08349609375,-5.6128431891400155e-05,0.0028151228394357464,-0.00999215446607049,0.009330090238351962,-0.0012514816177310317,58.8900874675074,1.4887957321390957,0.010700176671180443,0.7784398739068026,0.005593794773809391,1,0
2012-10-10,4279.84326171875,0.0011582272870453991,-5.6128431891400155e-05,0.0028151228394357464,-0.00999215446607049,0.0046922177798232045,58.85127287032228,0.6708159399496907,0.010523333783531182,0.8387389975432519,0.006789147959649022,2,0
2012-10-11,4284.80029296875,0.0061666471610961615,0.0011582272870453991,-5.6128431891400155e-05,0.0028151228394357464,0.009330090238351962,59.44524471468744,0.11903968803757436,0.010162230960821243,1.1794471300213376,0.003255157466871217,3,0
2012-10-12,4311.22314453125,0.0004942586601444088,0.0061666471610961615,0.0011582272870453991,-5.6128431891400155e-05,-0.00999215446607049,62.54852558921752,1.1326668695889666,0.009890366427269133,1.5096699759988288,9.1714389615416e-05,4,0
2012-10-15,4313.35400390625,0.003605943524091604,0.0004942586601444088,0.0061666471610961615,0.0011582272870453991,0.0028151228394357464,62.79577278564317,1.5214828167406864,0.009569543298859947,1.08660436957961,0.010578127515830316,0,0
2012-10-16,4328.90771484375,0.0019519258870490663,0.003605943524091604,0.0004942586601444088,0.0061666471610961615,-5.6128431891400155e-05,64.63123829514414,2.351444073724828,0.009280048879961166,0.8734342177563976,0.011368948200486173,1,0
2012-10-17,4337.357421875,0.004481753047538062,0.0019519258870490663,0.003605943524091604,0.0004942586601444088,0.0011582272870453991,65.62345931396749,2.9556783742288957,0.00918924567876401,1.165174955123307,0.01337700251942664,2,0
2012-10-18,4356.79638671875,-0.00590134016323951,0.004481753047538062,0.0019519258870490663,0.003605943524091604,0.0061666471610961615,67.85746781565713,4.081328602783273,0.008901646645455884,1.1875557321117327,0.016700528279919302,3,0
2012-10-19,4331.08544921875,0.0023371874585331742,-0.00590134016323951,0.004481753047538062,0.0019519258870490663,0.0004942586601444088,62.10833915807077,2.584120325878743,0.008962695743929947,0.9825827208314152,0.0046325409555836305,4,0
2012-10-22,4341.2080078125,-0.002587170504681602,0.0023371874585331742,-0.00590134016323951,0.004481753047538062,0.003605943524091604,63.42228662143429,1.802361557044776,0.00896226875361055,0.9406248721245523,0.006475469753972396,0,0
2012-10-23,4329.9765625,0.0012078542212086152,-0.002587170504681602,0.0023371874585331742,-0.00590134016323951,0.0019519258870490663,60.89895555501677,0.14314317674884336,0.00903104973643505,0.9516353233696673,0.0002823557251991904,1,0
2012-10-24,4335.20654296875,0.0008714306905117652,0.0012078542212086152,-0.002587170504681602,0.0023371874585331742,0.004481753047538062,61.66383002308411,-0.9288674353584483,0.008890942457935197,0.8542411045024333,-0.00046171594064126076,2,0
2012-10-25,4338.984375,-0.0017947973496101888,0.0008714306905117652,0.0012078542212086152,-0.002587170504681602,-0.00590134016323951,62.238447600736855,-1.6671866707911889,0.008632982120730943,1.2111552836818256,-0.004072038297667557,3,0
2012-10-29,4331.19677734375,0.007672578047326795,-0.0017947973496101888,0.0008714306905117652,0.0012078542212086152,0.0023371874585331742,60.23416648503035,-2.8919295497086352,0.008465213221216582,0.9493705010273739,3.450451596176407e-05,0,0
2012-10-30,4364.42822265625,-0.003278010290267197,0.007672578047326795,-0.0017947973496101888,0.0008714306905117652,-0.002587170504681602,65.36044908066839,-1.7330195125430023,0.00842121592592751,1.2017853393031066,0.0053698951047553845,1,0
2012-10-31,4350.12158203125,-0.003431679408206212,-0.003278010290267197,0.007672578047326795,-0.0017947973496101888,0.0012078542212086152,61.67432476014394,-2.1706536706353106,0.008505709065898575,1.0804613542681476,0.004679055319169789,2,1
2012-11-01,4335.193359375,0.0008143289456434832,-0.003431679408206212,-0.003278010290267197,0.007672578047326795,0.0008714306905117652,57.99872259481401,-3.620749848702822,0.008737160618317974,0.9882933783926497,3.9521689754962175e-05,3,0
2012-11-02,4338.7236328125,-0.00828634213195889,0.0008143289456434832,-0.003431679408206212,-0.003278010290267197,-0.0017947973496101888,58.626678868736484,-4.443190648819254,0.008481671164272493,0.7804634457097608,-1.7580055113319837e-05,4,0
2012-11-05,4302.771484375,0.0026321833810785122,-0.00828634213195889,0.0008143289456434832,-0.003431679408206212,0.007672578047326795,50.36780037923643,-7.338664507652254,0.00882290804074156,0.6698509489041046,-0.006509124837462021,0,0
2012-11-06,4314.09716796875,0.008381180384846143,0.0026321833810785122,-0.00828634213195889,0.0008143289456434832,-0.003278010290267197,52.631603861856604,-8.34780271067116,0.008562700284265088,0.8125194897024853,-0.011549519503710304,1,0
2012-11-07,4350.25439453125,-0.00518468242417125,0.008381180384846143,0.0026321833810785122,-0.00828634213195889,-0.003431679408206212,59.05278522650051,-6.518004184676798,0.008481415091827345,0.9904647865182629,0.00010967117140303628,2,0
2012-11-08,4327.69970703125,0.001333727625988601,-0.00518468242417125,0.008381180384846143,0.0026321833810785122,0.0008143289456434832,54.123972591892205,-6.736737522351735,0.008897393956917023,0.7299722174203274,-0.0016433318445620015,3,0
2012-11-09,4333.4716796875,-0.0034728082975115093,0.001333727625988601,-0.00518468242417125,0.008381180384846143,-0.00828634213195889,55.15550573849404,-6.40488892007242,0.008751713982563997,0.736297181897195,-0.0011239331642168837,4,0
2012-11-12,4318.42236328125,0.0031245586761567967,-0.0034728082975115093,0.001333727625988601,-0.00518468242417125,0.0026321833810785122,51.88002710956354,-7.059510264676135,0.008609723833929684,0.7452038558730868,0.0036896006702304973,0,0
2012-11-13,4331.91552734375,0.004432039043423597,0.0031245586761567967,-0.0034728082975115093,0.001333727625988601,0.008381180384846143,54.48965018502519,-6.460511053330585,0.008347654577976482,1.0458901288164786,0.004181975965308782,1,0
2012-11-14,4351.11474609375,-0.008697483796301753,0.004432039043423597,0.0031245586761567967,-0.0034728082975115093,-0.00518468242417125,57.98143940729116,-4.728295401350881,0.008320460828668526,1.0762867867461487,0.00023283462388623555,2,0
2012-11-19,4313.27099609375,-0.0002487100641767048,-0.008697483796301753,0.004432039043423597,0.0031245586761567967,0.001333727625988601,49.860765367584825,-6.006179506452526,0.008705780103936717,0.9307650034024653,-0.0032799667482442674,0,0
2012-11-20,4312.1982421875,0.0011386666322439343,-0.0002487100641767048,-0.008697483796301753,0.004432039043423597,-0.0034728082975115093,49.64848992609406,-6.743418662606178,0.008998358336554133,1.1147715909526068,-0.004862404438409573,1,0
2012-11-21,4317.1083984375,0.004319998624658039,0.0011386666322439343,-0.0002487100641767048,-0.008697483796301753,0.0031245586761567967,50.68342617955154,-6.705959779807873,0.00876156127667944,0.9625053584559077,-0.00025092950865412966,2,0
2012-11-22,4335.75830078125,0.002970730884936268,0.004319998624658039,0.0011386666322439343,-0.0002487100641767048,0.004432039043423597,54.50815447974095,-5.2927760951584375,0.008593405597546712,1.0318359030961237,0.0009445104398471127,3,0
2012-11-23,4348.638671875,0.0060616356681306716,0.002970730884936268,0.004319998624658039,0.0011386666322439343,-0.008697483796301753,56.98912966104377,-3.4475308792102126,0.008382521113578102,0.9254721119627852,-0.0005167977186402162,4,0
2012-11-26,4374.99853515625,-0.008607592167720557,0.0060616356681306716,0.002970730884936268,0.004319998624658039,-0.0002487100641767048,61.604140440479604,-0.5601213481178622,0.008205604227783072,1.1835310613323353,0.014242321745792208,0,0
2012-11-27,4337.34033203125,-0.007535625016816039,-0.008607592167720557,0.0060616356681306716,0.002970730884936268,0.0011386666322439343,52.87543969347541,-1.2550730035270377,0.008487734818755246,1.2776518913774744,0.005883439642248356,1,0
2012-11-28,4304.65576171875,0.0033130915779211456,-0.007535625016816039,-0.008607592167720557,0.0060616356681306716,0.004319998624658039,46.69174955453247,-3.8386825426050404,0.009094069713221641,1.1043435602419776,-0.002790852006811617,2,0
2012-11-29,4318.91748046875,-0.00994297096157748,0.0033130915779211456,-0.007535625016816039,-0.008607592167720557,0.002970730884936268,49.46869902995514,-4.4658775456547914,0.009085036263057346,1.0641716805229409,-0.0037977590535485106,3,0
2012-11-30,4275.974609375,0.0061511698493443845,-0.00994297096157748,0.0033130915779211456,-0.007535625016816039,0.0060616356681306716,42.320055090821974,-7.474435866314298,0.009635149228930018,1.4081291281152348,-0.016711460900062258,4,1
2012-12-03,4302.27685546875,-0.0076218953377135135,0.0061511698493443845,-0.00994297096157748,0.0033130915779211456,-0.008607592167720557,47.33959397999777,-7.3817756202541585,0.009569482065834299,1.2148744146650243,-0.016621926718848545,0,0
2012-12-04,4269.4853515625,0.00402566084310596,-0.0076218953377135135,0.0061511698493443845,-0.00994297096157748,-0.007535625016816039,42.387080435932745,-9.104589571779682,0.009893446743005593,0.9717564458528116,-0.015636229888841502,1,0
2012-12-05,4286.6728515625,0.0013448977606602686,0.00402566084310596,-0.0076218953377135135,0.0061511698493443845,0.0033130915779211456,45.59955470148375,-8.664700354084106,0.009721157853785585,1.1700824189626484,-0.004074944028919503,2,0
2012-12-06,4292.43798828125,-0.0004214579304788746,0.0013448977606602686,0.00402566084310596,-0.0076218953377135135,-0.00994297096157748,46.67365096910032,-7.6015303432085055,0.009406784195963202,1.1967357783110064,-0.00604313784618038,3,0
2012-12-07,4290.62890625,0.0027532067068403165,-0.0004214579304788746,0.0013448977606602686,0.00402566084310596,0.0061511698493443845,46.36429553394051,-6.66947665548275,0.009195141498002074,1.0522081255858187,0.0034783751849182254,4,0
2012-12-10,4302.44189453125,0.003557890510260453,0.0027532067068403165,-0.0004214579304788746,0.0013448977606602686,-0.0076218953377135135,48.7528854295431,-4.983934143321583,0.009148253654839013,1.134697470674825,8.041204241415745e-05,0,0
2012-12-11,4317.74951171875,0.004541686178882509,0.003557890510260453,0.0027532067068403165,-0.0004214579304788746,0.00402566084310596,51.75139127289465,-2.6800999104575727,0.009047978483422495,1.27436053300852,0.011260197890388124,1,0
2012-12-12,4337.359375,-0.003997562961335244,0.004541686178882509,0.003557890510260453,0.0027532067068403165,0.0013448977606602686,55.35517149163025,0.17116458194612827,0.008837368891063548,1.1942732255578377,0.011776223226164673,2,0
2012-12-13,4320.0205078125,-0.0026216735715185457,-0.003997562961335244,0.004541686178882509,0.003557890510260453,-0.0004214579304788746,51.67961099030921,0.8577079811105695,0.008864190362303225,1.1613051177152383,0.00643376250416916,3,0
2012-12-14,4308.69482421875,0.001623148686335174,-0.0026216735715185457,-0.003997562961335244,0.004541686178882509,0.0027532067068403165,49.37346209203931,0.533248836279635,0.008884721296908975,0.7088593405936451,0.004233546863129489,4,0
2012-12-17,4315.6884765625,-0.003341166460938627,0.001623148686335174,-0.0026216735715185457,-0.003997562961335244,0.003557890510260453,50.83251291313437,0.7600034080216422,0.008761108832100692,0.8262617095311906,0.0031034888426243468,0,0
2012-12-18,4301.26904296875,-0.0059463055904536155,-0.003341166460938627,0.001623148686335174,-0.0026216735715185457,0.004541686178882509,47.77530811979054,-0.04790411197523392,0.009078644756304995,0.8522439123869963,-0.0037955681285747334,1,0
2012-12-19,4275.6923828125,-0.004921306376502899,-0.0059463055904536155,-0.003341166460938627,0.001623148686335174,-0.003997562961335244,42.85223033378585,-2.173884889878575,0.00941536513100993,0.9981412618643949,-0.014283559897910858,2,0
2012-12-20,4254.650390625,-0.0010815371599366408,-0.004921306376502899,-0.0059463055904536155,-0.003341166460938627,-0.0026216735715185457,39.26721508044433,-4.720214385771428,0.009688045363349648,0.7832742715133543,-0.015207303313078513,3,0
2012-12-21,4250.048828125,0.005853793040061506,-0.0010815371599366408,-0.004921306376502899,-0.0059463055904536155,0.001623148686335174,38.50850237026075,-6.336579376605538,0.009704588301373966,0.6459188705479051,-0.013667166901496608,4,0
2012-12-26,4274.927734375,0.0015828575318570515,0.005853793040061506,-0.0010815371599366408,-0.004921306376502899,-0.003341166460938627,44.7268129156695,-5.389511118307118,0.00945656303748725,0.4775019366758771,-0.009436522547770276,2,0
2012-12-27,4281.6943359375,0.008133279962960094,0.0015828575318570515,0.005853793040061506,-0.0010815371599366408,-0.0059463055904536155,46.316892951927315,-4.028980629948425,0.009192379546620603,0.665803928381035,-0.004512498554974598,3,0
2012-12-28,4316.5185546875,0.0069007254336141965,0.008133279962960094,0.0015828575318570515,0.005853793040061506,-0.004921306376502899,53.69914618365119,-0.6808668392219746,0.009179627655489327,0.8063215380700169,0.009567086998439112,4,0
2013-01-02,4346.3056640625,0.012143934200583795,0.0069007254336141965,0.008133279962960094,0.0015828575318570515,-0.0010815371599366408,58.904786924601424,3.4176072826822548,0.009258302243163824,0.8861130595776829,0.021389118808556207,2,0
2013-01-03,4399.0869140625,0.002446352836448451,0.012143934200583795,0.0069007254336141965,0.008133279962960094,0.005853793040061506,66.16414670164362,9.231186855269392,0.009384572327011018,1.1787766960323078,0.03461459016907664,3,0
2013-01-04,4409.8486328125,-0.004000279027434384,0.002446352836448451,0.012143934200583795,0.0069007254336141965,0.0015828575318570515,67.42755603198093,13.11237578834237,0.009158932597830686,1.0010055930875885,0.031207149965463588,4,0
2013-01-07,4392.2080078125,0.001176177361320585,-0.004000279027434384,0.002446352836448451,0.012143934200583795,0.008133279962960094,63.25791350921855,13.736464386108803,0.009192026326147733,1.0959187327848112,0.025624013406172153,0,0
2013-01-08,4397.3740234375,-0.007871907750341967,0.001176177361320585,-0.004000279027434384,0.002446352836448451,0.0069007254336141965,63.960764728016514,13.71050818195257,0.009049843748014201,1.3088045250644456,0.018666910804532644,1,0
2013-01-09,4362.75830078125,-0.010443283880599341,-0.007871907750341967,0.001176177361320585,-0.004000279027434384,0.012143934200583795,56.202609920010076,10.70845053531072,0.009484804135095205,1.2067564856393498,0.0038942776205764806,2,0
2013-01-10,4317.19677734375,-0.0026526815959837524,-0.010443283880599341,-0.007871907750341967,0.001176177361320585,0.002446352836448451,47.95726676303952,5.27546082434875,0.010199476513550137,0.907799457178638,-0.018692940460606655,3,0
2013-01-11,4305.74462890625,0.017786126705499283,-0.0026526815959837524,-0.010443283880599341,-0.007871907750341967,-0.004000279027434384,46.12551388041059,0.7683730731341427,0.010164143329886875,0.8831180555949804,-0.02379197489303886,4,0
2013-01-14,4382.3271484375,0.0041818356444551785,0.017786126705499283,-0.0026526815959837524,-0.010443283880599341,0.001176177361320585,57.74774941086154,2.694307287186506,0.010521435135416979,1.2505794612310634,-0.0020055691601051917,0,0
2013-01-15,4400.6533203125,0.0023040124768405335,0.0041818356444551785,0.017786126705499283,-0.0026526815959837524,-0.007871907750341967,59.973036097392516,4.8274495054838,0.010175158841310894,0.8423794316675098,0.0010000891230294018,1,0
2013-01-16,4410.79248046875,-0.002852223599717596,0.0023040124768405335,0.0041818356444551785,0.017786126705499283,-0.010443283880599341,61.19086152017592,6.445164151168093,0.00980394610132037,1.35053506884854,0.011176009350211902,2,0
2013-01-17,4398.2119140625,0.015255777993942399,-0.002852223599717596,0.0023040124768405335,0.0041818356444551785,-0.0026526815959837524,58.80032698436301,6.1904058003385956,0.009638361559384688,0.6908409282999431,0.018767069631093647,3,0
2013-01-18,4465.31005859375,-0.005712657962778422,0.015255777993942399,-0.002852223599717596,0.0023040124768405335,0.017786126705499283,66.35085733491294,9.846172505867639,0.009888745090682386,0.9489834543230586,0.0366755292210198,4,0
2013-01-21,4439.80126953125,-0.005276313021207235,-0.005712657962778422,0.015255777993942399,-0.002852223599717596,0.0041818356444551785,61.71987879904605,9.828939651603886,0.00994846988260501,0.8670275403939113,0.013176744552742092,0,0
2013-01-22,4416.37548828125,0.0004934361275512611,-0.005276313021207235,-0.005712657962778422,0.015255777993942399,0.0023040124768405335,57.73466346889583,7.620975756436422,0.009963799256992574,0.9582010900699176,0.0037185958870796787,1,0
2013-01-23,4418.5546875,0.004270764266454563,0.0004934361275512611,-0.005276313021207235,-0.005712657962778422,-0.002852223599717596,58.00630635604441,5.772329492513993,0.010083575956955457,0.8997021130825977,0.0019080195377904063,2,0
2013-01-25,4437.42529296875,-0.004655998279900597,0.004270764266454563,0.0004934361275512611,-0.005276313021207235,0.015255777993942399,60.38091493299169,5.297855896785386,0.009768301696279656,1.164029976216303,0.009031007403962565,4,0
2013-01-28,4416.7646484375,0.0050019158625682625,-0.004655998279900597,0.004270764266454563,0.0004934361275512611,-0.005712657962778422,56.6067661578347,3.1746928892237882,0.01007288760768289,0.9019187002861714,-0.01088076886988043,0,0
2013-01-29,4438.85693359375,0.003141644956939249,0.0050019158625682625,-0.004655998279900597,0.004270764266454563,-0.005276313021207235,59.520412665976615,2.850619338712086,0.009671616303156492,0.9665411705276215,-0.00016619504453374567,1,0
2013-01-30,4452.80224609375,0.00016338903510448866,0.003141644956939249,0.0050019158625682625,-0.004655998279900597,0.0004934361275512611,61.287423508778986,3.144750776546477,0.00932621629437116,1.0726787443477621,0.008251762933612738,2,0
2013-01-31,4453.52978515625,0.006271359763460049,0.00016338903510448866,0.003141644956939249,0.0050019158625682625,0.004270764266454563,61.3821353202494,2.960247323665282,0.009083682064748787,1.3372661984692873,0.007921715841165966,3,1
2013-02-01,4481.45947265625,0.0019929115499635053,0.006271359763460049,0.00016338903510448866,0.003141644956939249,-0.004655998279900597,64.92937115825504,4.21464733151425,0.009430302265036642,1.1833675424467482,0.009922311338171452,4,0
2013-02-04,4490.390625,-0.002477295265932433,0.0019929115499635053,0.006271359763460049,0.00016338903510448866,0.0050019158625682625,66.00471318912653,5.083118267714603,0.009519294839235293,1.1688374337988694,0.016571221168035555,0,0
2013-02-05,4479.2666015625,0.004361021887084426,-0.002477295265932433,0.0019929115499635053,0.006271359763460049,0.003141644956939249,63.39728239283778,4.372709736385005,0.00940098078352547,1.5377593815675625,0.009092010039534859,1,0
2013-02-06,4498.80078125,0.0009273304604613397,0.004361021887084426,-0.002477295265932433,0.0019929115499635053,0.00016338903510448866,65.94164757526359,4.656499542179986,0.00914684154551229,1.3187722316498487,0.010311386969680036,2,0
2013-02-07,4502.97265625,-0.002638448039099184,0.0009273304604613397,0.004361021887084426,-0.002477295265932433,0.006271359763460049,66.477594860827,4.557557373921384,0.008817255490775232,1.0869920135735152,0.011075328395036887,3,0
2013-02-08,4491.091796875,0.002667498463755802,-0.002638448039099184,0.0009273304604613397,0.004361021887084426,0.0019929115499635053,63.417003086830775,3.1890773301775397,0.008851983241740594,0.9157729226238334,0.0021655205924776544,4,0
2013-02-11,4503.07177734375,0.009991985722419772,0.002667498463755802,-0.002638448039099184,0.0009273304604613397,-0.002477295265932433,65.15887117782898,2.6120880295515576,0.00856033881677973,0.7196747735908906,0.002840107506269951,0,0
2013-02-12,4548.06640625,0.005128273948836526,0.009991985722419772,0.002667498463755802,-0.002638448039099184,0.004361021887084426,70.78523300230515,4.662400783608199,0.008581592048522185,0.9264346752342788,0.015309388494622156,1,0
2013-02-13,4571.39013671875,0.003741532311772211,0.005128273948836526,0.009991985722419772,0.002667498463755802,0.0009273304604613397,73.20110719725808,6.858362118087932,0.008533207638310877,1.311737313140764,0.016076640556374255,2,0
2013-02-14,4588.494140625,0.004601140165044315,0.003741532311772211,0.005128273948836526,0.009991985722419772,-0.002638448039099184,74.84395988633608,8.61793722591328,0.008367121935122573,2.0407930758980237,0.018890842407685127,3,0
2013-02-15,4609.6064453125,0.0004902296219448932,0.004601140165044315,0.003741532311772211,0.005128273948836526,0.002667498463755802,76.73946117293929,10.247912435935937,0.00816410608007823,1.5534130352728726,0.026130430611828626,4,0
2013-02-18,4611.8662109375,-0.0021646139978159784,0.0004902296219448932,0.004601140165044315,0.003741532311772211,0.009991985722419772,76.93975069927976,10.484728881487413,0.008009814253475066,1.3229565606708447,0.023953161770017717,0,0
2013-02-19,4601.88330078125,0.007037921910579836,-0.0021646139978159784,0.0004902296219448932,0.004601140165044315,0.005128273948836526,73.91192125480082,9.030730308841349,0.008030892546793168,2.493171615273333,0.011796562049781967,1,0
2013-02-20,4634.27099609375,-0.0004417875611882893,0.007037921910579836,-0.0021646139978159784,0.0004902296219448932,0.003741532311772211,77.06533272508388,9.276592841569226,0.00790433597344186,1.5642935073524984,0.013706210011525277,2,0
2013-02-21,4632.2236328125,0.004040880407016223,-0.0004417875611882893,0.007037921910579836,-0.0021646139978159784,0.004601140165044315,76.43635098053875,8.356298638703421,0.007937539866364442,1.2876306163988014,0.009522890138564777,3,0
2013-02-22,4650.94189453125,0.009671575051634518,0.004040880407016223,-0.0004417875611882893,0.007037921910579836,0.0004902296219448932,78.18905564061905,8.059491309317067,0.00772178889153299,1.2582437715951666,0.008962630380536685,4,0
2013-02-25,4695.923828125,-0.007043176158844533,0.009671575051634518,0.004040880407016223,-0.0004417875611882893,-0.0021646139978159784,81.70985062311432,9.826749575312519,0.007785758781154381,1.0569764689912207,0.01814397581022631,0,0
2013-02-26,4662.849609375,0.01144832889960079,-0.007043176158844533,0.009671575051634518,0.004040880407016223,0.007037921910579836,72.44930362871901,7.791323131134398,0.008039424246173054,0.9846060572570404,0.013265413649197755,1,0
2013-02-27,4716.2314453125,0.01682924309145961,0.01144832889960079,-0.007043176158844533,0.009671575051634518,-0.0004417875611882893,76.98341083364664,8.978813430061841,0.008271625270807437,1.0436339014500846,0.01767582063821871,2,0
2013-02-28,4795.60205078125,0.0032996337688553368,0.01682924309145961,0.01144832889960079,-0.007043176158844533,0.004040880407016223,81.78372488326245,13.762193326535126,0.008735865679434759,1.1282307369647695,0.03494685129086661,3,1
2013-03-01,4811.42578125,-0.010423186993850142,0.0032996337688553368,0.01682924309145961,0.01144832889960079,0.009671575051634518,82.5644500902105,16.46187455264854,0.008678092507625563,1.011217600873739,0.03420560465270572,4,0
2013-03-04,4761.275390625,-0.0020496165967872626,-0.010423186993850142,0.0032996337688553368,0.01682924309145961,-0.007043176158844533,72.02808904033571,13.46617784662078,0.00936153730500944,0.9216753965834746,0.014110842607221064,0,0
2013-03-05,4751.5166015625,0.015359096900187996,-0.0020496165967872626,-0.010423186993850142,0.0032996337688553368,0.01144832889960079,70.15204015362059,9.60477346835114,0.00913276394483527,0.9604253717771778,0.019104402169278334,1,0
2013-03-06,4824.49560546875,0.004894658373350458,0.015359096900187996,-0.0020496165967872626,-0.010423186993850142,0.01682924309145961,75.32743258816149,10.661422925954312,0.009586384463083075,1.1734570418727837,0.02301517016986554,2,0
2013-03-07,4848.10986328125,0.0054032010904701,0.004894658373350458,0.015359096900187996,-0.0020496165967872626,0.0032996337688553368,76.73323929363025,11.57057962866267,0.009294122258510352,1.0008913859873358,0.011080585451756386,3,0
2013-03-08,4874.30517578125,-0.004140514017572872,0.0054032010904701,0.004894658373350458,0.015359096900187996,-0.010423186993850142,78.21603769717713,12.477976422225552,0.009407086020506043,1.0138140271048528,0.01318415277337115,4,0
2013-03-11,4854.123046875,-0.0038878434127559425,-0.004140514017572872,0.0054032010904701,0.004894658373350458,-0.0020496165967872626,74.28785154499057,10.348563102822496,0.009340950845361086,0.8022077810540781,0.01946682574964842,0,0
2013-03-13,4835.2509765625,-0.01014845201166481,-0.0038878434127559425,-0.004140514017572872,0.0054032010904701,0.015359096900187996,70.71163050498629,6.487381812599779,0.009491282976750058,0.7896576811156024,0.01762859893367974,2,0
2013-03-14,4786.1806640625,0.0068856687619323065,-0.01014845201166481,-0.0038878434127559425,-0.004140514017572872,0.004894658373350458,62.31196548025466,-0.19879591149874898,0.010068987771873502,0.9127424961647385,-0.007878949978173067,3,0
2013-03-15,4819.13671875,-0.0034233431331305297,0.0068856687619323065,-0.01014845201166481,-0.0038878434127559425,0.0054032010904701,65.29377291911942,-3.0699419649421174,0.010296082427686369,0.8918412251948212,-0.005887939589591218,4,0
2013-03-18,4802.63916015625,0.004122794219690196,-0.0034233431331305297,0.0068856687619323065,-0.01014845201166481,-0.004140514017572872,62.62275133603771,-6.548406904426059,0.010191354953532086,0.7388890983513464,-0.014714483813191848,0,0
2013-03-19,4822.439453125,0.001839848624330731,0.004122794219690196,-0.0034233431331305297,0.0068856687619323065,-0.0038878434127559425,64.49978982165152,-7.893811443680249,0.009984928392531796,0.9354022723109436,-0.00645117557592878,1,0
2013-03-20,4831.31201171875,-0.005967945713827416,0.001839848624330731,0.004122794219690196,-0.0034233431331305297,-0.01014845201166481,65.3397514812371,-8.511117604792304,0.009814900537473881,1.089676256014797,-0.0007234835388421068,2,0
2013-03-21,4802.47900390625,-0.016554662270065856,-0.005967945713827416,0.001839848624330731,0.004122794219690196,0.0068856687619323065,60.34306966741634,-11.026588201404337,0.010186250985092056,1.2161517715189347,0.0034570227589952873,3,0
2013-03-22,4722.9755859375,0.016197726084278496,-0.016554662270065856,-0.005967945713827416,0.001839848624330731,-0.0034233431331305297,49.17602672436795,-17.808461743232854,0.011056809597512618,0.9986587129033191,-0.019983308273002875,4,0
2013-03-25,4799.47705078125,0.008928686790319107,0.016197726084278496,-0.016554662270065856,-0.005967945713827416,0.004122794219690196,57.35419019475098,-16.912460727749988,0.011241924307404363,0.813378138105838,-0.0003622390555938493,0,0
2013-03-26,4842.330078125,0.01767342684730555,0.008928686790319107,0.016197726084278496,-0.016554662270065856,0.001839848624330731,61.12752868242342,-13.359904292022165,0.011272331128980203,0.8915786220449314,0.004443653515035062,1,0
2013-03-27,4927.91064453125,0.0026143535690013042,0.01767342684730555,0.008928686790319107,0.016197726084278496,-0.005967945713827416,67.34215782732136,-5.571279615638829,0.011525850967785628,1.111728683025091,0.020277231738009882,2,0
2013-03-28,4940.7939453125,-0.0006903029288412021,0.0026143535690013042,0.01767342684730555,0.008928686790319107,-0.016554662270065856,68.16721561209881,-0.1625335928411431,0.011289825338573816,0.7879226873692161,0.028859531020838602,3,0
2013-04-01,4937.38330078125,0.003984864753033612,-0.0006903029288412021,0.0026143535690013042,0.01767342684730555,0.016197726084278496,67.67974371747891,2.431544114474633,0.010936995042738661,0.8961186948865112,0.04472389036206326,0,0
2013-04-02,4957.05810546875,0.00488472530930939,0.003984864753033612,-0.0006903029288412021,0.0026143535690013042,0.008928686790319107,69.05451355554939,4.5931738673397575,0.010558339158322834,1.3288976257372132,0.03251102903081837,1,0
2013-04-03,4981.27197265625,-0.011814761246838112,0.00488472530930939,0.003984864753033612,-0.0006903029288412021,0.01767342684730555,70.70599018331602,6.649641009019916,0.010298121442446418,1.1648418413886357,0.028467067549808656,2,0
2013-04-04,4922.41943359375,0.0007023032670492313,-0.011814761246838112,0.00488472530930939,0.003984864753033612,0.0026143535690013042,62.03974707031411,3.2161309920830092,0.010530872602566013,0.8547501544427585,-0.001021120544335008,3,0
2013-04-05,4925.87646484375,-0.005795090201963782,0.0007023032670492313,-0.011814761246838112,0.00488472530930939,-0.0006903029288412021,62.331807169893494,0.4907209170895044,0.010368051247998809,0.7556669216649766,-0.002933170846287081,4,0
2013-04-08,4897.33056640625,0.0004218457261024877,-0.005795090201963782,0.0007023032670492313,-0.011814761246838112,0.003984864753033612,58.340300257465245,-3.6914659930219926,0.010586324160714554,0.7419434680939653,-0.00803795811940966,0,0
2013-04-09,4899.396484375,-0.004513071802928481,0.0004218457261024877,-0.005795090201963782,0.0007023032670492313,0.00488472530930939,58.54718821013016,-6.6055070463963546,0.010528976697851258,0.7790545024823297,-0.011600977146340785,1,0
2013-04-10,4877.28515625,0.009592759003191675,-0.004513071802928481,0.0004218457261024877,-0.005795090201963782,-0.011814761246838112,55.37734600028289,-10.099820074125525,0.010483669250881348,0.6851647253287211,-0.020998774258578656,2,0
2013-04-11,4924.07177734375,0.002629183660983081,0.009592759003191675,-0.004513071802928481,0.0004218457261024877,0.0007023032670492313,60.27800204321387,-9.354732976752338,0.010321025692484049,0.8072888130312845,0.00040874599145113155,3,0
2013-04-12,4937.01806640625,-0.008632072770552224,0.002629183660983081,0.009592759003191675,-0.004513071802928481,-0.005795090201963782,61.5367902055309,-8.129820312960362,0.009928677680426821,0.7833456484607151,0.0023356263853849812,4,0
2013-04-15,4894.4013671875,0.0103503345160596,-0.008632072770552224,0.002629183660983081,0.009592759003191675,0.0004218457261024877,55.3218435844434,-10.195744827663617,0.009973426041448134,0.519837597466513,-0.0005013561832034608,0,0
2013-04-16,4945.06005859375,0.010798240786975333,0.0103503345160596,-0.008632072770552224,0.002629183660983081,-0.004513071802928481,60.436913457002255,-8.240147468679908,0.010451049040096728,0.7399637752574254,0.009427132606753652,1,0
2013-04-17,4998.4580078125,0.002797933190724189,0.010798240786975333,0.0103503345160596,-0.008632072770552224,0.009592759003191675,64.98719738090857,-3.6728597570454724,0.010363936172298737,0.7416655704613832,0.024738445196657466,2,0
2013-04-18,5012.443359375,-0.002828410233750356,0.002797933190724189,0.010798240786975333,0.0103503345160596,0.002629183660983081,66.08732697147714,-0.21488861522669112,0.010129031347027436,1.0320377777357348,0.01794361938418998,3,0
2013-04-19,4998.26611328125,-0.0003077238991763265,-0.002828410233750356,0.002797933190724189,0.010798240786975333,-0.008632072770552224,63.89557733765088,0.5697304155485199,0.009971519471891172,1.073816816731606,0.012486025489456543,4,0
2013-04-22,4996.72802734375,-0.0043210894160329305,-0.0003077238991763265,-0.002828410233750356,0.002797933190724189,0.0103503345160596,63.648952154140716,0.4429162513706544,0.010024515471459031,0.8174651353151422,0.02081037436083244,0,0
2013-04-23,4975.13671875,0.007291335429695289,-0.0043210894160329305,-0.0003077238991763265,-0.002828410233750356,0.010798240786975333,60.1397278560285,-1.5292780916381261,0.00975216322712908,0.7803353629221307,0.006138950428739909,1,0
2013-04-24,5011.412109375,-0.0034090160621674803,0.007291335429695289,-0.0043210894160329305,-0.0003077238991763265,0.002797933190724189,63.755339089397616,-0.8583322023355962,0.009507070572528578,0.7517996027704483,0.0026320450714598653,2,0
2013-04-25,4994.328125,-0.0032065671370961057,-0.0034090160621674803,0.007291335429695289,-0.0043210894160329305,-0.002828410233750356,60.951286864519275,-1.9692036563170916,0.009624649431266613,1.0852190367210737,-0.003574904181431804,3,0
2013-04-26,4978.3134765625,0.004267238783528526,-0.0032065671370961057,-0.0034090160621674803,0.007291335429695289,-0.0003077238991763265,58.36010137633457,-4.065919249455078,0.009354887054761032,0.8676607703128257,-0.003953061084777554,4,0
2013-04-29,4999.55712890625,0.006864182208326408,0.004267238783528526,-0.0032065671370961057,-0.0034090160621674803,-0.0043210894160329305,60.74415703729432,-4.28362478789505,0.00898378297298279,0.7864734557175604,0.000621901597927299,0,0
2013-04-30,5033.875,0.0053332034838966536,0.006864182208326408,0.004267238783528526,-0.0032065671370961057,0.007291335429695289,64.3000611089529,-2.468061398212093,0.009087856083211748,0.9713641935087007,0.011807173222286638,1,1
2013-05-01,5060.7216796875,-0.013213553603609651,0.0053332034838966536,0.006864182208326408,0.004267238783528526,-0.0034090160621674803,66.8312781796262,0.055571961372123724,0.009106942668989763,1.207098106161904,0.009849041276488002,2,0
2013-05-02,4993.8515625,-0.013728893968051326,-0.013213553603609651,0.0053332034838966536,0.006864182208326408,-0.0032065671370961057,56.151763754242985,-3.09019686709874,0.009577998404277659,1.103527619029785,4.450373504583105e-05,3,0
2013-05-03,4925.29150390625,0.013478441601598501,-0.013728893968051326,-0.013213553603609651,0.0053332034838966536,0.004267238783528526,47.73026540505848,-9.725335681137977,0.010451973792358047,0.9897227196546986,-0.010477823095909389,4,0
2013-05-06,4991.6767578125,0.010200280662516992,0.013478441601598501,-0.013728893968051326,-0.013213553603609651,0.006864182208326408,54.79924571155239,-9.565658466977062,0.010591794579200916,0.8101725441039088,-0.0012666202778394142,0,0
2013-05-07,5042.59326171875,0.009230160533835186,0.010200280662516992,0.013478441601598501,-0.013728893968051326,0.0053332034838966536,59.34110511078586,-6.12087016382155,0.010546859914888887,1.1279241932107158,0.0020694781763511694,1,0
2013-05-08,5089.13720703125,0.0032619647028899745,0.009230160533835186,0.010200280662516992,0.013478441601598501,-0.013213553603609651,63.00098986287188,-1.0627151414875655,0.010377128094234208,1.2932890420840197,0.005966435226289701,2,0
2013-05-10,5105.73779296875,-0.010048915746693199,0.0032619647028899745,0.009230160533835186,0.010200280662516992,-0.013728893968051326,64.23746404886919,2.833016940452076,0.010058052793093299,0.9308294550228785,0.022441953532789327,4,0
2013-05-13,5054.4306640625,0.005403481668407872,-0.010048915746693199,0.0032619647028899745,0.009230160533835186,0.013478441601598501,57.80737248313879,1.4557753949080094,0.010501231260223258,0.8380025076174461,0.026121931754147454,0,0
2013-05-14,5081.7421875,0.001562444750892844,0.005403481668407872,-0.010048915746693199,0.0032619647028899745,0.010200280662516992,60.09711158157878,1.8596741302059314,0.010324694689128933,0.8708360279626418,0.018046971820956825,1,0
2013-05-15,5089.68212890625,-0.002200856531418993,0.001562444750892844,0.005403481668407872,-0.010048915746693199,0.009230160533835186,60.76375398177722,2.1182963647971604,0.00993789065363686,0.8560363974657142,0.009409135909332678,2,0
2013-05-16,5078.48046875,0.013193403384839986,-0.002200856531418993,0.001562444750892844,0.005403481668407872,0.0032619647028899745,59.25958380325321,1.0459043789779443,0.009757076560216025,1.0325311944506066,-0.002021881155921501,3,0
2013-05-17,5145.48291015625,0.013466187775249328,0.013193403384839986,-0.002200856531418993,0.001562444750892844,-0.010048915746693199,64.8625225623199,4.183894260810547,0.01015487068270223,1.003984240997992,0.00790955752602851,4,0
2013-05-20,5214.77294921875,-0.005027221811532034,0.013466187775249328,0.013193403384839986,-0.002200856531418993,0.005403481668407872,69.52949213111518,9.932824510588738,0.010644100810896189,1.1869182466236394,0.031424661047971036,0,0
2013-05-21,5188.55712890625,0.0037079228489300675,-0.005027221811532034,0.013466187775249328,0.013193403384839986,0.001562444750892844,65.95987574131335,10.899273434849434,0.011163077073489134,1.1575915018031606,0.02099395756803113,1,0
2013-05-22,5207.7958984375,-0.016627434493396764,0.0037079228489300675,-0.005027221811532034,0.013466187775249328,-0.002200856531418993,67.28717562314324,11.69345695150988,0.011015998824773065,1.316362985319872,0.023139435666068353,2,0
2013-05-23,5121.20361328125,0.006578234162596619,-0.016627434493396764,0.0037079228489300675,-0.005027221811532034,0.013193403384839986,56.591344792994434,5.557493012500494,0.012064731883600927,1.3992451724576613,0.008712857704090582,3,0
2013-05-24,5154.89208984375,-0.01357033514223771,0.006578234162596619,-0.016627434493396764,0.0037079228489300675,0.013466187775249328,59.30181198332399,3.062874840786506,0.011867827342825673,1.029397343066553,0.0020976884818472152,4,0
2013-05-27,5084.9384765625,0.017914617252966503,-0.01357033514223771,0.006578234162596619,-0.016627434493396764,-0.005027221811532034,52.035984797080374,-3.6398233001816536,0.012280106968256856,0.9844245751956567,-0.024938834435639823,0,0
2013-05-28,5176.033203125,0.004725147341884117,0.017914617252966503,-0.01357033514223771,0.006578234162596619,0.0037079228489300675,59.06894013014453,-2.3426732254852993,0.012783454231831947,1.279171426160044,-0.0019969953711412858,1,0
2013-05-29,5200.49072265625,-0.013660914098307053,0.004725147341884117,0.017914617252966503,-0.01357033514223771,-0.016627434493396764,60.73368001373146,-0.3466634722940185,0.012803203025150207,1.1131269755498066,-0.000979770878187236,2,0
2013-05-30,5129.447265625,-0.011895356049647421,-0.013660914098307053,0.004725147341884117,0.017914617252966503,0.006578234162596619,53.878690614747946,-4.111115241643333,0.013300153475787415,1.1009060436420195,0.001986749516902475,3,0
2013-05-31,5068.4306640625,-0.01919134856099325,-0.011895356049647421,-0.013660914098307053,0.004725147341884117,-0.01357033514223771,48.785641942087494,-10.639513357743986,0.01363620855600656,1.5369414374614965,-0.016486840695341565,4,1
2013-06-03,4971.16064453125,0.01010938384158555,-0.01919134856099325,-0.011895356049647421,-0.013660914098307053,0.017914617252966503,41.973932359550794,-20.847428917613136,0.014487888102450015,1.1438993878701202,-0.022107854114097103,0,0
2013-06-04,5021.416015625,-0.004060537580247159,0.01010938384158555,-0.01919134856099325,-0.011895356049647421,0.004725147341884117,46.156880476368435,-23.364237634727964,0.014528152414718559,1.1580639805229924,-0.029913087525478055,1,0
2013-06-05,5001.0263671875,-0.027172644834038917,-0.004060537580247159,0.01010938384158555,-0.01919134856099325,-0.013660914098307053,44.74746287417926,-25.38362259569405,0.01452876599264027,0.874002340217323,-0.03869877244760933,2,0
2013-06-07,4865.13525390625,-0.018078750500436724,-0.027172644834038917,-0.004060537580247159,0.01010938384158555,-0.011895356049647421,36.70339871721262,-34.29855172984769,0.015862938180808753,0.7666446928712558,-0.052210503183341195,4,0
2013-06-10,4777.1796875,-0.03504392628364994,-0.018078750500436724,-0.027172644834038917,-0.004060537580247159,-0.01919134856099325,32.61643688832174,-43.9308310937698,0.017467682599522298,0.8391068960563935,-0.0583938976341305,0,0
2013-06-11,4609.7685546875,0.019075172183391942,-0.03504392628364994,-0.018078750500436724,-0.027172644834038917,0.01010938384158555,26.555332856648022,-58.47833305848351,0.02003122392077204,1.0763831902726146,-0.07424647535678719,1,0
2013-06-12,4697.70068359375,-0.01920445829809314,0.019075172183391942,-0.03504392628364994,-0.018078750500436724,-0.004060537580247159,33.54113205336235,-58.91530284962593,0.021094020200905648,1.117188115013403,-0.0652806870149808,2,0
2013-06-13,4607.48388671875,0.0332230585705342,-0.01920445829809314,0.019075172183391942,-0.03504392628364994,-0.027172644834038917,30.35136772825456,-61.71992612475094,0.02198248549381063,0.8925569091795268,-0.08042460773282678,3,0
2013-06-14,4760.55859375,0.002890367874699651,0.0332230585705342,-0.01920445829809314,0.019075172183391942,-0.018078750500436724,40.66259068926701,-50.19455814578495,0.0222979845820227,0.9112380803798947,-0.02002890432825366,4,0
2013-06-17,4774.318359375,0.013812508411909175,0.002890367874699651,0.0332230585705342,-0.01920445829809314,-0.03504392628364994,41.500966157220915,-39.06795864515668,0.021436761583630833,0.6814965214651433,0.0009402140468827147,0,0
2013-06-18,4840.263671875,-0.0069820415097157085,0.013812508411909175,0.002890367874699651,0.0332230585705342,0.019075172183391942,45.4769763626174,-25.355170765979466,0.02092564731909013,0.9099402705713433,0.04979664874244183,1,0
2013-06-19,4806.46875,-0.036753549090743576,-0.0069820415097157085,0.013812508411909175,0.002890367874699651,-0.01920445829809314,43.83279339479293,-17.047656297297017,0.020744529502548445,0.726981650837145,0.02373943504933418,2,0
2013-06-20,4629.81396484375,-0.02475632679203521,-0.036753549090743576,-0.0069820415097157085,0.013812508411909175,0.0332230585705342,36.420350982386,-21.641683791561675,0.022879714635828868,0.8425871972364938,0.006190344256683744,3,0
2013-06-21,4515.19677734375,-0.01902667456678142,-0.02475632679203521,-0.036753549090743576,-0.0069820415097157085,0.002890367874699651,32.57167538136366,-30.07290100497444,0.024237189023189033,0.996671844341707,-0.05178904110588567,4,0
2013-06-24,4429.28759765625,-0.002390427442689136,-0.01902667456678142,-0.02475632679203521,-0.036753549090743576,0.013812508411909175,30.01171903306448,-38.56659584141158,0.025072534327630024,0.7122349424203864,-0.07370608354736674,0,0
2013-06-25,4418.69970703125,0.03821251059589281,-0.002390427442689136,-0.01902667456678142,-0.02475632679203521,-0.0069820415097157085,29.70188365028008,-41.759467146230264,0.025328516058647506,0.7272028088320382,-0.08990901940196505,1,0
2013-06-26,4587.54931640625,0.019186293233181217,0.03821251059589281,-0.002390427442689136,-0.01902667456678142,-0.036753549090743576,40.28883633942709,-29.91604904169874,0.02579841050757595,0.8470542615839576,-0.04471446729635653,2,0
2013-06-27,4675.5673828125,0.03061449552517126,0.019186293233181217,0.03821251059589281,-0.002390427442689136,-0.02475632679203521,44.943539779965306,-14.359323091962011,0.025723706592673992,0.7841400723529091,0.011225375027568263,3,0
2013-06-28,4818.70751953125,-0.00860000691072893,0.03061449552517126,0.019186293233181217,0.03821251059589281,-0.01902667456678142,51.55717490928445,6.259812549921008,0.025298546423020058,0.8418076901962523,0.06659619734477473,4,0
2013-07-01,4777.2666015625,-0.010203864698550946,-0.00860000691072893,0.03061449552517126,0.019186293233181217,-0.002390427442689136,49.69592228352166,17.177280275625733,0.024755618768051414,0.5184542547538143,0.07702286500082722,0,0
2013-07-02,4728.52001953125,-0.032049226720049506,-0.010203864698550946,-0.00860000691072893,0.03061449552517126,0.03821251059589281,47.52263944253178,20.93623789611071,0.024518918482084325,0.664418223475481,0.06920942774496541,1,0
2013-07-03,4576.974609375,0.0010443110491502594,-0.032049226720049506,-0.010203864698550946,-0.00860000691072893,0.019186293233181217,41.45334291382148,13.403230320919292,0.025886902772168114,0.6774735058163963,-0.001052309570976906,2,0
2013-07-04,4581.75439453125,0.004555901875145318,0.0010443110491502594,-0.032049226720049506,-0.010203864698550946,0.03061449552517126,41.70622047182495,9.133290515179837,0.02506774376503996,0.6598016996585068,-0.019194291755007864,3,0
2013-07-05,4602.62841796875,-0.036756447440072004,0.004555901875145318,0.0010443110491502594,-0.032049226720049506,-0.00860000691072893,42.86681127259846,8.13869574303935,0.024186280036171588,0.6268034131898725,-0.045252885405033805,4,0
2013-07-08,4433.4521484375,-0.006726976962920572,-0.036756447440072004,0.004555901875145318,0.0010443110491502594,-0.010203864698550946,36.52062180611208,-2.8979533535895428,0.026041336139532145,0.7828183804150528,-0.07340932593437688,0,0
2013-07-09,4403.62841796875,0.01699537324456446,-0.006726976962920572,-0.036756447440072004,0.004555901875145318,-0.032049226720049506,35.52223385988076,-10.750449659125408,0.025617341398456152,0.8494354256533049,-0.0699324381987465,1,0
2013-07-10,4478.4697265625,0.028039319199302692,0.01699537324456446,-0.006726976962920572,-0.036756447440072004,0.0010443110491502594,39.95811189477451,-9.491559124804851,0.02484711951502591,1.106821533265819,-0.02088783823413254,2,0
2013-07-11,4604.04296875,0.006273782808078776,0.028039319199302692,0.01699537324456446,-0.006726976962920572,0.004555901875145318,46.5967326769406,0.671405707910651,0.02466357405540944,1.2831804884545535,0.0061071699160198945,3,0
2013-07-12,4632.927734375,0.0005657532127152365,0.006273782808078776,0.028039319199302692,0.01699537324456446,-0.036756447440072004,48.02041391287953,9.710549438513368,0.02409339669334856,0.9729257426890573,0.007825050848953352,4,0
2013-07-15,4635.548828125,0.0017924699618816486,0.0005657532127152365,0.006273782808078776,0.028039319199302692,-0.006726976962920572,48.15547995716948,15.873238534762038,0.023267072029793785,0.7519779963497425,0.04514725150174059,0,0
2013-07-16,4643.85791015625,0.0075283201801439326,0.0017924699618816486,0.0005657532127152365,0.006273782808078776,0.01699537324456446,48.61134447929908,20.236779049081775,0.022218410937252853,1.090192468053127,0.053666698426542814,1,0
2013-07-17,4678.818359375,0.00885546355646194,0.0075283201801439326,0.0017924699618816486,0.0005657532127152365,0.028039319199302692,50.580325185867316,24.89860836189993,0.021028482417041486,1.1489582135066994,0.044199645362122286,2,0
2013-07-18,4720.25146484375,0.0008423437285838276,0.00885546355646194,0.0075283201801439326,0.0017924699618816486,0.006273782808078776,52.8843874516826,29.85933935455958,0.02010266916129333,1.018452701920753,0.025015789719281534,3,0
2013-07-19,4724.2275390625,-0.009615804005656536,0.0008423437285838276,0.00885546355646194,0.0075283201801439326,0.0005657532127152365,53.110311963105424,32.28889071136858,0.019158885124613535,0.9369314006754903,0.019584350639786585,4,0
2013-07-22,4678.80029296875,0.01884528817702602,-0.009615804005656536,0.0008423437285838276,0.00885546355646194,0.0017924699618816486,50.15142484699888,29.778189212276075,0.01891954105287195,0.7741884456278151,0.009402793421414812,0,0
2013-07-23,4766.9736328125,-0.010290428057141976,0.01884528817702602,-0.009615804005656536,0.0008423437285838276,0.0075283201801439326,55.350989128412444,32.76085481550573,0.018564386070694015,1.0228654491238838,0.026455611636559184,1,0
2013-07-24,4717.91943359375,-0.009322729507749705,-0.010290428057141976,0.01884528817702602,-0.009615804005656536,0.00885546355646194,52.09534657313156,30.198090665342107,0.018953510460947967,0.8877793951467677,0.008636863399273276,2,0
2013-07-25,4673.935546875,-0.003261207953849765,-0.009322729507749705,-0.010290428057141976,0.01884528817702602,0.0008423437285838276,49.29558253805371,24.548650851601657,0.01862862243270504,0.8171164953368584,-0.00954132966493837,3,0
2013-07-26,4658.69287109375,-0.016829781942212962,-0.003261207953849765,-0.009322729507749705,-0.010290428057141976,-0.009615804005656536,48.32628261193668,19.038941097418306,0.018161622654488774,0.7458426408538099,-0.013644881347371962,4,0
2013-07-29,4580.2880859375,0.006117736606957358,-0.016829781942212962,-0.003261207953849765,-0.009322729507749705,0.01884528817702602,43.57950870096292,9.831387667170773,0.01845465085079829,0.7325670094524616,-0.020858859283928388,0,0
2013-07-30,4608.30908203125,0.00040973458163051646,0.006117736606957358,-0.016829781942212962,-0.003261207953849765,-0.010290428057141976,45.634747320926444,5.558209633643003,0.017922129807943155,0.83426913858012,-0.03358641085399705,1,0
2013-07-31,4610.197265625,0.00302784969291503,0.00040973458163051646,0.006117736606957358,-0.016829781942212962,-0.009322729507749705,45.77808013020344,2.921406230852199,0.017764781443860546,0.9611279341189142,-0.02288624821522456,2,1
2013-08-01,4624.15625,0.0035560752637304738,0.00302784969291503,0.00040973458163051646,0.006117736606957358,-0.003261207953849765,46.892815458096734,2.212148166775478,0.017069103004881857,0.9333569695643114,-0.010535669014559823,3,0
2013-08-02,4640.60009765625,-0.00926583255023783,0.0035560752637304738,0.00302784969291503,0.00040973458163051646,-0.016829781942212962,48.242718688641766,2.9017548943302245,0.016399464877396294,0.882059611654727,-0.003718385796979584,4,0
2013-08-12,4597.60107421875,0.011878965837206934,-0.00926583255023783,0.0035560752637304738,0.00302784969291503,0.006117736606957358,45.02019193289399,0.6318737983987397,0.016285944200604165,0.8509961544168462,0.003845563594995549,0,0
2013-08-13,4652.2158203125,0.010174503119208422,0.011878965837206934,-0.00926583255023783,0.0035560752637304738,0.00040973458163051646,49.62309908633066,2.85407654708208,0.01579277212193665,0.9756483890605475,0.009606792825245125,1,0
2013-08-14,4699.5498046875,-0.003107428632937115,0.010174503119208422,0.011878965837206934,-0.00926583255023783,0.00302784969291503,53.2742758866327,7.304192661865471,0.01528278300872703,1.1483265315315017,0.01937156136282303,2,0
2013-08-15,4684.9462890625,-0.024860522972411037,-0.003107428632937115,0.010174503119208422,0.011878965837206934,0.0035560752637304738,52.02155650016683,8.948084987193013,0.014778613555134273,0.9555796050216377,0.013236283036970886,3,0
2013-08-16,4568.47607421875,-0.0558448752752041,-0.024860522972411037,-0.003107428632937115,0.010174503119208422,-0.00926583255023783,43.280387385467385,2.225625794127394,0.0158965825597648,1.1244548052338696,-0.015180315199170624,4,0
2013-08-19,4313.35009765625,-0.03211651779240532,-0.0558448752752041,-0.024860522972411037,-0.003107428632937115,0.011878965837206934,30.994727470303914,-18.24205746739807,0.019905922632037193,1.305956496310004,-0.06175935792413689,0,0
2013-08-20,4174.8203125,0.01041095518706836,-0.03211651779240532,-0.0558448752752041,-0.024860522972411037,0.010174503119208422,26.58233930517477,-38.76955722343932,0.02339543003206741,1.7563275502003854,-0.10575484155374915,1,0
2013-08-21,4218.2841796875,-0.011149957993046966,0.01041095518706836,-0.03211651779240532,-0.0558448752752041,-0.003107428632937115,29.95174346011528,-46.55568995669931,0.023383318711382512,1.6240420405523206,-0.10551838948588921,2,0
2013-08-22,4171.25048828125,-0.00038020672804373046,-0.011149957993046966,0.01041095518706836,-0.03211651779240532,-0.024860522972411037,28.431152470267392,-51.61685167352278,0.023855190095526755,1.8148001065541874,-0.11356091884599906,3,0
2013-08-23,4169.66455078125,-0.011789017893727216,-0.00038020672804373046,-0.011149957993046966,0.01041095518706836,-0.0558448752752041,28.37883502182153,-51.68672516230026,0.023673416188018295,1.2399797691947922,-0.08908060260163175,4,0
2013-08-26,4120.50830078125,-0.03708779244824001,-0.011789017893727216,-0.00038020672804373046,-0.011149957993046966,-0.03211651779240532,26.736598862654006,-51.54251471234856,0.023553832290029594,1.0329057937252797,-0.04502474522015487,0,0
2013-08-27,3967.687744140625,0.01477708508225839,-0.03708779244824001,-0.011789017893727216,-0.00038020672804373046,0.01041095518706836,22.397259254933516,-57.7698184012543,0.0256986652464028,1.2223885595957795,-0.04999601987598956,1,0
2013-08-28,4026.318603515625,0.01915260801412777,0.01477708508225839,-0.03708779244824001,-0.011789017893727216,-0.011149957993046966,27.27407029011613,-54.03821368332794,0.026990341412056435,1.4185779053385583,-0.04562988998079953,2,0
2013-08-29,4103.43310546875,0.022296616864380114,0.01915260801412777,0.01477708508225839,-0.03708779244824001,-0.00038020672804373046,33.218491495515096,-42.95742808964657,0.02593380334247057,1.2678130500472928,-0.015327323973624796,3,0
2013-08-30,4194.92578125,-0.022372872359742613,0.022296616864380114,0.01915260801412777,0.01477708508225839,-0.011789017893727216,39.53344916050357,-26.835701259600143,0.025280868879432424,1.251472939198571,0.007349499618799049,4,0
2013-09-02,4101.0732421875,0.015307421194766357,-0.022372872359742613,0.022296616864380114,0.01915260801412777,-0.03708779244824001,35.79430247379122,-20.16667230181875,0.026543111388784957,0.9366461194360615,-0.0032343548472163475,0,0
2013-09-03,4163.85009765625,-0.021747532853751306,0.015307421194766357,-0.022372872359742613,0.022296616864380114,0.01477708508225839,39.8896897833786,-9.730326789564344,0.025495080200713897,1.0279502122510629,0.04916085879579002,1,0
2013-09-04,4073.296630859375,-0.005545957998763229,-0.021747532853751306,0.015307421194766357,-0.022372872359742613,0.01915260801412777,36.293516062903706,-7.242796299416881,0.025854126614267454,1.1682126606731742,0.012636240859780323,2,0
2013-09-05,4050.706298828125,0.005305064407833404,-0.005545957998763229,-0.021747532853751306,0.015307421194766357,0.022296616864380114,35.435258140708825,-5.5140732454323995,0.026050794175726363,0.9688390621605132,-0.012062325153110676,3,0
2013-09-06,4072.195556640625,0.02919780454256027,0.005305064407833404,-0.005545957998763229,-0.021747532853751306,-0.022372872359742613,36.96237442615768,-1.5259543767820674,0.02510902924780834,0.815835423551295,-0.029053877609657386,4,0
2013-09-09,4191.0947265625,0.03981749808524904,0.02919780454256027,0.005305064407833404,-0.005545957998763229,0.015307421194766357,44.74915133959862,9.88919721777745,0.0246804691128298,1.0128843820387887,0.022516799292645495,0,0
2013-09-10,4357.9736328125,-0.0020018756029324125,0.03981749808524904,0.02919780454256027,0.005305064407833404,-0.021747532853751306,53.44195595864485,28.400483132383954,0.024775199028138056,1.573336932528563,0.047026876183128175,1,0
2013-09-11,4349.24951171875,0.0016522471605475708,-0.0020018756029324125,0.03981749808524904,0.02919780454256027,-0.005545957998763229,52.97273405450977,39.11779095746192,0.024939280028370103,1.1822395217886057,0.06677253343394707,2,0
2013-09-12,4356.435546875,0.004346008397239087,0.0016522471605475708,-0.0020018756029324125,0.03981749808524904,0.005305064407833404,53.33617064026342,45.314356969310225,0.023996988971620052,1.002679221841356,0.07397073859325787,3,0
2013-09-13,4375.36865234375,0.03352719720603892,0.004346008397239087,0.0016522471605475708,-0.0020018756029324125,0.02919780454256027,54.337452279264774,48.998965362628965,0.023122166379618125,0.8593325138811231,0.07301168258266355,4,0
2013-09-16,4522.0625,-0.001021143732809926,0.03352719720603892,0.004346008397239087,0.0016522471605475708,0.03981749808524904,61.271424932707546,58.9576876653373,0.023091199662413842,1.1896816003309012,0.0773410752461422,0,0
2013-09-17,4517.44482421875,-0.012034401793308391,-0.001021143732809926,0.03352719720603892,0.004346008397239087,-0.0020018756029324125,60.95762974623061,62.536125906974505,0.022374968905800662,1.133799529515347,0.036502433428083236,1,0
2013-09-18,4463.080078125,0.04648610102765871,-0.012034401793308391,-0.001021143732809926,0.03352719720603892,0.0016522471605475708,57.240800528276125,58.610663770243576,0.022142809166903612,1.0764192960665522,0.026469907237707258,2,0
2013-09-19,4670.55126953125,-0.0186063379789152,0.04648610102765871,-0.012034401793308391,-0.001021143732809926,0.004346008397239087,65.8088720513284,66.76385373909241,0.02467168853924989,1.7778525342718476,0.0713037611048184,3,0
2013-09-20,4583.6494140625,-0.004574897569208813,-0.0186063379789152,0.04648610102765871,-0.012034401793308391,0.03352719720603892,60.353643593372034,63.12193668460625,0.024814988180854976,0.9343408612581408,0.04835141472866411,4,0
2013-09-23,4562.6796875,-0.02245170566912602,-0.004574897569208813,-0.0186063379789152,0.04648610102765871,-0.001021143732809926,59.08094853855292,56.341757142431035,0.02426959279375578,0.7415682587374829,0.01024931995341638,0,0
2013-09-24,4460.23974609375,-0.012027165807786733,-0.02245170566912602,-0.004574897569208813,-0.0186063379789152,-0.012034401793308391,53.181117687821505,42.62235064319205,0.025154169347920575,0.8731493726628315,-0.011181241982899714,1,0
2013-09-25,4406.595703125,-0.0001983443674853369,-0.012027165807786733,-0.02245170566912602,-0.004574897569208813,0.04648610102765871,50.345858813022986,28.28966036480017,0.0253791973213999,0.7462251791600998,-0.011174005997378056,2,0
2013-09-26,4405.7216796875,0.004045919512955853,-0.0001983443674853369,-0.012027165807786733,-0.02245170566912602,-0.0186063379789152,50.29880669256536,17.62710051067306,0.024777912801664477,0.8117841095717906,-0.0578584513925221,3,0
2013-09-27,4423.546875,-0.024310706729257836,0.004045919512955853,-0.0001983443674853369,-0.012027165807786733,-0.004574897569208813,51.298470455556554,10.977021039011959,0.02367407411725172,0.5933998501109079,-0.03520619390065105,4,0
2013-09-30,4316.00732421875,0.006886496184093094,-0.024310706729257836,0.004045919512955853,-0.0001983443674853369,-0.02245170566912602,45.36961537270954,-0.8350093811114228,0.024358391712138487,0.6872008562331721,-0.05494200306070007,0,1
2013-10-01,4345.7294921875,0.009596458628228444,0.006886496184093094,-0.024310706729257836,0.004045919512955853,-0.012027165807786733,47.186423027657256,-6.501619121537843,0.02352754181900553,0.7018445757932082,-0.02560380120748096,1,0
2013-10-02,4387.43310546875,0.0070742041895892616,0.009596458628228444,0.006886496184093094,-0.024310706729257836,-0.0001983443674853369,49.71341975280452,-7.2398988361671535,0.022942104597897917,0.7352881602526734,-0.003980176771465782,2,0
2013-10-03,4418.470703125,-0.006629993851273275,0.0070742041895892616,0.009596458628228444,0.006886496184093094,0.004045919512955853,51.57065447425117,-5.514673931157972,0.02172235898554621,0.6252869903744467,0.0032923717856088164,3,0
2013-10-04,4389.17626953125,-0.00327799441830956,-0.006629993851273275,0.0070742041895892616,0.009596458628228444,-0.024310706729257836,49.70472983598873,-6.173491427250976,0.02104792384607368,0.638455346546439,-0.007383541578620312,4,0
2013-10-07,4374.78857421875,0.013153983892302046,-0.00327799441830956,-0.006629993851273275,0.0070742041895892616,0.006886496184093094,48.77137397888967,-7.32666036400617,0.02046284390333688,0.738104469245468,0.013649170732327964,0,0
2013-10-08,4432.33447265625,0.005624615185304327,0.013153983892302046,-0.00327799441830956,-0.006629993851273275,0.009596458628228444,52.60483788668903,-4.121895341269065,0.02007113793479423,0.9019685313267432,0.019916658440536916,1,0
2013-10-09,4457.2646484375,0.006559910644468925,0.005624615185304327,0.013153983892302046,-0.00327799441830956,0.0070742041895892616,54.20367758884401,-0.42572540843834794,0.019488677147597035,1.0068236960940344,0.0159448149976128,2,0
2013-10-10,4486.50390625,0.007407197802437038,0.006559910644468925,0.005624615185304327,0.013153983892302046,-0.006629993851273275,56.075246949544706,3.660654129188586,0.01870524370735955,0.9910484141838238,0.015430521452492463,3,0
2013-10-11,4519.736328125,-0.006117699931507015,0.007407197802437038,0.006559910644468925,0.005624615185304327,-0.00327799441830956,58.16775357134093,8.02388575017545,0.01814309707344286,0.8640829154623839,0.029467713106202775,4,0
2013-10-16,4492.0859375,0.005936764657287874,-0.006117699931507015,0.007407197802437038,0.006559910644468925,0.013153983892302046,55.786473995692226,8.428228162937057,0.017724544808285798,0.6711367952911924,0.02662800759300532,2,0
2013-10-17,4518.75439453125,0.006116652073622442,0.005936764657287874,-0.006117699931507015,0.007407197802437038,0.005624615185304327,57.589821794823,9.777311540842092,0.017282612563162925,1.1111765074230637,0.01941078835799115,3,0
2013-10-18,4546.39404296875,0.0069518736679083926,0.006116652073622442,0.005936764657287874,-0.006117699931507015,0.006559910644468925,59.43645058348224,11.687513769018082,0.016664096480684433,1.1452653839351494,0.019902825246309264,4,0
2013-10-21,4578.0,-0.014292732395423724,0.0069518736679083926,0.006116652073622442,0.005936764657287874,0.007407197802437038,61.50079600628138,14.075760805018568,0.015966275295817595,1.1532735158018732,0.02029478826974873,0,0
2013-10-22,4512.56787109375,0.0074800857284542666,-0.014292732395423724,0.0069518736679083926,0.006116652073622442,-0.006117699931507015,55.23381668338603,10.413615757300128,0.016283200045602866,0.9022765746127838,-0.0014051419281120303,1,0
2013-10-23,4546.322265625,0.010633702464689643,0.0074800857284542666,-0.014292732395423724,0.0069518736679083926,0.005936764657287874,57.63229825454551,9.457295333097765,0.016521822506445755,1.194322913096585,0.012192643731849251,2,0
2013-10-24,4594.66650390625,-0.003046798592585165,0.010633702464689643,0.0074800857284542666,-0.014292732395423724,0.006116652073622442,60.8662729100392,11.156599913773746,0.01613627978047072,1.265478672749432,0.01688958153925102,3,0
2013-10-25,4580.66748046875,0.00211582582070724,-0.003046798592585165,0.010633702464689643,0.0074800857284542666,0.0069518736679083926,59.45113247620912,10.42728897979974,0.015603317837530993,1.067103870918815,0.007726130873043413,4,0
2013-10-28,4590.359375,-0.0060488949326543695,0.00211582582070724,-0.003046798592585165,0.010633702464689643,-0.014292732395423724,60.14206126454249,9.702133713285264,0.015047446261750105,0.9862342054107769,0.0028900830258422605,0,0
2013-10-29,4562.5927734375,0.0026535205298694464,-0.0060488949326543695,0.00211582582070724,-0.003046798592585165,0.0074800857284542666,57.13820016030645,6.604970139860001,0.01482652090448832,0.8809878763281885,0.011133920488611615,1,0
2013-10-30,4574.69970703125,-0.014043356884443692,0.0026535205298694464,-0.0060488949326543695,0.00211582582070724,0.010633702464689643,58.12040070732823,4.713017944266426,0.014318960489501275,0.8707434597662553,0.006307355290026795,2,0
2013-10-31,4510.45556640625,-0.017301922085761423,-0.014043356884443692,0.0026535205298694464,-0.0060488949326543695,-0.003046798592585165,51.39066440157901,-1.207640955982157,0.014930629611476579,1.0764830561482894,-0.01836970405910654,3,1
2013-11-01,4432.416015625,-0.0020982445997769217,-0.017301922085761423,-0.014043356884443692,0.0026535205298694464,0.00211582582070724,44.63036667884859,-10.220682836271529,0.015495142097836938,0.9947176557836047,-0.0326248275522828,4,0
2013-11-04,4423.11572265625,0.005984738601944928,-0.0020982445997769217,-0.017301922085761423,-0.014043356884443692,-0.0060488949326543695,43.889384718787475,-16.28941806055819,0.015111912307823591,0.6930319418967102,-0.03683889797276696,0,0
2013-11-06,4449.5869140625,0.008168770933572933,0.005984738601944928,-0.0020982445997769217,-0.017301922085761423,0.0026535205298694464,46.60661339888452,-17.874606342121197,0.014494988468905567,0.7688368646665034,-0.024805264438167662,2,0
2013-11-07,4485.9345703125,-0.002092913244239769,0.008168770933572933,0.005984738601944928,-0.0020982445997769217,-0.014043356884443692,50.17457198041303,-15.895463314982692,0.014060517112016866,0.88448453145022,-0.019290014034464176,3,0
2013-11-08,4476.5458984375,-0.007817328292884174,-0.002092913244239769,0.008168770933572933,0.005984738601944928,-0.017301922085761423,49.25892162403779,-14.668573060304563,0.01371582209344706,1.0229669154930303,-0.007339570394260253,4,0
2013-11-11,4441.55126953125,-0.013752409359544915,-0.007817328292884174,-0.002092913244239769,0.008168770933572933,-0.0020982445997769217,45.89682240358932,-15.57817559673542,0.013670204369909934,1.047154882856572,0.0021450233986169964,0,0
2013-11-12,4380.46923828125,-0.017976411408015536,-0.013752409359544915,-0.007817328292884174,-0.002092913244239769,0.005984738601944928,40.677899229832214,-19.40853881520519,0.01424264937771329,1.0646513257392811,-0.009509141361150997,1,0
2013-11-13,4301.72412109375,0.015221118076861107,-0.017976411408015536,-0.013752409359544915,-0.007817328292884174,0.008168770933572933,35.13173495849847,-25.951765169791862,0.015071516568272455,0.9390963733330329,-0.03347029137111146,2,0
2013-11-14,4367.201171875,-0.007309346527090477,0.015221118076861107,-0.017976411408015536,-0.013752409359544915,-0.002092913244239769,42.18984616999119,-24.589283690718258,0.01511013059425443,1.0257379022271813,-0.026417944227823287,3,0
2013-11-15,4335.27978515625,0.013411155948993558,-0.007309346527090477,0.015221118076861107,-0.017976411408015536,-0.007817328292884174,39.90995172562079,-24.50277802035524,0.015527233659154836,0.9415408031644035,-0.031634377510673994,4,0
2013-11-18,4393.4208984375,0.0010798283921960028,0.013411155948993558,-0.007309346527090477,0.015221118076861107,-0.013752409359544915,45.66888076507191,-19.417138902227293,0.015334582176864758,0.8847689519331026,-0.010405893268796262,0,0
2013-11-19,4398.1650390625,-0.010810949434922779,0.0010798283921960028,0.013411155948993558,-0.007309346527090477,-0.017976411408015536,46.12261813724908,-14.828151857157081,0.014874221363514057,0.9161320591993612,0.004426344482944655,1,0
2013-11-20,4350.61669921875,-0.00564979170180957,-0.010810949434922779,0.0010798283921960028,0.013411155948993558,0.015221118076861107,42.30888768068282,-14.09440657481209,0.015223403635911707,0.8933528273717238,0.011591806456037412,2,0
2013-11-21,4326.03662109375,-0.0019059286616522897,-0.00564979170180957,-0.010810949434922779,0.0010798283921960028,-0.007309346527090477,40.44699399977339,-14.317611472623973,0.015052641133197072,0.7556787078478395,-0.009279103322633264,3,0
2013-11-22,4317.79150390625,0.0039008974156145015,-0.0019059286616522897,-0.00564979170180957,-0.010810949434922779,0.013411155948993558,39.814060619197086,-14.053821656293522,0.01493135487375988,0.7996164464117396,-0.003875685457195077,4,0
2013-11-25,4334.634765625,-0.022963543551148047,0.0039008974156145015,-0.0019059286616522897,-0.00564979170180957,0.0010798283921960028,41.817062877157596,-11.86550805273938,0.0143040290213418,0.8204739260277701,-0.013385943990574134,0,0
2013-11-26,4235.09619140625,0.003831681343018589,-0.022963543551148047,0.0039008974156145015,-0.0019059286616522897,-0.010810949434922779,34.508077926821514,-15.985828226034727,0.015273294742458787,1.6166855824511135,-0.037429315933918184,1,0
2013-11-27,4251.32373046875,-0.004131410816323178,0.003831681343018589,-0.022963543551148047,0.0039008974156145015,-0.00564979170180957,36.45796993147512,-16.419926005134016,0.015008293635826458,0.8687474117826551,-0.022786685155976816,2,0
2013-11-28,4233.759765625,0.005316962566055405,-0.004131410816323178,0.003831681343018589,-0.022963543551148047,-0.0019059286616522897,35.23517444402556,-16.639885382060584,0.015202036329425935,0.9134681863128025,-0.021268304270490423,3,0
2013-11-29,4256.2705078125,0.015398007672962288,0.005316962566055405,-0.004131410816323178,0.003831681343018589,0.0039008974156145015,38.100666797906634,-14.118696477451522,0.014677413647872449,0.8652554974676434,-0.014045413042782728,4,0
2013-12-02,4321.80859375,-0.007684612832988269,0.015398007672962288,0.005316962566055405,-0.004131410816323178,-0.022963543551148047,45.64145129910052,-7.23348989969454,0.014664397388073234,1.218131436088975,-0.0025483027854349416,0,0
2013-12-03,4288.59716796875,-0.011066660579181709,-0.007684612832988269,0.015398007672962288,0.005316962566055405,0.003831681343018589,42.7962393915457,-4.259412049909152,0.014598962303764227,0.9525669320813869,0.012730627932724836,1,0
2013-12-04,4241.13671875,-0.005754763380616423,-0.011066660579181709,-0.007684612832988269,0.015398007672962288,-0.004131410816323178,39.04992371760441,-4.792291316791896,0.014507201310580673,0.9877768335407439,-0.0021677139894754616,2,0
2013-12-05,4216.72998046875,-0.008562201600465391,-0.005754763380616423,-0.011066660579181709,-0.007684612832988269,0.005316962566055405,37.244324150662486,-6.0131723759889795,0.014483299767716092,0.9299261748576032,-0.003791066553768707,3,0
2013-12-06,4180.62548828125,0.008025652187166887,-0.008562201600465391,-0.005754763380616423,-0.011066660579181709,0.015398007672962288,34.68909199335779,-8.334097117292778,0.014519477990902486,0.9247873895474222,-0.017670230720289504,4,0
2013-12-09,4214.177734375,0.014554199713671112,0.008025652187166887,-0.008562201600465391,-0.005754763380616423,-0.007684612832988269,38.88533601734599,-6.758515817654441,0.014162199783338797,0.8780963687986342,-0.025042586206084905,0,0
2013-12-10,4275.51171875,-0.0009203713736750663,0.014554199713671112,0.008025652187166887,-0.008562201600465391,-0.011066660579181709,45.74747111525351,-1.0349049361146712,0.013991162695219952,1.2047474811795331,-0.0028037736594255236,1,0
2013-12-11,4271.57666015625,-0.013934655504127758,-0.0009203713736750663,0.014554199713671112,0.008025652187166887,-0.005754763380616423,45.395295411670105,2.825610302255626,0.013784440314469763,1.0320114985765365,0.007342515546081119,2,0
2013-12-12,4212.0537109375,-0.008876009907392346,-0.013934655504127758,-0.0009203713736750663,0.014554199713671112,-0.008562201600465391,40.33690037138362,1.762069243972455,0.013990117437832392,0.946292771558248,-0.0008373765774302155,3,0
2013-12-13,4174.66748046875,-0.011706817498914335,-0.008876009907392346,-0.013934655504127758,-0.0009203713736750663,0.008025652187166887,37.50969504348162,-0.9233247635600961,0.013975052099035795,0.8811553010431272,-0.0011511848843571704,4,0
2013-12-16,4125.79541015625,0.013667227282996741,-0.011706817498914335,-0.008876009907392346,-0.013934655504127758,0.014554199713671112,34.140978045778425,-5.215387009797155,0.014264849992889657,1.1063227465306888,-0.020883654570438392,0,0
2013-12-17,4182.18359375,0.003332122218600242,0.013667227282996741,-0.011706817498914335,-0.008876009907392346,-0.0009203713736750663,40.752522341676894,-3.5601303673639393,0.014274918266691392,1.1736745341078545,-0.021770627001112763,1,0
2013-12-18,4196.119140625,0.008506860645508985,0.003332122218600242,0.013667227282996741,-0.011706817498914335,-0.013934655504127758,42.29431796403956,-0.9650945936461284,0.013924831807932553,0.895326375429986,-0.017518133408837455,2,0
2013-12-19,4231.81494140625,-0.008606679522686567,0.008506860645508985,0.003332122218600242,0.013667227282996741,-0.008876009907392346,46.15928303093244,3.473828683835265,0.013848770913562241,0.920767298702535,0.004923382740799287,3,0
2013-12-20,4195.39306640625,-0.0014176869275671633,-0.008606679522686567,0.008506860645508985,0.003332122218600242,-0.011706817498914335,42.99500353360557,4.225470086887562,0.01384232816078474,0.8412876535490693,0.005192713125505066,4,0
2013-12-23,4189.4453125,0.0031566492431687188,-0.0014176869275671633,-0.008606679522686567,0.008506860645508985,0.013667227282996741,42.4828446071928,4.561748875238514,0.013742494150547518,0.6752901383946073,0.015481843696852238,0,0
2013-12-24,4202.669921875,0.002414178672690781,0.0031566492431687188,-0.0014176869275671633,-0.008606679522686567,0.003332122218600242,44.07793215544426,5.8331964198848,0.013267678595901935,0.6328273147634472,0.004971265657024215,1,0
2013-12-27,4212.81591796875,0.014525755962061071,0.002414178672690781,0.0031566492431687188,-0.0014176869275671633,0.008506860645508985,45.330577512823226,7.414373300508068,0.0128162158265041,0.7010767430269491,0.004053322111114754,4,0
2013-12-30,4274.01025390625,0.01242075302293233,0.014525755962061071,0.002414178672690781,0.0031566492431687188,-0.008606679522686567,52.274384884134534,12.347681557686556,0.012753077741153545,0.860448543339725,0.01007221742766684,0,0
2014-01-02,4327.0966796875,-0.0160845977169215,0.01242075302293233,0.014525755962061071,0.002414178672690781,-0.0014176869275671633,57.336860377886545,18.57785790080208,0.012573171997188673,0.7973679170853202,0.031099649973285737,3,0
2014-01-03,4257.4970703125,-0.01288363793923264,-0.0160845977169215,0.01242075302293233,0.014525755962061071,0.0031566492431687188,49.86819431292906,17.42241105409566,0.013195962474225222,0.776414351795146,0.0164327391839314,4,0
2014-01-06,4202.64501953125,-0.006424874030108274,-0.01288363793923264,-0.0160845977169215,0.01242075302293233,0.002414178672690781,44.9038338678477,12.599814645778899,0.013692195819204582,0.7139290385716279,0.00039245200153004145,0,0
2014-01-07,4175.6435546875,0.005935766357122674,-0.006424874030108274,-0.01288363793923264,-0.0160845977169215,0.014525755962061071,42.652877196642336,7.480170213651029,0.013420925620106825,0.8759982639606346,-0.008446600701269014,1,0
2014-01-08,4200.42919921875,0.00014879431847503177,0.005935766357122674,-0.006424874030108274,-0.01288363793923264,0.01242075302293233,45.36049905613402,5.730605571101474,0.01312179221549291,0.855957761408221,-0.01703659030620741,2,0
2014-01-09,4201.05419921875,0.012794756338479596,0.00014879431847503177,0.005935766357122674,-0.006424874030108274,-0.0160845977169215,45.430465710797215,4.630119621352787,0.012653672132237188,1.0301582656751664,-0.02930854901066471,3,0
2014-01-10,4254.8056640625,0.03191554310945732,0.012794756338479596,0.00014879431847503177,0.005935766357122674,-0.01288363793923264,51.21615828530014,7.374006807486296,0.012937589492926197,1.102855097282288,-0.00042919495526361207,4,0
2014-01-13,4390.60009765625,0.011575021166156496,0.03191554310945732,0.012794756338479596,0.00014879431847503177,-0.006424874030108274,62.13778776335017,17.602617242117823,0.013892556520401902,1.788442058236029,0.04436998609342635,0,0
2014-01-15,4441.42138671875,-0.00655285805424366,0.011575021166156496,0.03191554310945732,0.012794756338479596,0.005935766357122674,65.2714122737772,26.523399048199536,0.013857532642250274,1.6251702921456366,0.06236988128969112,2,0
2014-01-16,4412.3173828125,-5.9094159571504434e-05,-0.00655285805424366,0.011575021166156496,0.03191554310945732,0.00014879431847503177,62.101586364121445,28.995719414818655,0.013694932808383235,1.1384777064440401,0.04988125687832479,3,0
2014-01-17,4412.056640625,0.004384071876910367,-5.9094159571504434e-05,-0.00655285805424366,0.011575021166156496,0.012794756338479596,62.07250231277056,29.071288429700818,0.01333899579523789,1.0314929772367556,0.04967336840027825,4,0
2014-01-20,4431.3994140625,0.004722381319564928,0.004384071876910367,-5.9094159571504434e-05,-0.00655285805424366,0.03191554310945732,63.440376173810094,28.825449900425113,0.012784916365077672,0.9484546651840285,0.04126268393870902,0,0
2014-01-21,4452.326171875,0.005612410296408354,0.004722381319564928,0.004384071876910367,-5.9094159571504434e-05,0.011575021166156496,64.914674122869,28.426433762326596,0.012232122282192438,1.1868392038866016,0.014069522148816627,1,0
2014-01-22,4477.314453125,0.004143610257439256,0.005612410296408354,0.004722381319564928,0.004384071876910367,-0.00655285805424366,66.64437780369782,28.14673329656533,0.011940005724673002,1.1784860526388337,0.008106911279068485,2,0
2014-01-23,4495.86669921875,-0.013055720124875991,0.004143610257439256,0.005612410296408354,0.004722381319564928,-5.9094159571504434e-05,67.90931784001809,27.481595116693267,0.011561327213077456,1.1255676048119556,0.0188033795907514,3,0
2014-01-24,4437.169921875,-0.025817941563434976,-0.013055720124875991,0.004143610257439256,0.005612410296408354,0.004384071876910367,60.138671131807484,21.61725136505948,0.011822419767604859,0.8618880643086633,0.005806753625446914,4,0
2014-01-27,4322.611328125,0.004365556844301288,-0.025817941563434976,-0.013055720124875991,0.004143610257439256,0.004722381319564928,48.47914613369639,9.187324167986304,0.013762319681782962,0.9554604551185686,-0.02439525981489843,0,0
2014-01-28,4341.48193359375,0.017435250307742844,0.004365556844301288,-0.025817941563434976,-0.013055720124875991,0.005612410296408354,50.19218556644066,1.7880137959694622,0.013708842516177006,0.8874775909630362,-0.02475208429016207,1,0
2014-01-29,4417.1767578125,0.0003186910827737144,0.017435250307742844,0.004365556844301288,-0.025817941563434976,0.004143610257439256,56.4476673290078,1.5519943109061032,0.01397806639338206,1.010148993213521,-0.012929244278827579,2,0
2014-01-30,4418.58447265625,-0.00735452320360741,0.0003186910827737144,0.017435250307742844,0.004365556844301288,-0.013055720124875991,56.55694133392728,1.0737922281401282,0.014123636850760736,0.9140121471314452,-0.01675416345349312,3,0
2014-02-03,4386.087890625,-0.007752116622292471,-0.00735452320360741,0.0003186910827737144,0.017435250307742844,-0.025817941563434976,53.23630711351789,-1.697277481275833,0.01388313837588994,0.7537639443136953,-0.01105296653222454,0,0
2014-02-04,4352.08642578125,0.007364912191339723,-0.007752116622292471,-0.00735452320360741,0.0003186910827737144,0.004365556844301288,49.93286831336201,-5.852377812414588,0.014066775901040855,0.8084238265256776,0.007012858408917966,1,0
2014-02-05,4384.13916015625,0.009214456809363725,0.007364912191339723,-0.007752116622292471,-0.00735452320360741,0.017435250307742844,52.899965097451705,-6.4283810664492975,0.013612134129108217,0.961054911003416,0.0100122137559564,2,0
2014-02-06,4424.53662109375,0.009482145850592705,0.009214456809363725,0.007364912191339723,-0.007752116622292471,0.0003186910827737144,56.40647191960241,-4.183688033616697,0.013176599117096257,1.1423477018317856,0.0017914202575772809,3,0
2014-02-07,4466.49072265625,-0.00356331812423083,0.009482145850592705,0.009214456809363725,0.007364912191339723,-0.00735452320360741,59.75725344052966,-0.1798310927099891,0.012911886537623207,1.2274840199730006,0.010954875025396271,4,0
2014-02-10,4450.5751953125,0.004368071279410302,-0.00356331812423083,0.009482145850592705,0.009214456809363725,-0.007752116622292471,57.93789570299156,1.0240522568497568,0.01289482605726629,1.1825965303097619,0.014746080104772852,0,0
2014-02-11,4470.015625,0.005837835263439395,0.004368071279410302,-0.00356331812423083,0.009482145850592705,0.007364912191339723,59.55759343759006,2.6638574068846097,0.012311563758146675,1.2125697576803958,0.026866268006475624,1,0
2014-02-12,4496.11083984375,-0.0010288840127128385,0.005837835263439395,0.004368071279410302,-0.00356331812423083,0.009214456809363725,61.69011544827916,4.909549972640413,0.01187412475698675,1.2984710849559897,0.025339191078575296,2,0
2014-02-13,4491.48486328125,0.003647744467857539,-0.0010288840127128385,0.005837835263439395,0.004368071279410302,0.009482145850592705,61.0752935474182,5.445533594723003,0.011292335763742323,0.9642971146045567,0.015095850256498733,3,0
2014-02-14,4507.86865234375,0.010497702855737812,0.003647744467857539,-0.0010288840127128385,0.005837835263439395,-0.00356331812423083,62.500743603238384,6.210190313301268,0.010781786783941153,0.9472169656764144,0.009261448873763567,4,0
2014-02-17,4555.19091796875,0.00018061897318166764,0.010497702855737812,0.003647744467857539,-0.0010288840127128385,0.004368071279410302,66.33547551914685,9.038357346284918,0.010723925470679779,1.428686698115887,0.02332246985373221,0,0
2014-02-18,4556.013671875,0.008002279782173272,0.00018061897318166764,0.010497702855737812,0.003647744467857539,0.005837835263439395,66.3998099101017,10.023545027089781,0.010274416037256496,1.393663917937407,0.019135017547503574,1,0
2014-02-19,4592.47216796875,0.0012129224296342223,0.008002279782173272,0.00018061897318166764,0.010497702855737812,-0.0010288840127128385,69.20797384328495,12.053287916362393,0.010031842976238145,1.3285691659969725,0.02129946206623745,2,0
2014-02-20,4598.04248046875,0.010423826970355377,0.0012129224296342223,0.008002279782173272,0.00018061897318166764,0.003647744467857539,69.6256628313908,12.632651699843997,0.00966514707236965,1.1080786546093493,0.023541268508584512,3,0
2014-02-21,4645.9716796875,-0.0048595105596981325,0.010423826970355377,0.0012129224296342223,0.008002279782173272,0.010497702855737812,73.01727276158974,14.947027575205517,0.009685287480779296,1.1564621400687474,0.03031735101108235,4,0
2014-02-24,4623.39453125,-0.010010337203201436,-0.0048595105596981325,0.010423826970355377,0.0012129224296342223,0.00018061897318166764,69.10301276355905,13.693934318222432,0.009691467236940384,0.9831280933505369,0.014960137595646406,0,0
2014-02-25,4577.11279296875,-0.009737434481834506,-0.010010337203201436,-0.0048595105596981325,0.010423826970355377,0.008002279782173272,61.79043388488007,8.726526949723024,0.01026431579819232,0.9873692123640324,0.004769181419263302,1,0
2014-02-26,4532.54345703125,0.007990822447342394,-0.009737434481834506,-0.010010337203201436,-0.0048595105596981325,0.0012129224296342223,55.679848575586995,1.7808511538373466,0.01052420729674433,1.123943090373769,-0.012970532844744476,2,0
2014-02-27,4568.76220703125,0.011222717107565838,0.007990822447342394,-0.009737434481834506,-0.010010337203201436,0.010423826970355377,59.21002928943187,-0.8890131756776327,0.010401530357050416,0.9792088511652631,-0.006192632827036304,3,0
2014-02-28,4620.0361328125,-0.007794260605290648,0.011222717107565838,0.007990822447342394,-0.009737434481834506,-0.0048595105596981325,63.62698278468677,0.2238893731689089,0.010344097671614247,1.0257593767726203,-0.005393742689825842,4,1
2014-03-03,4584.0263671875,0.003725786065445158,-0.007794260605290648,0.011222717107565838,0.007990822447342394,-0.010010337203201436,58.81047231940634,-1.921334837692342,0.010498035508961499,0.8075139953304519,-0.008328492735418358,0,0
2014-03-04,4601.10546875,0.01258072745765082,0.003725786065445158,-0.007794260605290648,0.011222717107565838,-0.009737434481834506,60.3437888133526,-2.6038469938123683,0.010232721954755542,0.9417780248629622,0.005407630533228236,1,0
2014-03-05,4658.99072265625,0.00615661104679055,0.01258072745765082,0.003725786065445158,-0.007794260605290648,0.007990822447342394,65.08745489279777,0.2763068495279839,0.010271217248669931,1.0555518149151313,0.027725792472713562,2,0
2014-03-06,4687.67431640625,-0.0004195677306583212,0.00615661104679055,0.01258072745765082,0.003725786065445158,0.011222717107565838,67.18234270733791,3.3742768073528495,0.009949163345859404,1.2566182602903841,0.025891581072161718,3,0
2014-03-07,4685.70751953125,-0.0018445595185409003,-0.0004195677306583212,0.00615661104679055,0.01258072745765082,-0.007794260605290648,66.88597902713991,4.482641997419947,0.009668619322153271,1.1852850608597625,0.014249296233937558,4,0
2014-03-10,4677.064453125,0.005765648274471014,-0.0018445595185409003,-0.0004195677306583212,0.00615661104679055,0.003725786065445158,65.51817261721823,3.8495783569977036,0.00952552547786174,0.9892663883828736,0.020198997320687306,0,0
2014-03-11,4704.03076171875,-0.004215238863362614,0.005765648274471014,-0.0018445595185409003,-0.0004195677306583212,0.01258072745765082,67.73513217338748,4.421940259567634,0.009311650945734846,1.3362754774917913,0.022238859529713162,1,0
2014-03-12,4684.2021484375,0.008919504409664825,-0.004215238863362614,0.005765648274471014,-0.0018445595185409003,0.00615661104679055,64.45364647639224,2.723414293885021,0.009244605740576665,1.3210389034043657,0.005442893208699728,2,0
2014-03-13,4725.98291015625,0.03226211726582595,0.008919504409664825,-0.004215238863362614,0.005765648274471014,-0.0004195677306583212,67.97430417077518,3.6161385142927926,0.009139861184798573,1.3330774295383154,0.008205786571574003,3,0
2014-03-14,4878.453125,-0.0005032493009758943,0.03226211726582595,0.008919504409664825,-0.004215238863362614,-0.0018445595185409003,76.94739548968876,13.141910468243111,0.011185278752495604,1.5541657762783605,0.040887471568058276,4,0
2014-03-17,4875.998046875,-0.014473599355260158,-0.0005032493009758943,0.03226211726582595,0.008919504409664825,0.005765648274471014,76.57534876603805,17.66242944940636,0.011237028291039971,1.614112689973385,0.04222878178562328,0,0
2014-03-18,4805.4248046875,0.003297258245939849,-0.014473599355260158,-0.0005032493009758943,0.03226211726582595,-0.004215238863362614,66.60580912098554,14.421381416821205,0.01197707114379532,1.1299100595376568,0.02198953415589211,1,0
2014-03-19,4821.26953125,-0.025403991914085156,0.003297258245939849,-0.014473599355260158,-0.0005032493009758943,0.008919504409664825,67.62493113895287,11.967558272101911,0.011567552564594316,0.9866358895535463,0.029502031265194573,2,0
2014-03-20,4698.7900390625,0.00026425935366924946,-0.025403991914085156,0.003297258245939849,-0.014473599355260158,0.03226211726582595,53.92524298019624,1.2809809238947452,0.01300220702162128,1.0839165979026204,-0.0048214650585554075,3,0
2014-03-21,4700.03173828125,0.004298819873743698,0.00026425935366924946,-0.025403991914085156,0.003297258245939849,-0.0005032493009758943,54.02692522165734,-6.112841435136573,0.013205327028942261,1.0625210513318888,-0.03681932297071211,4,0
2014-03-24,4720.236328125,-0.0036711325613082435,0.004298819873743698,0.00026425935366924946,-0.025403991914085156,-0.014473599355260158,55.73861619126462,-9.831132591396155,0.012697818149561972,0.7457394508003695,-0.03201725379599252,0,0
2014-03-25,4702.90771484375,0.005347423131571105,-0.0036711325613082435,0.004298819873743698,0.00026425935366924946,0.003297258245939849,53.885543193105775,-13.423627229256581,0.012231766630984024,0.7691388925441663,-0.021214787002040603,1,0
2014-03-26,4728.05615234375,-0.0010961412090951805,0.005347423131571105,-0.0036711325613082435,0.004298819873743698,-0.025403991914085156,56.16329364920968,-14.007569232735221,0.01192919806547954,0.7841506566965349,-0.019164622116409347,2,0
2014-03-27,4722.87353515625,0.009574207969132997,-0.0010961412090951805,0.005347423131571105,-0.0036711325613082435,0.00026425935366924946,55.55430448253637,-14.578928493153747,0.011698456404552823,0.8206310650590974,0.005143228588580628,3,0
2014-03-28,4768.09130859375,0.02215830721211809,0.009574207969132997,-0.0010961412090951805,0.005347423131571105,0.004298819873743698,59.66387037421042,-11.862786025198432,0.011451353511866495,0.8912519878929429,0.014453177204044376,4,0
2014-04-01,4873.744140625,-0.000765020796623439,0.02215830721211809,0.009574207969132997,-0.0010961412090951805,-0.0036711325613082435,67.27718177923171,-3.344623898689548,0.011951315009458927,1.0358773875003566,0.03231266454241877,1,0
2014-04-02,4870.015625,0.004335462379805088,-0.000765020796623439,0.02215830721211809,0.009574207969132997,0.005347423131571105,66.79801967296748,1.3907566134973166,0.011757671179303288,1.0588112916318042,0.03521877630710357,2,0
2014-04-03,4891.12939453125,-0.006823477570653935,0.004335462379805088,-0.000765020796623439,0.02215830721211809,-0.0010961412090951805,68.18008381292185,5.089133210112536,0.01125631245042445,0.9010479585988725,0.034206815555337555,3,0
2014-04-04,4857.7548828125,0.012988052085693313,-0.006823477570653935,0.004335462379805088,-0.000765020796623439,0.009574207969132997,63.66856182975038,4.45474685125135,0.011405518820364904,0.7878282506112256,0.0284794791937788,4,0
2014-04-07,4920.84765625,7.412261448225266e-05,0.012988052085693313,-0.006823477570653935,0.004335462379805088,0.02215830721211809,67.98187353715842,7.284087696998455,0.011585831234142863,0.8986192396148691,0.03189332331033912,0,0
2014-04-08,4921.21240234375,-0.03163223461729914,7.412261448225266e-05,0.012988052085693313,-0.006823477570653935,-0.000765020796623439,68.00552178676175,8.11634885840023,0.011149944033659648,0.8380762582330608,0.00980913871270328,1,0
2014-04-10,4765.54345703125,0.010669342395510206,-0.03163223461729914,7.412261448225266e-05,0.012988052085693313,0.004335462379805088,50.77053835001751,-2.3229538050214558,0.013413716797169802,1.4255054195624863,-0.021058075107972418,3,0
2014-04-11,4816.388671875,0.010029537820697598,0.010669342395510206,-0.03163223461729914,7.412261448225266e-05,-0.006823477570653935,54.79992238100006,-6.095263083570607,0.01373263248062102,0.8558431517093132,-0.0147241950922673,4,0
2014-04-14,4864.69482421875,0.0010957658391461678,0.010029537820697598,0.010669342395510206,-0.03163223461729914,0.012988052085693313,58.29263883728532,-5.639224083305223,0.013468968961721374,0.8401113472998234,0.002128820299084233,0,0
2014-04-15,4870.025390625,0.0005741034621467023,0.0010957658391461678,0.010029537820697598,0.010669342395510206,7.412261448225266e-05,58.67214827043376,-5.286593179902084,0.012936396395041462,0.951898049555488,-0.009763465947462913,1,0
2014-04-16,4872.8212890625,0.004933494917299885,0.0005741034621467023,0.0010957658391461678,0.010029537820697598,-0.03163223461729914,58.88347720267163,-5.166969336011711,0.012347299146718817,1.0286259272631688,-0.009263485099798463,2,0
2014-04-17,4896.861328125,-0.0009728010567994216,0.004933494917299885,0.0005741034621467023,0.0010957658391461678,0.010669342395510206,60.742305928431485,-3.8321326897035135,0.011894432324426824,0.7509343716487041,0.02730224443480056,3,0
2014-04-21,4892.09765625,0.001209699635173811,-0.0009728010567994216,0.004933494917299885,0.0005741034621467023,0.010029537820697598,60.16189463493323,-3.6350498798867434,0.011456043484570569,0.6623940945521877,0.015660100982490932,0,0
2014-04-22,4898.015625,-0.001032684633126335,0.001209699635173811,-0.0009728010567994216,0.004933494917299885,0.0010957658391461678,60.664748762627525,-3.471458174984022,0.011199255303126536,0.8041786075479361,0.006840262796967145,1,0
2014-04-23,4892.95751953125,-0.00042282150376160565,-0.001032684633126335,0.001209699635173811,-0.0009728010567994216,0.0005741034621467023,59.968021252512564,-4.02998905244894,0.01084260038560701,0.9407280557645141,0.004711812324694642,2,0
2014-04-24,4890.888671875,0.0013420801993502263,-0.00042282150376160565,-0.001032684633126335,0.001209699635173811,0.004933494917299885,59.666178956180275,-4.811900652802144,0.010589141459029772,0.9465420222628516,0.003714887358786334,3,0
2014-04-25,4897.45263671875,-0.01610680696068978,0.0013420801993502263,-0.00042282150376160565,-0.001032684633126335,-0.0009728010567994216,60.34811961191071,-5.13094064365788,0.010191683404080557,0.9080442104861431,0.00012347264083667486,4,0
2014-04-28,4818.5703125,0.00019162112076154258,-0.01610680696068978,0.0013420801993502263,-0.00042282150376160565,0.001209699635173811,49.51380069238647,-10.584425171733393,0.010850267118877653,0.8327195774033569,-0.015010533263053683,0,0
2014-04-29,4819.49365234375,0.004246061653706779,0.00019162112076154258,-0.01610680696068978,0.0013420801993502263,-0.001032684633126335,49.62779820334901,-13.853064308739597,0.010422590776748519,0.8479674800967127,-0.01602861177746595,1,0
2014-04-30,4839.95751953125,-0.0002864137677150991,0.004246061653706779,0.00019162112076154258,-0.01610680696068978,-0.00042282150376160565,52.20369146391319,-14.302332476789083,0.01002902100632208,0.9092086453101069,-0.010749865490632837,2,1
2014-05-02,4838.5712890625,0.0007735084506681478,-0.0002864137677150991,0.004246061653706779,0.00019162112076154258,0.0013420801993502263,52.009668368952966,-14.322746439871054,0.00966536700353993,0.9660546723277651,-0.01061345775458633,4,0
2014-05-05,4842.31396484375,-0.0016591612493179753,0.0007735084506681478,-0.0002864137677150991,0.004246061653706779,-0.01610680696068978,52.522729842047376,-13.713333510743198,0.009237427776856792,0.7676823220433929,-0.01118202950326841,0,0
2014-05-06,4834.27978515625,0.00570924706116438,-0.0016591612493179753,0.0007735084506681478,-0.0002864137677150991,0.00019162112076154258,51.255941992073424,-13.461419662245625,0.00898272958915731,0.708161387000525,0.0032656162081033946,1,0
2014-05-07,4861.8798828125,-0.00024264019853115215,0.00570924706116438,-0.0016591612493179753,0.0007735084506681478,0.004246061653706779,55.249063187804225,-11.142007421500999,0.008901551338100288,0.8927565736503315,0.008783242148506232,2,0
2014-05-08,4860.7001953125,0.0076630026739090695,-0.00024264019853115215,0.00570924706116438,-0.0016591612493179753,-0.0002864137677150991,55.04151343572693,-9.459578430038412,0.00895328897897633,0.8467036094527349,0.004294540296268301,3,0
2014-05-09,4897.94775390625,0.0030336964511104014,0.0076630026739090695,-0.00024264019853115215,0.00570924706116438,0.0007735084506681478,60.133850158761,-5.7906965412579865,0.008793739224282194,0.9594193748930725,0.01224395673789247,4,0
2014-05-12,4912.806640625,0.0017090019428653846,0.0030336964511104014,0.0076630026739090695,-0.00024264019853115215,-0.0016591612493179753,61.9837485083052,-2.484667877862684,0.008600258175942106,1.062789013743532,0.014504144738334723,0,0
2014-05-13,4921.20263671875,0.014272783097452946,0.0017090019428653846,0.0030336964511104014,0.0076630026739090695,0.00570924706116438,63.02772421678945,0.013840407500872232,0.00853027072008847,0.9648330661256637,0.017872307930518083,1,0
2014-05-14,4991.44189453125,0.00800031460097772,0.014272783097452946,0.0017090019428653846,0.0030336964511104014,-0.00024264019853115215,70.36071573892119,5.821895571943141,0.008814640720528422,1.382049448341545,0.02643584396680665,2,0
2014-05-16,5031.375,-0.0032940757683038724,0.00800031460097772,0.014272783097452946,0.0017090019428653846,0.0076630026739090695,73.57020975380266,11.452505635000918,0.008892284153198945,1.2383198651936085,0.03467879876631552,4,0
2014-05-19,5014.80126953125,-0.023737056504509635,-0.0032940757683038724,0.00800031460097772,0.014272783097452946,0.0030336964511104014,70.17383249677006,13.044493826340968,0.009921186693134808,1.35820602099616,0.02372172032410258,0,0
2014-05-20,4895.7646484375,0.0029282325702839618,-0.023737056504509635,-0.0032940757683038724,0.00800031460097772,0.0017090019428653846,51.70963601618357,5.453024070217467,0.011620151847001667,1.1584212583713436,-0.0030490326315174565,1,0
2014-05-21,4910.1005859375,0.012135777991118868,0.0029282325702839618,-0.023737056504509635,-0.0032940757683038724,0.014272783097452946,53.303210728164316,1.0025947366415622,0.01141632160693078,0.9028906210599827,-0.0018298020040988794,2,0
2014-05-22,4969.6884765625,0.0006389319941733085,0.012135777991118868,0.0029282325702839618,-0.023737056504509635,0.00800031460097772,59.3133010939138,1.6397963629209045,0.011391194404818242,1.0870266952075152,-0.003966807110432957,3,0
2014-05-23,4972.86376953125,-0.0018364316100319966,0.0006389319941733085,0.012135777991118868,0.0029282325702839618,-0.0032940757683038724,59.61160643806024,1.8285657289556738,0.010834018516606713,0.810326394297361,-0.011328189717237369,4,0
2014-05-26,4963.7314453125,0.004362208606530915,-0.0018364316100319966,0.0006389319941733085,0.012135777991118868,-0.023737056504509635,58.28796702537953,0.9367597925072602,0.010433502974874359,0.7305547816794982,-0.009870545558965493,0,0
2014-05-28,4985.38427734375,-0.018387048782343984,0.004362208606530915,-0.0018364316100319966,0.0006389319941733085,0.0029282325702839618,60.52600775015645,1.376921818594397,0.010081301978255934,0.8471146430999639,0.018228719552075057,2,0
2014-05-30,4893.7177734375,0.0037153022439682104,-0.018387048782343984,0.004362208606530915,-0.0018364316100319966,0.012135777991118868,48.63021340161765,-4.606052029896809,0.011057195500340566,1.1675468835465552,-0.0030865618005528894,4,0
2014-06-02,4911.8994140625,0.006120838167039011,0.0037153022439682104,-0.018387048782343984,0.004362208606530915,0.0006389319941733085,50.699907847699684,-7.280535549245386,0.01075973903988007,0.895053730528227,-0.011507037547703547,0,0
2014-06-03,4941.96435546875,-0.0019409863095501967,0.006120838167039011,0.0037153022439682104,-0.018387048782343984,-0.0018364316100319966,54.00029930552296,-6.966162273417893,0.010583791287645415,0.8967337463308936,-0.006025131374837844,1,0
2014-06-04,4932.3720703125,0.0006082266214377796,-0.0019409863095501967,0.006120838167039011,0.0037153022439682104,0.004362208606530915,52.78611715781585,-7.30986568852493,0.010237489369248712,0.7997824855637212,-0.006129686074356044,2,0
2014-06-05,4935.3720703125,0.0003265845782824961,0.0006082266214377796,-0.0019409863095501967,0.006120838167039011,-0.018387048782343984,53.14098341283969,-7.227750440146323,0.009867920425897233,0.779145167427871,-0.00988366805944918,3,0
2014-06-06,4936.98388671875,-0.010551142460203722,0.0003265845782824961,0.0006082266214377796,-0.0019409863095501967,0.0037153022439682104,53.343883657754155,-6.955162048609047,0.00958739131356374,0.7693045338918804,0.0088299653011773,4,0
2014-06-09,4884.89306640625,0.012488278744426928,-0.010551142460203722,0.0003265845782824961,0.0006082266214377796,0.006120838167039011,46.357677752570105,-9.988802909979853,0.01005647640004813,0.9136912757458693,-0.005436479402994632,0,0
2014-06-10,4945.89697265625,0.005227660198533046,0.012488278744426928,-0.010551142460203722,0.0003265845782824961,-0.0019409863095501967,53.961907104004375,-7.6954880062851565,0.010103995060752768,0.7409535059645388,0.0009309611743932855,1,0
2014-06-11,4971.75244140625,-0.007550076118508997,0.005227660198533046,0.012488278744426928,-0.010551142460203722,0.0006082266214377796,56.759701366627944,-4.40911138039321,0.009792734098317341,0.8499274159849083,0.008099607682476528,2,0
2014-06-12,4934.21533203125,-0.001569378679823874,-0.007550076118508997,0.005227660198533046,0.012488278744426928,0.0003265845782824961,51.83464016406991,-4.708097181649521,0.009900092621499998,0.8331454192147261,-5.869505747024828e-05,3,0
2014-06-13,4926.4716796875,-0.008363518436254047,-0.001569378679823874,-0.007550076118508997,0.005227660198533046,-0.010551142460203722,50.85431745291831,-5.326565831862581,0.009438337700082585,0.698093822920042,-0.0019546583155766184,4,0
2014-06-16,4885.26904296875,0.004924322573313322,-0.008363518436254047,-0.001569378679823874,-0.007550076118508997,0.012488278744426928,45.882038071703654,-8.235992889316002,0.009560225408484056,0.8649956844655672,0.0002329657083730563,0,0
2014-06-17,4909.32568359375,-0.0044111479079744775,0.004924322573313322,-0.008363518436254047,-0.001569378679823874,0.005227660198533046,49.016425172385716,-8.245365202963438,0.009287754702911249,0.8424631726946205,-0.00733099046274055,1,0
2014-06-18,4887.669921875,-0.004825599493623711,-0.0044111479079744775,0.004924322573313322,-0.008363518436254047,-0.007550076118508997,46.410564358191095,-9.33501394432818,0.009065394219843712,0.9328666997869864,-0.016969798569248074,2,0
2014-06-19,4864.083984375,-0.003406967765561597,-0.004825599493623711,-0.0044111479079744775,0.004924322573313322,-0.001569378679823874,43.686477378202284,-11.146540758632863,0.009062483993856405,1.0174732462211116,-0.014245321944362788,3,0
2014-06-20,4847.51220703125,-0.001149409657116074,-0.003406967765561597,-0.004825599493623711,-0.0044111479079744775,-0.008363518436254047,41.82875960286824,-12.842530999024856,0.0089858933343281,0.8648895151854087,-0.01608291103010051,4,0
2014-06-23,4841.9404296875,0.004153467010961975,-0.001149409657116074,-0.003406967765561597,-0.004825599493623711,0.004924322573313322,41.19447951693004,-13.645933514392935,0.008752540593233193,1.029876791361038,-0.008868802250962537,0,0
2014-06-24,4862.05126953125,-0.004783539130026937,0.004153467010961975,-0.001149409657116074,-0.003406967765561597,-0.0044111479079744775,44.467683124189485,-12.177657176200771,0.008488760615081175,1.1278586278586278,-0.009639657813313884,1,0
2014-06-25,4838.79345703125,0.0069100951992306925,-0.004783539130026937,0.004153467010961975,-0.001149409657116074,-0.004825599493623711,41.584887868909334,-12.102436745696176,0.0084523261942218,1.0437728643219621,-0.010012049035366344,2,0
2014-06-26,4872.22998046875,-0.005600137177304343,0.0069100951992306925,-0.004783539130026937,0.004153467010961975,-0.003406967765561597,46.91323478493582,-9.25861597677684,0.008284917270380632,1.0665094799573769,0.0017236456574880599,3,0
2014-06-27,4844.94482421875,0.006903539016131832,-0.005600137177304343,0.0069100951992306925,-0.004783539130026937,-0.001149409657116074,43.43174911901378,-8.68258141844183,0.008287573846679781,1.1013311899151652,-0.00046952375425468595,4,0
2014-06-30,4878.39208984375,0.0012797585654293897,0.006903539016131832,-0.005600137177304343,0.0069100951992306925,0.004153467010961975,48.479185031080796,-5.66255736457215,0.008132570696819412,1.221542871045019,0.00758342491899322,0,1
2014-07-01,4884.63525390625,0.004800208082322843,0.0012797585654293897,0.006903539016131832,-0.005600137177304343,-0.004783539130026937,49.386982782904326,-2.9921987884290147,0.007869642921182135,1.130482401729699,0.0047097164734606345,1,0
2014-07-02,4908.08251953125,-0.00398069869006934,0.004800208082322843,0.0012797585654293897,0.006903539016131832,0.0069100951992306925,52.75398716259413,0.42375702740103627,0.007695730596866038,0.9770155542536283,0.014293463685810415,2,0
2014-07-03,4888.544921875,0.003495696052834063,-0.00398069869006934,0.004800208082322843,0.0012797585654293897,-0.005600137177304343,49.7821904553254,1.3838093178690407,0.007471154008820438,1.1014247613700168,0.0034026697965103825,3,0
2014-07-04,4905.6337890625,0.016960629410262218,0.003495696052834063,-0.00398069869006934,0.004800208082322843,0.006903539016131832,52.31261898595183,3.088482768796373,0.00739716010616465,1.299671641744866,0.012498503026648788,4,0
2014-07-07,4988.83642578125,0.007151905665941483,0.016960629410262218,0.003495696052834063,-0.00398069869006934,0.0012797585654293897,62.27882791700291,9.38269557895141,0.00794550430250491,1.7376170770844854,0.022555593420779174,0,0
2014-07-08,5024.51611328125,0.014587555996190105,0.007151905665941483,0.016960629410262218,0.003495696052834063,0.004800208082322843,65.59903922036176,15.169401051101552,0.008200228524847442,1.8482105230469938,0.028427740521291267,1,0
2014-07-10,5097.8115234375,-0.0128306436643022,0.014587555996190105,0.007151905665941483,0.016960629410262218,-0.00398069869006934,71.20595080916615,22.700635502199027,0.009476438782999618,2.2517606395161667,0.03821508843515853,3,0
2014-07-11,5032.4033203125,-0.002292370479515471,-0.0128306436643022,0.014587555996190105,0.007151905665941483,0.003495696052834063,61.56294083252041,22.027027262602864,0.01026262840333719,1.031874306545748,0.02936514346092567,4,0
2014-07-14,5020.8671875,0.009909911136491312,-0.002292370479515471,-0.0128306436643022,0.014587555996190105,0.016960629410262218,60.019113883761825,19.63387985732465,0.010232997035791567,0.9147010694626029,0.023577076928576135,0,0
2014-07-15,5070.62353515625,0.008501404526706224,0.009909911136491312,-0.002292370479515471,-0.0128306436643022,0.007151905665941483,64.19024239831803,20.155204686865503,0.010109732916737307,1.0729908124877388,0.01652635865480523,1,0
2014-07-16,5113.73095703125,-0.00835516662447855,0.008501404526706224,0.009909911136491312,-0.002292370479515471,0.014587555996190105,67.3667488275201,22.00567884275075,0.010173142750995987,1.4477853091966435,0.01787585751556997,2,0
2014-07-17,5071.0048828125,0.003118025677926406,-0.00835516662447855,0.008501404526706224,0.009909911136491312,-0.0128306436643022,61.53993656154791,19.064384542092565,0.010898405841195447,1.09328024514078,-0.0050668651050986835,3,0
2014-07-18,5086.81640625,0.00788458215746135,0.003118025677926406,-0.00835516662447855,0.008501404526706224,-0.002292370479515471,62.82150741979584,16.966171251574856,0.010938384877228712,0.8732620643203279,0.010881804237129922,4,0
2014-07-21,5126.923828125,-0.008504239071842279,0.00788458215746135,0.003118025677926406,-0.00835516662447855,0.009909911136491312,65.92338587972367,17.018214755286635,0.01067631644709329,1.2102358281975067,0.021058756874106743,0,0
2014-07-22,5083.3232421875,0.0019098718753860489,-0.008504239071842279,0.00788458215746135,0.003118025677926406,0.008501404526706224,60.05726739580275,13.034431898480214,0.011980254446094844,1.3771333483848849,0.0026446066657731526,1,0
2014-07-23,5093.03173828125,0.0010624580977627307,0.0019098718753860489,-0.008504239071842279,0.00788458215746135,-0.00835516662447855,60.89176267752551,10.102260714701252,0.011890704562543297,1.006358465801371,-0.003946925985547023,2,0
2014-07-24,5098.44287109375,-0.001929778843513752,0.0010624580977627307,0.0019098718753860489,-0.008504239071842279,0.003118025677926406,61.3761167601561,7.685655832278066,0.011582081566240757,0.8185312499622154,0.005470698736694257,3,0
2014-07-25,5088.60400390625,0.005982366579887488,-0.001929778843513752,0.0010624580977627307,0.0019098718753860489,0.00788458215746135,59.92290412963044,4.728143803042009,0.01147992781487822,0.9203731026774756,0.0004228942152540993,4,0
2014-08-04,5119.0458984375,-0.0019843938355974533,0.005982366579887488,-0.001929778843513752,0.0010624580977627307,-0.008504239071842279,62.85351867304571,4.1464870344816305,0.01155549931348617,0.8457252456850474,-0.0014793213623197632,0,0
2014-08-05,5108.8876953125,-0.009954791177522515,-0.0019843938355974533,0.005982366579887488,-0.001929778843513752,0.0019098718753860489,61.24414485687431,2.4840076584070374,0.011222436646908506,0.8801239427966914,0.005040523873925062,1,0
2014-08-06,5058.02978515625,0.001730115664439369,-0.009954791177522515,-0.0019843938355974533,0.005982366579887488,0.0010624580977627307,53.81472710789052,-2.371782249748378,0.011350240165007084,0.8368812014309278,-0.0068241391789835015,2,0
2014-08-07,5066.78076171875,-0.0026087123282232394,0.001730115664439369,-0.009954791177522515,-0.0019843938355974533,-0.001929778843513752,54.830091910552895,-5.1650231392363395,0.010872220170822402,0.9111877006266818,-0.006156481612306863,3,0
2014-08-08,5053.56298828125,0.011768653710345411,-0.0026087123282232394,0.001730115664439369,-0.009954791177522515,0.005982366579887488,52.937030794464974,-7.9092941284830545,0.010525602581137548,0.6894726852315025,-0.006835415097016351,4,0
2014-08-11,5113.03662109375,0.003747028004300157,0.011768653710345411,-0.0026087123282232394,0.001730115664439369,-0.0019843938355974533,59.682206464428276,-5.82198990531365,0.010490927850536354,0.7728141662495471,-0.0010491279665584274,0,0
2014-08-12,5132.1953125,0.0069896151896498004,0.003747028004300157,0.011768653710345411,-0.0026087123282232394,-0.009954791177522515,61.59189642067801,-3.375303763484304,0.010133459874490923,0.9816515706820628,0.004682293873339183,1,0
2014-08-13,5168.0673828125,-0.0024614987506852426,0.0069896151896498004,0.003747028004300157,0.011768653710345411,0.001730115664439369,64.94038296917233,0.24267846839131835,0.009840120881478249,0.8737938898628612,0.0216267002405115,2,0
2014-08-14,5155.34619140625,-0.001277212511397563,-0.0024614987506852426,0.0069896151896498004,0.003747028004300157,-0.0026087123282232394,62.847850751841094,1.3034842372145192,0.009776241524697792,1.0672690036264494,0.017435085825386887,3,0
2014-08-15,5148.76171875,0.0015127082285411042,-0.001277212511397563,-0.0024614987506852426,0.0069896151896498004,0.011768653710345411,61.738945576119534,1.0945522983246292,0.009329287405497318,0.8651710469393767,0.018766585642212563,4,0
2014-08-18,5156.55029296875,0.0016321966097618823,0.0015127082285411042,-0.001277212511397563,-0.0024614987506852426,0.003747028004300157,62.58001005990526,1.0154854880383013,0.00890183657175433,0.9198388680354171,0.008510640160408256,0,0
2014-08-19,5164.966796875,0.004840018559533643,0.0016321966097618823,0.0015127082285411042,-0.001277212511397563,0.0069896151896498004,63.51340228289278,1.0597189461615173,0.008550880281262555,0.9585082860124029,0.006395808765869981,1,0
2014-08-20,5189.96533203125,0.0030766628322063116,0.004840018559533643,0.0016321966097618823,0.0015127082285411042,-0.0024614987506852426,66.20942535290351,2.2347270147228215,0.008256451851508386,0.8805947698874603,0.004246212135753824,2,0
2014-08-21,5205.93310546875,-0.0013905783393365345,0.0030766628322063116,0.004840018559533643,0.0016321966097618823,-0.001277212511397563,67.8438638352095,3.4754713275083446,0.008349090231060771,0.9341232770360566,0.009784373718645378,3,0
2014-08-22,5198.69384765625,-0.0026813375692982255,-0.0013905783393365345,0.0030766628322063116,0.004840018559533643,0.0015127082285411042,66.27862414820427,3.2034361568537975,0.008277547576758925,0.9541955643624723,0.009671007890706407,4,0
2014-08-25,5184.75439453125,-0.0074068758342258345,-0.0026813375692982255,-0.0013905783393365345,0.0030766628322063116,0.0016321966097618823,63.25251591325592,1.5625885555941252,0.008014439691175624,0.911461114771493,0.005476962092867077,0,0
2014-08-26,5146.3515625,0.003632541560844915,-0.0074068758342258345,-0.0026813375692982255,-0.0013905783393365345,0.004840018559533643,55.7064796563713,-2.414945362516704,0.008203155559283951,1.1036172895927758,-0.00356211035112064,1,0
2014-08-27,5165.0458984375,0.0037233832362104646,0.003632541560844915,-0.0074068758342258345,-0.0026813375692982255,0.0030766628322063116,58.313633160302004,-3.9992480749961743,0.007955012436593299,0.9080439301147225,-0.004769587349809368,2,0
2014-08-28,5184.27734375,-0.009184451937385818,0.0037233832362104646,0.003632541560844915,-0.0074068758342258345,-0.0013905783393365345,60.865581364188294,-3.957075905401929,0.007765276683371842,1.012756446036642,-0.004122866945805215,3,0
2014-08-29,5136.66259765625,0.007933927034373456,-0.009184451937385818,0.0037233832362104646,0.003632541560844915,-0.0026813375692982255,52.324765953442835,-7.154620318826829,0.00805567039121881,0.9347337158775384,-0.011916740543854498,4,0
2014-09-01,5177.41650390625,0.004629197812879626,0.007933927034373456,-0.009184451937385818,0.0037233832362104646,-0.0074068758342258345,57.78495044605383,-6.55934798667333,0.00801449119689207,0.8268602172939888,-0.0013014759401828169,0,0
2014-09-02,5201.3837890625,0.004334877831676742,0.004629197812879626,0.007933927034373456,-0.009184451937385818,0.003632541560844915,60.63993997557703,-4.674349617468707,0.007741871045241749,0.9901176834640496,0.010734597706922644,1,0
2014-09-03,5223.93115234375,-0.0036011216783188305,0.004334877831676742,0.004629197812879626,0.007933927034373456,0.0037233832362104646,63.16384555760278,-2.1597529922758554,0.0074951241356982215,1.084876379902218,0.011436933977754471,2,0
2014-09-04,5205.119140625,0.002307861739175854,-0.0036011216783188305,0.004334877831676742,0.004629197812879626,-0.009184451937385818,59.72286553600314,-2.0168918633581185,0.0074961916494296794,0.998391564082079,0.004112429063225176,3,0
2014-09-05,5217.1318359375,0.005586780931138291,0.002307861739175854,-0.0036011216783188305,0.004334877831676742,0.007933927034373456,61.17728409156363,-1.3963199166676006,0.007278644807640806,0.9835008090642104,0.015604742739786848,4,0
2014-09-08,5246.27880859375,-0.009408919770979796,0.005586780931138291,0.002307861739175854,-0.0036011216783188305,0.004629197812879626,64.52459377609577,0.587792555733003,0.007337020222716632,0.9187082686351731,0.013257596636551683,0,0
2014-09-09,5196.9169921875,-0.010415016565372803,-0.009408919770979796,0.005586780931138291,0.002307861739175854,0.004334877831676742,55.75680250003904,-1.689051846169889,0.007627317440334751,1.095762839030467,-0.000780520947307739,1,0
2014-09-10,5142.791015625,-0.0019362092492183347,-0.010415016565372803,-0.009408919770979796,0.005586780931138291,-0.0036011216783188305,48.04719515704551,-6.817413402986361,0.00809293388821327,1.2238603323115107,-0.015530415344357285,2,0
2014-09-11,5132.83349609375,0.0020801855547964987,-0.0019362092492183347,-0.010415016565372803,-0.009408919770979796,0.002307861739175854,46.76605903015058,-10.629947476081327,0.008159399379722909,1.3484783879031093,-0.013865502915256789,3,0
2014-09-12,5143.5107421875,0.00023077850484765072,0.0020801855547964987,-0.0019362092492183347,-0.010415016565372803,0.005586780931138291,48.356209130400416,-12.076796702039111,0.007966971914247372,0.8785765243937764,-0.014093179099636144,4,0
2014-09-15,5144.69775390625,-0.0027979352604475816,0.00023077850484765072,0.0020801855547964987,-0.0019362092492183347,-0.009408919770979796,48.54024296312712,-12.543153393839642,0.007826512587680148,0.8439805152712903,-0.019449181525926784,0,0
2014-09-16,5130.30322265625,0.011242844080644021,-0.0027979352604475816,0.00023077850484765072,0.0020801855547964987,-0.010415016565372803,46.38173454453499,-13.336298459261663,0.007652967906750382,0.8383192309178337,-0.01283819701539457,1,0
2014-09-17,5187.982421875,0.003846686697434487,0.011242844080644021,-0.0027979352604475816,0.00023077850484765072,-0.0019362092492183347,55.01417963405037,-9.662716948403506,0.007960599954734696,1.10924414216444,0.008819663630622254,2,0
2014-09-18,5207.93896484375,0.003732657632170122,0.003846686697434487,0.011242844080644021,-0.0027979352604475816,0.0020801855547964987,57.56010759512513,-5.767401475890718,0.007770322232924779,0.8907307220134474,0.014602559577275076,3,0
2014-09-19,5227.37841796875,-0.0014879964086323971,0.003732657632170122,0.003846686697434487,0.011242844080644021,0.00023077850484765072,59.93848747940478,-1.9571607169093532,0.007771723729081076,1.1196992410912527,0.0162550316546487,4,0
2014-09-22,5219.60009765625,-0.006070960933478142,-0.0014879964086323971,0.003732657632170122,0.003846686697434487,-0.0027979352604475816,58.52518154610175,-0.13249620684236874,0.007500449897298052,0.8399462019084448,0.014536256741168652,0,0
2014-09-23,5187.912109375,-0.002719192865325848,-0.006070960933478142,-0.0014879964086323971,0.003732657632170122,0.011242844080644021,53.03843805336469,-1.1735615180880998,0.0074980257399902914,0.9255540990788864,0.011263231068138091,1,0
2014-09-24,5173.80517578125,0.00529041606734193,-0.002719192865325848,-0.006070960933478142,-0.0014879964086323971,0.003846686697434487,50.75709155295161,-2.831579777331587,0.007439706661192709,1.0196544701929253,-0.002698805877831778,2,0
2014-09-25,5201.1767578125,-0.013230366850951136,0.00529041606734193,-0.002719192865325848,-0.006070960933478142,0.003732657632170122,54.81795487770682,-2.1358604262273424,0.0074107825867099075,0.9504574203749717,-0.0012550765079243353,3,0
2014-09-26,5132.36328125,0.001840819402002536,-0.013230366850951136,0.00529041606734193,-0.002719192865325848,-0.0014879964086323971,44.812588599638836,-6.134772374105209,0.008310538715508168,1.133171681317953,-0.018218100991045594,4,0
2014-09-29,5141.81103515625,-0.0008619781777171598,0.001840819402002536,-0.013230366850951136,0.00529041606734193,-0.006070960933478142,46.26277931323589,-7.8581274146771865,0.008526276277330476,0.937228541020005,-0.01488928518041066,0,0
2014-09-30,5137.37890625,0.0006489660264195063,-0.0008619781777171598,0.001840819402002536,-0.013230366850951136,-0.002719192865325848,45.656660543481046,-8.932737784919974,0.00859970707042063,1.0317571246886839,-0.009680302424649678,1,1
2014-10-01,5140.712890625,-0.027252763535577817,0.0006489660264195063,-0.0008619781777171598,0.001840819402002536,0.00529041606734193,46.22738051005303,-9.02841998988409,0.008552202649533193,1.1147021198590492,-0.006312143532904324,2,0
2014-10-02,5000.6142578125,-0.010290923243999939,-0.027252763535577817,0.0006489660264195063,-0.0008619781777171598,-0.013230366850951136,31.33506185210271,-17.638470115291298,0.010219931467582103,1.0828445967431852,-0.03885532313582407,3,0
2014-10-03,4949.1533203125,0.010262369293358775,-0.010290923243999939,-0.027252763535577817,0.0006489660264195063,0.001840819402002536,27.793211207898253,-25.436955765193318,0.010909682424517382,1.0204624378039582,-0.035915879528872874,4,0
2014-10-06,4999.943359375,0.006540406121788189,0.010262369293358775,-0.010290923243999939,-0.027252763535577817,-0.0008619781777171598,35.53767238027548,-25.734564605461358,0.010879519657364028,0.6626965660964877,-0.027494329637516635,0,0
2014-10-07,5032.64501953125,-0.014767353423065788,0.006540406121788189,0.010262369293358775,-0.010290923243999939,0.0006489660264195063,39.99979831376608,-22.410871836143233,0.010719299535898574,1.074162878919796,-0.020091945338011286,1,0
2014-10-08,4958.326171875,0.007131115866895188,-0.014767353423065788,0.006540406121788189,0.010262369293358775,-0.027252763535577817,34.204989054307276,-23.770370720323378,0.011173448505154854,0.8454293892265469,-0.03550826478749658,2,0
2014-10-09,4993.6845703125,-0.006191414038004606,0.007131115866895188,-0.014767353423065788,0.006540406121788189,-0.010290923243999939,38.751274514036034,-20.940413123660058,0.01110265790156955,0.9102254958941365,-0.001124385385023574,3,0
2014-10-10,4962.7666015625,-0.010055839648098197,-0.006191414038004606,0.007131115866895188,-0.014767353423065788,0.010262369293358775,36.38385357212735,-19.81481190447476,0.011244494731673112,0.8198560067044497,0.002975123820971759,4,0
2014-10-13,4912.86181640625,0.0019395637308439184,-0.010055839648098197,-0.006191414038004606,0.007131115866895188,0.006540406121788189,32.89098464344269,-20.98300642162598,0.011272949772404416,0.7666342096721843,-0.017343085120485213,0,0
2014-10-14,4922.390625,0.00819844667066616,0.0019395637308439184,-0.010055839648098197,-0.006191414038004606,-0.014767353423065788,34.19009473302913,-19.68693135969096,0.01104063720370008,0.7879097272222944,-0.021943927511429484,1,0
2014-10-15,4962.74658203125,-0.002282140223471618,0.00819844667066616,0.0019395637308439184,-0.010055839648098197,0.007131115866895188,39.52915538584407,-14.902055168563805,0.010894212457280153,0.9594721403423315,0.0010218725823024633,2,0
2014-10-16,4951.4208984375,0.015617557696802287,-0.002282140223471618,0.00819844667066616,0.0019395637308439184,-0.006191414038004606,38.58310935118362,-11.445533904386203,0.010889985874327398,0.9676980724284087,-0.008391383508064343,3,0
2014-10-17,5028.75,0.0023040369438229735,0.015617557696802287,-0.002282140223471618,0.00819844667066616,-0.010055839648098197,47.773768277714574,-3.3189683683187994,0.011265503467300174,1.3059332622890836,0.01341758822674255,4,0
2014-10-20,5040.33642578125,-0.0022196907777869423,0.0023040369438229735,0.015617557696802287,-0.002282140223471618,0.0019395637308439184,49.0051047146044,3.1207030684532526,0.011460869610754813,1.2136735543971553,0.02577746481866372,0,0
2014-10-21,5029.1484375,0.008943370755797098,-0.0022196907777869423,0.0023040369438229735,0.015617557696802287,0.00819844667066616,47.83237695665527,6.704961132756289,0.01128897041121016,0.8421941222720701,0.02161821031003286,1,0
2014-10-22,5074.1259765625,0.005753376938185006,0.008943370755797098,-0.0022196907777869423,0.0023040369438229735,-0.002282140223471618,52.72984161571552,11.88067946277856,0.011091984477637094,0.964548948823972,0.022363134395163797,2,0
2014-10-23,5103.3193359375,-0.005966456038588586,0.005753376938185006,0.008943370755797098,-0.0022196907777869423,0.015617557696802287,55.640743627950755,16.748186603671307,0.010720517873010961,1.0631243966627881,0.030398651556820422,3,0
2014-10-24,5072.87060546875,-0.009614756191478557,-0.005966456038588586,0.005753376938185006,0.008943370755797098,0.0023040369438229735,52.04112101323034,17.32295883065005,0.01063910956599056,0.8473840197034761,0.00881463782142955,4,0
2014-10-27,5024.09619140625,-0.0045753137540577304,-0.009614756191478557,-0.005966456038588586,0.005753376938185006,-0.0022196907777869423,46.81632954206671,13.96801262571438,0.010924097673294421,0.7992291764279129,-0.0031041553138719813,0,0
2014-10-28,5001.109375,0.014546674800278714,-0.0045753137540577304,-0.009614756191478557,-0.005966456038588586,0.008943370755797098,44.546429820313016,9.93973517447953,0.010714504469004385,0.9664222446818062,-0.005459778290142769,1,0
2014-10-29,5073.85888671875,-0.002997133264743712,0.014546674800278714,-0.0045753137540577304,-0.009614756191478557,0.005753376938185006,52.41064002202664,11.787609839419275,0.01083418608972911,1.1221251016689808,0.00014352575433884684,2,0
2014-10-30,5058.65185546875,0.006068270065237691,-0.002997133264743712,0.014546674800278714,-0.0045753137540577304,-0.005966456038588586,50.78921764141049,11.581626730433552,0.010710562955719,1.065568795177578,-0.008606984448589872,3,0
2014-10-31,5089.34912109375,-0.0007934385795549392,0.006068270065237691,-0.002997133264743712,0.014546674800278714,-0.009614756191478557,53.89027078590049,13.002231449246775,0.01031636809868369,1.01102597674377,0.003427741655236405,4,1
2014-11-03,5085.31103515625,-0.0028647921974259694,-0.0007934385795549392,0.006068270065237691,-0.002997133264743712,-0.0045753137540577304,53.41344462545317,13.121515755325252,0.010196418358570686,0.9064953285229845,0.012249059267160023,0,0
2014-11-04,5070.74267578125,-0.0008101200196709568,-0.0028647921974259694,-0.0007934385795549392,0.006068270065237691,0.014546674800278714,51.63826967033467,11.716980518276321,0.00977645813612855,0.986744804656585,0.013959580823791784,1,0
2014-11-05,5066.634765625,-0.006434173940496946,-0.0008101200196709568,-0.0028647921974259694,-0.0007934385795549392,-0.002997133264743712,51.12233321434454,10.071828833816602,0.009582222810190257,1.1770150989227022,-0.0013972139961578867,2,0
2014-11-06,5034.03515625,-0.009297745114699718,-0.006434173940496946,-0.0008101200196709568,-0.0028647921974259694,0.006068270065237691,47.10048175083734,6.520875573850168,0.009583936233114761,0.9538492588350117,-0.00483425467191112,3,0
2014-11-07,4987.22998046875,-0.004418511458023633,-0.009297745114699718,-0.006434173940496946,-0.0008101200196709568,-0.0007934385795549392,41.99245887343702,1.0401211897025906,0.009867620866649265,1.156594560748744,-0.02020026985184853,4,0
2014-11-10,4965.19384765625,0.013472692769402439,-0.004418511458023633,-0.009297745114699718,-0.006434173940496946,-0.0028647921974259694,39.80379939525999,-3.7845531406083275,0.009827819026804158,0.9076028584501357,-0.023825342730317223,0,0
2014-11-11,5032.08837890625,0.003290018540194728,0.013472692769402439,-0.004418511458023633,-0.009297745114699718,-0.0008101200196709568,48.567446744896536,-2.2611188183997264,0.01011355527872177,1.0493525613242474,-0.007487857763488814,1,0
2014-11-12,5048.64404296875,-3.423722509032778e-05,0.003290018540194728,0.013472692769402439,-0.004418511458023633,-0.006434173940496946,50.488598645936214,-0.046029276588981816,0.009865150892123474,0.9126317943219852,-0.0033877192036231296,2,0
2014-11-13,5048.47119140625,0.00016239059066935901,-3.423722509032778e-05,0.003290018540194728,0.013472692769402439,-0.009297745114699718,50.467403033714234,1.4189878269450098,0.009484315218881496,0.8578614407418887,0.003012217511783488,3,0
2014-11-14,5049.291015625,0.0008823175592798105,0.00016239059066935901,-3.423722509032778e-05,0.003290018540194728,-0.004418511458023633,50.573388326933575,2.397191529087749,0.009266813553625295,0.8741356985547736,0.012472353217152565,4,0
2014-11-17,5053.74609375,0.009601672336192468,0.0008823175592798105,0.00016239059066935901,-3.423722509032778e-05,0.013472692769402439,51.184654188059305,3.245520695196399,0.009116384845878536,1.0891574765895846,0.01777318223445601,0,0
2014-11-18,5102.2705078125,0.004990597591260748,0.009601672336192468,0.0008823175592798105,0.00016239059066935901,0.003290018540194728,57.368884531061184,6.772981068881991,0.009064018502335206,1.248216199446159,0.013902161801246038,1,0
2014-11-19,5127.73388671875,-0.006702026996079358,0.004990597591260748,0.009601672336192468,0.0008823175592798105,-3.423722509032778e-05,60.21705899806838,10.307615295662597,0.00891120123639476,1.4580377891178866,0.015602740852312058,2,0
2014-11-20,5093.36767578125,0.003627860488378376,-0.006702026996079358,0.004990597591260748,0.009601672336192468,0.00016239059066935901,54.887249765543004,9.819776796435164,0.00912274352128226,1.1428855059440246,0.008934951081323028,3,0
2014-11-21,5111.845703125,0.005813606952295602,0.003627860488378376,-0.006702026996079358,0.004990597591260748,0.0008823175592798105,57.08659659080932,10.186318196716035,0.008981608897010164,1.4086502768661364,0.012400420979032045,4,0
2014-11-24,5141.56396484375,-0.004438019157405049,0.005813606952295602,0.003627860488378376,-0.006702026996079358,0.009601672336192468,60.42804247436456,11.763262478958886,0.008917537805094534,1.5471973781746942,0.017331710372047837,0,0
2014-11-25,5118.74560546875,0.002752787772348997,-0.004438019157405049,0.005813606952295602,0.003627860488378376,0.004990597591260748,56.77271071720103,10.63662253543402,0.008743550849232605,1.3941832082428405,0.00329201887845032,1,0
2014-11-26,5132.83642578125,0.002392112137224567,0.002752787772348997,-0.004438019157405049,0.005813606952295602,-0.006702026996079358,58.44439562333541,10.205703310608763,0.008507120369911175,1.273195233571683,0.001054209059538569,2,0
2014-11-27,5145.11474609375,0.0008888513499085704,0.002392112137224567,0.002752787772348997,-0.004438019157405049,0.003627860488378376,59.899627473492345,10.094507473823871,0.008094084224185113,1.3694925916878138,0.010148348192842493,3,0
2014-11-28,5149.68798828125,0.0027960773184738663,0.0008888513499085704,0.002392112137224567,0.002752787772348997,0.005813606952295602,60.45510051956984,9.674809622186208,0.00782699583181089,1.4294418475942159,0.007409339054372688,4,0
2014-12-01,5164.0869140625,0.0022277693467787074,0.0027960773184738663,0.0008888513499085704,0.002392112137224567,-0.004438019157405049,62.22913512647025,9.68875126343982,0.00770321980296076,1.1028029664238843,0.004391809420550952,0,0
2014-12-02,5175.59130859375,-0.0018835596891244588,0.0022277693467787074,0.0027960773184738663,0.0008888513499085704,0.002752787772348997,63.63291328496022,9.76695404778765,0.007547775875928428,1.1943053722380963,0.011057597924734708,1,0
2014-12-03,5165.8427734375,0.002151773320203665,-0.0018835596891244588,0.0022277693467787074,0.0027960773184738663,0.002392112137224567,61.545547922293835,8.502761766639296,0.007439399189738379,1.106156723990239,0.006421250463261252,2,0
2014-12-04,5176.95849609375,0.002092731549456106,0.002151773320203665,-0.0018835596891244588,0.0022277693467787074,0.0008888513499085704,63.034551262070295,7.775581990192663,0.007425054096193861,1.120595942946176,0.00618091164624035,3,0
2014-12-05,5187.79248046875,-0.00847730817887804,0.002092731549456106,0.002151773320203665,-0.0018835596891244588,0.0027960773184738663,64.47825641035918,7.387409210409881,0.007280454448171758,0.9225173722477255,0.007384791845787886,4,0
2014-12-08,5143.81396484375,-0.004218887390430526,-0.00847730817887804,0.002092731549456106,0.002151773320203665,0.0022277693467787074,55.0750777684777,3.7172250091063184,0.007966184380691375,1.1737779816821232,-0.0038885936515640207,0,0
2014-12-09,5122.11279296875,0.008413180939300213,-0.004218887390430526,-0.00847730817887804,0.002092731549456106,-0.0018835596891244588,51.11387129450088,-0.4044475210822256,0.007731137106812081,1.1110920530854622,-0.010335250388773254,1,0
2014-12-10,5165.2060546875,-0.002460971672120227,0.008413180939300213,-0.004218887390430526,-0.00847730817887804,0.002151773320203665,57.63067669470703,-0.4570881062056955,0.007771047338819046,0.9605282872649817,-3.850976034858178e-05,2,0
2014-12-11,5152.49462890625,0.0015017566297574891,-0.002460971672120227,0.008413180939300213,-0.004218887390430526,0.002092731549456106,55.28935953864657,-1.5168617820252805,0.007642728148974713,0.9897580592607513,-0.0046512547526724735,3,0
2014-12-12,5160.232421875,-0.010076970854707268,0.0015017566297574891,-0.002460971672120227,0.008413180939300213,-0.00847730817887804,56.449231043044996,-1.843853278051263,0.007472775172876928,1.084098862538731,-0.00524222967237109,4,0
2014-12-15,5108.23291015625,-0.016130994877390892,-0.010076970854707268,0.0015017566297574891,-0.002460971672120227,-0.004218887390430526,47.52643320302822,-5.5025023789096,0.007932732258565998,1.3601604337895363,-0.006841892348200318,0,0
2014-12-16,5025.83203125,0.001914328551009481,-0.016130994877390892,-0.010076970854707268,0.0015017566297574891,0.008413180939300213,37.429777803610975,-12.985180404851569,0.008952919466526932,1.345118690261927,-0.018753999835160684,1,0
2014-12-17,5035.453125,0.015429171747825654,0.001914328551009481,-0.016130994877390892,-0.010076970854707268,-0.002460971672120227,39.05771750103621,-16.57020816303438,0.00883347298853445,1.0794012699463675,-0.025252852223451416,2,0
2014-12-18,5113.14599609375,0.00611656744549105,0.015429171747825654,0.001914328551009481,-0.016130994877390892,0.0015017566297574891,50.3024051300239,-13.14238250615315,0.00916321353311932,1.2241862919991333,-0.0073627088035055355,3,0
2014-12-19,5144.4208984375,-0.003663802963123519,0.00611656744549105,0.015429171747825654,0.001914328551009481,-0.010076970854707268,53.983223181413386,-8.4310606520283,0.009137655506091791,1.2592878118261892,-0.0027478979877719745,4,0
2014-12-22,5125.57275390625,0.002593841218011761,-0.003663802963123519,0.00611656744549105,0.015429171747825654,-0.016130994877390892,51.507311303396406,-6.341763185940959,0.009090980084395595,1.1369412764884952,0.003665269903811774,0,0
2014-12-23,5138.86767578125,0.0054319480985187685,0.002593841218011761,-0.003663802963123519,0.00611656744549105,0.001914328551009481,53.13991695445071,-3.939674667701805,0.008775611058472771,0.7925532056319667,0.022390105999214427,1,0
2014-12-24,5166.78173828125,0.002204398988467693,0.0054319480985187685,0.002593841218011761,-0.003663802963123519,0.015429171747825654,56.454793265203236,-0.5255175099422082,0.008606777755391403,0.7047141818501603,0.025907725546723714,2,0
2014-12-29,5178.17138671875,0.009380102301814297,0.002204398988467693,0.0054319480985187685,0.002593841218011761,0.00611656744549105,57.767544874032446,2.2906571634853403,0.008232109413550927,0.6255295074244475,0.012682952787365753,0,0
2014-12-30,5226.7431640625,0.0030270814629913545,0.009380102301814297,0.002204398988467693,0.0054319480985187685,-0.003663802963123519,62.90362754607039,6.952055202227726,0.008274167028705806,0.9245898165481464,0.015946487643689,1,0
2015-01-02,5242.56494140625,-0.004343856389624756,0.0030270814629913545,0.009380102301814297,0.002204398988467693,0.002593841218011761,64.42147984556345,10.419771680554561,0.007945958097251122,0.7603643080810417,0.022637372069803874,4,0
2015-01-05,5219.7919921875,-0.009757782269146476,-0.004343856389624756,0.0030270814629913545,0.009380102301814297,0.0054319480985187685,60.579355544619794,10.47075420208116,0.007909811554510081,0.8986757657568746,0.015699674462167357,0,0
2015-01-06,5168.8583984375,0.007362678117958099,-0.009757782269146476,-0.004343856389624756,0.0030270814629913545,0.002204398988467693,52.97011435095122,6.556509972172822,0.008121052928975553,1.027287687513429,0.0005099440945021128,1,0
2015-01-07,5206.9150390625,0.0009045588226743728,0.007362678117958099,-0.009757782269146476,-0.004343856389624756,0.009380102301814297,57.28715387768808,6.02633483211271,0.00801146007563127,1.4040388429614443,0.005668223223992519,2,0
2015-01-08,5211.625,0.0009281009402057894,0.0009045588226743728,0.007362678117958099,-0.009757782269146476,0.0030270814629913545,57.80340504758536,5.503178864354741,0.0077485458720889,1.309532408716571,-0.0028073202551474052,3,0
2015-01-09,5216.4619140625,-0.005507654272822071,0.0009281009402057894,0.0009045588226743728,0.007362678117958099,-0.004343856389624756,58.36001232397311,5.007406072157146,0.007577405353123943,1.3711184285564593,-0.00490630077793297,4,0
2015-01-12,5187.7314453125,0.005093616869879858,-0.005507654272822071,0.0009281009402057894,0.0009045588226743728,-0.009757782269146476,53.818870407207456,2.4011809099938013,0.007585037424759774,0.8857628516873158,-0.006070098661130285,0,0
2015-01-13,5214.15576171875,-0.010488462382349906,0.005093616869879858,-0.005507654272822071,0.0009281009402057894,0.007362678117958099,57.12344327944296,2.1231644782106294,0.007408750297375483,1.3194286940014643,0.008781300477896048,1,0
2015-01-14,5159.46728515625,0.005629063456523253,-0.010488462382349906,0.005093616869879858,-0.005507654272822071,0.0009045588226743728,49.26610021361919,-1.8622698198235952,0.007857225254818606,17.158496196928485,-0.009069840022411957,2,0
2015-01-15,5188.51025390625,-0.007773241449872015,0.005629063456523253,-0.010488462382349906,0.005093616869879858,0.0009281009402057894,52.96610391416765,-2.614729042745868,0.007727158637544977,0.14526963669238271,-0.004345335388563076,3,0
2015-01-16,5148.1787109375,0.0007213943796491318,-0.007773241449872015,0.005629063456523253,-0.010488462382349906,-0.005507654272822071,47.75736292084073,-5.722736735865105,0.008009959193287756,0.12420697435869309,-0.01304667777864088,4,0
2015-01-19,5151.892578125,0.002716689748040846,0.0007213943796491318,-0.007773241449872015,0.005629063456523253,0.005093616869879858,48.26192109689228,-7.320311223860013,0.007972848565254568,0.1208934135975618,-0.0068176291261696775,0,0
2015-01-20,5165.888671875,0.00951904300105677,0.002716689748040846,0.0007213943796491318,-0.007773241449872015,-0.010488462382349906,50.213399665474824,-7.214555798220861,0.00799546501122348,0.12751586800508813,-0.00919455624800869,1,0
2015-01-21,5215.06298828125,0.007270387228102582,0.00951904300105677,0.002716689748040846,0.0007213943796491318,0.005629063456523253,56.431306318719216,-3.785294636666803,0.008052331132954515,0.10759557597895918,0.010812949135397987,2,0
2015-01-22,5252.978515625,0.013458789191399978,0.007270387228102582,0.00951904300105677,0.002716689748040846,-0.007773241449872015,60.525016868345645,0.8374258332578179,0.00813767211173903,0.16358620435760432,0.012454272906977315,3,0
2015-01-23,5323.67724609375,-0.011995167153372455,0.013458789191399978,0.007270387228102582,0.00951904300105677,0.0007213943796491318,66.79085881683744,8.05609160383245,0.008420122452860153,0.16757282773888543,0.03368630354824931,4,0
2015-01-26,5259.81884765625,0.00325581555106802,-0.011995167153372455,0.013458789191399978,0.007270387228102582,0.002716689748040846,57.85761655047416,7.917948129910933,0.009481540872526374,0.12909879758592582,0.02096974201522772,0,0
2015-01-27,5276.94384765625,-0.001572287907457115,0.00325581555106802,-0.011995167153372455,0.013458789191399978,0.00951904300105677,59.42490478417178,8.326065546663667,0.009227745587689783,0.1090911197407436,0.021508867818254895,1,0
2015-01-28,5268.64697265625,-0.001164298419610632,-0.001572287907457115,0.00325581555106802,-0.011995167153372455,0.007270387228102582,58.29375412244564,7.413833057555777,0.008804026995527212,0.1222104741798715,0.01041753690974101,2,0
2015-01-29,5262.5126953125,0.00507078274937367,-0.001164298419610632,-0.001572287907457115,0.00325581555106802,0.013458789191399978,57.423442609636865,5.84296586635222,0.008393716752373454,0.10664002613420655,0.001982851262027796,3,0
2015-01-30,5289.19775390625,-0.002489411967585342,0.00507078274937367,-0.001164298419610632,-0.001572287907457115,-0.011995167153372455,60.206692366199746,6.022762704105503,0.008237508910189116,0.10676473249127548,-0.006405155179998512,4,0
2015-02-02,5276.03076171875,0.0029342052255598716,-0.002489411967585342,0.00507078274937367,-0.001164298419610632,0.00325581555106802,58.18553661649783,4.733424718190232,0.008131292334004663,0.09126233986163614,0.0031006000057886007,0,0
2015-02-03,5291.51171875,0.004453439950628413,0.0029342052255598716,-0.002489411967585342,0.00507078274937367,-0.001572287907457115,59.890436417723166,4.4083074743244595,0.007985668126186628,0.12266806469650336,0.0027789896802804526,1,0
2015-02-04,5315.0771484375,-0.006657983379018906,0.004453439950628413,0.0029342052255598716,-0.002489411967585342,-0.001164298419610632,62.40338346038168,5.210473028346744,0.008150024119683406,0.1456108237218638,0.00880471753836598,2,0
2015-02-05,5279.689453125,0.01186010585228403,-0.006657983379018906,0.004453439950628413,0.0029342052255598716,0.00507078274937367,56.662331948948164,2.9030203228768876,0.008447191439146441,0.1102040241755425,0.0033110325789577066,3,0
2015-02-06,5342.30712890625,0.0011147015664407789,0.01186010585228403,-0.006657983379018906,0.004453439950628413,-0.002489411967585342,63.126682085225525,5.015336873630567,0.008589103364999733,0.12953783298946955,0.010100355681868067,4,0
2015-02-09,5348.26220703125,-0.005047547114137241,0.0011147015664407789,0.01186010585228403,-0.006657983379018906,0.0029342052255598716,63.681515053884425,6.159642469502096,0.008525725918547574,0.11424071259170131,0.013704469215894188,0,0
2015-02-10,5321.2666015625,0.002827319696889985,-0.005047547114137241,0.0011147015664407789,0.01186010585228403,0.004453439950628413,59.32370215782653,4.520356442826909,0.0086614692392075,0.11993962409047819,0.005722716876197076,1,0
2015-02-11,5336.3115234375,0.0012914541312349925,0.002827319696889985,-0.005047547114137241,0.0011147015664407789,-0.006657983379018906,60.92841656725596,3.8949286306148423,0.00833610081058995,1.023772871368212,0.004096596622458648,2,0
2015-02-12,5343.203125,0.005755431842439984,0.0012914541312349925,0.002827319696889985,-0.005047547114137241,0.01186010585228403,61.674283786585924,3.4085502800034533,0.008076848481164835,0.940712233367034,0.012046034132712546,3,0
2015-02-13,5373.95556640625,-0.009056265566137922,0.005755431842439984,0.0012914541312349925,0.002827319696889985,0.0011147015664407789,64.89473610069007,4.549796474917045,0.007954438714887217,0.8196389831240711,0.0059413601228685,4,0
2015-02-16,5325.28759765625,0.0022544997157118996,-0.009056265566137922,0.005755431842439984,0.0012914541312349925,-0.005047547114137241,56.76534235556269,1.5725852491738195,0.008307142532938641,0.7951257894900314,-0.004229607009710201,0,0
2015-02-17,5337.29345703125,0.009920063322122585,0.0022544997157118996,-0.009056265566137922,0.005755431842439984,0.002827319696889985,58.157849402256026,0.0385527579322158,0.008010374198325279,0.7915153817493772,0.003072439820138939,1,0
2015-02-18,5390.23974609375,0.0017909794459043393,0.009920063322122585,0.0022544997157118996,-0.009056265566137922,0.0012914541312349925,63.70909158032935,2.102127965329643,0.008397151612457205,1.1638708834644889,0.01016518344537154,2,0
2015-02-20,5399.8935546875,0.0005875766865339749,0.0017909794459043393,0.009920063322122585,0.0022544997157118996,0.005755431842439984,64.63050157320355,3.5448218194862733,0.00827102671656141,0.9681779817254232,0.010664708760040886,4,0
2015-02-23,5403.06640625,0.002597899051826058,0.0005875766865339749,0.0017909794459043393,0.009920063322122585,-0.009056265566137922,64.94551885238906,4.101051971120782,0.008088257183244402,0.9312733353795951,0.005496853604134877,0,0
2015-02-24,5417.10302734375,0.005130596300219947,0.002597899051826058,0.0005875766865339749,0.0017909794459043393,0.0022544997157118996,66.37243483778389,4.756458608733361,0.007816168451611745,0.9940875258166474,0.017151018222098857,1,0
2015-02-25,5444.89599609375,0.0011596116525054434,0.005130596300219947,0.002597899051826058,0.0005875766865339749,0.009920063322122585,69.05813993497867,6.306726686221069,0.007632477025829056,1.162601362248434,0.020027114806606905,2,0
2015-02-26,5451.2099609375,-0.00020691363854674627,0.0011596116525054434,0.005130596300219947,0.002597899051826058,0.0017909794459043393,69.6511432750549,6.951494807292519,0.007466709601921636,1.0027617924528303,0.011266663136989763,3,0
2015-02-27,5450.08203125,0.005052335794831109,-0.00020691363854674627,0.0011596116525054434,0.005130596300219947,0.0005875766865339749,69.39528161346851,6.504145101626349,0.007237282988503085,1.0408959240072162,0.009268770052538677,4,0
2015-03-02,5477.61767578125,-0.0005863706181431505,0.005052335794831109,-0.00020691363854674627,0.0011596116525054434,0.002597899051826058,72.09068656477123,7.2101459917441275,0.007045618501261579,1.0007480731219873,0.013733529160835811,0,0
2015-03-03,5474.40576171875,-0.00485141125923072,-0.0005863706181431505,0.005052335794831109,-0.00020691363854674627,0.005130596300219947,71.30184505441869,6.623364219187479,0.0069009772205896845,0.9969045683027794,0.010549259490866603,1,0
2015-03-04,5447.84716796875,0.000530061733280407,-0.00485141125923072,-0.0005863706181431505,0.005052335794831109,0.0011596116525054434,64.9710756653566,3.7520248467758464,0.007087238872150602,0.9218943544285403,0.0005672519314159352,2,0
2015-03-05,5450.73486328125,0.011711795239765177,0.000530061733280407,-0.00485141125923072,-0.0005863706181431505,-0.00020691363854674627,65.33150628116609,1.4699311370623036,0.006951859760424556,0.9754866489363208,-6.229798780910123e-05,3,0
2015-03-06,5514.57275390625,-0.012720999801219213,0.011711795239765177,0.000530061733280407,-0.00485141125923072,0.005052335794831109,72.15307125399836,3.5631451200628277,0.007207443054548891,1.0286711284967358,0.011856410890502822,4,0
2015-03-09,5444.421875,0.0033601263334319675,-0.012720999801219213,0.011711795239765177,0.000530061733280407,-0.0005863706181431505,58.52511846750497,-0.2699839125668291,0.007957389528838867,0.9926963022429747,-0.005916924705547499,0,0
2015-03-10,5462.7158203125,-0.007937597574180555,0.0033601263334319675,-0.012720999801219213,0.011711795239765177,-0.00485141125923072,60.61428689851825,-1.9717335708604438,0.00819734684045555,1.1316889031929958,-0.0019704277539723813,1,0
2015-03-11,5419.35498046875,0.003739400130049697,-0.007937597574180555,0.0033601263334319675,-0.012720999801219213,0.000530061733280407,53.70859660492717,-6.178537772107923,0.0084237940654618,1.2479138542331143,-0.005056614068922216,2,0
2015-03-12,5439.6201171875,-0.0024570161311026073,0.003739400130049697,-0.007937597574180555,0.0033601263334319675,0.011711795239765177,56.21905902464464,-7.660390682555509,0.008213185850582215,1.0504630282927214,-0.001847275672152926,3,0
2015-03-13,5426.2548828125,0.0016225185526461683,-0.0024570161311026073,0.003739400130049697,-0.007937597574180555,-0.012720999801219213,54.133922024895405,-9.485367873418518,0.008195370968487128,0.9839775962176712,-0.01601608704302071,4,0
2015-03-16,5435.05908203125,0.0007142214792721369,0.0016225185526461683,-0.0024570161311026073,0.003739400130049697,0.0033601263334319675,55.309797441681745,-9.993319863656922,0.008050720553573542,0.8489285793983754,-0.0016725686891553293,0,0
2015-03-17,5438.94091796875,-0.004780432196891837,0.0007142214792721369,0.0016225185526461683,-0.0024570161311026073,-0.007937597574180555,55.84727363224243,-9.940515218143013,0.007893446224943234,1.1561870457343524,-0.00431847354331516,1,0
2015-03-18,5412.9404296875,0.007519325343582128,-0.004780432196891837,0.0007142214792721369,0.0016225185526461683,0.003739400130049697,51.389194919596505,-11.423370959916454,0.007710506121553363,0.9729870976061682,-0.0011613081660264424,2,0
2015-03-19,5453.64208984375,-0.0019783224352203366,0.007519325343582128,-0.004780432196891837,0.0007142214792721369,-0.0024570161311026073,57.15501462220661,-9.508203675439894,0.007736885689844398,1.1078586905810177,0.002618617047505989,3,0
2015-03-20,5442.85302734375,-0.0010962627219629484,-0.0019783224352203366,0.007519325343582128,-0.004780432196891837,0.0016225185526461683,55.28313808848965,-8.827964131189702,0.007599744227480313,1.1942237746062683,0.0030973107433882596,4,0
2015-03-23,5436.88623046875,0.0019404129938158654,-0.0010962627219629484,-0.0019783224352203366,0.007519325343582128,0.0007142214792721369,54.22542458477529,-8.629546208474881,0.007469839597297512,1.2214529405483123,0.00037852946877914295,0,0
2015-03-24,5447.43603515625,-0.007739001352503383,0.0019404129938158654,-0.0010962627219629484,-0.0019783224352203366,-0.004780432196891837,55.834392627249976,-7.66980673176835,0.007230737297325278,0.8828566669497948,0.0016047209833228715,1,0
2015-03-25,5405.2783203125,-0.006787347075567274,-0.007739001352503383,0.0019404129938158654,-0.0010962627219629484,0.007519325343582128,48.498268765000695,-9.629386504656534,0.007443659883745576,1.1380189186030876,-0.0013538481722886742,2,0
2015-03-26,5368.5908203125,0.0052254350527345395,-0.006787347075567274,-0.007739001352503383,0.0019404129938158654,-0.0019783224352203366,43.18105796965771,-12.944970965253855,0.007552795607605498,1.0546775475748136,-0.015660520591438076,3,0
2015-03-27,5396.64404296875,0.007745518206256463,0.0052254350527345395,-0.006787347075567274,-0.007739001352503383,-0.0010962627219629484,47.886070520788955,-12.775558596645954,0.007603813686806408,0.7444669210275258,-0.0084567631034832,4,0
2015-03-30,5438.44384765625,0.014713053131133025,0.007745518206256463,0.0052254350527345395,-0.006787347075567274,0.0019404129938158654,53.998524253800184,-9.524305774419819,0.007832404656407879,1.0324510227282742,0.00038501782473621127,0,0
2015-03-31,5518.4599609375,-0.009387614687422552,0.014713053131133025,0.007745518206256463,0.0052254350527345395,-0.007739001352503383,62.9556990695242,-2.0512677528020085,0.008203185641275049,1.0422803051390448,0.01315765796205337,1,1
2015-04-01,5466.65478515625,-0.0019148407662257227,-0.009387614687422552,0.014713053131133025,0.007745518206256463,-0.006787347075567274,55.43034023467058,-0.7316970147423518,0.008597535223604466,0.9957736464031778,0.011509044627134202,2,0
2015-04-02,5456.18701171875,0.00433093129744222,-0.0019148407662257227,-0.009387614687422552,0.014713053131133025,0.0052254350527345395,54.0250905008254,-0.698450304749862,0.008688443693688474,1.039524816086142,0.016381550936475753,3,0
2015-04-06,5479.8173828125,0.00789393536259575,0.00433093129744222,-0.0019148407662257227,-0.009387614687422552,0.007745518206256463,56.694122157462196,0.7044664112398706,0.008465836357346646,0.7886795764379867,0.015487047181183433,0,0
2015-04-07,5523.07470703125,-0.006645680493335138,0.00789393536259575,0.00433093129744222,-0.0019148407662257227,0.014713053131133025,61.14139560793167,4.143263214456141,0.008359000873700135,1.0349395080456427,0.01563546433752272,1,0
2015-04-08,5486.3701171875,0.0026093605905117556,-0.006645680493335138,0.00789393536259575,0.00433093129744222,-0.009387614687422552,55.89605657311321,3.565416919207994,0.008417914254768762,0.9390382175152863,-0.005723269286945443,2,0
2015-04-09,5500.68603515625,-0.001737975687514104,0.0026093605905117556,-0.006645680493335138,0.00789393536259575,-0.0019148407662257227,57.43005466100658,3.748191511808159,0.008086980374800278,0.938916339067816,0.006273705990988865,3,0
2015-04-10,5491.1259765625,-0.007999945935496466,-0.001737975687514104,0.0026093605905117556,-0.006645680493335138,0.00433093129744222,56.02858693283097,2.8658752628524766,0.00801152114905457,0.9982093376490399,0.006450571069700484,4,0
2015-04-13,5447.197265625,-0.005195565379988665,-0.007999945935496466,-0.001737975687514104,0.0026093605905117556,0.00789393536259575,49.99168357587048,-0.8376258261953637,0.008291522719877415,0.8691955974502421,-0.0058803061632382025,0,0
2015-04-14,5418.89599609375,-0.0008414205247317952,-0.005195565379988665,-0.007999945935496466,-0.001737975687514104,-0.006645680493335138,46.51444462867621,-5.116031350060279,0.008408018897067005,0.900302802892652,-0.018969806905822617,1,0
2015-04-15,5414.33642578125,0.0011424385905438594,-0.0008414205247317952,-0.005195565379988665,-0.007999945935496466,0.0026093605905117556,45.959796499015305,-8.003694499110736,0.008285814490811666,0.9236352980585336,-0.013165546937219275,2,0
2015-04-16,5420.52197265625,-0.001861145284004162,0.0011424385905438594,-0.0008414205247317952,-0.005195565379988665,-0.001737975687514104,46.885101558339045,-9.164320881777577,0.008034945352786363,1.1926488575149197,-0.01463246893718717,3,0
2015-04-17,5410.43359375,-0.0018188598274023748,-0.001861145284004162,0.0011424385905438594,-0.0008414205247317952,-0.007999945935496466,45.516231497456644,-10.19930870817396,0.007716336847506797,0.8521815062265551,-0.014755638533677229,4,0
2015-04-20,5400.5927734375,0.0110669455953456,-0.0018188598274023748,-0.001861145284004162,0.0011424385905438594,-0.005195565379988665,44.161764640279195,-11.06224805066179,0.007540493617153836,0.9199612935004303,-0.008574552425583137,0,0
2015-04-21,5460.36083984375,-0.004295249704032611,0.0110669455953456,-0.0018188598274023748,-0.001861145284004162,-0.0008414205247317952,53.25923218169854,-7.304624397987229,0.0077070891083074215,1.028360830946902,0.007687958549751128,1,0
2015-04-22,5436.9072265625,-0.00016740330707742945,-0.004295249704032611,0.0110669455953456,-0.0018188598274023748,0.0011424385905438594,49.828462569831636,-6.142266676238958,0.007638962010695359,0.9862741402293358,0.0042341293704503125,2,0
2015-04-23,5435.9970703125,-0.00015710161267634692,-0.00016740330707742945,-0.004295249704032611,0.0110669455953456,-0.001861145284004162,49.694680646071824,-5.214833843501968,0.007541955135961858,0.9473765306110715,0.0029242874728290236,3,0
2015-04-24,5435.14306640625,-0.03493953422518903,-0.00015710161267634692,-0.00016740330707742945,-0.004295249704032611,-0.0018188598274023748,49.56022414794334,-4.467795768970408,0.00752444006465416,0.7543140889399279,0.004628331144156839,4,0
2015-04-27,5245.24169921875,-0.0006268702427935091,-0.03493953422518903,-0.00015710161267634692,-0.00016740330707742945,0.0110669455953456,30.07431825318291,-15.927364669541841,0.010117656636119198,1.1702679751979768,-0.028492343253629815,0,0
2015-04-28,5241.95361328125,-0.026057049303894964,-0.0006268702427935091,-0.03493953422518903,-0.00015710161267634692,-0.004295249704032611,29.855436021124888,-22.49154347044598,0.01050051945975927,0.8628529841506041,-0.040186159091768925,1,0
2015-04-29,5105.36376953125,-0.0037483555754063147,-0.026057049303894964,-0.0006268702427935091,-0.03493953422518903,-0.00016740330707742945,22.522329962703864,-34.099025486050756,0.01318925959377929,1.1263082745203186,-0.06194795869163128,2,0
2015-04-30,5086.22705078125,0.010756492069911916,-0.0037483555754063147,-0.026057049303894964,-0.0006268702427935091,-0.00015710161267634692,21.717492867601294,-40.685766241706716,0.013855407402435745,0.9319292955864209,-0.06552891095996016,3,1
2015-05-04,5140.93701171875,0.0037289719972353197,0.010756492069911916,-0.0037483555754063147,-0.026057049303894964,-0.03493953422518903,29.476596387369227,-38.974862139568565,0.013905069703071708,0.9093488536906564,-0.0546153172773719,0,0
2015-05-05,5160.107421875,0.00477531013730248,0.0037289719972353197,0.010756492069911916,-0.0037483555754063147,-0.0006268702427935091,32.01922322166996,-34.33206292219563,0.013852801401342449,0.9411176999523958,-0.01594681105494755,1,0
2015-05-06,5184.74853515625,-0.0066469743694062,0.00477531013730248,0.0037289719972353197,0.010756492069911916,-0.026057049303894964,35.25067876784584,-27.667614644739928,0.01368115643338833,0.7805625158716348,-0.010544630674851563,2,0
2015-05-07,5150.28564453125,0.006159966286760632,-0.0066469743694062,0.00477531013730248,0.0037289719972353197,-0.0037483555754063147,32.895496268187316,-23.794216654665135,0.013442610094613342,1.1830733566311777,0.0088654442596372,3,0
2015-05-08,5182.01123046875,-0.0018778340297749274,0.006159966286760632,-0.0066469743694062,0.00477531013730248,0.010756492069911916,37.064167960951664,-17.595019057517973,0.013095708901832556,1.081757727390032,0.018773766121804147,4,0
2015-05-11,5172.2802734375,0.006405087214653715,-0.0018778340297749274,0.006159966286760632,-0.0066469743694062,0.0037289719972353197,36.318905303701875,-12.868584621297721,0.012774202761424493,0.906733523005109,0.006139440022117304,0,0
2015-05-12,5205.4091796875,0.007784120297039232,0.006405087214653715,-0.0018778340297749274,0.006159966286760632,0.00477531013730248,40.6912097770872,-6.548470651840219,0.01239863208674476,1.0212331417443865,0.0088155552395357,1,0
2015-05-13,5245.9287109375,-0.003628744091167424,0.007784120297039232,0.006405087214653715,-0.0018778340297749274,-0.0066469743694062,45.610027343174316,0.9257976674633426,0.012181855163117617,1.142284321476277,0.011824365399272452,2,0
2015-05-15,5226.892578125,0.0020499452762512416,-0.003628744091167424,0.007784120297039232,0.006405087214653715,0.006159966286760632,43.773278714432685,4.928840649891825,0.012047802357888143,0.957626044291583,0.014842595677511228,4,0
2015-05-18,5237.607421875,0.006025383578424526,0.0020499452762512416,-0.003628744091167424,0.007784120297039232,-0.0018778340297749274,45.113109097067515,8.433744707793139,0.011457802821826967,0.9621013295057051,0.010732574667001837,0,0
2015-05-19,5269.166015625,0.004436556573787831,0.006025383578424526,0.0020499452762512416,-0.003628744091167424,0.006405087214653715,48.97009710152264,12.75366929610017,0.011306573417221898,0.8664707179160952,0.01863579227520129,1,0
2015-05-20,5292.54296875,0.003865440098133277,0.004436556573787831,0.006025383578424526,0.0020499452762512416,0.007784120297039232,51.67886462703279,16.8067739950274,0.011040084669218141,0.9627942442835279,0.016667261634335406,2,0
2015-05-21,5313.0009765625,0.00036605003976641903,0.003865440098133277,0.004436556573787831,0.006025383578424526,-0.003628744091167424,53.9810677944191,20.255584402444164,0.011011309547213884,0.999833310786,0.012748581435429451,3,0
2015-05-22,5314.94580078125,-0.005040510301828838,0.00036605003976641903,0.003865440098133277,0.004436556573787831,0.0020499452762512416,54.20444125704659,21.917207813705716,0.010626423951387022,0.8043343760066781,0.016743375566363294,4,0
2015-05-25,5288.15576171875,0.006152919679823343,-0.005040510301828838,0.00036605003976641903,0.003865440098133277,0.006025383578424526,50.563529942049065,20.48780639968932,0.010318951796531263,0.8202697141038406,0.009652919988283215,0,0
2015-05-26,5320.693359375,-0.012688151912766843,0.006152919679823343,-0.005040510301828838,0.00036605003976641903,0.004436556573787831,54.55605858831118,20.93539741255951,0.010369317308739483,0.9526147218910779,0.009780456089682033,1,0
2015-05-27,5253.18359375,-0.0030431695065864517,-0.012688151912766843,0.006152919679823343,-0.005040510301828838,0.003865440098133277,46.216168536680506,16.10348245348706,0.010670335185680353,0.9336393004988498,-0.007344252396872641,2,0
2015-05-28,5237.197265625,-0.00401388057558516,-0.0030431695065864517,-0.012688151912766843,0.006152919679823343,0.00036605003976641903,44.482087826370325,11.467174717938043,0.010558716390328607,0.8548691342546745,-0.01425286200159237,3,0
2015-05-29,5216.17578125,-0.0004913538938743356,-0.00401388057558516,-0.0030431695065864517,-0.012688151912766843,-0.005040510301828838,42.23781253943843,6.849044793599642,0.010359366318208791,1.490851897589363,-0.01863279261694395,4,0
2015-06-01,5213.61279296875,-0.01597998928398736,-0.0004913538938743356,-0.00401388057558516,-0.0030431695065864517,0.006152919679823343,41.95984583865632,3.646766110684606,0.01007699992557953,0.7702629651349568,-0.014083636208989447,0,0
2015-06-03,5130.29931640625,-0.0067592075381658345,-0.01597998928398736,-0.0004913538938743356,-0.00401388057558516,-0.012688151912766843,34.10316133252721,-3.661834935506935,0.010683240570828065,16.308316458445397,-0.03621654517280015,2,0
2015-06-04,5095.62255859375,0.0009322684768395817,-0.0067592075381658345,-0.01597998928398736,-0.0004913538938743356,-0.0030431695065864517,31.46253442129465,-10.048842513672756,0.010670377711396433,0.16173897946866844,-0.030287600798199144,3,0
2015-06-05,5100.373046875,-0.016778318528324565,0.0009322684768395817,-0.0067592075381658345,-0.01597998928398736,-0.00401388057558516,32.23662517794382,-12.984337587805204,0.010254625715598735,0.14083557656067355,-0.02631216281477311,4,0
2015-06-08,5014.79736328125,-0.02295326185541713,-0.016778318528324565,0.0009322684768395817,-0.0067592075381658345,-0.0004913538938743356,26.442770413516072,-19.337419327689567,0.011025509664058816,0.17401485969643032,-0.039076600767512515,0,0
2015-06-09,4899.69140625,0.006872642648891203,-0.02295326185541713,-0.016778318528324565,0.0009322684768395817,-0.01597998928398736,20.980572061912156,-29.340018309708853,0.012843386987871134,0.19880428653539314,-0.06153850872905531,1,0
2015-06-10,4933.365234375,-0.0009617428835777542,0.006872642648891203,-0.02295326185541713,-0.016778318528324565,-0.0067592075381658345,25.80884715540418,-31.544061080482507,0.012918047565921293,0.21974387099690496,-0.038685876796176744,2,0
2015-06-11,4928.62060546875,0.0014211673187987106,-0.0009617428835777542,0.006872642648891203,-0.02295326185541713,0.0009322684768395817,25.57175720801733,-31.124461216438704,0.012991161905470968,0.16153327176651877,-0.03288841214158866,3,0
2015-06-12,4935.625,-0.019859598581739912,0.0014211673187987106,-0.0009617428835777542,0.006872642648891203,-0.016778318528324565,26.643124522790387,-28.261674924662287,0.01250163585989202,0.1640479159633014,-0.032399513299629534,4,0
2015-06-15,4837.60546875,0.007194408713634415,-0.019859598581739912,0.0014211673187987106,-0.0009617428835777542,-0.02295326185541713,21.89365053772063,-30.65558621472998,0.013291161763037185,0.15453009203701074,-0.03548079335304488,0,0
2015-06-16,4872.4091796875,0.015013287309942669,0.007194408713634415,-0.019859598581739912,0.0014211673187987106,0.006872642648891203,26.87797368954614,-27.67246162530155,0.013226642070966629,0.1717076535364348,-0.005333122783993338,1,0
2015-06-17,4945.56005859375,-5.1340241952746446e-05,0.015013287309942669,0.007194408713634415,-0.019859598581739912,-0.0009617428835777542,36.10692435883883,-18.965197626061993,0.013298442820186695,0.1902751683465524,0.002807521877058128,2,0
2015-06-18,4945.30615234375,0.007988556857349893,-5.1340241952746446e-05,0.015013287309942669,0.007194408713634415,0.0014211673187987106,36.08989774507296,-11.767899486726634,0.012803942683918516,0.14826219673362434,0.0037179245186831356,3,0
2015-06-19,4984.81201171875,-0.00516637696832023,0.007988556857349893,-5.1340241952746446e-05,0.015013287309942669,-0.019859598581739912,40.769969884082876,-3.3301161774588053,0.01241243795659381,0.12756901359800435,0.010285314057234318,4,0
2015-06-22,4959.05859375,-0.004356177418376572,-0.00516637696832023,0.007988556857349893,-5.1340241952746446e-05,0.007194408713634415,38.776499961242266,1.2857520461599563,0.012085418169778516,0.12143046291114018,0.024978535670654,0,0
2015-06-23,4937.4560546875,0.00321363619731585,-0.004356177418376572,-0.00516637696832023,0.007988556857349893,0.015013287309942669,37.13620690736644,3.526115402841725,0.011770757190195678,0.14812093165602513,0.013427949538643014,1,0
2015-06-24,4953.3232421875,-0.0067576159708119254,0.00321363619731585,-0.004356177418376572,-0.00516637696832023,-5.1340241952746446e-05,39.171558162686786,6.543308463765101,0.01141167494806714,0.19273888748019943,0.0016282984260161948,2,0
2015-06-25,4919.8505859375,0.0006022318306715402,-0.0067576159708119254,0.00321363619731585,-0.004356177418376572,0.007988556857349893,36.48769641619829,6.725570002868224,0.011154620807695916,0.15710247887619572,-0.005077977302842984,3,0
2015-06-26,4922.8134765625,-0.008211827070274902,0.0006022318306715402,-0.0067576159708119254,0.00321363619731585,-0.00516637696832023,36.899822403275586,7.431299481794909,0.010996271778646852,0.13044928572867664,-0.012464302329521337,4,0
2015-06-29,4882.38818359375,0.005750999761879205,-0.008211827070274902,0.0006022318306715402,-0.0067576159708119254,-0.004356177418376572,33.68787792328841,5.642263069733801,0.011240257361940061,0.13446945410832112,-0.01550975243147601,0,0
2015-06-30,4910.466796875,-0.0013430932570295262,0.005750999761879205,-0.008211827070274902,0.0006022318306715402,0.00321363619731585,37.74155532316519,6.742239374222436,0.011194875213352412,0.14447075491708372,-0.005402575251220232,1,1
2015-07-01,4903.87158203125,0.008302890463719015,-0.0013430932570295262,0.005750999761879205,-0.008211827070274902,-0.0067576159708119254,37.166843786347854,7.3671606705595,0.010822437753856978,1.0491216397200107,-0.009959304705565608,2,0
2015-07-02,4944.587890625,0.007711141719422443,0.008302890463719015,-0.0013430932570295262,0.005750999761879205,0.0006022318306715402,42.94329298231208,10.66408693218851,0.010869716823735916,1.26826122201626,0.005101201728965332,3,0
2015-07-03,4982.71630859375,-0.01327920351237577,0.007711141719422443,0.008302890463719015,-0.0013430932570295262,-0.008211827070274902,47.784325978890166,15.273485073033498,0.010668316417986996,1.1470396186889202,0.012210111617716235,4,0
2015-07-06,4916.5498046875,-0.0021745749915533796,-0.01327920351237577,0.007711141719422443,0.008302890463719015,0.005750999761879205,41.24443142055238,13.773213269654306,0.01105108550797767,0.9841320403574848,0.007142735175615367,0,0
2015-07-07,4905.8583984375,-0.0070278300477406574,-0.0021745749915533796,-0.01327920351237577,0.007711141719422443,-0.0013430932570295262,40.28500854454923,12.031064629630137,0.010815542285882681,1.0378536093765793,-0.0007828395778172181,1,0
2015-07-08,4871.380859375,-0.006832796944205799,-0.0070278300477406574,-0.0021745749915533796,-0.01327920351237577,0.008302890463719015,37.273840445984014,8.683241927526176,0.010938037744346067,1.3277575375355675,-0.006467576368528349,2,0
2015-07-09,4838.095703125,0.0042887766162515994,-0.006832796944205799,-0.0070278300477406574,-0.0021745749915533796,0.007711141719422443,34.58607225877756,4.560816449124914,0.01110748480867766,16.866715398067043,-0.021603263776453163,3,0
2015-07-10,4858.84521484375,0.007178937816271214,0.0042887766162515994,-0.006832796944205799,-0.0070278300477406574,-0.01327920351237577,37.6065035157078,3.6069605643358216,0.010922105727240358,0.1919890241898471,-0.025025628879624007,4,0
2015-07-13,4893.7265625,0.0016121964185651372,0.007178937816271214,0.0042887766162515994,-0.006832796944205799,-0.0021745749915533796,42.41979327205672,5.582745179329308,0.010640373480281382,0.1273684282455342,-0.004567487550977023,0,0
2015-07-14,4901.6162109375,-0.006519593047175309,0.0016121964185651372,0.007178937816271214,0.0042887766162515994,-0.0070278300477406574,43.481830761650315,7.555926416522553,0.010378116571326356,0.15489042485138782,-0.0007807161408585062,1,0
2015-07-15,4869.65966796875,0.007564777240452569,-0.006519593047175309,0.0016121964185651372,0.007178937816271214,-0.006832796944205799,40.2439969180774,6.863926153677596,0.010394625174060446,0.13433920856732637,-0.0002724791402931581,2,0
2015-07-22,4906.49755859375,-0.0007833004445336744,0.007564777240452569,-0.006519593047175309,0.0016121964185651372,0.0042887766162515994,45.30049427684536,8.912373316488313,0.010267214673356827,0.14580841992432225,0.01412509504436521,2,0
2015-07-23,4902.654296875,-0.00943326697631508,-0.0007833004445336744,0.007564777240452569,-0.006519593047175309,0.007178937816271214,44.873864070522046,9.954607643672688,0.009879471420231252,0.16034600371693528,0.009053017983579936,3,0
2015-07-24,4856.40625,-0.017565795823815233,-0.00943326697631508,-0.0007833004445336744,0.007564777240452569,0.0016121964185651372,39.99285926528878,7.582668725636154,0.010057100702456386,0.12973075451366228,-0.007559186809006357,4,0
2015-07-27,4771.099609375,-0.01184776259076148,-0.017565795823815233,-0.00943326697631508,-0.0007833004445336744,-0.006519593047175309,32.887032961071,0.6852224775774616,0.010782845327693778,0.17370820303661777,-0.026737179051386728,0,0
2015-07-28,4714.57275390625,0.001350015457599385,-0.01184776259076148,-0.017565795823815233,-0.00943326697631508,0.007564777240452569,29.18645051281861,-6.852051668264977,0.011038566617217558,0.1598464684735001,-0.0320653485949729,1,0
2015-07-29,4720.9375,-0.0018276916330177695,0.001350015457599385,-0.01184776259076148,-0.017565795823815233,-0.0007833004445336744,30.139657119367243,-10.366028882182782,0.011007565629562921,0.16021175027556958,-0.03828011037782608,2,0
2015-07-30,4712.30908203125,0.019105859415516457,-0.0018276916330177695,0.001350015457599385,-0.01184776259076148,-0.00943326697631508,29.55876991275693,-12.107275458308003,0.010894187593496429,0.1601910859123163,-0.03932450156631018,3,0
2015-07-31,4802.341796875,-0.0004886532002006394,0.019105859415516457,-0.0018276916330177695,0.001350015457599385,-0.017565795823815233,42.098713259493266,-6.322211855853418,0.01126549854925578,0.167023780970337,-0.01078537517447864,4,1
2015-08-03,4799.9951171875,-0.003977868629830517,-0.0004886532002006394,0.019105859415516457,-0.0018276916330177695,-0.01184776259076148,41.88939319306302,-2.0040929799310874,0.011072193842198267,0.14214231955424228,0.006291767449135954,0,0
2015-08-04,4780.9013671875,0.014524854038580726,-0.003977868629830517,-0.0004886532002006394,0.019105859415516457,0.001350015457599385,40.140563154461695,0.10401926416781748,0.010829360267043578,0.16168547324380975,0.014161661410066917,1,0
2015-08-05,4850.34326171875,-0.009064576715786976,0.014524854038580726,-0.003977868629830517,-0.0004886532002006394,-0.0018276916330177695,48.55294648543603,6.366332356687941,0.010936310153009006,0.1912634550432026,0.027336499991048258,2,0
2015-08-06,4806.376953125,-0.007543993677020078,-0.009064576715786976,0.014524854038580726,-0.003977868629830517,0.019105859415516457,44.30729099085893,7.65218052005001,0.011162120440350465,0.1583158096523414,0.02009961490827905,3,0
2015-08-07,4770.11767578125,-0.004476415215532992,-0.007543993677020078,-0.009064576715786976,0.014524854038580726,-0.0004886532002006394,41.114244112986654,6.225874452536658,0.011127293757421532,0.1496914569925426,-0.006550238184257484,4,0
2015-08-10,4748.7646484375,-0.026607660092519914,-0.004476415215532992,-0.007543993677020078,-0.009064576715786976,-0.003977868629830517,39.31728334810444,4.111504001228312,0.011121818492725425,0.15071568827356377,-0.010538000199589836,0,0
2015-08-11,4622.4111328125,-0.030956622890050967,-0.026607660092519914,-0.004476415215532992,-0.007543993677020078,0.014524854038580726,30.752146953553236,-5.033549894045365,0.012965138591586333,0.2134167786213028,-0.033167791662279233,1,0
2015-08-12,4479.31689453125,0.0233862432593559,-0.030956622890050967,-0.026607660092519914,-0.004476415215532992,-0.009064576715786976,24.296802689802576,-19.162782460499535,0.015084536974131946,1.188133484273368,-0.07864926859091093,2,0
2015-08-13,4584.0712890625,0.0002489300905883507,0.0233862432593559,-0.030956622890050967,-0.026607660092519914,-0.007543993677020078,35.04618306559482,-19.81452735592336,0.015573228279542042,1.2122753315580033,-0.04619844861576805,3,0
2015-08-14,4585.21240234375,-0.016337229640759898,0.0002489300905883507,0.0233862432593559,-0.030956622890050967,-0.004476415215532992,35.15420010085765,-18.551874771041454,0.014997947686684679,1.009129263480879,-0.03840552484815962,4,0
2015-08-18,4510.302734375,-0.005816652412553691,-0.016337229640759898,0.0002489300905883507,0.0233862432593559,-0.026607660092519914,31.456042200806692,-20.966604984102233,0.015427657925925674,0.9733934872414564,-0.05026633927338653,1,0
2015-08-19,4484.06787109375,-0.00943999757823133,-0.005816652412553691,-0.016337229640759898,0.0002489300905883507,-0.030956622890050967,30.255604355176445,-22.405563888445343,0.015255699039698856,16.27120282781373,-0.029475331593420306,2,0
2015-08-20,4441.73828125,-0.023854087425302373,-0.00943999757823133,-0.005816652412553691,-0.016337229640759898,0.0233862432593559,28.374090226694392,-24.133556673503108,0.015207585581480727,0.19673423521404193,-0.00795870628160067,3,0
2015-08-21,4335.78466796875,-0.039720093737538265,-0.023854087425302373,-0.00943999757823133,-0.005816652412553691,0.0002489300905883507,24.300532808380098,-29.957457339398204,0.0162119132520861,0.2050187395768837,-0.05519903696625894,4,0
2015-08-24,4163.56689453125,0.015556143232338338,-0.039720093737538265,-0.023854087425302373,-0.00943999757823133,-0.016337229640759898,19.420172722273378,-42.20384000859761,0.019533743287175182,0.23410989117511546,-0.09516806079438556,0,0
2015-08-25,4228.3359375,0.0021833491307714503,0.015556143232338338,-0.039720093737538265,-0.023854087425302373,-0.005816652412553691,25.48158562613152,-42.61359829063733,0.020192521798567432,0.27303028901788584,-0.06327468792128732,1,0
2015-08-26,4237.56787109375,0.045519412887353505,0.0021833491307714503,0.015556143232338338,-0.039720093737538265,-0.00943999757823133,26.33220463829973,-39.03003307923734,0.01999913974799761,0.21672239464940782,-0.05527468637796218,2,0
2015-08-27,4430.45947265625,0.0035140480919275685,0.045519412887353505,0.0021833491307714503,0.015556143232338338,-0.023854087425302373,41.386887045103876,-21.32169818798019,0.02091750025497358,0.27445374640283376,-0.0003152759123773441,3,0
2015-08-28,4446.0283203125,0.014260664967614023,0.0035140480919275685,0.045519412887353505,0.0021833491307714503,-0.039720093737538265,42.40987328603038,-6.956258913189004,0.02065046932558742,0.25133445776729263,0.027052859604852597,4,0
2015-08-31,4509.431640625,-0.02154241392498102,0.014260664967614023,0.0035140480919275685,0.045519412887353505,0.015556143232338338,46.504659016340526,7.629397103344132,0.01996572238279866,0.1994757549811156,0.08103361831000488,0,1
2015-09-01,4412.28759765625,-0.002530552938045383,-0.02154241392498102,0.014260664967614023,0.0035140480919275685,0.0021833491307714503,41.62161206682033,11.325329921292294,0.020541901798261337,0.1780010412832254,0.04393506115268553,1,0
2015-09-02,4401.1220703125,0.007229046924956295,-0.002530552938045383,-0.02154241392498102,0.014260664967614023,0.045519412887353505,41.08759770862479,13.463183589735365,0.020208543046648136,0.2138000609797003,0.039221159083868695,2,0
2015-09-03,4432.93798828125,-0.0040079716636503004,0.007229046924956295,-0.002530552938045383,-0.02154241392498102,0.0035140480919275685,43.31921538468591,17.2246837189698,0.019347635074357272,0.18966620954204155,0.0009307931214714849,3,0
2015-09-04,4415.1708984375,-0.025813871959142975,-0.0040079716636503004,0.007229046924956295,-0.002530552938045383,0.014260664967614023,42.35434809077928,18.603139680173086,0.018465219055042757,0.17035044284708684,-0.006591226634106384,4,0
2015-09-07,4301.1982421875,0.004004493660582753,-0.025813871959142975,-0.0040079716636503004,0.007229046924956295,-0.02154241392498102,36.70631935971125,12.233673972154364,0.01955217987125146,0.17243270967259425,-0.04666576356086338,0,0
2015-09-08,4318.42236328125,0.006642485653477026,0.004004493660582753,-0.025813871959142975,-0.0040079716636503004,-0.002530552938045383,38.050803419264426,9.686647794394474,0.01900865051884275,0.19801345386053923,-0.02111885597529961,1,0
2015-09-09,4347.107421875,-0.0009236341155375305,0.006642485653477026,0.004004493660582753,-0.025813871959142975,0.007229046924956295,40.324309467007865,10.378304408920286,0.018317410904321277,0.22033208021697392,-0.011945817383777202,2,0
2015-09-10,4343.09228515625,0.003961593555139142,-0.0009236341155375305,0.006642485653477026,0.004004493660582753,-0.0040079716636503004,40.102458811206226,10.953142545008305,0.01795547524389917,0.20616517896809583,-0.020098498424271027,3,0
2015-09-11,4360.2978515625,0.006858315164016471,0.003961593555139142,-0.0009236341155375305,0.006642485653477026,-0.025813871959142975,41.58554845001272,12.753918427545173,0.017236068111760885,0.19389899865860238,-0.012128933205481585,4,0
2015-09-14,4390.2021484375,-0.009842696149339969,0.006858315164016471,0.003961593555139142,-0.0009236341155375305,0.004004493660582753,44.1728848425542,16.010023243809357,0.016382444079411387,0.14680839283230407,0.02054325391767786,0,0
2015-09-15,4346.99072265625,-0.0033692264438053288,-0.009842696149339969,0.006858315164016471,0.003961593555139142,0.006642485653477026,41.32455387488618,15.30504495667006,0.01627967684559492,0.20168921072526685,0.00669606410775514,1,0
2015-09-16,4332.3447265625,0.010587601753795584,-0.0033692264438053288,-0.009842696149339969,0.006858315164016471,-0.0009236341155375305,40.37428921278863,13.942388341239095,0.015908911877472662,1.0531264996769223,-0.003315647989527215,2,0
2015-09-17,4378.2138671875,0.000441974433513348,0.010587601753795584,-0.0033692264438053288,-0.009842696149339969,0.003961593555139142,44.665856905959615,16.069101530157,0.015545238327614704,0.9061910691420125,0.008195587879805899,3,0
2015-09-18,4380.14892578125,-0.0009673882690516278,0.000441974433513348,0.010587601753795584,-0.0033692264438053288,0.006858315164016471,44.84620683841111,17.431003082484494,0.015332712891843818,1.2234666387413324,0.004675968758180105,4,0
2015-09-21,4375.91162109375,-0.007321130742065196,-0.0009673882690516278,0.000441974433513348,0.010587601753795584,-0.009842696149339969,44.50414586885024,17.808507801254024,0.014885061545908804,0.8113233106905204,-0.003149734674887994,0,0
2015-09-22,4343.875,-0.02293189404621454,-0.007321130742065196,-0.0009673882690516278,0.000441974433513348,-0.0033692264438053288,41.90187241456261,15.734545614186501,0.014782366916121994,0.9473849306640326,-0.0006281692676132211,1,0
2015-09-23,4244.26171875,-0.008243322095734085,-0.02293189404621454,-0.007321130742065196,-0.0009673882690516278,0.010587601753795584,35.040936136774604,7.884325196253428,0.015814139740302564,1.0187754639683493,-0.020190836870022433,2,0
2015-09-25,4209.27490234375,-0.021127775982980324,-0.008243322095734085,-0.02293189404621454,-0.007321130742065196,0.000441974433513348,32.997314841005974,0.9315195852795597,0.015775336041300412,1.0039647036275845,-0.0390217607195521,4,0
2015-09-28,4120.34228515625,0.014053036448233858,-0.021127775982980324,-0.008243322095734085,-0.02293189404621454,-0.0009673882690516278,28.454572404793296,-8.539144351606978,0.016506396630282666,0.8809082215746944,-0.06059151113604577,0,0
2015-09-29,4178.24560546875,0.010889387425358388,0.014053036448233858,-0.021127775982980324,-0.008243322095734085,-0.007321130742065196,34.75293384591235,-9.70129632205689,0.017590631551178664,1.1601497325437347,-0.04557108641876029,1,0
2015-09-30,4223.744140625,0.00733148305455078,0.010889387425358388,0.014053036448233858,-0.021127775982980324,-0.02293189404621454,39.27650170386417,-6.364445220057007,0.017099852849036916,1.1210017495089188,-0.027360568251336703,2,1
2015-10-01,4254.71044921875,-0.011064368340833686,0.00733148305455078,0.010889387425358388,0.014053036448233858,-0.008243322095734085,42.21298213116045,-1.2955362923065366,0.016551941529898556,0.9784796895041495,0.0029028088494286175,3,0
2015-10-02,4207.634765625,0.03229782728475805,-0.011064368340833686,0.00733148305455078,0.010889387425358388,-0.021127775982980324,39.116145726934135,-0.38423248869209203,0.0163407723405434,1.0733647012386236,8.17626043290165e-05,4,0
2015-10-05,4343.5322265625,0.023500616150494924,0.03229782728475805,-0.011064368340833686,0.00733148305455078,0.014053036448233858,50.42321346048346,9.551187286986334,0.016977578904021857,1.1069530006683197,0.05350736587206739,0,0
2015-10-06,4445.60791015625,0.00930122723610749,0.023500616150494924,0.03229782728475805,-0.011064368340833686,0.010889387425358388,56.89820040489372,22.441721101559068,0.01735018461717418,1.3826077843208902,0.06295494557432846,1,0
2015-10-07,4486.95751953125,0.0009583984136314339,0.00930122723610749,0.023500616150494924,0.03229782728475805,0.00733148305455078,59.22160300414976,32.582174651139375,0.017113338278188957,1.3837943474605505,0.06136678538507756,2,0
2015-10-08,4491.2578125,0.021799620269238318,0.0009583984136314339,0.00930122723610749,0.023500616150494924,-0.011064368340833686,59.466315679301644,38.02868965134125,0.016711891422350262,1.1402685330356093,0.054993700744158214,3,0
2015-10-09,4589.16552734375,0.009012821149848582,0.021799620269238318,0.0009583984136314339,0.00930122723610749,0.03229782728475805,64.66543325876454,46.134751493173496,0.017065065307309266,1.8085679239755605,0.08785768935423022,4,0
2015-10-12,4630.52685546875,-0.03188082147189186,0.009012821149848582,0.021799620269238318,0.0009583984136314339,0.023500616150494924,66.61368167971878,51.76902388649937,0.01648507463252679,1.7129367969816491,0.06457268321932075,0,0
2015-10-13,4482.90185546875,0.005379925003673458,-0.03188082147189186,0.009012821149848582,0.021799620269238318,0.00930122723610749,54.964908474841366,43.38001063931846,0.018163849271195933,1.2350191712884382,0.009191245596933961,1,0
2015-10-15,4507.01953125,0.0032584804779349774,0.005379925003673458,-0.03188082147189186,0.009012821149848582,0.0009583984136314339,56.30912046615813,37.50258409249454,0.017867522590697193,0.9155843114344635,0.005269943364499929,3,0
2015-10-16,4521.70556640625,0.010606824525754899,0.0032584804779349774,0.005379925003673458,-0.03188082147189186,0.021799620269238318,57.14789013930314,32.8200945977107,0.017228560747992994,0.9414028821134011,0.007570025428803473,4,0
2015-10-19,4569.66650390625,0.0034967549366218265,0.010606824525754899,0.0032584804779349774,0.005379925003673458,0.009012821149848582,59.85818604740327,31.18075523105959,0.016600381324920123,1.0960377501421117,-0.003622770314679946,0,0
2015-10-20,4585.6455078125,0.0042308911917516845,0.0034967549366218265,0.010606824525754899,0.0032584804779349774,-0.03188082147189186,60.748909624464545,29.422660752872872,0.016082683101115623,17.041576702754902,-0.009138836527906702,1,0
2015-10-21,4605.046875,-0.004487158280826353,0.0042308911917516845,0.0034967549366218265,0.010606824525754899,0.005379925003673458,61.855644389800176,27.833642123000956,0.015792530647714447,0.1635803651493603,0.026972876135736845,2,0
2015-10-22,4584.38330078125,0.014959818686422377,-0.004487158280826353,0.0042308911917516845,0.0034967549366218265,0.0032584804779349774,59.91785801073472,23.813606479511087,0.015261414847166055,0.1497628795202995,0.017105792851237034,3,0
2015-10-23,4652.96484375,0.008287936371214943,0.014959818686422377,-0.004487158280826353,0.0042308911917516845,0.010606824525754899,63.9540308926823,24.12173223961387,0.015226467517401,0.16318072469737382,0.028807131059724433,4,0
2015-10-26,4691.5283203125,-0.0037624957718627172,0.008287936371214943,0.014959818686422377,-0.004487158280826353,0.0034967549366218265,66.02571158373479,25.15585207809975,0.01467746544454761,0.1428190825659156,0.026488242905184478,0,0
2015-10-27,4673.87646484375,-0.013974677863235585,-0.0037624957718627172,0.008287936371214943,0.014959818686422377,0.0042308911917516845,64.20665982526509,22.945934232979,0.014711050789567378,0.11423437330304195,0.019228992196699934,1,0
2015-10-28,4608.560546875,-0.02966519931699796,-0.013974677863235585,-0.0037624957718627172,0.008287936371214943,-0.004487158280826353,57.855013326382036,15.724456417972235,0.015083106479943986,0.15501703418291646,0.001023423141712665,2,0
2015-10-29,4471.8466796875,-0.003765747118856244,-0.02966519931699796,-0.013974677863235585,-0.0037624957718627172,0.014959818686422377,47.30622154725268,1.1481021664610438,0.016617650452589835,0.14578663879614265,-0.02415461789445894,3,0
2015-10-30,4455.0068359375,0.0021949057931001104,-0.003765747118856244,-0.02966519931699796,-0.013974677863235585,0.008287936371214943,46.189072458143585,-9.626566200537681,0.01611849796985058,0.1283542968846106,-0.04288018369973756,4,0
2015-11-02,4464.78515625,0.0152580742529429,0.0021949057931001104,-0.003765747118856244,-0.02966519931699796,-0.0037624957718627172,46.97215534834339,-15.732935648716825,0.015704843398663338,0.10630253455472369,-0.048973214277852395,0,0
2015-11-03,4532.9091796875,0.01753312741735291,0.0152580742529429,0.0021949057931001104,-0.003765747118856244,-0.013974677863235585,52.19201049146681,-14.833854787763045,0.015646922933973833,0.1265571539692758,-0.02995264425304678,1,0
2015-11-04,4612.38525390625,-0.0076599339520323495,0.01753312741735291,0.0152580742529429,0.0021949057931001104,-0.02966519931699796,57.45382784670985,-8.83275397952032,0.015509717964367314,0.12898634581643328,0.0015551610275417183,2,0
2015-11-05,4577.0546875,-0.0023335233663842603,-0.0076599339520323495,0.01753312741735291,0.0152580742529429,-0.003765747118856244,54.57806983801374,-7.254953494026509,0.015139238542648452,0.09340566240645264,0.023560426392507328,3,0
2015-11-06,4566.3740234375,-0.014681775983448997,-0.0023335233663842603,-0.0076599339520323495,0.01753312741735291,0.0021949057931001104,53.70295729225964,-6.942668178455108,0.014686076590737451,0.08819978442413896,0.02499265014497931,4,0
2015-11-09,4499.33154296875,-0.010768526704976078,-0.014681775983448997,-0.0023335233663842603,-0.0076599339520323495,0.0152580742529429,48.451394959764464,-11.021009472987359,0.015038972660213208,0.09258908559855947,0.008115968368430204,0,0
2015-11-10,4450.88037109375,0.00012034574883856841,-0.010768526704976078,-0.014681775983448997,-0.0023335233663842603,0.01753312741735291,45.02466627430035,-16.42594408468507,0.015203772596538784,0.1528095200253613,-0.017910632589488773,1,0
2015-11-11,4451.416015625,0.002389184445785064,0.00012034574883856841,-0.010768526704976078,-0.014681775983448997,-0.0076599339520323495,45.07091852219175,-19.215363853515477,0.014716665308117988,0.11157749652330548,-0.035323414258003116,2,0
2015-11-12,4462.05126953125,0.002378346649659857,0.002389184445785064,0.00012034574883856841,-0.010768526704976078,-0.0023335233663842603,46.04160694166042,-19.53087441932506,0.014325471899239628,0.10408776699192107,-0.025274295860185703,3,0
2015-11-13,4472.66357421875,-0.006854137247591874,0.002378346649659857,0.002389184445785064,0.00012034574883856841,-0.014681775983448997,47.047178879773604,-18.236196791085774,0.014150351461975571,0.10750444101001409,-0.020562425844141585,4,0
2015-11-16,4442.00732421875,0.013229190288781334,-0.006854137247591874,0.002378346649659857,0.002389184445785064,-0.010768526704976078,44.46904232575323,-18.59225230597017,0.01446636367044706,0.09001579869511743,-0.012734787108284462,0,0
2015-11-17,4500.771484375,-0.0006746890181588139,0.013229190288781334,-0.006854137247591874,0.002378346649659857,0.00012034574883856841,50.11246482043113,-14.215313178883918,0.014503679004987157,0.8347269352205835,0.01126292988547295,1,0
2015-11-18,4497.73486328125,0.0046755305757748555,-0.0006746890181588139,0.013229190288781334,-0.006854137247591874,0.002389184445785064,49.83064814201069,-11.012852992430478,0.013852317747436458,0.6855121539884532,0.010467895118475568,2,0
2015-11-19,4518.76416015625,0.009381454004347534,0.0046755305757748555,-0.0006746890181588139,0.013229190288781334,0.002378346649659857,51.850107334626166,-7.153480525281358,0.013324401140276795,0.9327670718749552,0.012754241248465359,3,0
2015-11-20,4561.15673828125,-0.004443517135663599,0.009381454004347534,0.0046755305757748555,-0.0006746890181588139,-0.006854137247591874,55.71963162370915,-1.7050239191638115,0.013134018821289868,1.0504237079719239,0.019757348603153035,4,0
2015-11-23,4540.88916015625,0.0009495963382206707,-0.004443517135663599,0.009381454004347534,0.0046755305757748555,0.013229190288781334,53.505725405567006,0.45888404922092896,0.013024970237357474,0.8645944471241355,0.02216796871508131,0,0
2015-11-24,4545.201171875,0.008837016032104517,0.0009495963382206707,-0.004443517135663599,0.009381454004347534,-0.0006746890181588139,53.92517275957876,2.018231044218078,0.012408350975992485,0.8116992185765625,0.009888374764520647,1,0
2015-11-25,4585.3671875,0.002510427191115827,0.008837016032104517,0.0009495963382206707,-0.004443517135663599,0.0046755305757748555,57.74884026956366,5.400426198222176,0.012046797876884088,0.8744859176106768,0.019400079814783977,2,0
2015-11-26,4596.87841796875,-0.007939214865046784,0.002510427191115827,0.008837016032104517,0.0009495963382206707,0.009381454004347534,58.80400219401252,7.9068568955004,0.011747988963176532,0.9537889458243582,0.01723497643012495,3,0
2015-11-27,4560.3828125,-0.02501931547002123,-0.007939214865046784,0.002510427191115827,0.008837016032104517,-0.004443517135663599,54.183873891111645,6.651278715781906,0.0120116081824385,0.8344786768402287,-8.56924392693692e-05,4,0
2015-11-30,4446.28515625,0.02501089392567013,-0.02501931547002123,-0.007939214865046784,0.002510427191115827,0.0009495963382206707,42.849165464974824,-1.8639754608162722,0.013272806668770109,1.5077775192124911,-0.020661490773627,0,1
2015-12-01,4557.49072265625,-0.0025901725792476515,0.02501089392567013,-0.02501931547002123,-0.007939214865046784,0.008837016032104517,53.13857160190262,-0.10049651660564862,0.013766918533704563,0.9166804800955012,0.003399806813822459,1,0
2015-12-02,4545.68603515625,-0.001865715530210088,-0.0025901725792476515,0.02501089392567013,-0.02501931547002123,0.002510427191115827,52.066947428909735,0.16305075728604024,0.01323703820100767,0.8951550778549251,-0.008027381797529709,2,0
2015-12-03,4537.205078125,-0.0063757802784185635,-0.001865715530210088,-0.0025901725792476515,0.02501089392567013,-0.007939214865046784,51.26702877372367,-0.31560457684413734,0.012786939582327999,0.7936332711423074,-0.012403524518855624,3,0
2015-12-04,4508.27685546875,0.0028700466405593428,-0.0063757802784185635,-0.001865715530210088,-0.0025901725792476515,-0.02501931547002123,48.528351730974435,-2.538543620249005,0.012518998356996446,0.8709171378580449,-0.010840089932227404,4,0
2015-12-07,4521.2158203125,-0.012653127345576665,0.0028700466405593428,-0.0063757802784185635,-0.001865715530210088,0.02501089392567013,49.819569577239136,-3.060583811076768,0.01230555427591921,0.8069234042716613,0.01704927217835317,0,0
2015-12-08,4464.00830078125,0.0004541532213651056,-0.012653127345576665,0.0028700466405593428,-0.0063757802784185635,-0.0025901725792476515,44.5037927828326,-6.958776411798966,0.01250377699356662,0.9599366688086552,-0.020614749092893625,1,0
2015-12-10,4466.03564453125,-0.01627496421832275,0.0004541532213651056,-0.012653127345576665,0.0028700466405593428,-0.001865715530210088,44.728866144842094,-8.972635188287178,0.012174306094829565,16.50457098943011,-0.017570423292280868,3,0
2015-12-11,4393.35107421875,-0.004399959411321874,-0.01627496421832275,0.0004541532213651056,-0.012653127345576665,-0.0063757802784185635,38.673097543722385,-14.447349588794788,0.012784751714549942,0.141682405826393,-0.03197967198039353,4,0
2015-12-14,4374.0205078125,0.007997214554954946,-0.004399959411321874,-0.01627496421832275,0.0004541532213651056,0.0028700466405593428,37.229469640872296,-18.36641135438526,0.012948903322016255,0.15422143454380224,-0.030003851113296842,0,0
2015-12-15,4409.00048828125,0.016846974843828022,0.007997214554954946,-0.004399959411321874,-0.01627496421832275,-0.012653127345576665,41.486091618113136,-17.597143503871298,0.012563028070229881,0.16154739836835613,-0.02487668319890124,1,0
2015-12-16,4483.27880859375,0.016172942972231263,0.016846974843828022,0.007997214554954946,-0.004399959411321874,0.0004541532213651056,49.341813794863086,-11.381612079578478,0.01265581211993134,0.18930124610925966,0.004623418990503447,2,0
2015-12-17,4555.78662109375,-0.019164007484900436,0.016172942972231263,0.016846974843828022,0.007997214554954946,-0.01627496421832275,55.60718877847071,-2.165345263012071,0.012701613284926038,0.20322550040641127,0.020342208741369605,3,0
2015-12-18,4468.4794921875,0.0049291663852903955,-0.019164007484900436,0.016172942972231263,0.016846974843828022,-0.004399959411321874,47.92158191365883,-1.7454885160015348,0.013445829790977148,0.18613770094363344,0.01745316547479192,4,0
2015-12-21,4490.50537109375,0.005987568170907398,0.0049291663852903955,-0.019164007484900436,0.016172942972231263,0.007997214554954946,49.80637638573872,0.12029468788957232,0.013039145994639966,0.151453422403705,0.02678229127140419,0,0
2015-12-22,4517.392578125,0.001125640698601993,0.005987568170907398,0.0049291663852903955,-0.019164007484900436,0.016846974843828022,52.08601314986001,3.1045135721580817,0.012507412076787369,0.18216065714019677,0.024772644887356643,1,0
2015-12-23,4522.4775390625,0.007672828668087384,0.001125640698601993,0.005987568170907398,0.0049291663852903955,0.016172942972231263,52.52515744860373,5.234864361993981,0.01197479809194005,0.16758540484110718,0.009051310742130614,2,0
2015-12-28,4557.177734375,0.0026343872882537145,0.007672828668087384,0.001125640698601993,0.005987568170907398,-0.019164007484900436,55.52106431114866,8.596394420214036,0.011920448503474188,0.14369212177576626,0.000551196437986734,0,0
2015-12-29,4569.18310546875,0.005175103634049716,0.0026343872882537145,0.007672828668087384,0.001125640698601993,0.0049291663852903955,56.54283747944826,11.085463247483903,0.011309679856066993,0.14124222880176585,0.022349591211140885,1,0
2015-12-30,4592.8291015625,-0.01460677597571114,0.005175103634049716,0.0026343872882537145,0.007672828668087384,0.005987568170907398,58.561974841091136,13.614820656439441,0.010854486883127127,0.19282748126833849,0.022595528459900205,2,0
2016-01-04,4525.74267578125,0.0070489768760975124,-0.01460677597571114,0.005175103634049716,0.0026343872882537145,0.001125640698601993,51.2819809359319,10.215474946080969,0.011458082816552567,0.15051993386676227,0.0020011843132816676,0,0
2016-01-05,4557.64453125,0.011224595181344554,0.0070489768760975124,-0.01460677597571114,0.005175103634049716,0.007672828668087384,54.197844450097115,9.572250018812651,0.011637462230340786,0.172453649308314,0.007924520490777187,1,0
2016-01-06,4608.80224609375,-0.017039299480751113,0.011224595181344554,0.0070489768760975124,-0.01460677597571114,0.0026343872882537145,58.48851990703472,11.897273983073351,0.011948003998746888,0.21177664456772838,0.011476287004034358,2,0
2016-01-07,4530.271484375,0.003496444706378332,-0.017039299480751113,0.011224595181344554,0.0070489768760975124,0.005175103634049716,50.645333441901144,7.65732535761056,0.012525086664445033,0.16955279713830151,-0.00819739976497047,3,0
2016-01-08,4546.111328125,-0.01777392594718441,0.003496444706378332,-0.017039299480751113,0.011224595181344554,-0.01460677597571114,52.04226878296399,5.529903191359939,0.012273252819895192,0.16935580022068003,-0.009876058692641854,4,0
2016-01-11,4465.30908203125,0.01053510061779428,-0.01777392594718441,0.003496444706378332,-0.017039299480751113,0.0070489768760975124,45.0390941930855,-1.3419814995832997,0.012986467582600969,0.14117020419869708,-0.013043208664115125,0,0
2016-01-12,4512.3515625,0.005462978352819725,0.01053510061779428,-0.01777392594718441,0.003496444706378332,0.011224595181344554,49.315376972812516,-2.6655574068216907,0.012894211685249549,0.1675464394561396,-0.009557084922418357,1,0
2016-01-13,4537.00244140625,-0.005289082900253428,0.005462978352819725,0.01053510061779428,-0.01777392594718441,-0.017039299480751113,51.447211964243486,-1.8650811772116072,0.012647784159699162,1.1071473832655185,-0.015318701750943187,2,0
2016-01-14,4513.005859375,0.00239174192297531,-0.005289082900253428,0.005462978352819725,0.01053510061779428,0.003496444706378332,49.274504321877195,-2.8755689150561476,0.01308417870629126,1.4558179187536568,-0.003568485170445501,3,0
2016-01-15,4523.7998046875,-0.00943857907753931,0.00239174192297531,-0.005289082900253428,0.005462978352819725,-0.01777392594718441,50.29142314644519,-2.7413581652410013,0.01257720990976837,16.506920399924834,-0.004673187953848523,4,0
2016-01-18,4481.1015625,0.002334238756165119,-0.00943857907753931,0.00239174192297531,-0.005289082900253428,0.01053510061779428,46.33432103759324,-5.3042064581023896,0.012630642779168389,0.15483109890508187,0.003662158915796576,0,0
2016-01-19,4491.5615234375,-0.014193064729237315,0.002334238756165119,-0.00943857907753931,0.00239174192297531,0.005462978352819725,47.425665539656755,-6.018648670148199,0.012255287963318847,0.1694845252995673,-0.0045387029458325845,1,0
2016-01-20,4427.8125,-0.0031298521420001224,-0.014193064729237315,0.002334238756165119,-0.00943857907753931,-0.005289082900253428,41.84101950808298,-10.259219818326894,0.012572137754388805,0.19434810771886804,-0.024194746027889624,2,0
2016-01-21,4413.9541015625,0.009654993739890427,-0.0031298521420001224,-0.014193064729237315,0.002334238756165119,0.00239174192297531,40.71848922997768,-13.280316553309532,0.01258821774065282,0.1792496052060552,-0.02203551526963632,3,0
2016-01-22,4456.57080078125,0.011004423441203448,0.009654993739890427,-0.0031298521420001224,-0.014193064729237315,-0.00943857907753931,45.555747694511545,-11.744322144219712,0.012260328347157562,0.20297527406621707,-0.014772263452721202,4,0
2016-01-25,4505.61279296875,0.0010386350791844468,0.011004423441203448,0.009654993739890427,-0.0031298521420001224,0.002334238756165119,50.55573533225067,-6.99573578417675,0.012257042701939036,0.20717348087162996,0.005670739066021557,0,0
2016-01-26,4510.29248046875,0.016219954381682777,0.0010386350791844468,0.011004423441203448,0.009654993739890427,-0.014193064729237315,51.017995928364385,-3.297641720966924,0.011909444306004135,0.16896535820615516,0.004375135389040885,1,0
2016-01-27,4583.44921875,0.004189240669767225,0.016219954381682777,0.0010386350791844468,0.011004423441203448,-0.0031298521420001224,57.67912376172038,3.925725318912452,0.01202233613910085,0.2676043248067905,0.03478815449996098,2,0
2016-01-28,4602.650390625,0.0026795447765533,0.004189240669767225,0.016219954381682777,0.0010386350791844468,0.009654993739890427,59.24566945219557,9.527738608301215,0.011565445749668144,0.23088519463167767,0.042107247311728324,3,0
2016-01-29,4614.9833984375,0.0020522698758691504,0.0026795447765533,0.004189240669767225,0.016219954381682777,0.011004423441203448,60.26310817873864,13.359826155470007,0.011490338694291558,0.26049215913436685,0.0351317983483912,4,0
2016-02-01,4624.45458984375,-0.008043811754405605,0.0020522698758691504,0.0026795447765533,0.004189240669767225,0.0010386350791844468,61.06695475291215,15.668589991583728,0.011660059644729015,0.19413211916005607,0.0261796447830569,0,0
2016-02-02,4587.25634765625,0.001890640266252186,-0.008043811754405605,0.0020522698758691504,0.0026795447765533,0.016219954381682777,56.25376122362993,13.887488712283787,0.01151190516893672,0.22087655750098542,0.017097197949466847,1,0
2016-02-03,4595.92919921875,0.015167018452024728,0.001890640266252186,-0.008043811754405605,0.0020522698758691504,0.004189240669767225,57.10270925251996,12.532041128649123,0.011461549379011265,0.17116929489795277,0.0027678838340362555,2,0
2016-02-04,4665.6357421875,0.028532670407867,0.015167018452024728,0.001890640266252186,-0.008043811754405605,0.0026795447765533,63.27198469394391,15.380904380291597,0.011601457753135777,0.23465835866886564,0.013745661616293758,3,0
2016-02-05,4798.7587890625,-0.006318162106127345,0.028532670407867,0.015167018452024728,0.001890640266252186,0.0020522698758691504,71.65566868116514,24.727643027736065,0.012455443034722869,0.2702770635418321,0.03959878724760746,4,0
2016-02-09,4768.439453125,-0.007579232920230328,-0.006318162106127345,0.028532670407867,0.015167018452024728,-0.008043811754405605,67.85657093496457,27.170282263617217,0.012573639009740987,0.16497990988907066,0.031228355265610963,1,0
2016-02-10,4732.29833984375,0.0091659429409372,-0.007579232920230328,-0.006318162106127345,0.028532670407867,0.001890640266252186,63.532503967118615,24.724059759341728,0.012623980398001824,0.20700554165737614,0.03169293409978624,2,0
2016-02-11,4775.67431640625,-0.012870298809447012,0.0091659429409372,-0.007579232920230328,-0.006318162106127345,0.015167018452024728,66.307522404841,24.360072229244487,0.012545767742039587,0.26367792260010003,0.038968236774471254,3,0
2016-02-12,4714.2099609375,0.005585568565451338,-0.012870298809447012,0.0091659429409372,-0.007579232920230328,0.028532670407867,59.40878877748012,18.574083472906594,0.01279123124424228,0.19242310836739743,0.010930919512999515,4,0
2016-02-15,4740.54150390625,0.0009023931185341283,0.005585568565451338,-0.012870298809447012,0.0091659429409372,-0.006318162106127345,61.26794047027324,15.253595518749954,0.012524426640879074,1.1398957811945079,-0.012016182329416147,0,0
2016-02-16,4744.8193359375,0.004320913331666176,0.0009023931185341283,0.005585568565451338,-0.012870298809447012,-0.007579232920230328,61.57584722684766,12.210318827901546,0.01227286996037212,1.2528306232818207,-0.004795627104754674,1,0
2016-02-17,4765.3212890625,0.0027882924506048568,0.004320913331666176,0.0009023931185341283,0.005585568565451338,0.0091659429409372,63.09026516458292,10.507882098527602,0.011902401362610674,1.404541889148614,0.00710451914714183,2,0
2016-02-18,4778.6083984375,-0.016998975128211136,0.0027882924506048568,0.004320913331666176,0.0009023931185341283,-0.012870298809447012,64.07840191381632,9.250718365350892,0.011669780450388753,1.490221588345132,0.0007268686568094873,3,0
2016-02-19,4697.376953125,0.002354518001028705,-0.016998975128211136,0.0027882924506048568,0.004320913331666176,0.005585568565451338,54.47637947822883,2.28550811411791,0.012523658083320337,1.0554286436787672,-0.0034018076619546367,4,0
2016-02-22,4708.43701171875,-0.011588551510394396,0.002354518001028705,-0.016998975128211136,0.0027882924506048568,0.0009023931185341283,55.455118233461505,-2.0076482463496887,0.012106010729243092,0.8344826772132946,-0.0066328582263772695,0,0
2016-02-23,4653.873046875,0.000788154019900178,-0.011588551510394396,0.002354518001028705,-0.016998975128211136,0.004320913331666176,49.7701021329579,-8.584354673489422,0.012807741924701058,1.0843710355494365,-0.019123802855305794,1,0
2016-02-24,4657.541015625,0.00012905398293505677,0.000788154019900178,-0.011588551510394396,0.002354518001028705,0.0027882924506048568,50.140139441026115,-12.511792782023889,0.01259166657648599,0.8201298832199456,-0.022656562167071792,2,0
2016-02-25,4658.14208984375,0.016062684259489757,0.00012905398293505677,0.000788154019900178,-0.011588551510394396,-0.016998975128211136,50.20487712872249,-14.740043175413376,0.012207541194347263,0.9793490011573717,-0.025315800634741592,3,0
2016-02-26,4732.96435546875,0.007987837960382382,0.016062684259489757,0.00012905398293505677,0.000788154019900178,0.002354518001028705,57.587163369770025,-11.016248478744295,0.01233654611506627,0.8615289655795778,0.0077458587529593,4,0
2016-02-29,4770.7705078125,0.0018925262866793524,0.007987837960382382,0.016062684259489757,0.00012905398293505677,-0.011588551510394396,60.75325867629045,-6.094208315759914,0.012135978425581619,0.8265295365196056,0.013379178712312978,0,1
2016-03-01,4779.79931640625,0.01175949116097219,0.0018925262866793524,0.007987837960382382,0.016062684259489757,0.000788154019900178,61.49256413807116,-2.5017655025092367,0.011582220696394164,0.9982312744952899,0.026860256509386726,1,0
2016-03-02,4836.00732421875,0.0016217455664766511,0.01175949116097219,0.0018925262866793524,0.007987837960382382,0.00012905398293505677,65.8104055825069,3.0855579665725443,0.011527338050057633,1.0715172877324157,0.03783159365045874,2,0
2016-03-03,4843.85009765625,0.0014128740283088081,0.0016217455664766511,0.01175949116097219,0.0018925262866793524,0.016062684259489757,66.37692612770424,6.536748376049488,0.011503490906885482,1.1761989619068283,0.039324285234000333,3,0
2016-03-04,4850.69384765625,-0.003980181234140012,0.0014128740283088081,0.0016217455664766511,0.01175949116097219,0.007987837960382382,66.8924606702568,8.389480949776257,0.01152467383690124,1.339969374402238,0.024674475002819385,4,0
2016-03-07,4831.38720703125,-0.004249758026559913,-0.003980181234140012,0.0014128740283088081,0.0016217455664766511,0.0018925262866793524,63.91516786185559,7.45522965460858,0.011465912481200342,1.338858440835674,0.01270645580829699,0,0
2016-03-08,4810.85498046875,-0.0037080450896821437,-0.004249758026559913,-0.003980181234140012,0.0014128740283088081,0.01175949116097219,60.815109377535514,4.72791985217961,0.011681084410946547,1.1574318935332386,0.006564171495057725,1,0
2016-03-10,4793.01611328125,0.004292744865907583,-0.0037080450896821437,-0.004249758026559913,-0.003980181234140012,0.0016217455664766511,58.17502132301626,1.1808338186539657,0.0116271543145598,0.9450505608320297,-0.00890336475559661,3,0
2016-03-11,4813.59130859375,0.013243648584153167,0.004292744865907583,-0.0037080450896821437,-0.004249758026559913,0.0014128740283088081,60.314930975229814,-0.24532359629363043,0.011296245768518185,0.9037083632148366,-0.006232365456165678,4,0
2016-03-14,4877.3408203125,-0.005689375514201234,0.013243648584153167,0.004292744865907583,-0.0037080450896821437,-0.003980181234140012,66.10191693364305,2.4884806380442157,0.01129561885055773,1.2454716467756615,0.005598409099678681,0,0
2016-03-15,4849.591796875,0.002404358292075859,-0.005689375514201234,0.013243648584153167,0.004292744865907583,-0.004249758026559913,61.87251843556091,1.8414631997904891,0.011143075224121739,1.2251285429235041,0.003889214819617459,1,0
2016-03-16,4861.251953125,0.004987623349662851,0.002404358292075859,-0.005689375514201234,0.013243648584153167,-0.0037080450896821437,62.945390994653266,1.6201346713207272,0.010672864144954481,1.1550859099959305,0.010543331138253231,2,0
2016-03-17,4885.498046875,4.097746239661859e-06,0.004987623349662851,0.002404358292075859,-0.005689375514201234,0.004292744865907583,65.14191348526552,2.4767346252986897,0.010431103204436265,1.3488223998228954,0.019238999577598226,3,0
2016-03-18,4885.51806640625,-0.00011153819668519027,4.097746239661859e-06,0.004987623349662851,0.002404358292075859,0.013243648584153167,65.14375074636462,2.4123584447605637,0.01041222548120808,1.3759649195316448,0.014950352457930305,4,0
2016-03-21,4884.97314453125,-0.005947868068379769,-0.00011153819668519027,4.097746239661859e-06,0.004987623349662851,-0.005689375514201234,65.04325801638012,1.7325554775349588,0.010255498695021455,1.0080037727861006,0.0015951656770919476,0,0
2016-03-22,4855.91796875,-0.0003976904791591629,-0.005947868068379769,-0.00011153819668519027,4.097746239661859e-06,0.002404358292075859,59.750552193518104,-1.120755325463918,0.010355398797271122,0.9542639449804159,0.0013366731229134121,1,0
2016-03-23,4853.98681640625,-0.005580444152051611,-0.0003976904791591629,-0.005947868068379769,-0.00011153819668519027,0.004987623349662851,59.404554721652815,-3.4532572277060964,0.010116490023521158,1.122055728394806,-0.0014653756483216096,2,0
2016-03-24,4826.8994140625,-0.011075222371374593,-0.005580444152051611,-0.0003976904791591629,-0.005947868068379769,4.097746239661859e-06,54.626310152234446,-6.934595030375469,0.009986043087073394,0.8969974893130722,-0.012033443150036072,3,0
2016-03-28,4773.4404296875,0.0016069957403872515,-0.011075222371374593,-0.005580444152051611,-0.0003976904791591629,-0.00011153819668519027,46.65099945564388,-12.620670850141686,0.010413358833945984,0.7593162617919846,-0.023112763267650327,0,0
2016-03-29,4781.111328125,0.007394924444295459,0.0016069957403872515,-0.011075222371374593,-0.005580444152051611,-0.005947868068379769,47.82804447147544,-15.460628883575119,0.01004439206586856,0.8567172368711273,-0.021394229330577885,1,0
2016-03-30,4816.46728515625,0.005961806039562534,0.007394924444295459,0.0016069957403872515,-0.011075222371374593,-0.0003976904791591629,52.97763076808909,-14.565786471381088,0.010026944943021044,0.9736608731580023,-0.008051436817902657,2,0
2016-03-31,4845.18212890625,-0.00045097553314121797,0.005961806039562534,0.007394924444295459,0.0016069957403872515,-0.005580444152051611,56.714486586508734,-11.767574573914942,0.009802570714486807,1.2655656709362144,-0.0016919402991809607,3,1
2016-04-01,4842.9970703125,0.0014432687016470158,-0.00045097553314121797,0.005961806039562534,0.007394924444295459,-0.011075222371374593,56.34752719308473,-9.868193345947432,0.009481661244322623,0.7729886159372382,0.0034375283197294326,4,0
2016-04-04,4849.98681640625,0.0016280448571612816,0.0014432687016470158,-0.00045097553314121797,0.005961806039562534,0.0016069957403872515,57.299318656223704,-8.02374426102175,0.009173994681712112,0.9273952906372982,0.015956019392751042,0,0
2016-04-05,4857.8828125,0.002090975685459684,0.0016280448571612816,0.0014432687016470158,-0.00045097553314121797,0.007394924444295459,58.40270660484145,-6.23429215394016,0.009100646107652122,0.8614420006970849,0.015977068509525072,1,0
2016-04-06,4868.04052734375,-0.00019408717192126446,0.002090975685459684,0.0016280448571612816,0.0014432687016470158,0.005961806039562534,59.840369023584756,-4.414570303760335,0.0087400325202399,1.2037188688755067,0.010673119750689297,2,0
2016-04-07,4867.095703125,-0.004228510730338808,-0.00019408717192126446,0.002090975685459684,0.0016280448571612816,-0.00045097553314121797,59.63391428883511,-3.3697451980785402,0.008733178380559519,1.2342008701633633,0.004517226539205499,3,0
2016-04-08,4846.51513671875,-0.012323811517678918,-0.004228510730338808,-0.00019408717192126446,0.002090975685459684,0.0014432687016470158,55.16896614872053,-4.110808680930276,0.008701494767786469,1.0485227844739773,0.0007396913420079088,4,0
2016-04-11,4786.78759765625,0.008899006981395452,-0.012323811517678918,-0.004228510730338808,-0.00019408717192126446,0.0016280448571612816,44.707247894703805,-8.421283736285378,0.009372837804528404,0.8210213219769062,-0.013027388877318025,0,0
2016-04-12,4829.38525390625,0.004851686670378719,0.008899006981395452,-0.012323811517678918,-0.004228510730338808,0.002090975685459684,51.736692632297995,-8.193685865551885,0.009404397941334491,0.9293159301965311,-0.005756426753083854,1,0
2016-04-13,4852.81591796875,-0.007862904179244401,0.004851686670378719,0.008899006981395452,-0.012323811517678918,-0.00019408717192126446,55.116725505515966,-6.338160454618016,0.009088161220099793,1.6354772469327692,-0.0029957157681648194,2,0
2016-04-14,4814.65869140625,0.0018114845197785279,-0.007862904179244401,0.004851686670378719,0.008899006981395452,-0.004228510730338808,49.08762218538196,-7.475500657227187,0.009374956254722538,1.0793610484812537,-0.010664532775487956,3,0
2016-04-15,4823.38037109375,0.008700297409985014,0.0018114845197785279,-0.007862904179244401,0.004851686670378719,-0.012323811517678918,50.42256118467585,-7.420349334836953,0.00936893262033196,0.8872406629691849,-0.00462453752537062,4,0
2016-04-18,4865.34521484375,0.00336975462321365,0.008700297409985014,0.0018114845197785279,-0.007862904179244401,0.008899006981395452,56.35270871648619,-4.482245004938985,0.009582883637454988,15.992939279799073,0.01639957140229331,0,0
2016-04-19,4881.740234375,-0.0010926399437316547,0.00336975462321365,0.008700297409985014,0.0018114845197785279,0.004851686670378719,58.44405333101146,-1.5127723688138275,0.009184657241184543,0.23359752235079817,0.01087031904411151,1,0
2016-04-20,4876.40625,0.005432827870165635,-0.0010926399437316547,0.00336975462321365,0.008700297409985014,-0.007862904179244401,57.4791077807379,-0.0625497006069402,0.008910227434660578,0.23120542938302682,0.004925992430001136,2,0
2016-04-21,4902.89892578125,0.002375428201009555,0.005432827870165635,-0.0010926399437316547,0.00336975462321365,0.0018114845197785279,60.92951278613058,2.390659113535193,0.00866949728902369,0.19954257476619353,0.018221724479411172,3,0
2016-04-22,4914.54541015625,-0.007299461529466145,0.002375428201009555,0.005432827870165635,-0.0010926399437316547,0.008700297409985014,62.374947652217735,4.391020905268384,0.008521052826400302,0.20561568681839051,0.0187856681606422,4,0
2016-04-25,4878.671875,-0.013275457588034612,-0.007299461529466145,0.002375428201009555,0.005432827870165635,0.00336975462321365,55.557016294362256,2.960060029987716,0.00880608462004916,0.22096574471163513,0.002785909221191041,0,0
2016-04-26,4813.9052734375,0.006556831314881828,-0.013275457588034612,-0.007299461529466145,0.002375428201009555,-0.0010926399437316547,45.8193854439906,-2.397208657720718,0.00962968291435901,0.19847405839321314,-0.01385930299005722,1,0
2016-04-27,4845.46923828125,0.0005638119776236739,0.006556831314881828,-0.013275457588034612,-0.007299461529466145,0.005432827870165635,50.38358764548222,-3.781518714243596,0.009509332907050447,0.24461712078525205,-0.006209831731443738,2,0
2016-04-28,4848.201171875,-0.0020227379758681607,0.0005638119776236739,0.006556831314881828,-0.013275457588034612,0.002375428201009555,50.770143972400845,-4.434461480532178,0.009509939771578059,0.24764644961297125,-0.0110788476239857,3,0
2016-04-29,4838.39453125,-0.0062546977343498344,-0.0020227379758681607,0.0005638119776236739,0.006556831314881828,-0.007299461529466145,49.285768512802136,-5.384844539026314,0.00928456167978478,0.19384117583108124,-0.015477013800863415,4,0
2016-05-02,4808.1318359375,0.000820549983781893,-0.0062546977343498344,-0.0020227379758681607,0.0005638119776236739,-0.013275457588034612,44.92104031278572,-7.765021231076046,0.009686176454580201,0.16259482195402225,-0.014432250005747105,0,0
2016-05-03,4812.0771484375,0.0021467998304234293,0.000820549983781893,-0.0062546977343498344,-0.0020227379758681607,0.006556831314881828,45.59745553224891,-8.715818881141331,0.009401950209751955,9.463156731965416,-0.00033624243393060027,1,0
2016-05-04,4822.40771484375,-0.015195178027864964,0.0021467998304234293,0.000820549983781893,-0.0062546977343498344,0.0005638119776236739,47.41836817176886,-8.293509953992542,0.009558661213066413,0.10304750497403914,-0.004746273918388999,2,0
2016-05-09,4749.13037109375,0.0029056512093754705,-0.015195178027864964,0.0021467998304234293,0.000820549983781893,-0.0020227379758681607,37.76303867677667,-12.349461473591363,0.010172329428640634,0.0907136638690125,-0.020505263923877637,0,0
2016-05-10,4762.9296875,0.007736240168620068,0.0029056512093754705,-0.015195178027864964,0.0021467998304234293,-0.0062546977343498344,40.231167398691184,-13.414504257138061,0.009990844524370317,0.08804866745195837,-0.015576874738634006,1,0
2016-05-11,4799.77685546875,0.0006995971390677536,0.007736240168620068,0.0029056512093754705,-0.015195178027864964,0.000820549983781893,46.34939051245048,-11.0476376744307,0.009927484406178631,0.07600117722156702,-0.0015859368356641035,2,0
2016-05-12,4803.134765625,-0.008662148946509185,0.0006995971390677536,0.007736240168620068,0.0029056512093754705,0.0021467998304234293,46.88301237661175,-8.765818241031056,0.009702309766508035,0.08510939752569156,-0.001706889680378243,3,0
2016-05-13,4761.529296875,-0.006332388942464129,-0.008662148946509185,0.0006995971390677536,0.007736240168620068,-0.015195178027864964,41.38989017724528,-9.506400184637902,0.009949234990244707,0.0959625066564832,-0.012515838457310857,4,0
2016-05-16,4731.37744140625,-0.0005084696261380417,-0.006332388942464129,-0.008662148946509185,0.0006995971390677536,0.0029056512093754705,37.92216126677565,-11.349932377621215,0.009923517898391585,0.08283114927434329,-0.003653049371910022,0,0
2016-05-17,4728.9716796875,0.0010997493632893818,-0.0005084696261380417,-0.006332388942464129,-0.008662148946509185,0.007736240168620068,37.65110971575584,-11.99157174043345,0.009640602570862569,0.09676482274058754,-0.007067170207423534,1,0
2016-05-18,4734.17236328125,-0.006366196572976213,0.0010997493632893818,-0.0005084696261380417,-0.006332388942464129,0.0006995971390677536,38.67160943475749,-11.333495378728303,0.009385055533836043,0.1791109718694884,-0.01370366101275422,2,0
2016-05-19,4704.03369140625,0.0016286305148061064,-0.006366196572976213,0.0010997493632893818,-0.0005084696261380417,-0.008662148946509185,35.08747239488639,-12.124723609212616,0.00949561463360892,0.14866980645476421,-0.020769454724798186,3,0
2016-05-20,4711.69482421875,0.006745495204906415,0.0016286305148061064,-0.006366196572976213,0.0010997493632893818,-0.006332388942464129,36.69364867376279,-11.342940463494934,0.0092838818898685,0.14600055698533895,-0.010478675263482895,4,0
2016-05-23,4743.4775390625,-0.0069306722779902685,0.006745495204906415,0.0016286305148061064,-0.006366196572976213,-0.0005084696261380417,42.99534789309583,-8.050970757225564,0.00904157862993534,0.13580292835342278,0.0025992088838876493,0,0
2016-05-24,4710.60205078125,0.013202018012683947,-0.0069306722779902685,0.006745495204906415,0.0016286305148061064,0.0010997493632893818,38.70365826033407,-7.466220916107741,0.009054408230660614,0.16402490633852407,-0.0038229937679645776,1,0
2016-05-25,4772.79150390625,0.002427701703084484,0.013202018012683947,-0.0069306722779902685,0.006745495204906415,-0.006366196572976213,49.061756270003904,-2.5251180925870997,0.009228826932830538,0.18105901428349702,0.008279274881429988,2,0
2016-05-26,4784.37841796875,0.006304902419342229,0.002427701703084484,0.013202018012683947,-0.0069306722779902685,0.0016286305148061064,50.732246542870094,1.663861037627015,0.008895225653516442,0.15050006852779554,0.017073173157490684,3,0
2016-05-27,4814.54345703125,0.004424359177845005,0.006304902419342229,0.002427701703084484,0.013202018012683947,0.006745495204906415,54.88067292337922,6.343650659712399,0.008745008700682594,8.72749230381357,0.021749445062026806,4,0
2016-05-30,4835.8447265625,-0.008098398495124615,0.004424359177845005,0.006304902419342229,0.002427701703084484,-0.0069306722779902685,57.59595053837541,10.505624957403544,0.008533501763412416,0.10330487342928453,0.019428309034965396,0,0
2016-05-31,4796.68212890625,0.00892228463990552,-0.008098398495124615,0.004424359177845005,0.006304902419342229,0.013202018012683947,51.46390907110445,10.242257877857586,0.008646395337146272,0.11899092022821232,0.01826058281783105,1,1
2016-06-01,4839.4794921875,-0.0013312139916906718,0.00892228463990552,-0.008098398495124615,0.004424359177845005,0.002427701703084484,56.86822434083992,12.426127749790435,0.008767652834167097,0.07684705243982443,0.013980849445052623,2,0
2016-06-02,4833.037109375,0.004282152260139949,-0.0013312139916906718,0.00892228463990552,-0.008098398495124615,0.006304902419342229,55.85992284855224,12.858709043324493,0.008560692292714526,0.151108871913268,0.010221933750277468,3,0
2016-06-03,4853.73291015625,0.00867405835453039,0.004282152260139949,-0.0013312139916906718,0.00892228463990552,0.004424359177845005,58.41097796123267,13.873527836050696,0.00832845446179906,8.275665555658435,0.008199183591075188,4,0
2016-06-06,4895.83447265625,0.007754020801923334,0.00867405835453039,0.004282152260139949,-0.0013312139916906718,-0.008098398495124615,63.084995532108074,16.534528464296272,0.008281307906107602,0.10054814026220206,0.012448882767760572,0,0
2016-06-07,4933.796875,-0.0036335598217650533,0.007754020801923334,0.00867405835453039,0.004282152260139949,0.00892228463990552,66.71721023043048,19.785992858875396,0.008180214984370002,0.1337614096446141,0.02830130206480852,1,0
2016-06-08,4915.86962890625,-0.007987523666028618,-0.0036335598217650533,0.007754020801923334,0.00867405835453039,-0.0013312139916906718,63.53780858923658,19.62525829176331,0.008313339659311324,0.11727458782243089,0.015745457603137947,2,0
2016-06-09,4876.60400390625,-0.00589279268590015,-0.007987523666028618,-0.0036335598217650533,0.007754020801923334,0.004282152260139949,57.11744124169677,15.927754067468863,0.008402265297065658,0.13672342343986552,0.009089147928800001,3,0
2016-06-10,4847.8671875,-0.008421873665448887,-0.00589279268590015,-0.007987523666028618,-0.0036335598217650533,0.00867405835453039,52.90408954292221,10.842921815804942,0.008430790916742252,0.24282000862738504,-0.0010857970172400977,4,0
2016-06-13,4807.0390625,0.00298796849021854,-0.008421873665448887,-0.00589279268590015,-0.007987523666028618,0.007754020801923334,47.5385836880315,4.358742263446469,0.008501754674020538,0.21005009778371056,-0.018181729037219374,0,0
2016-06-14,4821.40234375,-0.0014032483741520663,0.00298796849021854,-0.008421873665448887,-0.00589279268590015,-0.0036335598217650533,49.47976328230194,0.8496424939942333,0.008476308272810672,0.19250351960189305,-0.022947781348924168,1,0
2016-06-15,4814.63671875,-8.995600167782669e-05,-0.0014032483741520663,0.00298796849021854,-0.008421873665448887,-0.007987523666028618,48.56813853533288,-1.961116038985157,0.008364121744425511,0.16631280014747196,-0.02071746990131118,2,0
2016-06-16,4814.20361328125,0.004310466800054202,-8.995600167782669e-05,-0.0014032483741520663,0.00298796849021854,-0.00589279268590015,48.506527415022546,-3.7782268244941903,0.008176559724737912,0.12339092028721277,-0.01281990223696039,3,0
2016-06-17,4834.955078125,0.005871144259112393,0.004310466800054202,-8.995600167782669e-05,-0.0014032483741520663,-0.008421873665448887,51.670000970783,-3.5167213725206636,0.008024309329469459,0.1312361053673924,-0.0026166427510060375,4,0
2016-06-20,4863.341796875,0.003121748283455128,0.005871144259112393,0.004310466800054202,-8.995600167782669e-05,0.00298796849021854,55.68100459824039,-1.4708086939709357,0.007920843803071557,0.13518198752637225,0.011676375173555242,0,0
2016-06-21,4878.52392578125,0.003717865401181797,0.003121748283455128,0.005871144259112393,0.004310466800054202,-0.0014032483741520663,57.70285707395681,0.7469519361918522,0.007711728694032099,0.15812992267229328,0.01181015496679183,1,0
2016-06-22,4896.66162109375,-0.004603642688243315,0.003717865401181797,0.003121748283455128,0.005871144259112393,-8.995600167782669e-05,60.04781065843363,3.1430797450184293,0.007460044180636735,0.17512255789794912,0.016931268742125694,2,0
2016-06-23,4874.119140625,-0.008152915450668319,-0.004603642688243315,0.003717865401181797,0.003121748283455128,0.004310466800054202,55.89981874498962,2.922118170164312,0.007595887548409357,0.16307273929292831,0.012417582055560206,3,0
2016-06-24,4834.380859375,0.0003066415158676783,-0.008152915450668319,-0.004603642688243315,0.003717865401181797,0.005871144259112393,49.41904140179277,-0.03165708978690418,0.009038464366957134,0.326731355858392,-4.580019516231548e-05,4,0
2016-06-27,4835.86328125,0.00953659628055692,0.0003066415158676783,-0.008152915450668319,-0.004603642688243315,0.003121748283455128,49.65353613516351,-1.912784116878358,0.009135509370234754,0.22093509816792056,-0.00561030293840703,0,0
2016-06-28,4881.98095703125,0.020059516135597866,0.00953659628055692,0.0003066415158676783,-0.008152915450668319,0.003717865401181797,56.422047180873776,-0.1701069749651669,0.00921004457506049,0.27214790105030384,0.0008045450586947611,1,0
2016-06-29,4979.9111328125,0.007337684277984868,0.020059516135597866,0.00953659628055692,0.0003066415158676783,-0.004603642688243315,66.66920901234118,7.059486814669796,0.009788651222246203,0.23268858485709157,0.01714619579311083,2,0
2016-06-30,5016.4521484375,-0.008983331603997557,0.007337684277984868,0.020059516135597866,0.00953659628055692,-0.008152915450668319,69.54673585429384,13.415383623728701,0.00977984236696541,0.3095852026367423,0.029087522759339013,3,1
2016-07-01,4971.3876953125,0.01959897075078665,-0.008983331603997557,0.007337684277984868,0.020059516135597866,0.0003066415158676783,62.39277972626839,13.65203073503103,0.010142091694361128,0.8227734515802837,0.028257106606009774,4,0
2016-07-11,5068.82177734375,0.006019778349701577,0.01959897075078665,-0.008983331603997557,0.007337684277984868,0.00953659628055692,69.65970637706522,19.10365312427526,0.010768652590501162,0.8623686601642762,0.047549435840928744,0,0
2016-07-12,5099.3349609375,0.006745671300964373,0.006019778349701577,0.01959897075078665,-0.008983331603997557,0.020059516135597866,71.51598055756997,23.223861444248143,0.010655507956236194,1.1540505986862548,0.0440326179100734,1,0
2016-07-13,5133.7333984375,-0.009815875880716196,0.006745671300964373,0.006019778349701577,0.01959897075078665,0.007337684277984868,73.48542144515338,26.48859304062394,0.010431166418204098,1.1386351924089566,0.03071877307543991,2,0
2016-07-14,5083.34130859375,0.005240194135197385,-0.009815875880716196,0.006745671300964373,0.006019778349701577,-0.008983331603997557,66.25792563085992,23.574479544414096,0.010525458933421399,1.0088636468571197,0.013565212916738845,3,0
2016-07-15,5109.97900390625,0.0033899853390801926,0.005240194135197385,-0.009815875880716196,0.006745671300964373,0.01959897075078665,68.04695656546681,21.802478218649597,0.010376839621983247,0.9847496022580562,0.027788738655933787,4,0
2016-07-18,5127.3017578125,0.008840256005448799,0.0033899853390801926,0.005240194135197385,-0.009815875880716196,0.006019778349701577,69.19096477892549,20.195071855326532,0.010140120334778983,0.9880896856448799,0.011579753244227331,0,0
2016-07-19,5172.62841796875,0.013530978257227044,0.008840256005448799,0.0033899853390801926,0.005240194135197385,0.006745671300964373,72.01437150413196,20.516208544247895,0.010250144587606492,1.0582611938316138,0.014400230899974553,1,0
2016-07-20,5242.619140625,-0.0049305738983489444,0.013530978257227044,0.008840256005448799,0.0033899853390801926,-0.009815875880716196,75.71521744486115,23.55652640007166,0.01034451839622149,1.038403490291113,0.021185537856237224,2,0
2016-07-21,5216.77001953125,-0.0037803451814849565,-0.0049305738983489444,0.013530978257227044,0.008840256005448799,0.005240194135197385,71.93186128699003,21.97183082868949,0.010404592035321186,1.254747229076117,0.026070839838604476,3,0
2016-07-22,5197.048828125,0.0045313803018465215,-0.0037803451814849565,-0.0049305738983489444,0.013530978257227044,0.0033899853390801926,69.0951592183595,17.91233071276457,0.010211388223271178,0.8080396805946557,0.017050300521922135,4,0
2016-07-25,5220.5986328125,0.000688191851202502,0.0045313803018465215,-0.0037803451814849565,-0.0049305738983489444,0.008840256005448799,70.58683039914774,15.23510481411563,0.00984770504260654,0.7501116881428703,0.018191695484688464,0,0
2016-07-26,5224.19140625,0.009564036150929489,0.000688191851202502,0.0045313803018465215,-0.0037803451814849565,0.013530978257227044,70.8182420626731,12.256271224537514,0.009560162338050912,1.015126757282472,0.010039631330442167,1,0
2016-07-27,5274.15576171875,0.004711858227458121,0.009564036150929489,0.000688191851202502,0.0045313803018465215,-0.0049305738983489444,73.8942961386368,12.175942667906483,0.009843229424005112,0.9961558229930627,0.006072689224144612,2,0
2016-07-28,5299.0068359375,-0.015704040943698372,0.004711858227458121,0.009564036150929489,0.000688191851202502,-0.0037803451814849565,75.2894876515893,12.286129491777032,0.009686947261295807,1.1222235541068146,0.015715121349951677,3,0
2016-07-29,5215.791015625,0.027910754039060404,-0.015704040943698372,0.004711858227458121,0.009564036150929489,0.0045313803018465215,63.12379277941825,5.585372170511604,0.010756181803459273,1.3666930943584221,0.003791425587738262,4,0
2016-08-01,5361.36767578125,0.0021908763696734113,0.027910754039060404,-0.015704040943698372,0.004711858227458121,0.000688191851202502,71.72980439041855,9.555183189831567,0.011745112554485041,1.214258634687709,0.027170799324952144,0,0
2016-08-02,5373.11376953125,-0.00399095358409296,0.0021908763696734113,0.027910754039060404,-0.015704040943698372,0.009564036150929489,72.29169533088174,11.442463377588552,0.011282934043204608,1.212796578972389,0.028673483843423053,1,0
2016-08-03,5351.669921875,0.004107764260206537,-0.00399095358409296,0.0021908763696734113,0.027910754039060404,0.004711858227458121,69.57301602875152,9.781335028022042,0.011215287277490542,1.1264741933580744,0.015118494108400604,2,0
2016-08-04,5373.6533203125,0.008631341318982244,0.004107764260206537,-0.00399095358409296,0.0021908763696734113,-0.015704040943698372,70.78595263121272,8.732343794974383,0.010873097370939354,1.0594477062277183,0.01451440014114902,3,0
2016-08-05,5420.03515625,0.007145976768773821,0.008631341318982244,0.004107764260206537,-0.00399095358409296,0.027910754039060404,73.21229709638207,9.659166605478035,0.010717126726675488,1.072431076464116,0.038849782403829636,4,0
2016-08-08,5458.7666015625,-0.0034230345861739897,0.007145976768773821,0.008631341318982244,0.004107764260206537,0.0021908763696734113,75.07401353875034,11.265560545848501,0.010387813512784656,1.1171728565000398,0.018085005133543053,0,0
2016-08-09,5440.0810546875,-0.0030041415326740317,-0.0034230345861739897,0.007145976768773821,0.008631341318982244,-0.00399095358409296,72.45770227190279,9.52379188403063,0.010303162968654586,1.2580279000077763,0.012471094177695652,1,0
2016-08-10,5423.73828125,-0.0008963058084505704,-0.0030041415326740317,-0.0034230345861739897,0.007145976768773821,0.004107764260206537,70.15487038650532,5.90256983870303,0.01027074236262102,1.5452943079083694,0.01345790622911458,2,0
2016-08-11,5418.876953125,-0.0077304993935767286,-0.0008963058084505704,-0.0030041415326740317,-0.0034230345861739897,0.008631341318982244,69.44782034040519,2.012439133521454,0.010316596751689621,1.506885806893739,0.008453836160457473,3,0
2016-08-12,5376.986328125,-0.010532444950394404,-0.0077304993935767286,-0.0008963058084505704,-0.0030041415326740317,0.007145976768773821,63.50807450539391,-4.21002120556129,0.01075319175667818,0.7917127334530707,-0.0079080045521015,4,0
2016-08-15,5320.353515625,0.009639059317090526,-0.010532444950394404,-0.0077304993935767286,-0.0008963058084505704,-0.0034230345861739897,56.475630201609846,-12.499365397221979,0.01143869281392868,0.9653788655511752,-0.025586426271269724,0,0
2016-08-16,5371.63671875,0.016680404671818527,0.009639059317090526,-0.010532444950394404,-0.0077304993935767286,-0.0030041415326740317,60.71759553581351,-14.734214637664678,0.011276308155298315,0.7417929417000095,-0.012524332368005209,1,0
2016-08-18,5461.23779296875,-0.008315529859543647,0.016680404671818527,0.009639059317090526,-0.010532444950394404,-0.0008963058084505704,66.80497506292518,-10.578129976392418,0.011470974551830809,0.8867308936462047,0.00716021383648735,3,0
2016-08-19,5415.82470703125,0.002056780039757955,-0.008315529859543647,0.016680404671818527,0.009639059317090526,-0.0077304993935767286,61.59505958807326,-11.226379169561795,0.011465554534654313,0.7993869651595504,-0.00025901021460572604,4,0
2016-08-22,5426.9638671875,-0.0018489490501620853,0.002056780039757955,-0.008315529859543647,0.016680404671818527,-0.010532444950394404,62.37025162470033,-11.217290035060046,0.01110376439013316,1.0976162177958368,0.009528269218728957,0,0
2016-08-23,5416.9296875,-0.002427195842894192,-0.0018489490501620853,0.002056780039757955,-0.008315529859543647,0.009639059317090526,61.17243027181399,-12.122337050012987,0.011482613653813792,0.9862824825025541,0.018211765118961276,1,0
2016-08-24,5403.78173828125,0.009275459487690485,-0.002427195842894192,-0.0018489490501620853,0.002056780039757955,0.016680404671818527,59.55837565378791,-13.723987072558586,0.011127278775630857,0.9243870991728843,0.006145509958976558,2,0
2016-08-25,5453.904296875,-0.002802608080005764,0.009275459487690485,-0.002427195842894192,-0.0018489490501620853,-0.008315529859543647,63.510990226368506,-11.609237484271347,0.010893959489444525,0.7982328544420269,-0.001259435225151484,3,0
2016-08-26,5438.619140625,-0.012515024745266112,-0.002802608080005764,0.009275459487690485,-0.002427195842894192,0.002056780039757955,61.535817037966275,-11.42368704286153,0.010628807734444983,1.0420065990294496,0.004253486554386399,4,0
2016-08-29,5370.5546875,-0.0015728851331988647,-0.012515024745266112,-0.002802608080005764,0.009275459487690485,-0.0018489490501620853,53.549494697627544,-15.79926264361805,0.011202027651431402,0.9055140282655928,-0.010318318230637669,0,0
2016-08-30,5362.107421875,0.004432051588858288,-0.0015728851331988647,-0.012515024745266112,-0.002802608080005764,-0.002427195842894192,52.636462624501405,-18.963649435564747,0.011109964914409083,0.9495865335706059,-0.010042254313674448,1,0
2016-08-31,5385.87255859375,-0.009568218067613432,0.004432051588858288,-0.0015728851331988647,-0.012515024745266112,0.009275459487690485,54.96299452975519,-19.10406190569354,0.010879177448547165,0.841325994838863,-0.003183006881921968,2,1
2016-09-01,5334.33935546875,0.0035456263575281977,-0.009568218067613432,0.004432051588858288,-0.0015728851331988647,-0.002802608080005764,49.30704691174534,-22.103567318058474,0.011083388195046543,0.8097662934977808,-0.022026684437225885,3,0
2016-09-02,5353.2529296875,0.0006524398953542399,0.0035456263575281977,-0.009568218067613432,0.004432051588858288,-0.012515024745266112,51.288297703432676,-22.191730512047705,0.010747256528495206,0.8063663022076635,-0.015678449999691924,4,0
2016-09-05,5356.74560546875,0.002826550744876144,0.0006524398953542399,0.0035456263575281977,-0.009568218067613432,-0.0015728851331988647,51.66398975738118,-21.384045414805513,0.010630767929989909,0.861882383376891,-0.0025109853590715714,0,0
2016-09-06,5371.88671875,0.0017233819297950426,0.002826550744876144,0.0006524398953542399,0.0035456263575281977,0.004432051588858288,53.343919703767604,-19.265085518097273,0.010251131754166958,0.7308120636179436,0.0018884505190034373,1,0
2016-09-07,5381.14453125,-0.0019096084200256325,0.0017233819297950426,0.002826550744876144,0.0006524398953542399,-0.009568218067613432,54.387766978333836,-16.766872844471052,0.009974597324376454,0.6803777734946316,-0.000820219140059808,2,0
2016-09-08,5370.86865234375,-0.016600241155561135,-0.0019096084200256325,0.0017233819297950426,0.002826550744876144,0.0035456263575281977,52.971115208103306,-15.37029177055198,0.009531542498213934,0.7903329028920933,0.006838390507527992,3,0
2016-09-09,5281.7109375,-0.012561681007131065,-0.016600241155561135,-0.0019096084200256325,0.0017233819297950426,0.0006524398953542399,42.602483825244185,-19.73642561195932,0.01020586943905784,0.8643481803934322,-0.013307477005561341,4,0
2016-09-13,5215.36376953125,-0.013330974018040287,-0.012561681007131065,-0.016600241155561135,-0.0019096084200256325,0.002826550744876144,36.82575337318594,-25.984938451087025,0.010556798016902853,0.8763771075552449,-0.026521597908046646,1,0
2016-09-14,5145.837890625,0.023276263545819242,-0.013330974018040287,-0.012561681007131065,-0.016600241155561135,0.0017233819297950426,31.938445100661482,-33.229365585080714,0.011148307243111711,1.022209480896016,-0.04267912267096308,2,0
2016-09-15,5265.61376953125,0.00037036429139258864,0.023276263545819242,-0.013330974018040287,-0.012561681007131065,-0.0019096084200256325,45.38565998951939,-28.56171527787075,0.011804641813335301,0.9220381530188712,-0.021126241054938877,3,0
2016-09-16,5267.56396484375,0.010264580800226408,0.00037036429139258864,0.023276263545819242,-0.013330974018040287,-0.016600241155561135,45.574210901855864,-24.12675348594444,0.011673813116002728,0.9562786143406677,-0.018846268343520656,4,0
2016-09-19,5321.63330078125,-0.0036353860389835013,0.010264580800226408,0.00037036429139258864,0.023276263545819242,-0.012561681007131065,50.66021612737771,-16.689012826626318,0.01159157399481305,0.6875277577539299,0.008018553612266888,0,0
2016-09-20,5302.287109375,0.007562147967544952,-0.0036353860389835013,0.010264580800226408,0.00037036429139258864,-0.013330974018040287,48.899436322651894,-12.406257009314462,0.011314403872215283,1.1168195280133653,0.01694484858041445,1,0
2016-09-21,5342.3837890625,0.007050962042378872,0.007562147967544952,-0.0036353860389835013,0.010264580800226408,0.023276263545819242,52.57829251767391,-6.503712172549971,0.01140088891737345,0.9728408425321607,0.03783797056599969,2,0
2016-09-22,5380.052734375,0.001607046718800298,0.007050962042378872,0.007562147967544952,-0.0036353860389835013,0.00037036429139258864,55.79780898522065,-0.03544517333212038,0.01142872955721573,1.000184919034294,0.02161266906255932,3,0
2016-09-23,5388.69873046875,-0.006823090316240732,0.001607046718800298,0.007050962042378872,0.007562147967544952,0.010264580800226408,56.5273435947908,4.59623224352821,0.011032550821761822,0.9313696424580497,0.02284935148996703,4,0
2016-09-26,5351.93115234375,0.012605153568344463,-0.006823090316240732,0.001607046718800298,0.007050962042378872,-0.0036353860389835013,52.55496590673404,4.9253067518884475,0.01100740574646833,0.8219606051128959,0.005761680373499889,0,0
2016-09-27,5419.39306640625,0.0010578509596927965,0.012605153568344463,-0.006823090316240732,0.001607046718800298,0.007562147967544952,58.33980839623744,9.180799404905695,0.011727491253988856,1.1148952546562816,0.022002219980827853,1,0
2016-09-28,5425.1259765625,0.001220089755260112,0.0010578509596927965,0.012605153568344463,-0.006823090316240732,0.007050962042378872,58.799539623621186,11.71388920887751,0.01154644123634255,1.4531397163220265,0.015497922972975697,2,0
2016-09-29,5431.7451171875,-0.012362491408381748,0.001220089755260112,0.0010578509596927965,0.012605153568344463,0.001607046718800298,59.35720979074166,13.064480357435702,0.011352563826433694,1.4698135890639143,0.009667050685856937,3,0
2016-09-30,5364.59521484375,0.018474352286780515,-0.012362491408381748,0.001220089755260112,0.0010578509596927965,-0.006823090316240732,51.710378310552976,8.865559460095906,0.011647714143557156,1.1276852207656898,-0.004302487441325109,4,1
2016-10-03,5463.70263671875,0.0015375798180874423,0.018474352286780515,-0.012362491408381748,0.001220089755260112,0.012605153568344463,59.91777366879984,11.998373917015826,0.011915205450721396,1.1244667845063432,0.02099495516169614,0,0
2016-10-04,5472.103515625,-0.009441799439415144,0.0015375798180874423,0.018474352286780515,-0.012362491408381748,0.0010578509596927965,60.53015258243081,13.746324357685204,0.011336026704802297,1.1164719917126653,0.009927381411439118,1,0
2016-10-05,5420.43701171875,-0.0020852972983198548,-0.009441799439415144,0.0015375798180874423,0.018474352286780515,0.001220089755260112,54.967948090988195,10.669947715251574,0.011589818049430637,1.3182102832186866,-0.0005722689876688225,2,0
2016-10-06,5409.1337890625,-0.005951846856256049,-0.0020852972983198548,-0.009441799439415144,0.0015375798180874423,-0.012362491408381748,53.8031234163625,7.282616411181564,0.011539398095679915,1.4060511705783862,-0.0038776560412487893,3,0
2016-10-07,5376.939453125,-0.0030351511972606104,-0.005951846856256049,-0.0020852972983198548,-0.009441799439415144,0.018474352286780515,50.519367891256195,2.528133653568112,0.011388693822706802,1.1433216738742098,0.00253298851087691,4,0
2016-10-10,5360.61962890625,0.003948791411324093,-0.0030351511972606104,-0.005951846856256049,-0.0020852972983198548,0.0015375798180874423,48.8904178472782,-1.8267031822870514,0.011198072170590628,1.2212340110917579,-0.018976514973164216,0,0
2016-10-11,5381.78759765625,-0.003230477210782401,0.003948791411324093,-0.0030351511972606104,-0.005951846856256049,-0.009441799439415144,51.09318033731196,-3.306215158846342,0.01089728629067855,1.5403507501378775,-0.016565303379927565,1,0
2016-10-12,5364.40185546875,-0.004513077429652124,-0.003230477210782401,0.003948791411324093,-0.0030351511972606104,-0.0020852972983198548,49.216980721223415,-5.358842985717512,0.010572519178516504,1.0027153266308044,-0.010353981151294822,2,0
2016-10-13,5340.19189453125,0.011138630043597164,-0.004513077429652124,-0.003230477210782401,0.003948791411324093,-0.005951846856256049,46.64814673940555,-8.086378392832021,0.010464681104975252,0.9455830882539844,-0.012781761282627091,3,0
2016-10-14,5399.67431640625,0.0019294602638524339,0.011138630043597164,-0.004513077429652124,-0.003230477210782401,-0.0030351511972606104,53.122085539374886,-5.73446804053995,0.010624598729952889,0.9875372861198249,0.004308715617226122,4,0
2016-10-17,5410.0927734375,0.0036494110490465914,0.0019294602638524339,0.011138630043597164,-0.004513077429652124,0.003948791411324093,54.171044469484315,-3.440228119815968,0.010323672606380282,1.071083746071303,0.009273327078339166,0,0
2016-10-18,5429.83642578125,-0.0038230965787359183,0.0036494110490465914,0.0019294602638524339,0.011138630043597164,-0.003230477210782401,56.17249880670839,-0.6994496007745514,0.010031880658558251,1.0837100551519707,0.008973946716061665,1,0
2016-10-19,5409.07763671875,-0.0010257460174144528,-0.0038230965787359183,0.0036494110490465914,0.0019294602638524339,-0.004513077429652124,53.52566308686287,-0.4056424804220313,0.009927404472041991,1.9009518397036966,0.008381327348108147,2,0
2016-10-20,5403.529296875,0.0010277028866043647,-0.0010257460174144528,-0.0038230965787359183,0.0036494110490465914,0.011138630043597164,52.809420130822915,-0.6893316057721108,0.009597848235195498,2.913308874439926,0.011868658760345818,3,0
2016-10-21,5409.08251953125,0.002173174983013393,0.0010277028866043647,-0.0010257460174144528,-0.0038230965787359183,0.0019294602638524339,53.48038706171118,-0.6100658276001489,0.009187430303150373,1.1160599353579088,0.0017577316033530188,4,0
2016-10-24,5420.83740234375,-0.0042754940043912,0.002173174983013393,0.0010277028866043647,-0.0010257460174144528,0.0036494110490465914,54.94083748262327,0.08970373581021462,0.008830207707601708,1.1106278876036877,0.002001446322513978,0,0
2016-10-25,5397.66064453125,0.0003572330280161573,-0.0042754940043912,0.002173174983013393,0.0010277028866043647,-0.0038230965787359183,51.507323867749896,-1.0877501771397675,0.008742619451589054,1.137511680905849,-0.005923458730923814,1,0
2016-10-26,5399.5888671875,0.0031941450982144737,0.0003572330280161573,-0.0042754940043912,0.002173174983013393,-0.0010257460174144528,51.77733637166335,-1.775466911057869,0.008444327375490576,2.4449493466789836,-0.0017431291241717384,2,0
2016-10-27,5416.8359375,-0.001212311874869254,0.0031941450982144737,0.0003572330280161573,-0.0042754940043912,0.0010277028866043647,54.23211001132026,-1.1385149033235678,0.00818459659293707,3.5249789204631963,0.002476761991457188,3,0
2016-10-28,5410.26904296875,0.0022684545114628474,-0.001212311874869254,0.0031941450982144737,0.0003572330280161573,0.002173174983013393,53.12325609960235,-1.2218329649793542,0.00792388612723703,1.1234817314428363,0.00023674722998356934,4,0
2016-10-31,5422.5419921875,-0.0012051831520005774,0.0022684545114628474,-0.001212311874869254,0.0031941450982144737,-0.0042754940043912,54.976082336472125,-0.5471350624173841,0.00764501305814853,1.333194155353605,0.00033202675843302387,0,1
2016-11-01,5416.0068359375,-0.001948254153315454,-0.0012051831520005774,0.0022684545114628474,-0.001212311874869254,0.0003572330280161573,53.757628505321655,-0.6317385380017093,0.007424002858948946,0.7805798006778732,0.003402337610823647,1,0
2016-11-02,5405.455078125,-0.014051199002165449,-0.001948254153315454,-0.0012051831520005774,0.0022684545114628474,0.0031941450982144737,51.76279554649141,-1.4427126215938841,0.007262001281001817,0.916573453125869,0.0010968504294920356,2,0
2016-11-03,5329.501953125,0.006221632605943217,-0.014051199002165449,-0.001948254153315454,-0.0012051831520005774,-0.001212311874869254,40.19927306906142,-6.836923359107949,0.007857349151933965,0.6876228699207908,-0.016148493670887887,3,0
2016-11-04,5362.66015625,0.004391076606832023,0.006221632605943217,-0.014051199002165449,-0.001948254153315454,0.0022684545114628474,45.88303503851981,-7.842231810596088,0.008040853990509036,0.6073142693693387,-0.008714549190075416,4,0
2016-11-07,5386.2080078125,0.01568323102426139,0.004391076606832023,0.006221632605943217,-0.014051199002165449,-0.0012051831520005774,49.55022681284009,-6.639397558719235,0.00814286299296105,0.7971378763150846,-0.00659192709470624,0,0
2016-11-08,5470.68115234375,-0.010302254873390648,0.01568323102426139,0.004391076606832023,0.006221632605943217,-0.001948254153315454,60.017282852734596,-0.21235440355841106,0.008617793017526422,16.559833454806917,0.010296487081555727,1,0
2016-11-09,5414.32080078125,0.006646327930422524,-0.010302254873390648,0.01568323102426139,0.004391076606832023,-0.014051199002165449,52.23094989314679,0.165024750721269,0.01001920702517918,0.18149085212152055,0.0019424863614805332,2,0
2016-11-10,5450.30615234375,-0.04005921040666882,0.006646327930422524,-0.010302254873390648,0.01568323102426139,0.006221632605943217,56.14323068646495,2.6237197841080135,0.010130476392288666,0.14612424801116694,0.022640013294068506,3,0
2016-11-11,5231.97119140625,-0.022215799289169835,-0.04005921040666882,0.006646327930422524,-0.010302254873390648,0.004391076606832023,36.57211144736021,-9.978053760960249,0.01278020815512887,9.07377177491573,-0.023640829718543532,4,0
2016-11-14,5115.73876953125,-0.007279064597773055,-0.022215799289169835,-0.04005921040666882,0.006646327930422524,0.01568323102426139,30.48053690088554,-24.82014393287379,0.014770579527599895,0.08480871879511645,-0.05024770561454539,0,0
2016-11-15,5078.5009765625,0.021062094441084644,-0.007279064597773055,-0.022215799289169835,-0.04005921040666882,-0.010302254873390648,28.824093806631907,-35.1905514725809,0.015165450242195328,0.0708505741190729,-0.07321000123657984,1,0
2016-11-16,5185.46484375,0.001456049398898207,0.021062094441084644,-0.007279064597773055,-0.022215799289169835,0.006646327930422524,39.06742644016122,-32.9317416148708,0.015481497789780297,0.0745289904747466,-0.04184565192210454,2,0
2016-11-17,5193.01513671875,-0.00441097308537286,0.001456049398898207,0.021062094441084644,-0.007279064597773055,-0.04005921040666882,39.72681859686757,-29.14487746416433,0.014898127772168687,0.0702002119332055,-0.04703593045362886,3,0
2016-11-18,5170.10888671875,-0.004214618983842899,-0.00441097308537286,0.001456049398898207,0.021062094441084644,-0.022215799289169835,38.370183622107376,-26.476010511299233,0.014692488857574166,0.06679190988977803,-0.011387693132332899,4,0
2016-11-21,5148.31884765625,0.010946287931332233,-0.004214618983842899,-0.00441097308537286,0.001456049398898207,-0.007279064597773055,37.07321875575033,-24.516210800738264,0.014251101320051017,0.08492227578941658,0.006613487172994037,0,0
2016-11-22,5204.673828125,0.001406863497464883,0.010946287931332233,-0.004214618983842899,-0.00441097308537286,0.021062094441084644,42.48766803352612,-18.06066665097626,0.013970335600665008,0.09100787256874694,0.024838839702099325,1,0
2016-11-23,5211.99609375,-0.020025542037562127,0.001406863497464883,0.010946287931332233,-0.004214618983842899,0.001456049398898207,43.17186327241438,-12.213676674749607,0.013360584509442068,0.08130172309619953,0.005183608758479563,2,0
2016-11-24,5107.623046875,0.0028351655747402837,-0.020025542037562127,0.001406863497464883,0.010946287931332233,-0.00441097308537286,36.505292830320315,-14.154922004507313,0.01419215205464844,0.07483988222971885,-0.01629798267798077,3,0
2016-11-25,5122.10400390625,-0.0014705337019231823,0.0028351655747402837,-0.020025542037562127,0.001406863497464883,-0.004214618983842899,37.93723792424684,-13.258672257755208,0.01360250381001511,0.07989790015844515,-0.009051844017867627,4,0
2016-11-28,5114.57177734375,0.004320051766919297,-0.0014705337019231823,0.0028351655747402837,-0.020025542037562127,0.010946287931332233,37.463963155345894,-12.005529215282813,0.013075369906010695,0.11503537149956454,-0.00630775873594791,0,0
2016-11-29,5136.6669921875,0.0023834840921401756,0.004320051766919297,-0.0014705337019231823,0.0028351655747402837,0.001406863497464883,39.83506723093786,-8.676267073240105,0.01286551403165464,0.11813545354176834,-0.012933994900360846,1,0
2016-11-30,5148.91015625,0.009680636299702394,0.0023834840921401756,0.004320051766919297,-0.0014705337019231823,-0.020025542037562127,41.166217716839704,-4.829219020512056,0.012548998118552531,0.11025796118130435,-0.011957374305685553,2,1
2016-12-01,5198.7548828125,0.009079322441427395,0.009680636299702394,0.0023834840921401756,0.004320051766919297,0.0028351655747402837,46.368718188409204,1.5513492356257998,0.01240667057138266,0.1033659040587617,0.01774880403157897,3,0
2016-12-02,5245.9560546875,0.004260815483057234,0.009079322441427395,0.009680636299702394,0.0023834840921401756,-0.0014705337019231823,50.805051011261675,9.013157618399404,0.012118548484342975,0.07272733795905799,0.02399296089826608,4,0
2016-12-05,5268.30810546875,0.0008839153268989097,0.004260815483057234,0.009079322441427395,0.009680636299702394,0.004320051766919297,52.796325052614336,15.15515037445438,0.011753280636836427,0.06538887717333056,0.029724310083246497,0,0
2016-12-06,5272.96484375,-0.0014406846835901543,0.0008839153268989097,0.004260815483057234,0.009079322441427395,0.0023834840921401756,53.22114920959229,18.984119697776904,0.011306717878851583,0.11525883897724347,0.02628817364322611,1,0
2016-12-07,5265.3681640625,0.007286427360978509,-0.0014406846835901543,0.0008839153268989097,0.004260815483057234,0.009680636299702394,52.39276581140156,20.337356687741057,0.011107299839769198,0.10535970175015998,0.02246400486749578,2,0
2016-12-08,5303.73388671875,0.0008281127857392434,0.007286427360978509,-0.0014406846835901543,0.0008839153268989097,0.009079322441427395,56.108398835066836,22.95477388624152,0.010782041802595635,0.11495878543888621,0.020069795928771894,3,0
2016-12-09,5308.1259765625,-0.0027329486906590983,0.0008281127857392434,0.007286427360978509,-0.0014406846835901543,0.004260815483057234,56.52670564078001,24.0069089631364,0.010317952847343433,0.5879360670115424,0.011818586273083742,4,0
2016-12-13,5293.619140625,-0.005818749946962187,-0.0027329486906590983,0.0008281127857392434,0.007286427360978509,0.0008839153268989097,54.67328150213415,22.761998977812873,0.010192663488789087,0.6493973142352918,0.00482482209936741,1,0
2016-12-14,5262.81689453125,-0.0016065689334139321,-0.005818749946962187,-0.0027329486906590983,0.0008281127857392434,-0.0014406846835901543,50.860057187414434,19.05079168012357,0.010153237022617959,0.6343516482627621,-0.0018778431744936874,2,0
2016-12-15,5254.36181640625,-0.004322115935486259,-0.0016065689334139321,-0.005818749946962187,-0.0027329486906590983,0.007286427360978509,49.83263025713281,15.37102807107523,0.010196676375653984,0.7965988966440679,-0.0020437274243174652,3,0
2016-12-16,5231.65185546875,-0.007596022669629554,-0.004322115935486259,-0.0016065689334139321,-0.005818749946962187,0.0008281127857392434,47.08151984544712,10.959125044507177,0.009937524446615022,0.7303235232127545,-0.013652270720782234,4,0
2016-12-19,5191.912109375,-0.005669406179006686,-0.007596022669629554,-0.004322115935486259,-0.0016065689334139321,-0.0027329486906590983,42.6448770816422,5.207831295142981,0.009979248544820699,0.7563260742156308,-0.02207640617615103,0,0
2016-12-20,5162.47705078125,-0.009895435938019226,-0.005669406179006686,-0.007596022669629554,-0.004322115935486259,-0.005818749946962187,39.663483315059345,-0.43572290739069786,0.010043405355190833,0.917747403861722,-0.02501286366449862,1,0
2016-12-21,5111.39208984375,-0.013405735942738972,-0.009895435938019226,-0.005669406179006686,-0.007596022669629554,-0.0016065689334139321,35.07972699886764,-7.096556701220422,0.010502992185731759,0.7098904875847448,-0.029089549655555658,2,0
2016-12-22,5042.8701171875,-0.0030074174572353174,-0.013405735942738972,-0.009895435938019226,-0.005669406179006686,-0.004322115935486259,30.061376335720936,-15.142444584559087,0.01112386254759667,0.7042014308639974,-0.0408887166648807,3,0
2016-12-23,5027.7041015625,0.014967070153673934,-0.0030074174572353174,-0.013405735942738972,-0.009895435938019226,-0.007596022669629554,29.070137715734347,-20.19511357750193,0.011147282551505072,0.7045538041934885,-0.039574018186629756,4,0
2016-12-27,5102.9541015625,0.020868446107254357,0.014967070153673934,-0.0030074174572353174,-0.013405735942738972,-0.005669406179006686,39.69539634222048,-17.290654062697538,0.011389199525005486,0.782758394043009,-0.017010925363326268,1,0
2016-12-28,5209.44482421875,0.017875435270391815,0.020868446107254357,0.014967070153673934,-0.0030074174572353174,-0.009895435938019226,50.90389377112169,-7.517958287544953,0.011872079857842301,0.7678003535476694,0.009526926922934775,2,0
2016-12-29,5302.56591796875,-0.0011041787239097767,0.017875435270391815,0.020868446107254357,0.014967070153673934,-0.013405735942738972,58.217224186420914,5.211230519357471,0.012330423696253827,0.8365179559142276,0.037297798131345816,3,0
2016-12-30,5296.7109375,-0.0039155895684084285,-0.0011041787239097767,0.017875435270391815,0.020868446107254357,-0.0030074174572353174,57.635893509617,12.797907491564334,0.011975810219777916,0.9692002996250328,0.04959935535017501,4,0
2017-01-03,5275.97119140625,0.004778629971211146,-0.0039155895684084285,-0.0011041787239097767,0.017875435270391815,0.014967070153673934,55.52098503478016,15.784571540937442,0.011839122256742442,0.571317167541679,0.0486911832390019,1,0
2017-01-04,5301.18310546875,0.0045878062118172025,0.004778629971211146,-0.0039155895684084285,-0.0011041787239097767,0.020868446107254357,57.55973380789181,18.628022110924107,0.011799784447049117,0.9326746059432097,0.03850274305653911,2,0
2017-01-05,5325.50390625,0.004040569077603529,0.0045878062118172025,0.004778629971211146,-0.0039155895684084285,0.017875435270391815,59.48877144606884,21.13332507082122,0.011273162089012492,1.346560137272776,0.022222103161101958,3,0
2017-01-06,5347.02197265625,-0.0057336968656162,0.004040569077603529,0.0045878062118172025,0.004778629971211146,-0.0011041787239097767,61.170420421463184,23.06832045596456,0.01085141878102948,1.2430495871691922,0.008387236968313672,4,0
2017-01-09,5316.36376953125,-0.001211343257426889,-0.0057336968656162,0.004040569077603529,0.0045878062118172025,-0.0039155895684084285,57.50761834142743,21.16207744966304,0.01083947304330498,1.6318995070920026,0.003757718826607248,0,0
2017-01-10,5309.923828125,-0.0016359955434270823,-0.001211343257426889,-0.0057336968656162,0.004040569077603529,0.004778629971211146,56.7390649153204,18.445469274525234,0.010602995618867779,1.1858037221598687,0.006461965137588788,1,0
2017-01-11,5301.23681640625,-0.0016009125229012877,-0.0016359955434270823,-0.001211343257426889,-0.0057336968656162,0.0045878062118172025,55.65849391918197,15.177905267076445,0.010154725635875462,1.3785316766278346,4.73396229505596e-05,2,0
2017-01-12,5292.75,-0.003734748447168257,-0.0016009125229012877,-0.0016359955434270823,-0.001211343257426889,0.004040569077603529,54.5651777036827,11.714486403259176,0.009844919830945237,1.579548202249701,-0.006141379111767931,3,0
2017-01-13,5272.98291015625,-0.0005635671000898679,-0.003734748447168257,-0.0016009125229012877,-0.0016359955434270823,-0.0057336968656162,52.002909463258746,7.563287267564242,0.009683108302892377,1.0861257134239746,-0.013916696636539716,4,0
2017-01-16,5270.01123046875,-0.0005831566676237632,-0.0005635671000898679,-0.003734748447168257,-0.0016009125229012877,-0.001211343257426889,51.61054343846717,4.2532190776525045,0.009287728961534543,1.1215876726897709,-0.008746566871013384,0,0
2017-01-17,5266.93798828125,0.005286979164783601,-0.0005831566676237632,-0.0005635671000898679,-0.003734748447168257,-0.0016359955434270823,51.180465212773875,1.6276992851880223,0.0089212262994819,1.3051992865859383,-0.008118380281210258,1,0
2017-01-18,5294.7841796875,0.0007864461248439092,0.005286979164783601,-0.0005831566676237632,-0.0005635671000898679,-0.0016009125229012877,54.85163719882217,1.538371414923251,0.00861608416099084,1.638138428780798,-0.001195405572999575,2,0
2017-01-19,5298.9482421875,-0.008423786191356197,0.0007864461248439092,0.005286979164783601,-0.0005831566676237632,-0.003734748447168257,55.391845764881644,1.5285178211949333,0.008282492396890972,1.2212259238927614,0.001191953074745622,3,0
2017-01-20,5254.31103515625,-0.000636289267304635,-0.008423786191356197,0.0007864461248439092,0.005286979164783601,-0.0005635671000898679,48.66922860334223,-1.5488731081287082,0.008506655978127947,2.044574075671858,-0.0034970846694423185,4,0
2017-01-23,5250.9677734375,0.007830959731939258,-0.000636289267304635,-0.008423786191356197,0.0007864461248439092,-0.0005831566676237632,48.197410829072474,-3.7488017788914085,0.008409507649299536,1.8531111335073331,-0.0035698068366570856,0,0
2017-01-24,5292.087890625,0.0003201639830097136,0.007830959731939258,-0.000636289267304635,-0.008423786191356197,0.005286979164783601,54.09228047414363,-2.4373369643300684,0.008376090979944474,1.7433367342925208,0.004844309562905935,1,0
2017-01-25,5293.7822265625,0.004505396126388783,0.0003201639830097136,0.007830959731939258,-0.000636289267304635,0.0007864461248439092,54.322929087303365,-1.5042539624331184,0.008092972748495835,2.8339133375372025,-0.00012250561886795186,2,0
2017-01-26,5317.6328125,-0.0009013350336513071,0.004505396126388783,0.0003201639830097136,0.007830959731939258,-0.008423786191356197,57.55565702810495,0.560141509972647,0.007965754288305663,1.87050380168952,0.003596444382676922,3,0
2017-01-27,5312.83984375,-0.0019156862759515114,-0.0009013350336513071,0.004505396126388783,0.0003201639830097136,-0.000636289267304635,56.68740124213697,1.396161280418113,0.007731831116685758,1.3413435838629055,0.011118895540381812,4,0
2017-01-30,5302.662109375,-0.0016141103948745794,-0.0019156862759515114,-0.0009013350336513071,0.004505396126388783,0.007830959731939258,54.79702668958872,1.0716081242778035,0.007582010396458293,1.709743294740475,0.009839498531734936,0,0
2017-01-31,5294.10302734375,0.0062443260544811086,-0.0016141103948745794,-0.0019156862759515114,-0.0009013350336513071,0.0003201639830097136,53.19061417255621,0.13750015396193405,0.007419506739495237,1.5823517964708436,0.0003944284049210989,1,1
2017-02-01,5327.1611328125,0.004984222769038205,0.0062443260544811086,-0.0016141103948745794,-0.0019156862759515114,0.004505396126388783,58.278062477901386,1.525900808751711,0.007482049416968096,1.9571998190783593,0.006318590476392494,2,0
2017-02-02,5353.712890625,0.0013176274788853082,0.004984222769038205,0.0062443260544811086,-0.0016141103948745794,-0.0009013350336513071,61.8632414774118,3.8785248747323244,0.0072697365410917,1.2217590662315034,0.006797417119041915,3,0
2017-02-03,5360.76708984375,0.006571452695733004,0.0013176274788853082,0.004984222769038205,0.0062443260544811086,-0.0019156862759515114,62.778367526669456,5.4590484713361676,0.006911218079529165,0.09840723851065679,0.00901637963157853,4,0
2017-02-06,5395.9951171875,-0.002690888189464835,0.006571452695733004,0.0013176274788853082,0.004984222769038205,-0.0016141103948745794,67.03282478419075,8.258326409199007,0.006841987327476403,1.1319036771192414,0.017503518603263046,0,0
2017-02-07,5381.47509765625,-0.003788404974712112,-0.002690888189464835,0.006571452695733004,0.0013176274788853082,0.0062443260544811086,63.7960952884101,8.481126654450001,0.006576161213284371,1.219954277040937,0.01642674080867279,1,0
2017-02-08,5361.087890625,0.0020498186257527085,-0.003788404974712112,-0.002690888189464835,0.006571452695733004,0.004984222769038205,59.45515682477816,6.6836006369927325,0.006564141765771344,2.1309144541825242,0.00639400977947957,2,0
2017-02-09,5372.0771484375,-7.598608763814685e-05,0.0020498186257527085,-0.003788404974712112,-0.002690888189464835,0.0013176274788853082,60.99578004975301,5.701141949777657,0.0064001633272097,1.610469879841789,0.003459605636194074,3,0
2017-02-10,5371.6689453125,0.007053153762260678,-7.598608763814685e-05,0.0020498186257527085,-0.003788404974712112,0.006571452695733004,60.90320507331004,4.540700396291555,0.006322471783523157,1.0117615464412164,0.002065992069670619,4,0
2017-02-13,5409.55615234375,-0.005339852227291275,0.007053153762260678,-7.598608763814685e-05,0.0020498186257527085,-0.002690888189464835,66.05306419768613,5.763109330519111,0.006446475022085703,1.0684784108072045,0.0025476931361982924,0,0
2017-02-14,5380.669921875,-0.0004965692076999151,-0.005339852227291275,0.007053153762260678,-7.598608763814685e-05,-0.003788404974712112,59.60646696206568,4.140502012446898,0.006536698043774765,0.8235631112304802,-0.00010127090162814767,1,0
2017-02-16,5377.998046875,-0.0050327124950291235,-0.0004965692076999151,-0.005339852227291275,0.007053153762260678,0.0020498186257527085,59.03256308845164,2.4832552642781884,0.006571756141561406,1.2216401674791684,0.003190564865384049,3,0
2017-02-17,5350.93212890625,0.001561589052140988,-0.0050327124950291235,-0.0004965692076999151,-0.005339852227291275,-7.598608763814685e-05,53.42140634768028,-0.6712578689782625,0.006628988274187243,0.9771457850685236,-0.003891966255397783,4,0
2017-02-20,5359.2880859375,-0.0034142317541228095,0.001561589052140988,-0.0050327124950291235,-0.0004965692076999151,0.007053153762260678,54.848304398927134,-2.3367925315009366,0.006441235725709477,0.5955692118974665,-0.002254391115618648,0,0
2017-02-21,5340.990234375,0.003312657450649681,-0.0034142317541228095,0.001561589052140988,-0.0050327124950291235,-0.005339852227291275,51.15287264382399,-4.677412029131226,0.006521349986896458,1.137535500256223,-0.012721776632002135,1,0
2017-02-22,5358.68310546875,0.002624701093426607,0.003312657450649681,-0.0034142317541228095,0.001561589052140988,-0.0004965692076999151,54.35527207204713,-5.010957873896491,0.006421873306348573,1.0165356564768184,-0.004069266954061179,2,0
2017-02-23,5372.748046875,0.0024489729890466716,0.002624701093426607,0.003312657450649681,-0.0034142317541228095,-0.0050327124950291235,56.78096506365029,-4.289128822725541,0.006290296101840172,0.9624896049668645,-0.0009479966529346573,3,0
2017-02-24,5385.90576171875,-0.0005629022146652618,0.0024489729890466716,0.002624701093426607,0.003312657450649681,0.001561589052140988,58.97729091832698,-2.991771992004157,0.006098204842532979,0.653774255231518,0.006533688831141138,4,0
2017-02-27,5382.8740234375,0.0007092625755547033,-0.0005629022146652618,0.0024489729890466716,0.002624701093426607,-0.0034142317541228095,58.2428443500925,-2.428049311113238,0.00600072286943909,0.582170545080604,0.004409197564334888,0,0
2017-02-28,5386.69189453125,-0.004387802876102076,0.0007092625755547033,-0.0005629022146652618,0.0024489729890466716,0.003312657450649681,58.93634555431505,-1.9110454930200014,0.005872021304940949,0.482766670013402,0.0085326918940124,1,1
2017-03-01,5363.05615234375,0.00842761153759275,-0.004387802876102076,0.0007092625755547033,-0.0005629022146652618,0.002624701093426607,53.06110969104031,-3.1980961512064177,0.006034430308938925,0.4900206529480502,0.000832231567260644,2,0
2017-03-02,5408.25390625,-0.0031505663002080464,0.00842761153759275,-0.004387802876102076,0.0007092625755547033,0.0024489729890466716,61.05603730341764,-1.148341861386239,0.006456210391134215,0.4761809679005605,0.006635142011426787,3,0
2017-03-03,5391.21484375,0.0034504376695014827,-0.0031505663002080464,0.00842761153759275,-0.004387802876102076,-0.0005629022146652618,57.10705652554616,-1.083785304849961,0.006359983116981158,0.6994311511345878,0.0010356027221720687,4,0
2017-03-06,5409.81689453125,-0.0013312206857740705,0.0034504376695014827,-0.0031505663002080464,0.00842761153759275,0.0007092625755547033,60.13824301115466,0.010106362175946515,0.006188962562723956,0.6487874825893342,0.005048942606338813,0,0
2017-03-07,5402.615234375,-0.0016382943879537093,-0.0013312206857740705,0.0034504376695014827,-0.0031505663002080464,-0.004387802876102076,58.41707565967488,0.04506614186318458,0.006304373108522671,0.622785291357028,0.0030084593450100394,1,0
2017-03-08,5393.76416015625,0.0015985256411823467,-0.0016382943879537093,-0.0013312206857740705,0.0034504376695014827,0.00842761153759275,56.28495050117967,-0.6908891869224512,0.006197705294326734,0.48755806554412495,0.005757967833158406,2,0
2017-03-09,5402.38623046875,-0.002167463072190179,0.0015985256411823467,-0.0016382943879537093,-0.0013312206857740705,-0.0031505663002080464,57.8970279298831,-0.7547892364061717,0.005991628910063168,0.5078740173320959,-0.0010711180632519968,3,0
2017-03-10,5390.6767578125,0.003468082643409476,-0.002167463072190179,0.0015985256411823467,-0.0016382943879537093,0.0034504376695014827,54.9341886260487,-1.6898995672394506,0.006184850980885399,0.6221732181249999,-8.801483523412923e-05,4,0
2017-03-13,5409.3720703125,0.00410637137476777,0.003468082643409476,-0.002167463072190179,0.0015985256411823467,-0.0013312206857740705,58.57882586123867,-1.1778336150414574,0.006027319841159314,0.5772285764727715,-7.03698613261361e-05,0,0
2017-03-14,5431.5849609375,0.0001465315268422973,0.00410637137476777,0.003468082643409476,-0.002167463072190179,-0.0016382943879537093,62.46320274079524,0.44161919082723955,0.006105075610248226,0.6973594490879177,0.005367222199215704,1,0
2017-03-15,5432.380859375,0.015805289390622423,0.0001465315268422973,0.00410637137476777,0.003468082643409476,0.0015985256411823467,62.598542294910644,1.3024772839530314,0.005970189520244415,0.6610496063880038,0.007152048114011711,2,0
2017-03-16,5518.2412109375,0.004021375130316196,0.015805289390622423,0.0001465315268422973,0.00410637137476777,-0.002167463072190179,73.64011132807818,7.068381366981676,0.006568873703980975,0.7428654207238703,0.021358811863451788,3,0
2017-03-17,5540.43212890625,-0.0011623536317051375,0.004021375130316196,0.015805289390622423,0.0001465315268422973,0.003468082643409476,75.64162203269977,11.527070250742376,0.00683056667878362,0.8531468355095907,0.027547650065958162,4,0
2017-03-20,5533.9921875,0.0016444883962893897,-0.0011623536317051375,0.004021375130316196,0.015805289390622423,0.00410637137476777,73.88822246325142,13.079263050455523,0.00708133854611626,0.8236161396806491,0.02291721379084355,0,0
2017-03-21,5543.0927734375,-0.0016236423180806536,0.0016444883962893897,-0.0011623536317051375,0.004021375130316196,0.0001465315268422973,74.77798074264459,13.69030176485455,0.006931557594640548,0.8261001857412517,0.02045533081236517,1,0
2017-03-22,5534.0927734375,0.005360592393280905,-0.0016236423180806536,0.0016444883962893897,-0.0011623536317051375,0.015805289390622423,72.15928140586121,12.49307159741356,0.007172825797674122,0.9071777524738583,0.018685156967442218,2,0
2017-03-23,5563.7587890625,0.0006066042989920639,0.005360592393280905,-0.0016236423180806536,0.0016444883962893897,0.004021375130316196,75.23755252083566,12.664314859594953,0.00719010455650802,0.8391893281370849,0.0082404599701007,3,0
2017-03-24,5567.1337890625,-0.00465798768406589,0.0006066042989920639,0.005360592393280905,-0.0016236423180806536,-0.0011623536317051375,75.5685125714148,11.977618169085346,0.007113216239811756,0.7877374341598536,0.004825689138776568,4,0
2017-03-27,5541.2021484375,0.00925929352748267,-0.00465798768406589,0.0006066042989920639,0.005360592393280905,0.0016444883962893897,68.04346377087427,8.891598358856882,0.007101449287400413,0.7837565740532229,0.0013300550864158156,0,0
2017-03-29,5592.509765625,7.91027340210082e-05,0.00925929352748267,-0.00465798768406589,0.0006066042989920639,-0.0016236423180806536,73.63714191012791,9.372466795017054,0.007192402186585786,0.9094613477484458,0.008944860217609096,2,0
2017-03-30,5592.9521484375,-0.004442410867611546,7.91027340210082e-05,0.00925929352748267,-0.00465798768406589,0.005360592393280905,73.67992045953247,8.796321588851939,0.007158135033548698,1.2206606792329397,0.010647605269710758,3,0
2017-03-31,5568.10595703125,0.006947264611569137,-0.004442410867611546,7.91027340210082e-05,0.00925929352748267,0.0006066042989920639,67.0947314395629,5.953956869044312,0.007162929843038767,0.9155621587102997,0.000844602008818307,4,1
2017-04-03,5606.7890625,0.008032080248693951,0.006947264611569137,-0.004442410867611546,7.91027340210082e-05,-0.00465798768406589,71.38306365978892,5.880892155924812,0.007227568068602086,1.0264728966881496,0.00718526232139538,0,0
2017-04-04,5651.8232421875,0.004451083695164115,0.008032080248693951,0.006947264611569137,-0.004442410867611546,0.00925929352748267,75.40213730471757,7.939308186303961,0.007259537364044722,1.3383526872754472,0.01987533025415522,1,0
2017-04-05,5676.97998046875,0.000574035679835383,0.004451083695164115,0.008032080248693951,0.006947264611569137,7.91027340210082e-05,77.31847416233559,9.939162320847672,0.007116121049375087,1.063367670207326,0.015067120421836666,2,0
2017-04-06,5680.23876953125,-0.0047098248459206404,0.000574035679835383,0.004451083695164115,0.008032080248693951,-0.004442410867611546,77.5623331557214,10.37734601232522,0.007043310746504714,0.8742237045965074,0.01556205336765104,3,0
2017-04-07,5653.48583984375,-0.0016250171980627393,-0.0047098248459206404,0.000574035679835383,0.004451083695164115,0.006947264611569137,70.82974612384074,7.8748047630408,0.00703723350816236,0.821020685248782,0.015294639389341946,4,0
2017-04-10,5644.298828125,-0.0028995138554147593,-0.0016250171980627393,-0.0047098248459206404,0.000574035679835383,0.008032080248693951,68.62675778311028,4.763329014351029,0.007153737332187355,0.9313350407770672,0.00672235757971007,0,0
2017-04-11,5627.93310546875,0.0028823511906594934,-0.0028995138554147593,-0.0016250171980627393,-0.0047098248459206404,0.004451083695164115,64.7625031187404,0.9643084670720725,0.007130919412783531,1.199413707324063,-0.004209236524398641,1,0
2017-04-12,5644.15478515625,-0.0048917622446964515,0.0028823511906594934,-0.0028995138554147593,-0.0016250171980627393,0.000574035679835383,66.76040128532429,-0.9890468719250975,0.006882245667610365,1.061157732846418,-0.005777969028903263,2,0
2017-04-13,5616.544921875,-0.006954116100207575,-0.0048917622446964515,0.0028823511906594934,-0.0028995138554147593,-0.0047098248459206404,60.4754682399944,-4.478149336116715,0.0070177714186418156,0.7894418330382404,-0.011243766953435097,3,0
2017-04-17,5577.48681640625,0.005204902206511264,-0.006954116100207575,-0.0048917622446964515,0.0028823511906594934,-0.0016250171980627393,52.88993140233076,-9.467317292423623,0.007253985497911237,0.7835000865830473,-0.013488058207722031,0,0
2017-04-18,5606.51708984375,-0.0019996260281287537,0.005204902206511264,-0.006954116100207575,-0.0048917622446964515,-0.0028995138554147593,57.18821488647819,-10.76833760353226,0.007325712080291745,0.9097870339691501,-0.006658138803148028,1,0
2017-04-20,5595.30615234375,0.012361959011577328,-0.0019996260281287537,0.005204902206511264,-0.006954116100207575,0.0028823511906594934,55.09752834401312,-12.233053638998008,0.007190498510762045,0.9679359793055959,-0.005758250975862023,3,0
2017-04-21,5664.47509765625,0.0028812556326716088,0.012361959011577328,-0.0019996260281287537,0.005204902206511264,-0.0048917622446964515,63.87296293632049,-8.56605020550402,0.007467574694248375,0.7119029307984928,0.003721356845055812,4,0
2017-04-25,5680.7958984375,0.008050612543803792,0.0028812556326716088,0.012361959011577328,-0.0019996260281287537,-0.006954116100207575,65.58217819518484,-5.227936166141205,0.007451319587984902,0.806412536969597,0.011494374722423872,1,0
2017-04-26,5726.52978515625,-0.003405544694022433,0.008050612543803792,0.0028812556326716088,0.012361959011577328,0.005204902206511264,69.88218557635327,-0.381963127064914,0.00744926438966432,0.8938145582761239,0.02649910336643524,2,0
2017-04-27,5707.02783203125,-0.0038075827047466815,-0.003405544694022433,0.008050612543803792,0.0028812556326716088,-0.0019996260281287537,66.09035781069804,0.9927444818687476,0.007300502793131973,0.928301519971841,0.017888656465901542,3,0
2017-04-28,5685.2978515625,-0.0016691730743960687,-0.0038075827047466815,-0.003405544694022433,0.008050612543803792,0.012361959011577328,62.050262092448335,-0.02478444116849232,0.007306467464737133,0.7865373682940463,0.016080699789283615,4,0
2017-05-02,5675.80810546875,-0.00501072990449547,-0.0016691730743960687,-0.0038075827047466815,-0.003405544694022433,0.0028812556326716088,60.3161890561058,-1.7071806784411407,0.007280887725576083,0.7921124698101554,0.0020495677033102178,1,0
2017-05-03,5647.3681640625,0.003908848580427948,-0.00501072990449547,-0.0016691730743960687,-0.0038075827047466815,0.008050612543803792,55.326054531607724,-4.9235750605087105,0.007294496894738995,0.9205287961659209,-0.005842417833856861,2,0
2017-05-04,5669.44287109375,0.0024577515547945517,0.003908848580427948,-0.00501072990449547,-0.0016691730743960687,-0.003405544694022433,58.215686700528366,-5.697892377551945,0.007162278636795885,0.9323395817124378,-0.009984181797232705,3,0
2017-05-05,5683.376953125,0.004308154022369948,0.0024577515547945517,0.003908848580427948,-0.00501072990449547,-0.0038075827047466815,59.975560828674,-5.4075011280966265,0.007093241807485149,1.0621489508214657,-0.00412088554841572,4,0
2017-05-08,5707.86181640625,-0.001893119421959577,0.004308154022369948,0.0024577515547945517,0.003908848580427948,-0.0016691730743960687,62.930125226422135,-3.779342965415772,0.007110388440687722,1.0114673881413974,0.003994851178700909,0,0
2017-05-09,5697.05615234375,-0.007731772105779355,-0.001893119421959577,0.004308154022369948,0.0024577515547945517,-0.00501072990449547,60.797130656740734,-3.641594282539934,0.00726915343422162,0.8813683731785378,0.0037709048311374005,1,0
2017-05-10,5653.0078125,0.003928529474767961,-0.007731772105779355,-0.001893119421959577,0.004308154022369948,0.003908848580427948,52.922435624213584,-6.5583963785693555,0.007843471651616168,1.0775557993582483,0.0010498626298535152,2,0
2017-05-12,5675.2158203125,0.002405952003821543,0.003928529474767961,-0.007731772105779355,-0.001893119421959577,0.0024577515547945517,56.015673684460374,-6.993554908187086,0.007833104075130767,1.1620392614330242,0.001069543524193528,4,0
2017-05-15,5688.8701171875,-0.0073601774847165125,0.002405952003821543,0.003928529474767961,-0.007731772105779355,0.004308154022369948,57.84945270683949,-6.380393721331075,0.007820011419028577,0.9101528856018272,0.0010177439732205196,0,0
2017-05-16,5646.9990234375,-0.005579394614154021,-0.0073601774847165125,0.002405952003821543,0.003928529474767961,-0.001893119421959577,50.84850416948418,-8.671267472472032,0.007942972408155061,0.8213695214995537,-0.01065058753386594,1,0
2017-05-17,5615.4921875,0.005335059399012021,-0.005579394614154021,-0.0073601774847165125,0.002405952003821543,-0.007731772105779355,46.30719304351017,-11.981056381335517,0.008123128673935064,0.8264118202884868,-0.014336862726060384,2,0
2017-05-18,5645.451171875,0.025938160251391507,0.005335059399012021,-0.005579394614154021,-0.0073601774847165125,0.003928529474767961,50.80623568448417,-11.80606465963228,0.00836234508585347,1.0584867373761597,-0.001270031221269008,3,0
2017-05-19,5791.8837890625,-0.007327316360161151,0.025938160251391507,0.005335059399012021,-0.005579394614154021,0.002405952003821543,65.86283452625511,-1.9960697533875624,0.009975239258023919,1.0841661993584941,0.020739599555354538,4,0
2017-05-22,5749.44482421875,-0.0032754521220331734,-0.007327316360161151,0.025938160251391507,0.005335059399012021,-0.0073601774847165125,60.119744905045664,1.2899086646120104,0.010959211260233758,0.9080669917391118,0.011006331191371843,0,0
2017-05-23,5730.61279296875,-0.0047428937326473575,-0.0032754521220331734,-0.007327316360161151,0.025938160251391507,-0.005579394614154021,57.71477710406101,1.818102909573586,0.01126562480691021,0.8427031493103831,0.015091056554055182,1,0
2017-05-24,5703.43310546875,0.0023462773543654336,-0.0047428937326473575,-0.0032754521220331734,-0.007327316360161151,0.005335059399012021,54.33634983620085,0.05321090238978954,0.011244304776317379,0.9346499215679043,0.015927557435561845,2,0
2017-05-26,5716.81494140625,-0.0007843330184214015,0.0023462773543654336,-0.0047428937326473575,-0.0032754521220331734,0.025938160251391507,55.71096059029421,-0.46800419955832595,0.010731208913940977,0.9024215857556652,0.012938775390915258,4,0
2017-05-29,5712.3310546875,-0.003315623906409937,-0.0007843330184214015,0.0023462773543654336,-0.0047428937326473575,-0.007327316360161151,55.11229919065041,-1.3214657605162827,0.010314911939536741,0.7944566672570067,-0.01378371787889765,0,0
2017-05-30,5693.39111328125,0.007862391847729855,-0.003315623906409937,-0.0007843330184214015,0.0023462773543654336,-0.0032754521220331734,52.54384884530519,-3.2579728503977172,0.010069990631916123,0.9994459004595205,-0.009772025425146436,1,0
2017-05-31,5738.15478515625,0.0007478040913257988,0.007862391847729855,-0.003315623906409937,-0.0007843330184214015,-0.0047428937326473575,57.5761277899822,-1.6989556386527056,0.009834978549305587,1.4156288991898682,0.0013658185446165927,2,1
2017-06-02,5742.44580078125,0.001008117917144613,0.0007478040913257988,0.007862391847729855,-0.003315623906409937,0.0023462773543654336,58.0355090020897,-0.6097358794069798,0.009457042818372341,0.999362199833561,0.006856516368589749,4,0
2017-06-05,5748.23486328125,-0.007028907056641498,0.001008117917144613,0.0007478040913257988,0.007862391847729855,-0.0007843330184214015,58.685486603923884,0.22491680172955952,0.009123723152325337,0.8784524296097194,0.0055183569313689285,0,0
2017-06-06,5707.8310546875,0.0016633534759586954,-0.007028907056641498,0.001008117917144613,0.0007478040913257988,-0.003315623906409937,52.56593533092442,-2.0921758517733267,0.009190690083043985,0.9526913845555781,-0.000726217106851168,1,0
2017-06-07,5717.3251953125,-0.002519241047248655,0.0016633534759586954,-0.007028907056641498,0.001008117917144613,0.007862391847729855,53.78544618700573,-3.0741165554601544,0.008871843000237297,0.7473140738748714,0.004252760275517464,2,0
2017-06-08,5702.921875,-0.004804366319896336,-0.002519241047248655,0.0016633534759586954,-0.007028907056641498,0.0007478040913257988,51.61733021117528,-4.685808523673149,0.008546529833301786,0.7375562792069993,-0.0061288726194610454,3,0
2017-06-09,5675.52294921875,0.002803809636553467,-0.004804366319896336,-0.002519241047248655,0.0016633534759586954,0.001008117917144613,47.679935166846896,-7.426398103458283,0.008414721940356744,0.8373369263787901,-0.01168104303068318,4,0
2017-06-12,5691.43603515625,0.0028479603873041714,0.002803809636553467,-0.004804366319896336,-0.002519241047248655,-0.007028907056641498,50.06250564164892,-7.949894934795168,0.008391897656190594,0.6373206546949518,-0.009885351311274326,0,0
2017-06-13,5707.64501953125,0.014936449767508853,0.0028479603873041714,0.002803809636553467,-0.004804366319896336,0.0016633534759586954,52.43836295836718,-7.019315449028959,0.008067842139288909,0.763981541257203,-8.483867328656913e-06,1,0
2017-06-14,5792.89697265625,-0.002867955292433222,0.014936449767508853,0.0028479603873041714,0.002803809636553467,-0.002519241047248655,62.534557152370475,-0.8039722037654826,0.008432505278371392,0.8654481444038293,0.0132646124242215,2,0
2017-06-15,5776.283203125,-0.0091143336995263,-0.002867955292433222,0.014936449767508853,0.0028479603873041714,-0.004804366319896336,59.8674516191645,1.8989399920378887,0.00815867459041543,0.6033512030378587,0.012915898179036933,3,0
2017-06-16,5723.63623046875,0.0031925420279992345,-0.0091143336995263,-0.002867955292433222,0.014936449767508853,0.002803809636553467,52.260913845926325,-0.04524558218070496,0.00859645769865424,0.9403787450704161,0.008605930799406969,4,0
2017-06-19,5741.9091796875,0.0087069696405353,0.0031925420279992345,-0.0091143336995263,-0.002867955292433222,0.0028479603873041714,54.425324994607145,-0.2741777329597852,0.008229848513945074,1.0004641988769816,0.008994663190852736,0,0
2017-06-20,5791.90380859375,0.004600896371795837,0.0087069696405353,0.0031925420279992345,-0.0091143336995263,0.014936449767508853,59.79605932096657,2.6090071302681856,0.00819259591054551,0.8823523690958082,0.014853672444083865,1,0
2017-06-21,5818.5517578125,0.0019173585566236717,0.004600896371795837,0.0087069696405353,0.0031925420279992345,-0.002867955292433222,62.34334116087824,5.795788320830152,0.008149242414654033,0.7797930582644909,0.00451811904837085,2,0
2017-06-22,5829.7080078125,0.013813523505093572,0.0019173585566236717,0.004600896371795837,0.0087069696405353,-0.0091143336995263,63.38916172695072,8.003947645154469,0.007880265672219361,0.6946726686591435,0.009303432897427744,3,0
2017-07-03,5910.23681640625,-0.007592427895687148,0.013813523505093572,0.0019173585566236717,0.004600896371795837,0.0031925420279992345,69.8896861705799,13.891922388976433,0.008190924278095037,0.9167753045573676,0.032231290102047616,0,0
2017-07-04,5865.36376953125,-0.006872475757069951,-0.007592427895687148,0.013813523505093572,0.0019173585566236717,0.0087069696405353,63.15992997230855,13.743160826794579,0.008292713956107046,0.7530546136861027,0.021446320178361233,1,0
2017-07-05,5825.05419921875,0.004209573894958574,-0.006872475757069951,-0.007592427895687148,0.013813523505093572,0.004600896371795837,57.777795989284705,10.078395195557292,0.008567143285781134,0.9095823541570526,0.005866874780755982,2,0
2017-07-06,5849.5751953125,-0.005946111538214338,0.004209573894958574,-0.006872475757069951,-0.007592427895687148,0.0019173585566236717,60.01021911334043,8.51634399100368,0.008348665914184756,0.816966030726114,0.005475552303918718,3,0
2017-07-07,5814.79296875,-0.007444307924226123,-0.005946111538214338,0.004209573894958574,-0.006872475757069951,0.013813523505093572,55.52553059505891,4.550115160642463,0.008452494547976608,0.7814123643132272,-0.0023879177909192917,4,0
2017-07-10,5771.505859375,0.0003153964570690171,-0.007444307924226123,-0.005946111538214338,0.004209573894958574,-0.007592427895687148,50.4704282652832,-1.2682217447259987,0.008612739537878207,0.6495030571095507,-0.023645749220238987,0,0
2017-07-11,5773.326171875,0.00793401631898849,0.0003153964570690171,-0.007444307924226123,-0.005946111538214338,-0.006872475757069951,50.67379829769096,-5.060876456496487,0.008226607766343099,1.1337046952946328,-0.015737924867482822,1,0
2017-07-12,5819.1318359375,0.0018752126060470609,0.00793401631898849,0.0003153964570690171,-0.007444307924226123,0.004209573894958574,55.612788485889986,-4.566478446178145,0.00826206038220739,1.0081172775829264,-0.0009314327914243803,2,0
2017-07-13,5830.0439453125,0.0003003367691434278,0.0018752126060470609,0.00793401631898849,0.0003153964570690171,-0.005946111538214338,56.72446179062562,-3.627373218688703,0.00807134528080389,0.961403382548206,-0.003265794080335893,3,0
2017-07-14,5831.794921875,0.0016264054906445224,0.0003003367691434278,0.0018752126060470609,0.00793401631898849,-0.007444307924226123,56.91094622054472,-3.0351381474192642,0.007851719170481731,0.8332779518505227,0.0029806542270218728,4,0
2017-07-17,5841.27978515625,-0.003240340314308976,0.0016264054906445224,0.0003003367691434278,0.0018752126060470609,0.0003153964570690171,57.96756915303205,-2.1908842347314845,0.0074871145578548366,1.1657642948446416,0.012051367641892519,0,0
2017-07-18,5822.35205078125,-0.00268999697002148,-0.003240340314308976,0.0016264054906445224,0.0003003367691434278,0.00793401631898849,55.065645068739066,-3.0411591168968855,0.007400335986687026,1.2338937113599497,0.008495630870514526,1,0
2017-07-19,5806.68994140625,0.003189091649995257,-0.00268999697002148,-0.003240340314308976,0.0016264054906445224,0.0018752126060470609,52.71404427347571,-4.693623029667741,0.00719947221474054,0.9980042620843622,-0.0021283824184954447,2,0
2017-07-20,5825.2080078125,-0.010263012000141458,0.003189091649995257,-0.00268999697002148,-0.003240340314308976,0.0003003367691434278,55.15269330704845,-4.5702619134193085,0.006926994000665969,1.010127140801965,-0.0008145033745472485,3,0
2017-07-21,5765.423828125,0.006272407201199703,-0.010263012000141458,0.003189091649995257,-0.00268999697002148,0.0016264054906445224,46.767114800259925,-8.326964731997812,0.007372388966480449,0.9319478947382879,-0.011377852143832135,4,0
2017-07-24,5801.5869140625,0.0020594782711156334,0.006272407201199703,-0.010263012000141458,0.003189091649995257,-0.003240340314308976,51.56439338457152,-8.176574707312291,0.007358061196378512,1.133571791072791,-0.0067318504332769535,0,0
2017-07-25,5813.53515625,-0.0022927704407481597,0.0020594782711156334,0.006272407201199703,-0.010263012000141458,-0.00268999697002148,53.06925175856301,-7.111876965163546,0.007224518636402117,1.0877191191997313,-0.0014320318478523442,1,0
2017-07-26,5800.2060546875,0.0033685158343141897,-0.0022927704407481597,0.0020594782711156334,0.006272407201199703,0.003189091649995257,51.15966191864263,-7.126853693218152,0.007287181312820651,1.296156412339265,-0.001034805318579024,2,0
2017-07-27,5819.744140625,0.0019386960270282305,0.0033685158343141897,-0.0022927704407481597,0.0020594782711156334,-0.010263012000141458,53.78477504726005,-5.704013693904336,0.006998710073326651,1.1335416208794489,-0.0008553811342600914,3,0
2017-07-28,5831.02685546875,0.001699890880403565,0.0019386960270282305,0.0033685158343141897,-0.0022927704407481597,0.006272407201199703,55.27960327384428,-3.9684035450513733,0.006807561792211035,1.4064962586463918,0.011346326892909597,4,0
2017-07-31,5840.93896484375,-0.006117832583738658,0.001699890880403565,0.0019386960270282305,0.0033685158343141897,0.0020594782711156334,56.607481450336635,-2.2061627224207676,0.00668619645036653,1.1558623165842645,0.006773810572113459,0,1
2017-08-01,5805.205078125,0.003280494841476189,-0.006117832583738658,0.001699890880403565,0.0019386960270282305,-0.0022927704407481597,50.75632622255563,-3.427602427502709,0.006907921994225209,1.4788920220853277,-0.0014035002827408327,1,0
2017-08-02,5824.2490234375,-0.0074984519698170216,0.003280494841476189,-0.006117832583738658,0.001699890880403565,0.0033685158343141897,53.514050519937086,-2.951519927687677,0.006786978997454078,1.0803678740826212,0.004169764999483516,2,0
2017-08-03,5780.576171875,-0.000535281983879865,-0.0074984519698170216,0.003280494841476189,-0.006117832583738658,0.0019386960270282305,47.01202505381865,-5.432132775387567,0.006899377880954095,0.9363690173040025,-0.006697202804647695,3,0
2017-08-04,5777.48193359375,-0.004879278157900679,-0.000535281983879865,-0.0074984519698170216,0.003280494841476189,0.001699890880403565,46.58019877484374,-7.033893931734015,0.0067899314624312755,0.830406478041377,-0.00917118081555579,4,0
2017-08-07,5749.2919921875,0.010657137640079695,-0.004879278157900679,-0.000535281983879865,-0.0074984519698170216,-0.006117832583738658,42.72939039911186,-9.58635838574453,0.0071247556199186225,0.8687624975754626,-0.015750349853860035,0,0
2017-08-08,5810.56298828125,0.002313691062873602,0.010657137640079695,-0.004879278157900679,-0.000535281983879865,0.003280494841476189,52.014840562378645,-6.869863560050055,0.00729927919826937,0.999798402754942,0.0010246203699583178,1,0
2017-08-09,5824.0068359375,0.00033292626509040524,0.002313691062873602,0.010657137640079695,-0.004879278157900679,-0.0074984519698170216,53.78537318436099,-4.0298493537569176,0.007145264671308748,1.1236693708802676,5.781659135573047e-05,2,0
2017-08-10,5825.94580078125,-0.010265735252717234,0.00033292626509040524,0.002313691062873602,0.010657137640079695,-0.000535281983879865,54.04871853410511,-1.9863237320251432,0.006915855538432931,1.1383153994242643,0.007889194826263157,3,0
2017-08-11,5766.13818359375,0.006130551896168512,-0.010265735252717234,0.00033292626509040524,0.002313691062873602,-0.004879278157900679,45.446376373619515,-4.485142094788218,0.007349200814364923,1.0886476608316942,-0.0018412584425742118,4,0
2017-08-14,5801.48779296875,0.005783554814493552,0.006130551896168512,-0.010265735252717234,0.00033292626509040524,0.010657137640079695,50.46470258338146,-3.6170870388561545,0.007358057205484194,0.9628657599969658,0.00916857161149498,0,0
2017-08-15,5835.041015625,0.00975283686483297,0.005783554814493552,0.006130551896168512,-0.010265735252717234,0.002313691062873602,54.722204590716295,-0.790642962369895,0.007299336568752598,1.2226434090571874,0.004294988785908838,1,0
2017-08-16,5891.94921875,0.0003210485176077249,0.00975283686483297,0.005783554814493552,0.006130551896168512,0.00033292626509040524,60.865790916122165,4.607376870197941,0.007402392265724088,1.1181191868649043,0.011734134587868206,2,0
2017-08-18,5893.8408203125,-0.00557139479392299,0.0003210485176077249,0.00975283686483297,0.005783554814493552,-0.010265735252717234,61.05495053336532,7.812705320778207,0.007392379663137674,0.8959490328798224,0.011722256840385525,4,0
2017-08-21,5861.00390625,0.003291751559733047,-0.00557139479392299,0.0003210485176077249,0.00975283686483297,0.006130551896168512,55.99508335543624,7.241569207869951,0.00746763595012971,0.821868238938236,0.01641659729917977,0,0
2017-08-22,5880.296875,0.005735603405440326,0.003291751559733047,-0.00557139479392299,0.0003210485176077249,0.005783554814493552,58.187608818079546,7.643660502778692,0.007210207518165376,1.1179979584966737,0.013577796962744304,1,0
2017-08-23,5914.02392578125,-0.003366022615239994,0.005735603405440326,0.003291751559733047,-0.00557139479392299,0.00975283686483297,61.773310244224696,9.538401538403065,0.00706436028406817,1.4355016611529436,0.013529845553691078,2,0
2017-08-24,5894.1171875,0.003604544123046338,-0.003366022615239994,0.005735603405440326,0.003291751559733047,0.0003210485176077249,58.58011298643274,8.824857991895009,0.007097491948396746,1.561608007490632,0.0004109860736181137,3,0
2017-08-25,5915.36279296875,-0.0020323305732895536,0.003604544123046338,-0.003366022615239994,0.005735603405440326,-0.00557139479392299,60.90296925603504,9.120030134255302,0.006993625078624336,1.1400410524252007,0.003694481679056727,4,0
2017-08-28,5903.3408203125,-0.002562770253403568,-0.0020323305732895536,0.003604544123046338,-0.003366022615239994,0.003291751559733047,58.8904071471658,7.888126806599189,0.006808367832719986,1.5138293750488456,0.007233545899690164,0,0
2017-08-29,5888.2119140625,-0.00266737252611271,-0.002562770253403568,-0.0020323305732895536,0.003604544123046338,0.005735603405440326,56.366082785922295,5.547404686577192,0.0067984396319551235,1.0051892295082678,0.0013790240865535486,1,0
2017-08-30,5872.505859375,-0.00143835996864361,-0.00266737252611271,-0.002562770253403568,-0.0020323305732895536,-0.003366022615239994,53.78837726941703,2.584925027921198,0.006703834515221574,0.9045268742639136,-0.0070239518449994875,2,0
2017-08-31,5864.05908203125,-0.008580723759747722,-0.00143835996864361,-0.00266737252611271,-0.002562770253403568,0.003604544123046338,52.40047372622033,-0.1545835774671609,0.0066780889131460444,1.1080403721315888,-0.005096289198403103,3,1
2017-09-04,5813.7412109375,0.002793002367941888,-0.008580723759747722,-0.00143835996864361,-0.00266737252611271,-0.0020323305732895536,44.95834683362655,-5.282491735789776,0.0069641827891222235,0.8800754843141642,-0.017281557081197163,0,0
2017-09-05,5829.97900390625,-0.0010018595793546137,0.002793002367941888,-0.008580723759747722,-0.00143835996864361,-0.002562770253403568,47.54727123614985,-7.379122182271011,0.007182338870386224,1.1033575679190066,-0.012456224139965721,1,0
2017-09-06,5824.13818359375,0.0014032722618984028,-0.0010018595793546137,0.002793002367941888,-0.008580723759747722,-0.00266737252611271,46.69644043119606,-8.858084659903973,0.007023779044497124,1.0301351670584813,-0.010895313465916767,2,0
2017-09-07,5832.31103515625,0.004253563522111703,0.0014032722618984028,-0.0010018595793546137,0.002793002367941888,-0.00143835996864361,48.09603607799008,-8.95786599661488,0.006823943080078838,0.840716957507238,-0.006824668677905654,3,0
2017-09-08,5857.119140625,0.0025203036502385867,0.004253563522111703,0.0014032722618984028,-0.0010018595793546137,-0.008580723759747722,52.19891583915368,-7.1059327809171435,0.0068884623049040835,0.7820045150744551,-0.0011327451871503413,4,0
2017-09-11,5871.880859375,8.448634464497395e-05,0.0025203036502385867,0.004253563522111703,0.0014032722618984028,0.002793002367941888,54.503508531647526,-4.752725166115159,0.0067067474612815935,0.8689753253649326,0.009968282222835967,0,0
2017-09-12,5872.376953125,-0.00453701569550502,8.448634464497395e-05,0.0025203036502385867,0.004253563522111703,-0.0010018595793546137,54.582756605832344,-3.1082539392804307,0.006502253973240802,1.0003593640717579,0.007259766199539053,1,0
2017-09-13,5845.73388671875,0.001072246278690736,-0.00453701569550502,8.448634464497395e-05,0.0025203036502385867,0.0014032722618984028,49.58718278802443,-3.719084308670711,0.0065635749904349215,1.1165754176994078,0.0037246100833886464,2,0
2017-09-14,5852.001953125,0.0034843010788576656,0.001072246278690736,-0.00453701569550502,8.448634464497395e-05,0.004253563522111703,50.72966512546733,-3.602685133689894,0.006403241535952064,1.2034170405050115,0.0033935841001809797,3,0
2017-09-15,5872.39208984375,0.002080710860763668,0.0034843010788576656,0.001072246278690736,-0.00453701569550502,0.0025203036502385867,54.3536456613541,-2.1271256223872275,0.006464666319899427,1.0248236293995514,0.0026243216569269423,4,0
2017-09-18,5884.61083984375,0.0028405161337217155,0.002080710860763668,0.0034843010788576656,0.001072246278690736,8.448634464497395e-05,56.422154686028975,-0.39365267239337776,0.006395682814690691,0.8403240445188126,0.0021847288674520238,0,0
2017-09-19,5901.326171875,0.0008891340962489114,0.0028405161337217155,0.002080710860763668,0.0034843010788576656,-0.00453701569550502,59.149390995370084,1.6984624823579981,0.006321310831464606,0.9212281306622342,0.004940758656528765,1,0
2017-09-20,5906.5732421875,0.0008693307294194152,0.0008891340962489114,0.0028405161337217155,0.002080710860763668,0.001072246278690736,59.99574063033625,3.1699466790290227,0.006143027676009347,0.9621369350795421,0.010366908448282697,2,0
2017-09-22,5911.7080078125,-0.0028919208092917925,0.0008693307294194152,0.0008891340962489114,0.0028405161337217155,0.0034843010788576656,60.85054247174353,4.160901809204606,0.006245661416093693,0.8249742329381768,0.010163992899011376,4,0
2017-09-25,5894.61181640625,-0.005199647287789766,-0.0028919208092917925,0.0008693307294194152,0.0008891340962489114,0.002080710860763668,56.520162122708676,3.3705118454437333,0.006242201131995553,0.7894526311878032,0.003787771010861918,0,0
2017-09-26,5863.9619140625,-0.00015945850390119976,-0.005199647287789766,-0.0028919208092917925,0.0008693307294194152,0.0028405161337217155,49.69257158174131,0.6323945887802456,0.00637605900354983,1.00983395406051,-0.0034925871376915163,1,0
2017-09-27,5863.02685546875,-0.003748913489667549,-0.00015945850390119976,-0.005199647287789766,-0.0028919208092917925,0.0008891340962489114,49.49613166486984,-1.2880932165648105,0.006311494109102484,0.9411236441257379,-0.006492561775314432,2,0
2017-09-28,5841.046875,0.010239111273396606,-0.003748913489667549,-0.00015945850390119976,-0.005199647287789766,0.0008693307294194152,44.99354914085009,-3.935533502019389,0.006213099627167908,1.05464922423109,-0.011130609361230892,3,0
2017-09-29,5900.85400390625,0.002232860064200537,0.010239111273396606,-0.003748913489667549,-0.00015945850390119976,-0.0028919208092917925,56.57031896012749,-1.6713981965049758,0.0065144831218173225,0.8795259188579766,-0.0017608288172537012,4,0
2017-10-02,5914.02978515625,0.004298818363674961,0.002232860064200537,0.010239111273396606,-0.003748913489667549,-0.005199647287789766,58.63573339431381,0.5804336088636362,0.006461841933375012,0.864859589625979,0.0033639520562386283,0,0
2017-10-03,5939.453125,0.00202408747122651,0.004298818363674961,0.002232860064200537,0.010239111273396606,-0.00015945850390119976,62.35586887091421,3.4867967258044192,0.006623321482578404,1.06603270615663,0.012862417707703355,1,0
2017-10-04,5951.47509765625,-0.008328915961863137,0.00202408747122651,0.004298818363674961,0.002232860064200537,-0.003748913489667549,64.00444903148951,5.787859970419408,0.006469846358472313,1.0318867730399548,0.015045963682831065,2,0
2017-10-05,5901.90576171875,0.0005883130142929627,-0.008328915961863137,0.00202408747122651,0.004298818363674961,0.010239111273396606,53.58433070846045,3.645102314496322,0.006717671173336213,1.0049114492294577,0.010465961210635477,3,0
2017-10-06,5905.3779296875,0.0016180464476649448,0.0005883130142929627,-0.008328915961863137,0.00202408747122651,0.002232860064200537,54.147447288688575,2.2060476454650892,0.006579004189814553,0.8220030908690888,0.0008151629515318337,4,0
2017-10-09,5914.93310546875,-0.0015504652840487854,0.0016180464476649448,0.0005883130142929627,-0.008328915961863137,0.004298818363674961,55.73884623498537,1.6666733180578248,0.006387968502612035,0.7356270144263569,0.00020034933499624152,0,0
2017-10-10,5905.76220703125,-0.003890284920191389,-0.0015504652840487854,0.0016180464476649448,0.0005883130142929627,0.00202408747122651,53.808546742371625,0.5206230978500272,0.006318566980507086,0.8505851038742542,-0.005648934312727505,1,0
2017-10-11,5882.787109375,0.007380343939067391,-0.003890284920191389,-0.0015504652840487854,0.0016180464476649448,-0.008328915961863137,49.21068122712115,-1.8277403227643898,0.006441078841934639,0.866814531838232,-0.011563306704145404,2,0
2017-10-12,5926.2041015625,-0.000350996707057627,0.007380343939067391,-0.003890284920191389,-0.0015504652840487854,0.0005883130142929627,56.73443289809432,-0.5654314140094421,0.00653042896841193,1.3367661389701926,0.004145953196785124,3,0
2017-10-13,5924.1240234375,0.004317456612371595,-0.000350996707057627,0.007380343939067391,-0.003890284920191389,0.0016180464476649448,56.30409790118804,-0.008423363741318468,0.006460720316439258,1.2161212308288154,0.003206643475434534,4,0
2017-10-16,5949.701171875,-0.0003985231663748978,0.004317456612371595,-0.000350996707057627,0.007380343939067391,-0.0015504652840487854,60.292422532480074,1.8423552754112684,0.006367588561680434,1.284406337784633,0.0059060536401411845,0,0
2017-10-17,5947.330078125,-0.0030482428269250628,-0.0003985231663748978,0.004317456612371595,-0.000350996707057627,-0.003890284920191389,59.747977195348184,2.619232756086527,0.006388828678241709,0.9336809674990716,0.007057995757815072,1,0
2017-10-18,5929.201171875,-0.0031490560325929673,-0.0030482428269250628,-0.0003985231663748978,0.004317456612371595,0.007380343939067391,55.61297949286864,1.6706880523902612,0.00660579126256452,1.283538032202501,0.007900037851081398,2,0
2017-10-19,5910.52978515625,0.0032178237247892927,-0.0031490560325929673,-0.0030482428269250628,-0.0003985231663748978,-0.000350996707057627,51.64838760227088,-0.3480212409241865,0.006525682515570866,1.3070818891316025,-0.0026293621205789597,3,0
2017-10-20,5929.548828125,0.003453391037800957,0.0032178237247892927,-0.0031490560325929673,-0.0030482428269250628,0.004317456612371595,55.15533969056516,-0.5255565078173667,0.006630972719333807,1.1064006294252111,0.00093945831126796,4,0
2017-10-23,5950.02587890625,0.0003445855548322996,0.003453391037800957,0.0032178237247892927,-0.0031490560325929673,-0.0003985231663748978,58.63410202303861,0.5544716296480736,0.006573570244540779,1.3161591367288896,7.539273669732172e-05,0,0
2017-10-24,5952.076171875,0.012324759972475396,0.0003445855548322996,0.003453391037800957,0.0032178237247892927,-0.0030482428269250628,58.977242592353946,1.188882897956475,0.006400407003794678,1.343673975145659,0.0008185014579045191,1,0
2017-10-25,6025.43408203125,-0.004910337356561989,0.012324759972475396,0.0003445855548322996,0.003453391037800957,-0.0031490560325929673,68.91340146743264,6.058709095410574,0.006740500028046032,1.0549613875570856,0.01619150425730498,2,0
2017-10-26,5995.84716796875,-0.0034301084857316644,-0.004910337356561989,0.012324759972475396,0.0003445855548322996,0.0032178237247892927,62.35357378143049,6.7444197732134015,0.00684509195008006,0.9854814771783766,0.014430222933335957,3,0
2017-10-27,5975.28076171875,-0.0002014320881724707,-0.0034301084857316644,-0.004910337356561989,0.012324759972475396,0.003453391037800957,58.20594826957423,5.33195765439778,0.006981857633929596,0.8045229526428933,0.0077822907228149996,4,0
2017-10-30,5974.0771484375,0.005307435853635134,-0.0002014320881724707,-0.0034301084857316644,-0.004910337356561989,0.0003445855548322996,57.96295070693122,3.901980675486705,0.006955780810922652,0.9587699403257333,0.004127467596841572,0,0
2017-10-31,6005.7841796875,0.0053884414487790355,0.005307435853635134,-0.0002014320881724707,-0.0034301084857316644,0.012324759972475396,62.41447238214024,4.627374523215174,0.007144872142637011,0.8921588055593893,0.009090317895644406,1,1
2017-11-01,6038.14599609375,-0.0011657655354067042,0.0053884414487790355,0.005307435853635134,-0.0002014320881724707,-0.004910337356561989,66.333159767432,6.696926840869494,0.006991778792833733,0.902406699432636,0.0021539993719480455,2,0
2017-11-02,6031.10693359375,0.0013984301926850407,-0.0011657655354067042,0.0053884414487790355,0.005307435853635134,-0.0034301084857316644,64.75177247826952,6.970746599453708,0.007105388955739681,0.9099053313328866,0.00589857119310333,3,0
2017-11-03,6039.541015625,0.0018680602604257412,0.0013984301926850407,-0.0011657655354067042,0.0053884414487790355,-0.0002014320881724707,65.80372007232236,7.07625408928169,0.007257844523328998,0.7654989288542423,0.010727109871520035,4,0
2017-11-06,6050.8232421875,0.0015914996070880427,0.0018680602604257412,0.0013984301926850407,-0.0011657655354067042,0.005307435853635134,67.2133202305283,7.236369548595892,0.007163539344950576,0.979244918756308,0.012796602220118247,0,0
2017-11-07,6060.453125,-0.0018264865199332236,0.0015914996070880427,0.0018680602604257412,0.0013984301926850407,0.0053884414487790355,68.41026451293607,7.300376840379865,0.006853672516360144,0.7946587989489353,0.009080665973571156,1,0
2017-11-08,6049.3837890625,-0.0011445509768315265,-0.0018264865199332236,0.0015914996070880427,0.0018680602604257412,-0.0011657655354067042,65.45234106944697,5.963175207667717,0.006803344739695176,1.1102811997853244,0.0018657380048588967,2,0
2017-11-09,6042.4599609375,-0.003414476234990027,-0.0011445509768315265,-0.0018264865199332236,0.0015914996070880427,0.0013984301926850407,63.59995352466968,4.068786627624078,0.006699136727468657,0.8930841733456577,0.0018869525634340745,3,0
2017-11-10,6021.828125,-6.178693658742684e-05,-0.003414476234990027,-0.0011445509768315265,-0.0018264865199332236,0.0018680602604257412,58.3047027386297,1.0403844212495983,0.0066461728987464485,0.856831369143705,-0.0029259538642409932,4,0
2017-11-13,6021.4560546875,-0.0055076483493029516,-6.178693658742684e-05,-0.003414476234990027,-0.0011445509768315265,0.0015914996070880427,58.21057806703818,-1.2494820436215832,0.006509892765874675,0.8737697073725461,-0.004855801061254161,0,0
2017-11-14,5988.2919921875,-0.002668700365997423,-0.0055076483493029516,-6.178693658742684e-05,-0.003414476234990027,-0.0018264865199332236,50.40039493486212,-5.046270540632577,0.006686766148721257,1.0229618809713241,-0.011954949017645156,1,0
2017-11-15,5972.31103515625,0.010983384994538214,-0.002668700365997423,-0.0055076483493029516,-6.178693658742684e-05,-0.0011445509768315265,47.11958900592828,-8.480447527082287,0.006708304983653966,1.1779258478190848,-0.012797162863709355,2,0
2017-11-16,6037.9072265625,0.002289652111650664,0.010983384994538214,-0.002668700365997423,-0.0055076483493029516,-0.003414476234990027,58.93563635767417,-6.2819297218063745,0.007130702311454553,0.9041082993047413,-0.0006692268923396139,3,0
2017-11-17,6051.73193359375,0.00025617343692041494,0.002289652111650664,0.010983384994538214,-0.002668700365997423,-6.178693658742684e-05,60.91770831927442,-3.9578152773841886,0.0072488525147639355,0.8584760849599092,0.005034901454301077,4,0
2017-11-20,6053.2822265625,-0.003538643888476689,0.00025617343692041494,0.002289652111650664,0.010983384994538214,-0.0055076483493029516,61.1442002309675,-2.4511169809509106,0.007284505343973108,0.9085419373753928,0.005352861827808919,0,0
2017-11-21,6031.86181640625,0.006287169865297759,-0.003538643888476689,0.00025617343692041494,0.002289652111650664,-0.002668700365997423,56.29015510386936,-2.9960929227692645,0.007588028600156259,0.9849495386153689,0.0073218662886351815,1,0
2017-11-22,6069.78515625,-0.0010774745553828735,0.006287169865297759,-0.003538643888476689,0.00025617343692041494,0.010983384994538214,62.036345730227794,-1.004441801190982,0.00746657690142552,1.1327953648438323,0.016277736519930364,2,0
2017-11-23,6063.2451171875,0.0006427206192280988,-0.0010774745553828735,0.006287169865297759,-0.003538643888476689,0.002289652111650664,60.55781814674943,-0.3625472629433766,0.00734737143615225,1.1473511733308226,0.004216876970009276,3,0
2017-11-24,6067.14208984375,-0.00042082789861208614,0.0006427206192280988,-0.0010774745553828735,0.006287169865297759,0.00025617343692041494,61.15195176546054,0.06658884930394748,0.007225536068215008,0.9741475012835683,0.0025699454775867103,4,0
2017-11-27,6064.5888671875,0.0010102833447045434,-0.00042082789861208614,0.0006427206192280988,-0.0010774745553828735,-0.003538643888476689,60.50883768050242,-0.0719120876376742,0.007142888985522907,1.0385021018047063,0.0018929441420542092,0,0
2017-11-28,6070.7158203125,-0.001539955598188203,0.0010102833447045434,-0.00042082789861208614,0.0006427206192280988,0.006287169865297759,61.55373216586242,-0.004824039995053653,0.007270859704114405,1.130848678138751,0.006441871375235442,1,0
2017-11-29,6061.3671875,-0.018020522520316273,-0.001539955598188203,0.0010102833447045434,-0.00042082789861208614,-0.0010774745553828735,58.98905792879107,-0.7999984118297441,0.007098507087294343,1.0791538395304339,-0.0013852540882505204,2,0
2017-11-30,5952.13818359375,0.0,-0.018020522520316273,-0.001539955598188203,0.0010102833447045434,0.0006427206192280988,38.69995537802693,-8.466246395099834,0.008023233914233116,1.5474753163436166,-0.01832830205318392,3,1
2017-12-01,5952.13818359375,0.007737831213655122,0.0,-0.018020522520316273,-0.001539955598188203,-0.00042082789861208614,38.69995537802693,-13.047236677536354,0.00872768225702711,0.0,-0.01897102267241202,4,0
2017-12-04,5998.19482421875,0.00037999713943892566,0.007737831213655122,0.0,-0.018020522520316273,0.0010102833447045434,47.52587961387642,-12.485339624581485,0.008992140065797967,1.1150020513526298,-0.010812363560144811,0,0
2017-12-05,6000.47412109375,0.005838487209384846,0.00037999713943892566,0.007737831213655122,0.0,-0.001539955598188203,47.9254727881657,-11.494747187832969,0.008905344309062212,1.119038320833585,-0.011442649765410429,1,0
2017-12-06,6035.5078125,-0.004750694134322275,0.005838487209384846,0.00037999713943892566,0.007737831213655122,-0.018020522520316273,53.754690462225625,-8.170877489408177,0.008740329582442537,0.8634872273145795,-0.00406420695783738,2,0
2017-12-07,6006.8349609375,0.0040159330216116285,-0.004750694134322275,0.005838487209384846,0.00037999713943892566,0.0,48.92736647744148,-7.605777208051194,0.008540749506077668,0.8519069812411144,0.009205621428156618,3,0
2017-12-08,6030.9580078125,-0.0007171655493036777,0.0040159330216116285,-0.004750694134322275,0.005838487209384846,0.007737831213655122,52.77020471030639,-5.412797639416363,0.008305186057013088,0.9104058580139239,0.013221554449768247,4,0
2017-12-11,6026.6328125,0.0009521537861238993,-0.0007171655493036777,0.0040159330216116285,-0.004750694134322275,0.00037999713943892566,52.01450961238284,-4.117617978900508,0.008055019126032261,0.9760502891413465,0.004766557686809447,0,0
2017-12-12,6032.37109375,0.0036856005392780222,0.0009521537861238993,-0.0007171655493036777,0.0040159330216116285,0.005838487209384846,52.976636402124505,-2.8014449171231686,0.007816191248028976,0.9357393775845362,0.005338714333494421,1,0
2017-12-13,6054.60400390625,0.009752715138249046,0.0036856005392780222,0.0009521537861238993,-0.0007171655493036777,-0.004750694134322275,56.606931257938896,-0.4820758229390023,0.007638193026232585,0.9727123580609368,0.003185827663387597,2,0
2017-12-14,6113.65283203125,0.0009431535351565046,0.009752715138249046,0.0036856005392780222,0.0009521537861238993,0.0040159330216116285,64.45564515629412,4.695096573112011,0.007754576214460329,1.1581141840679818,0.01768923693595892,3,0
2017-12-15,6119.4189453125,0.0023766873035617753,0.0009431535351565046,0.009752715138249046,0.0036856005392780222,-0.0007171655493036777,65.11911651731563,7.981009324046976,0.007702014720091346,0.9683248970515377,0.014616457449503795,4,0
2017-12-18,6133.962890625,0.005494510743048409,0.0023766873035617753,0.0009431535351565046,0.009752715138249046,0.0009521537861238993,66.80234362434183,10.451254592072164,0.007761507600664111,0.8832873270310297,0.017710310302369248,0,0
2017-12-19,6167.666015625,-0.00943372774787865,0.005494510743048409,0.0023766873035617753,0.0009431535351565046,0.0036856005392780222,70.37056090198271,13.479634510108486,0.007934048154512409,0.9730128169437152,0.022252667259293757,1,0
2017-12-20,6109.48193359375,0.012097454496280857,-0.00943372774787865,0.005494510743048409,0.0023766873035617753,0.009752715138249046,58.65040067532409,10.804340033281132,0.008362332528782376,1.0225081056657683,0.009133338972137084,2,0
2017-12-21,6183.39111328125,0.006084375001233822,0.012097454496280857,-0.00943372774787865,0.005494510743048409,0.0009431535351565046,66.32317687554124,13.099594393994149,0.008525984248549428,0.9160240011902372,0.011478078330168895,3,0
2017-12-22,6221.01318359375,0.009026159214199359,0.006084375001233822,0.012097454496280857,-0.00943372774787865,0.0023766873035617753,69.43252782244423,16.04435627182092,0.008488839287625598,0.797546639127329,0.016619299796246212,4,0
2017-12-27,6277.1650390625,0.005875400622015192,0.009026159214199359,0.006084375001233822,0.012097454496280857,0.005494510743048409,73.38264222094685,20.38780686103047,0.008527798774478793,0.8032325936411246,0.023268771706883795,2,0
2017-12-28,6314.0458984375,0.006589738311301607,0.005875400622015192,0.009026159214199359,0.006084375001233822,-0.00943372774787865,75.611850278945,24.103939694326485,0.008488254425197692,1.066473172053237,0.02364966158585058,3,0
2017-12-29,6355.65380859375,-0.0025828995913532715,0.006589738311301607,0.005875400622015192,0.009026159214199359,0.012097454496280857,77.86422172119222,27.478807670956627,0.008440334790563584,1.1906501551040976,0.03967312764503084,4,0
2018-01-02,6339.23779296875,-0.013843744615455011,-0.0025828995913532715,0.006589738311301607,0.005875400622015192,0.006084375001233822,74.92413959873838,26.69728014082586,0.009207814735412866,1.0082193877595391,0.024992773557396708,1,0
2018-01-03,6251.47900390625,0.006533141493313854,-0.013843744615455011,-0.0025828995913532715,0.006589738311301607,0.009026159214199359,61.54516059669959,18.737795761563262,0.010058339180878223,0.9018232954962262,0.005064653940707875,2,0
2018-01-04,6292.32080078125,0.009760626346303702,0.006533141493313854,-0.013843744615455011,-0.0025828995913532715,0.005875400622015192,64.70398700964276,14.860838146289211,0.00994201920808343,1.0739717535567894,0.002571636219822371,3,0
2018-01-05,6353.73779296875,0.004983840482061241,0.009760626346303702,0.006533141493313854,-0.013843744615455011,0.006589738311301607,68.84806712782544,15.025155780819567,0.009985939056222736,1.3660834690238255,0.006456861944110881,4,0
2018-01-08,6385.40380859375,-0.0019199671614347213,0.004983840482061241,0.009760626346303702,0.006533141493313854,-0.0025828995913532715,70.75462193348602,15.780969457677486,0.009633424930158625,1.208417530010975,0.004850964114870515,0,0
2018-01-09,6373.14404296875,-0.00030914330987441563,-0.0019199671614347213,0.004983840482061241,0.009760626346303702,-0.013843744615455011,68.99406743312187,14.028691630523326,0.009539855635222807,1.1926236303301516,0.005513896544789065,1,0
2018-01-10,6371.173828125,0.0023802582493597235,-0.00030914330987441563,-0.0019199671614347213,0.004983840482061241,0.006533141493313854,68.69822784066501,11.42092880431683,0.009498080804803502,1.228459692878502,0.01904849785036966,2,0
2018-01-11,6386.3388671875,-0.0025482402546573857,0.0023802582493597235,-0.00030914330987441563,-0.0019199671614347213,0.009760626346303702,69.77261247976598,9.481169056934007,0.009271798256710775,1.951860786080604,0.01489561460641553,3,0
2018-01-12,6370.06494140625,0.0019042008086376239,-0.0025482402546573857,0.0023802582493597235,-0.00030914330987441563,0.004983840482061241,67.11056828107908,6.033815317949447,0.009184810666925334,1.3973197708070733,0.0025867480054544423,4,0
2018-01-15,6382.19482421875,0.00744212165574476,0.0019042008086376239,-0.0025482402546573857,0.0023802582493597235,-0.0019199671614347213,68.08788389731701,3.621159273808985,0.008840232688945219,1.171710932969763,-0.0004928916679691753,0,0
2018-01-16,6429.69189453125,0.002305891498099566,0.00744212165574476,0.0019042008086376239,-0.0025482402546573857,-0.00030914330987441563,71.64139904463494,4.232305043511502,0.008685630262826614,1.2887554828070273,0.008869197149210306,1,0
2018-01-17,6444.51806640625,0.004367735326164857,0.002305891498099566,0.00744212165574476,0.0019042008086376239,0.0023802582493597235,72.66463169294796,4.612047245829956,0.008406301005707575,1.3332241327468097,0.011484231957184288,2,0
2018-01-18,6472.666015625,0.002816456221399699,0.004367735326164857,0.002305891498099566,0.00744212165574476,-0.0025482402546573857,74.5426716301894,5.666496380786924,0.008199538511057338,1.6355392770017376,0.01347170903398942,3,0
2018-01-19,6490.89599609375,0.0014840497376320538,0.002816456221399699,0.004367735326164857,0.002305891498099566,0.0019042008086376239,75.70676898308768,6.44270609692019,0.008119433702098862,1.0160700727195824,0.018836405510046506,4,0
2018-01-22,6500.52880859375,0.020737570703945885,0.0014840497376320538,0.002816456221399699,0.004367735326164857,0.00744212165574476,76.32287718590618,6.44049513414798,0.00802364695268201,1.2441130056397127,0.018416254439040936,0,0
2018-01-23,6635.333984375,-0.002990323760902469,0.020737570703945885,0.0014840497376320538,0.002816456221399699,0.002305891498099566,82.87018246695915,13.924029680630667,0.008750323902868411,1.1800211167248749,0.03171170348724206,1,0
2018-01-24,6615.4921875,-2.4799742082692866e-05,-0.002990323760902469,0.020737570703945885,0.0014840497376320538,0.004367735326164857,79.39033341299805,15.806241050863576,0.00871703883044704,1.5283489701744883,0.026415488228240025,2,0
2018-01-25,6615.328125,0.006846227157099705,-2.4799742082692866e-05,-0.002990323760902469,0.020737570703945885,0.002816456221399699,79.36065911962214,15.298744356058762,0.008687514386359169,1.5273127485205538,0.022022953159992475,3,0
2018-01-26,6660.6181640625,0.0030028709152576383,0.006846227157099705,-2.4799742082692866e-05,-0.002990323760902469,0.0014840497376320538,81.42473574014082,16.185934397413106,0.008677422203808982,1.2482370753972807,0.02605272409569248,4,0
2018-01-29,6680.619140625,-0.01573610932042524,0.0030028709152576383,0.006846227157099705,-2.4799742082692866e-05,0.020737570703945885,82.26810604452238,16.249999189981622,0.008583677594620738,1.1833033968451798,0.027571545273318065,0,0
2018-01-30,6575.4921875,0.004583485314193503,-0.01573610932042524,0.0030028709152576383,0.006846227157099705,-0.002990323760902469,65.44804577645505,7.772377454718935,0.009553318490586967,1.1587317013973344,-0.008902134751053059,1,0
2018-01-31,6605.630859375,-0.0010857214326200904,0.004583485314193503,-0.01573610932042524,0.0030028709152576383,-2.4799742082692866e-05,67.49958431740043,3.000024385674976,0.009967738910323919,1.2716739568033848,-0.0013283256759570872,2,1
2018-02-01,6598.458984375,0.004601201570797686,-0.0010857214326200904,0.004583485314193503,-0.01573610932042524,0.006846227157099705,66.48790470974262,-1.5876730322872845,0.009919844483980903,1.292644955463807,-0.0023892473664944847,3,0
2018-02-02,6628.81982421875,-0.005905277344879889,0.004601201570797686,-0.0010857214326200904,0.004583485314193503,0.0030028709152576383,68.63130877330828,-3.420268380009844,0.009784953787723857,0.9442102630790845,-0.004634272952796503,4,0
2018-02-05,6589.6748046875,-0.016864540243844428,-0.005905277344879889,0.004601201570797686,-0.0010857214326200904,-0.01573610932042524,63.03346154898992,-7.857857532419004,0.01029196620794232,1.028333908691161,-0.01354242121293403,0,0
2018-02-06,6478.54296875,0.008694265384469269,-0.016864540243844428,-0.005905277344879889,0.004601201570797686,0.004583485314193503,50.45216899985921,-18.271701380271367,0.011516918066687283,1.4120978749452437,-0.014670852136353218,1,0
2018-02-07,6534.869140625,0.0014942377922759764,0.008694265384469269,-0.016864540243844428,-0.005905277344879889,-0.0010857214326200904,55.31988079575618,-21.157011239784453,0.011738515666850672,1.162745485656733,-0.010560072066077453,2,0
2018-02-08,6544.6337890625,-0.005976016551011987,0.0014942377922759764,0.008694265384469269,-0.016864540243844428,0.004601201570797686,56.12461454116901,-22.095555678096233,0.011212136574055861,1.0604085401411587,-0.007980112841181386,3,0
2018-02-09,6505.52294921875,0.0027562968394267973,-0.005976016551011987,0.0014942377922759764,0.008694265384469269,-0.005905277344879889,52.078643524375494,-24.833464454381343,0.011396053048969472,0.949324409680904,-0.01855733096299106,4,0
2018-02-12,6523.4541015625,0.008388825956580748,0.0027562968394267973,-0.005976016551011987,0.0014942377922759764,-0.016864540243844428,53.72568720047584,-24.85876706629881,0.010912894951523438,1.1534141797828663,-0.009895756778684373,0,0
2018-02-13,6578.17822265625,0.002466132065885196,0.008388825956580748,0.0027562968394267973,-0.005976016551011987,0.008694265384469269,58.422367971942734,-20.777834812479426,0.01083570624465786,0.9888747612506839,0.015357609421740803,1,0
2018-02-14,6594.40087890625,-0.000427460766794896,0.002466132065885196,0.008388825956580748,0.0027562968394267973,0.0014942377922759764,59.7273051661957,-16.746839959397846,0.010327394386986384,0.7442164474956208,0.00912947610315673,2,0
2018-02-15,6591.58203125,0.014822705332618202,-0.000427460766794896,0.002466132065885196,0.008388825956580748,-0.005976016551011987,59.37857145914704,-14.135471171817109,0.010042891889183087,0.8356613505708338,0.007207777544085858,3,0
2018-02-19,6689.287109375,-0.00394827316882318,0.014822705332618202,-0.000427460766794896,0.002466132065885196,0.0027562968394267973,66.64762662268349,-6.103369067041321,0.010232631848475622,0.9340326574865002,0.028006499427716047,0,0
2018-02-20,6662.8759765625,-0.002923073202511839,-0.00394827316882318,0.014822705332618202,-0.000427460766794896,0.008388825956580748,63.34767171129924,-3.001608212098141,0.01026541687668985,1.2245921859087094,0.02130192941946607,1,0
2018-02-21,6643.39990234375,-0.0075774218758440925,-0.002923073202511839,-0.00394827316882318,0.014822705332618202,0.002466132065885196,60.9510282574303,-2.7032686552293583,0.010115547406659226,1.6241994904926786,0.009990030260373484,2,0
2018-02-22,6593.06005859375,0.004056407857249811,-0.0075774218758440925,-0.002923073202511839,-0.00394827316882318,-0.000427460766794896,55.14385212444101,-6.141191081263294,0.010141205364276849,0.974363930676491,-5.3523681355804875e-05,3,0
2018-02-23,6619.80419921875,-0.009838863159115308,0.004056407857249811,-0.0075774218758440925,-0.002923073202511839,0.014822705332618202,57.462614385609996,-6.807391743009255,0.010093108843839998,0.8641647635564567,0.004430344942688902,4,0
2018-02-26,6554.6728515625,0.006751355969955242,-0.009838863159115308,0.004056407857249811,-0.0075774218758440925,-0.00394827316882318,50.60220835922941,-11.54917116197904,0.01022100072953817,0.9033926237059305,-0.020231223549044608,0,0
2018-02-27,6598.92578125,-0.00025883118997227506,0.006751355969955242,-0.009838863159115308,0.004056407857249811,-0.002923073202511839,54.57079799063999,-11.589900540638496,0.00990628808380186,0.9859393567702089,-0.009531594410266186,1,0
2018-02-28,6597.2177734375,0.0013392689952307357,-0.00025883118997227506,0.006751355969955242,-0.009838863159115308,-0.0075774218758440925,54.38917382598187,-11.58867165756483,0.00968745011211379,0.895122204264077,-0.006867352397726623,2,1
2018-03-01,6606.05322265625,-0.003593265734839979,0.0013392689952307357,-0.00025883118997227506,0.006751355969955242,0.004056407857249811,55.219456830259695,-10.861936845833199,0.009343050787550444,0.8598153255227833,0.0020493384733482056,3,0
2018-03-02,6582.31591796875,-0.004819450316058238,-0.003593265734839979,0.0013392689952307357,-0.00025883118997227506,-0.009838863159115308,52.45667602927033,-11.772526120297094,0.009195387972437711,0.7798775486438635,-0.005600335118741584,4,0
2018-03-05,6550.5927734375,-0.007706468000644673,-0.004819450316058238,-0.003593265734839979,0.0013392689952307357,0.006751355969955242,48.93307811962226,-14.144429491389268,0.009272380462983697,0.7404275404301495,-0.0005809222756845145,0,0
2018-03-06,6500.11083984375,-0.020283307969432895,-0.007706468000644673,-0.004819450316058238,-0.003593265734839979,-0.00025883118997227506,43.8816626997661,-18.472821211874745,0.009740324778023871,0.7475465676218009,-0.015038746246284429,1,0
2018-03-07,6368.26708984375,0.011738500473577718,-0.020283307969432895,-0.007706468000644673,-0.004819450316058238,0.0013392689952307357,34.00761934267243,-28.950818230765744,0.01114111813274232,1.0594005830225768,-0.03506322302574505,2,0
2018-03-08,6443.02099609375,-0.0015053836943694776,0.011738500473577718,-0.020283307969432895,-0.007706468000644673,-0.003593265734839979,41.97936542931977,-29.48343025226811,0.011054452785053308,0.8644635086065915,-0.024663991547398068,3,0
2018-03-09,6433.32177734375,0.01047114696636764,-0.0015053836943694776,0.011738500473577718,-0.020283307969432895,-0.004819450316058238,41.28255636711883,-29.076949667438367,0.011125674575068958,0.7406838323073716,-0.022576109506927566,4,0
2018-03-12,6500.68603515625,-0.013512395964818902,0.01047114696636764,-0.0015053836943694776,0.011738500473577718,-0.007706468000644673,47.76736699310522,-23.1188891242993,0.010964115735793112,0.7741034031696254,-0.007285512224501689,0,0
2018-03-13,6412.84619140625,-0.0047129065050323105,-0.013512395964818902,0.01047114696636764,-0.0015053836943694776,-0.020283307969432895,41.35389390950153,-23.845607746023006,0.011453631820424966,0.8551798230775952,-0.013091440188675918,1,0
2018-03-14,6382.623046875,-0.009513210765435764,-0.0047129065050323105,-0.013512395964818902,0.01047114696636764,0.011738500473577718,39.394033241456434,-24.992808547042475,0.011236650491981566,0.9005925401579602,0.002478961275724667,2,0
2018-03-15,6321.90380859375,-0.0026814169701865342,-0.009513210765435764,-0.0047129065050323105,-0.013512395964818902,-0.0015053836943694776,35.73035389810559,-28.23264706278758,0.011284621050129484,0.8559161549481352,-0.018772749963288815,3,0
2018-03-16,6304.9521484375,-0.0024394112328928186,-0.0026814169701865342,-0.009513210765435764,-0.0047129065050323105,0.01047114696636764,34.75846155531866,-29.756780167991295,0.011555248537692044,0.918172923532609,-0.01994878323910587,4,0
2018-03-19,6289.57177734375,-0.007312839495994261,-0.0024394112328928186,-0.0026814169701865342,-0.009513210765435764,-0.013512395964818902,33.8585729496111,-29.957547066387416,0.011231877822449362,0.8156340306170756,-0.03285934143836633,0,0
2018-03-20,6243.5771484375,0.01109202378757046,-0.007312839495994261,-0.0024394112328928186,-0.0026814169701865342,-0.0047129065050323105,31.252769225007796,-31.203780235207347,0.011449159302471102,0.8280912377394589,-0.02665978496954169,1,0
2018-03-21,6312.8310546875,-0.00930752548713798,0.01109202378757046,-0.007312839495994261,-0.0024394112328928186,-0.009513210765435764,38.88017719146028,-25.61394980715879,0.01132362643061611,1.016878178826218,-0.010854854676938919,2,0
2018-03-22,6254.07421875,-0.006935635082880309,-0.00930752548713798,0.01109202378757046,-0.007312839495994261,-0.0026814169701865342,35.30156575775575,-24.143402438137798,0.01173665585763259,0.9001591070844174,-0.010649169398641134,3,0
2018-03-23,6210.6982421875,-0.001694876610812801,-0.006935635082880309,-0.00930752548713798,0.01109202378757046,-0.0024394112328928186,32.89451450013253,-24.295232199105477,0.012916583788235847,0.88109717851336,-0.014903387511334909,4,0
2018-03-26,6200.171875,0.0014803174559172572,-0.001694876610812801,-0.006935635082880309,-0.00930752548713798,-0.007312839495994261,32.318600222101864,-23.304218271286913,0.012513851595820606,0.7402551418932339,-0.014158852889254891,0,0
2018-03-27,6209.35009765625,-0.011033873515943426,0.0014803174559172572,-0.001694876610812801,-0.006935635082880309,0.01109202378757046,33.41327912968994,-20.33822672985616,0.012588565170936013,0.86290053273491,-0.005365695937343373,1,0
2018-03-28,6140.8369140625,0.00784093487867854,-0.011033873515943426,0.0014803174559172572,-0.001694876610812801,-0.00930752548713798,29.56869148067861,-21.201568772425162,0.012895303720639956,0.7646696032172302,-0.02749159324085726,2,0
2018-03-29,6188.98681640625,0.008334802756124304,0.00784093487867854,-0.011033873515943426,0.0014803174559172572,-0.006935635082880309,35.21077365776951,-16.92631684028892,0.012887698228986716,0.7517615639314047,-0.01034313287504074,3,0
2018-04-02,6240.57080078125,-0.0018520128296682925,0.008334802756124304,0.00784093487867854,-0.011033873515943426,-0.001694876610812801,40.69215423689421,-9.396675934204097,0.012694592907118087,0.7605495520617747,0.004927304963963874,0,0
2018-04-03,6229.01318359375,-0.011545487233341922,-0.0018520128296682925,0.008334802756124304,0.00784093487867854,0.0014803174559172572,39.87808827191344,-4.2300958618960465,0.012250524151546175,0.8052500521619415,0.004770168745108383,1,0
2018-04-04,6157.09619140625,0.004244023247756301,-0.011545487233341922,-0.0018520128296682925,0.008334802756124304,-0.011033873515943426,35.16402517306501,-4.657830262727543,0.012819038853876006,0.9509720611603489,-0.008255635944150796,2,0
2018-04-05,6183.22705078125,-0.0013221725324993328,0.004244023247756301,-0.011545487233341922,-0.0018520128296682925,0.00784093487867854,38.030486005020876,-2.301749084941463,0.012485847512819136,0.8369654962225304,0.007022260819548931,3,0
2018-04-06,6175.0517578125,0.011510689197474777,-0.0013221725324993328,0.004244023247756301,-0.011545487233341922,0.008334802756124304,37.472305459202765,-0.5084282479182747,0.01192418651557746,0.8198364592561149,-0.002140846591628942,4,0
2018-04-09,6246.130859375,0.012757819762796885,0.011510689197474777,-0.0013221725324993328,0.004244023247756301,-0.0018520128296682925,45.026979163348,5.897145585485916,0.011759293421103607,0.8886447597239066,0.0010350398497215307,0,0
2018-04-10,6325.81787109375,0.005550943534583297,0.012757819762796885,0.011510689197474777,-0.0013221725324993328,-0.011545487233341922,52.02518762215461,15.393695406640958,0.01181463632677889,0.8913208049343596,0.015644872442186708,1,0
2018-04-11,6360.93212890625,-0.00788097877446925,0.005550943534583297,0.012757819762796885,0.011510689197474777,0.004244023247756301,54.75829605114537,23.45016989096092,0.011522572489952334,1.0218012422316627,0.03274130321011193,2,0
2018-04-12,6310.8017578125,-0.006413544733027687,-0.00788097877446925,0.005550943534583297,0.012757819762796885,-0.0013221725324993328,50.34837192187164,24.68813859742236,0.011588908746525876,0.9287639361247035,0.020616301187886377,3,0
2018-04-13,6270.3271484375,0.0026188264262403393,-0.006413544733027687,-0.00788097877446925,0.005550943534583297,0.011510689197474777,47.05349278211765,22.147442507001223,0.011569650418521966,0.8103044881028036,0.015524928987358022,4,0
2018-04-16,6286.748046875,-0.00015681236728426473,0.0026188264262403393,-0.006413544733027687,-0.00788097877446925,0.012757819762796885,48.5252864429157,20.951999903031755,0.011201378284244662,0.8473156645180246,0.006633066216123584,0,0
2018-04-17,6285.76220703125,0.0054476568876478115,-0.00015681236728426473,0.0026188264262403393,-0.006413544733027687,0.005550943534583297,48.43823178199834,19.503791981426218,0.01090720750000525,1.3211992144754634,-0.006281565913957565,1,0
2018-04-18,6320.0048828125,0.005679741829214491,0.0054476568876478115,-0.00015681236728426473,0.0026188264262403393,-0.00788097877446925,51.68080381137875,20.176821587718905,0.010460255715030035,1.1715611241897612,-0.006384852560893051,2,0
2018-04-19,6355.90087890625,-0.0028644333878650174,0.005679741829214491,0.0054476568876478115,-0.00015681236728426473,-0.006413544733027687,54.883806335215496,22.203644439344316,0.010066460821492502,1.1151381984803266,0.00717586804279069,3,0
2018-04-20,6337.69482421875,-0.004662085477371014,-0.0028644333878650174,0.005679741829214491,0.0054476568876478115,0.0026188264262403393,52.96606595074618,21.469476181145,0.009894002103470523,0.9065819722100833,0.01072497938795336,4,0
2018-04-23,6308.14794921875,-0.012446312963137363,-0.004662085477371014,-0.0028644333878650174,0.005679741829214491,-0.00015681236728426473,49.91761102123815,18.270580560681122,0.009675503150087987,0.9451785744041693,0.003444067484342006,0,0
2018-04-24,6229.634765625,-0.024043892395627875,-0.012446312963137363,-0.004662085477371014,-0.0028644333878650174,0.0054476568876478115,42.85871306248842,10.527975204517894,0.010142807911804058,0.8946194281689537,-0.008845433111511092,1,0
2018-04-25,6079.85009765625,-0.02806843141322435,-0.024043892395627875,-0.012446312963137363,-0.004662085477371014,0.005679741829214491,33.21013682085744,-4.229034235589761,0.011516526665564469,0.8990139995047082,-0.03833698239478678,2,0
2018-04-26,5909.1982421875,0.0016989700412441966,-0.02806843141322435,-0.024043892395627875,-0.012446312963137363,-0.0028644333878650174,26.02230111568575,-23.931005776498008,0.013359127456062285,1.0374414558012477,-0.07208515563722562,3,0
2018-04-27,5919.23779296875,0.01273093335843245,0.0016989700412441966,-0.02806843141322435,-0.024043892395627875,-0.004662085477371014,27.022995492293376,-34.11372683650056,0.01373731046548103,0.848400550980753,-0.0675217522081164,4,0
2018-04-30,5994.59521484375,0.0029430808074102366,0.01273093335843245,0.0016989700412441966,-0.02806843141322435,-0.012446312963137363,34.21610481541771,-33.54998502678103,0.013628090530407267,0.9101266711325794,-0.05012873337231294,0,1
2018-05-02,6012.23779296875,-0.02553223353116929,0.0029430808074102366,0.01273093335843245,0.0016989700412441966,-0.024043892395627875,35.8112859464846,-29.88688005449326,0.013122919318324917,1.0378282621266466,-0.03473933960176534,2,0
2018-05-03,5858.73193359375,-0.011331243603985519,-0.02553223353116929,0.0029430808074102366,0.01273093335843245,-0.02806843141322435,29.18092633079509,-35.32735551434667,0.014376359472332283,0.9437328748744752,-0.036227680737306756,3,0
2018-05-04,5792.34521484375,0.016013018258961287,-0.011331243603985519,-0.02553223353116929,0.0029430808074102366,0.0016989700412441966,26.86440981208125,-40.548321892143406,0.014616608803134893,0.8151420080609104,-0.019490492928067926,4,0
2018-05-07,5885.09814453125,-0.018756241868510437,0.016013018258961287,-0.011331243603985519,-0.02553223353116929,0.01273093335843245,34.66798302617846,-35.10967413342354,0.014484413163240612,0.8267907476133571,-0.005176444710350836,0,0
2018-05-08,5774.7158203125,0.023069908912251913,-0.018756241868510437,0.016013018258961287,-0.011331243603985519,0.0029430808074102366,30.49750673628138,-36.15848494142733,0.015343313745277332,0.908916686855627,-0.03666361993729372,1,0
2018-05-09,5907.93798828125,0.008275991228366752,0.023069908912251913,-0.018756241868510437,0.016013018258961287,-0.02553223353116929,39.895323837234685,-25.589846612276418,0.016358299837954216,1.040103805913447,-0.016536791832452047,2,0
2018-05-11,5956.83203125,-0.0016245625263533459,0.008275991228366752,0.023069908912251913,-0.018756241868510437,-0.011331243603985519,42.944538258473195,-13.616941211308728,0.01644537486682015,1.052786416611197,0.017271432927083996,4,0
2018-05-14,5947.15478515625,-0.018334578156752213,-0.0016245625263533459,0.008275991228366752,0.023069908912251913,0.016013018258961287,42.48513169958304,-5.098354971621404,0.016537360915683627,0.8922038505599753,0.02697811400471617,0,0
2018-05-15,5838.1162109375,0.0005734137740747158,-0.018334578156752213,-0.0016245625263533459,0.008275991228366752,-0.018756241868510437,37.60384248077146,-5.520815080408866,0.017031829588034147,1.0168791018942442,-0.00736948241099733,1,0
2018-05-16,5841.4638671875,-0.004372867125992941,0.0005734137740747158,-0.018334578156752213,-0.0016245625263533459,0.023069908912251913,37.839974094137865,-4.34039403847828,0.017064278741646982,0.9780437053078672,0.011960173231587823,2,0
2018-05-17,5815.919921875,-0.005607000048022837,-0.004372867125992941,0.0005734137740747158,-0.018334578156752213,0.008275991228366752,36.69872851334364,-4.051099645502461,0.016926725364632297,1.076763422143282,-0.015482602806657031,3,0
2018-05-18,5783.31005859375,-0.008551513611830375,-0.005607000048022837,-0.004372867125992941,0.0005734137740747158,-0.0016245625263533459,35.23762626471364,-4.777208564163573,0.01654909101843257,0.9044460392481982,-0.02936559408304662,4,0
2018-05-21,5733.85400390625,0.0030110876047746427,-0.008551513611830375,-0.005607000048022837,-0.004372867125992941,-0.018334578156752213,33.086175862850624,-7.165885132696673,0.01633315335610319,1.0480916441760326,-0.03629254516852365,0,0
2018-05-22,5751.119140625,0.007108500960920416,0.0030110876047746427,-0.008551513611830375,-0.005607000048022837,0.0005734137740747158,34.587656173657365,-6.1970854576539836,0.016109288365972536,1.1024370749475643,-0.014946879406996794,1,0
2018-05-23,5792.0009765625,0.026681126263676136,0.007108500960920416,0.0030110876047746427,-0.008551513611830375,-0.004372867125992941,38.12798116305291,-1.6533838155687306,0.016079116252311464,0.9928592448161278,-0.008411792220151093,2,0
2018-05-24,5946.5380859375,0.004911109815568526,0.026681126263676136,0.007108500960920416,0.0030110876047746427,-0.005607000048022837,49.29887854042768,12.149791201411091,0.016492194408236575,1.1583005640674418,0.022642201169517984,3,0
2018-05-25,5975.7421875,0.015493139581249649,0.004911109815568526,0.026681126263676136,0.007108500960920416,-0.008551513611830375,51.095826291726176,23.006887911276152,0.015917150911437493,0.9502974614447646,0.033160311033109346,4,0
2018-05-28,6068.3251953125,-0.009437533040498325,0.015493139581249649,0.004911109815568526,0.026681126263676136,0.0030110876047746427,56.37456075150544,35.44054924405954,0.01578786895123684,1.0821815373950319,0.05720496422618937,0,0
2018-05-30,6011.05517578125,-0.004569623953781132,-0.009437533040498325,0.015493139581249649,0.004911109815568526,0.007108500960920416,52.59282549334573,38.5665313649438,0.015917140837037318,1.2263104226615018,0.0447563435809164,2,0
2018-05-31,5983.5869140625,0.005219600557710535,-0.004569623953781132,-0.009437533040498325,0.015493139581249649,0.026681126263676136,50.831540040361205,37.508748962369665,0.016283060295342867,1.4268244404185848,0.033078218666214854,3,1
2018-06-04,6014.81884765625,0.012298157813193988,0.005219600557710535,-0.004569623953781132,-0.009437533040498325,0.004911109815568526,52.76835741897916,37.54473401528479,0.01562819462926677,1.1998426617637592,0.011616692960249253,0,0
2018-06-05,6088.7900390625,-0.0031331591851765372,0.012298157813193988,0.005219600557710535,-0.004569623953781132,0.015493139581249649,57.08060857546551,40.906332467121494,0.01520336151745741,1.0875846296552567,0.019003740957874715,1,0
2018-06-06,6069.712890625,0.006093426860375173,-0.0031331591851765372,0.012298157813193988,0.005219600557710535,-0.009437533040498325,55.668982062315536,40.14477894680967,0.014554691419294358,1.0331861757306662,0.0003774421914485293,2,0
2018-06-07,6106.6982421875,-0.01851594504561538,0.006093426860375173,-0.0031331591851765372,0.012298157813193988,-0.004569623953781132,57.84556614357409,40.325115249127265,0.013979691328764154,0.9165658175686519,0.015908402092322027,3,0
2018-06-08,5993.626953125,-0.018284069309295603,-0.01851594504561538,0.006093426860375173,-0.0031331591851765372,0.005219600557710535,49.796047783287904,31.418182978273922,0.014648606693482101,0.8118772338922001,0.001962081000487781,4,0
2018-06-20,5884.0390625,-0.010487023289964759,-0.018284069309295603,-0.01851594504561538,0.006093426860375173,0.012298157813193988,43.48077640906506,17.433136879225042,0.015791750535782103,0.9423527904367982,-0.021541588866518357,2,0
2018-06-21,5822.3330078125,-8.948235922801029e-05,-0.010487023289964759,-0.018284069309295603,-0.01851594504561538,-0.0031331591851765372,40.37573444982223,4.014319901304802,0.01613491193434595,0.7848938809120313,-0.044326769969677104,3,0
2018-06-22,5821.81201171875,0.006401958019037313,-8.948235922801029e-05,-0.010487023289964759,-0.018284069309295603,0.006093426860375173,40.349534522738175,-4.450621020715893,0.015596856085620201,0.8956366561933046,-0.04128309314372858,4,0
2018-06-25,5859.0830078125,-0.005706367700657133,0.006401958019037313,-8.948235922801029e-05,-0.010487023289964759,-0.01851594504561538,43.18960222740997,-6.94488169464633,0.015486494912194152,0.8434770348439841,-0.04097456198506644,0,0
2018-06-26,5825.64892578125,-0.0065395578164952894,-0.005706367700657133,0.006401958019037313,-8.948235922801029e-05,-0.018284069309295603,41.29041746372069,-10.06248651006996,0.015165223179249017,0.9089633259448889,-0.028164984640108193,1,0
2018-06-27,5787.5517578125,-0.020774399122038045,-0.0065395578164952894,-0.005706367700657133,0.006401958019037313,-0.010487023289964759,39.176437223551986,-13.68201416969973,0.015063928585891968,0.8627100804856392,-0.01642047314730788,2,0
2018-06-28,5667.31884765625,0.02327696258073697,-0.020774399122038045,-0.0065395578164952894,-0.005706367700657133,-8.948235922801029e-05,33.369846586232285,-22.636922827770356,0.016053494046955587,0.929434533395985,-0.026707848979381166,3,0
2018-06-29,5799.23681640625,-0.009047189921020271,0.02327696258073697,-0.020774399122038045,-0.0065395578164952894,0.006401958019037313,43.2997792039848,-18.32323967554437,0.016192542870596963,1.0097204959440491,-0.003341404039416185,4,0
2018-07-02,5746.77001953125,-0.019634161003314943,-0.009047189921020271,0.02327696258073697,-0.020774399122038045,-0.005706367700657133,40.701694773140446,-17.644433246952083,0.016235321555305805,0.7536073387499476,-0.01879055197947377,0,0
2018-07-03,5633.93701171875,0.01769670981945959,-0.019634161003314943,-0.009047189921020271,0.02327696258073697,-0.0065395578164952894,35.735700886321936,-23.09169660721546,0.016927091505456137,0.7843514649252251,-0.03271834528213158,1,0
2018-07-04,5733.63916015625,0.000992889670021535,0.01769670981945959,-0.019634161003314943,-0.009047189921020271,-0.020774399122038045,42.420862039763506,-18.476979484382902,0.017704136829515722,0.9069244979169014,-0.0084820776461767,2,0
2018-07-05,5739.33203125,-0.007739563007182482,0.000992889670021535,0.01769670981945959,-0.019634161003314943,0.02327696258073697,42.786835499482095,-13.754858708249664,0.017090077351215354,0.8321062998261307,0.01328521114588288,3,0
2018-07-06,5694.912109375,0.01974795896144954,-0.007739563007182482,0.000992889670021535,0.01769670981945959,-0.009047189921020271,40.61749040852411,-12.379692046327165,0.01660079454814978,0.758052797089158,-0.017731314442036572,4,0
2018-07-09,5807.375,0.012808672700660884,0.01974795896144954,-0.007739563007182482,0.000992889670021535,-0.019634161003314943,47.82954835395091,-3.134309481467625,0.0165990353969406,0.8803481301805285,0.01106383444043324,0,0
2018-07-10,5881.759765625,0.001972049447095614,0.012808672700660884,0.01974795896144954,-0.007739563007182482,0.01769670981945959,51.98340460749547,8.136400453872035,0.016204776996504296,0.9279351617366426,0.043506668144409066,1,0
2018-07-11,5893.35888671875,0.002462633597023478,0.001972049447095614,0.012808672700660884,0.01974795896144954,0.000992889670021535,52.61694699051182,16.060339451411153,0.01592917641855394,1.0916180326201137,0.027782007772045092,2,0
2018-07-12,5907.8720703125,0.006127781374857255,0.002462633597023478,0.001972049447095614,0.012808672700660884,-0.007739563007182482,53.44465311295872,21.6205651856109,0.015461970472623114,1.0099379539927449,0.029251751699047035,3,0
2018-07-13,5944.07421875,-0.006547027206060707,0.006127781374857255,0.002462633597023478,0.001972049447095614,0.01974795896144954,55.531368557837645,26.7426464437632,0.014912574676102698,0.9835334878486388,0.04311909608108677,4,0
2018-07-16,5905.158203125,-0.0073919087556197915,-0.006547027206060707,0.006127781374857255,0.002462633597023478,0.012808672700660884,52.792059844553926,26.466781627741973,0.01526262379384132,0.8447634272360045,0.016824109913576524,0,0
2018-07-17,5861.5078125,0.004985601907572246,-0.0073919087556197915,-0.006547027206060707,0.006127781374857255,0.001972049447095614,49.823271141575546,22.459590176376885,0.015060579927391671,0.9553380524624446,-0.0033764715427041514,1,0
2018-07-18,5890.73095703125,-0.003336395557208549,0.004985601907572246,-0.0073919087556197915,-0.006547027206060707,0.002462633597023478,51.77840175666689,20.923167893923534,0.014408688749569416,1.2477959494473847,-0.0003629190822275197,2,0
2018-07-19,5871.0771484375,0.00029075265182876286,-0.003336395557208549,0.004985601907572246,-0.0073919087556197915,0.006127781374857255,50.357251782834275,17.849016559740562,0.014200318887434796,1.1021387674503096,-0.006161948236459547,3,0
2018-07-20,5872.7841796875,0.007323905907996142,0.00029075265182876286,-0.003336395557208549,0.004985601907572246,-0.006547027206060707,50.48437152373169,15.294715916214138,0.01368940376016011,1.0074736281022427,-0.011998976959488039,4,0
2018-07-23,5915.7958984375,0.0027123820214518535,0.007323905907996142,0.00029075265182876286,-0.003336395557208549,-0.0073919087556197915,53.70140100898347,15.801257184518256,0.013286821987703977,0.9350917835206443,0.0018719561545688101,0,0
2018-07-24,5931.841796875,0.00034514799135876295,0.0027123820214518535,0.007323905907996142,0.00029075265182876286,0.004985601907572246,54.879147891824466,16.442811217831974,0.012666288222518593,1.0691209704087523,0.011976246931640455,1,0
2018-07-25,5933.88916015625,0.002063919628754407,0.00034514799135876295,0.0027123820214518535,0.007323905907996142,-0.003336395557208549,55.036314964966415,16.20452701073148,0.012050025146829166,1.47716662321966,0.007335793015426972,2,0
2018-07-26,5946.13623046875,0.0072315867537078304,0.002063919628754407,0.00034514799135876295,0.0027123820214518535,0.00029075265182876286,56.02311847786282,16.041256571183858,0.011632977041436898,1.4188595449170744,0.012736108201389928,3,0
2018-07-27,5989.13623046875,0.006478364023531968,0.0072315867537078304,0.002063919628754407,0.00034514799135876295,0.007323905907996142,59.392827982084185,17.859581073780152,0.011272117393932676,1.1286719638691123,0.019676942303268996,4,0
2018-07-30,6027.93603515625,-0.015178190931173119,0.006478364023531968,0.0072315867537078304,0.002063919628754407,0.0027123820214518535,62.20684638491598,20.51585907086225,0.010859355580393288,1.2167644883509399,0.018831400418804822,0,0
2018-07-31,5936.44287109375,0.01633572095689728,-0.015178190931173119,0.006478364023531968,0.0072315867537078304,0.00034514799135876295,52.897792804010784,15.196350932286997,0.011651767592520842,1.4150376284124768,0.0009408274661798499,1,1
2018-08-01,6033.4189453125,-0.003595938054012593,0.01633572095689728,-0.015178190931173119,0.006478364023531968,0.002063919628754407,59.769753597672945,17.149662898154354,0.011807053947052783,0.9762117937395887,0.01693140043171837,2,0
2018-08-02,6011.72314453125,-0.0006961495885846603,-0.003595938054012593,0.01633572095689728,-0.015178190931173119,0.0072315867537078304,57.74014157133222,15.946592392472933,0.011518250797361306,1.2427069021643966,0.011271542748951369,3,0
2018-08-03,6007.5380859375,0.015579222653050229,-0.0006961495885846603,-0.003595938054012593,0.01633572095689728,0.006478364023531968,57.335689426381634,13.909378595197115,0.011052912302455647,0.9059634134970137,0.003343806406658878,4,0
2018-08-06,6101.130859375,-0.001619512776031895,0.015579222653050229,-0.0006961495885846603,-0.003595938054012593,-0.015178190931173119,63.49421134296372,17.664384582373046,0.011218192749557416,1.0373077426707424,0.012444665036177138,0,0
2018-08-07,6091.25,0.0005875808023805273,-0.001619512776031895,0.015579222653050229,-0.0006961495885846603,0.01633572095689728,62.46900001087555,18.20929187937746,0.010838484196750505,0.9395985495585921,0.026003343191318362,1,0
2018-08-08,6094.8291015625,-0.004852185630589423,0.0005875808023805273,-0.001619512776031895,0.015579222653050229,-0.003595938054012593,62.703912725995586,17.531087168956297,0.010476305687240747,1.0060969349500566,0.010255203036801608,2,0
2018-08-09,6065.255859375,0.0019647962862243684,-0.004852185630589423,0.0005875808023805273,-0.001619512776031895,-0.0006961495885846603,59.39578971398827,13.966150137461284,0.010371906482405878,0.96627219645306,0.008998955460224778,3,0
2018-08-10,6077.1728515625,-0.03553079089349631,0.0019647962862243684,-0.004852185630589423,0.0005875808023805273,0.015579222653050229,60.30461300214697,11.39472325022075,0.010172898739729788,0.820291384990992,0.011659901335033807,4,0
2018-08-13,5861.24609375,-0.015589355132594296,-0.03553079089349631,0.0019647962862243684,-0.004852185630589423,-0.001619512776031895,41.97293529749541,-4.985618999240067,0.012425670656521427,0.9345202302701988,-0.03945011221151273,0,0
2018-08-14,5769.873046875,0.008096676737160191,-0.015589355132594296,-0.03553079089349631,0.0019647962862243684,0.0005875808023805273,36.86585882934773,-21.202347180606303,0.013533380842528964,0.8715590333109499,-0.053419954568075134,1,0
2018-08-15,5816.58984375,-0.005637666238876293,0.008096676737160191,-0.015589355132594296,-0.03553079089349631,-0.004852185630589423,40.829958169660884,-27.605521882591944,0.014058588660978992,0.9534964518945777,-0.04591085863329547,2,0
2018-08-16,5783.7978515625,0.018740980537462537,-0.005637666238876293,0.008096676737160191,-0.015589355132594296,0.0019647962862243684,38.97983892807399,-32.53323298775115,0.014031120431082325,0.8267117204983538,-0.04669633924158234,3,0
2018-08-20,5892.19189453125,0.008843718543368295,0.018740980537462537,-0.005637666238876293,0.008096676737160191,-0.03553079089349631,47.455445615628584,-27.193520589983475,0.014432239135326591,0.8515847141402284,-0.029920154990344172,0,0
2018-08-21,5944.30078125,0.006507759861895002,0.008843718543368295,0.018740980537462537,-0.005637666238876293,-0.015589355132594296,50.9804361186328,-19.228310246355907,0.014025476633293404,0.9086686024185504,0.014454354446520434,1,0
2018-08-23,5982.98486328125,-0.002379224351479192,0.006507759861895002,0.008843718543368295,0.018740980537462537,0.008096676737160191,53.475693398332965,-10.847952606535344,0.013620056201581934,0.8283729437570237,0.03655146944100973,3,0
2018-08-24,5968.75,0.009586223821989481,-0.002379224351479192,0.006507759861895002,0.008843718543368295,-0.005637666238876293,52.4183049790324,-5.9991396627989735,0.013203874243791896,0.786278721845922,0.02607556835237035,4,0
2018-08-27,6025.9677734375,0.0027683734021586304,0.009586223821989481,-0.002379224351479192,0.006507759861895002,0.018740980537462537,56.169875909599384,0.955600297824521,0.012822550800294133,1.0578397172135887,0.04129945841323612,0,0
2018-08-28,6042.64990234375,0.0037233703426660103,0.0027683734021586304,0.009586223821989481,-0.002379224351479192,0.008843718543368295,57.22871687312947,6.276647411442733,0.012370640889612356,0.9569810428708071,0.025326851277932216,1,0
2018-08-29,6065.14892578125,-0.007614826801272789,0.0037233703426660103,0.0027683734021586304,0.009586223821989481,0.006507759861895002,58.67859014558252,10.651704286711476,0.012170513315716542,1.0279253261717343,0.02020650307722993,2,0
2018-08-30,6018.9638671875,-8.371976657761682e-05,-0.007614826801272789,0.0037233703426660103,0.0027683734021586304,-0.002379224351479192,54.5878992839233,9.796950051236294,0.012260991242469517,0.9765544922838795,0.0060839164140621405,3,0
2018-08-31,6018.4599609375,-0.00845413273582274,-8.371976657761682e-05,-0.007614826801272789,0.0037233703426660103,0.009586223821989481,54.54322159444387,8.601994351452582,0.012315620495437586,0.9937836236827615,0.008379420998963716,4,1
2018-09-03,5967.5791015625,-0.010436111403398618,-0.00845413273582274,-8.371976657761682e-05,-0.007614826801272789,0.0027683734021586304,50.08566237391767,4.021903373171215,0.012395080313840071,0.761212695925842,-0.009660935558848505,0,0
2018-09-04,5905.30078125,-0.03755944242361697,-0.010436111403398618,-0.00845413273582274,-8.371976657761682e-05,0.0037233703426660103,45.21481794729506,-3.176354941200941,0.012715293473795544,0.9299276406735437,-0.022865420364405753,1,0
2018-09-05,5683.5009765625,0.0162917607761639,-0.03755944242361697,-0.010436111403398618,-0.00845413273582274,-0.007614826801272789,32.93159046880233,-21.811334130223393,0.0158332489182183,1.2303704328551872,-0.06414823313068874,2,0
2018-09-06,5776.09521484375,0.013048543367595533,0.0162917607761639,-0.03755944242361697,-0.010436111403398618,-8.371976657761682e-05,40.23141123824513,-26.524146212525483,0.016022286317888372,0.9954102181915888,-0.04024164555325205,3,0
2018-09-07,5851.46484375,-0.003477361104157306,0.013048543367595533,0.0162917607761639,-0.03755944242361697,-0.00845413273582274,45.43721525385901,-23.302540708607935,0.015689772832924595,0.9416003810728282,-0.027109382419078898,4,0
2018-09-10,5831.1171875,-0.005653515018428923,-0.003477361104157306,0.013048543367595533,0.0162917607761639,-0.010436111403398618,44.3150199165068,-21.332020182574354,0.015544138578613838,0.940779346420523,-0.022132610787413465,0,0
2018-09-12,5798.15087890625,0.010369348457924588,-0.005653515018428923,-0.003477361104157306,0.013048543367595533,-0.03755944242361697,42.48428413839652,-21.005626349324892,0.015408413148899366,1.0645266297625453,-0.01735001440244377,2,0
2018-09-13,5858.27392578125,0.012462175183753255,0.010369348457924588,-0.005653515018428923,-0.003477361104157306,0.0162917607761639,46.800816783514726,-15.738228115404961,0.01497688738374698,1.1460660395423015,0.03057877647909779,3,0
2018-09-14,5931.28076171875,-0.018043982418097015,0.012462175183753255,0.010369348457924588,-0.005653515018428923,0.013048543367595533,51.55528685290387,-6.79194584121354,0.014615128788452615,0.9762616558088936,0.026749190886687146,4,0
2018-09-17,5824.2568359375,-0.0021404957278112757,-0.018043982418097015,0.012462175183753255,0.010369348457924588,-0.003477361104157306,45.18069871592951,-7.482451632012911,0.01528440811934106,1.0308183886920441,-0.004343334899005402,0,0
2018-09-18,5811.7900390625,0.010634783516064505,-0.0021404957278112757,-0.018043982418097015,0.012462175183753255,-0.005653515018428923,44.49060836296059,-8.125442946864275,0.015005534824274063,1.209069786517052,-0.003006469522659372,1,0
2018-09-19,5873.59716796875,0.00981833511276431,0.010634783516064505,-0.0021404957278112757,-0.018043982418097015,0.010369348457924588,48.676051479824665,-3.9464384874712835,0.014648936764113182,1.1710926736102727,0.013281829011834057,2,0
2018-09-20,5931.26611328125,0.004464144221157262,0.00981833511276431,0.010634783516064505,-0.0021404957278112757,0.012462175183753255,52.290700534652046,2.780734708589147,0.014282223601023993,1.1807691388214432,0.012730815666673778,3,0
2018-09-21,5957.744140625,-0.01267659771863372,0.004464144221157262,0.00981833511276431,0.010634783516064505,-0.018043982418097015,53.89620334254341,8.755531793517783,0.013729495556366598,1.3988799482716217,0.004732784704077786,4,0
2018-09-24,5882.22021484375,-0.0013466661276571035,-0.01267659771863372,0.004464144221157262,0.00981833511276431,-0.0021404957278112757,48.84692962616982,7.416063390565441,0.013907256415373317,1.0968741905699058,0.010100169403541082,0,0
2018-09-25,5874.298828125,-0.00017497101549024396,-0.0013466661276571035,-0.01267659771863372,0.004464144221157262,0.010634783516064505,48.33543891612916,5.859705630257384,0.013469596659184157,1.0527077102212299,0.010893999003695254,1,0
2018-09-26,5873.27099609375,0.009525326560950065,-0.00017497101549024396,-0.0013466661276571035,-0.01267659771863372,0.00981833511276431,48.26481744454001,4.675567769285035,0.01297532900107104,1.1833656841860494,8.424447214050446e-05,2,0
2018-09-27,5929.2158203125,0.007983754307201885,0.009525326560950065,-0.00017497101549024396,-0.0013466661276571035,0.004464144221157262,52.34605959115554,7.412009852131879,0.012671937599965438,0.9439482564030465,-0.00020876407967374,3,0
2018-09-28,5976.55322265625,-0.005346250128983043,0.007983754307201885,0.009525326560950065,-0.00017497101549024396,-0.01267659771863372,55.541909498605406,11.896147648465757,0.01223935139038768,0.9874100185321237,0.0033108460063708822,4,0
2018-10-01,5944.60107421875,-0.011604131670486573,-0.005346250128983043,0.007983754307201885,0.009525326560950065,-0.0013466661276571035,52.960142594735906,12.153453723705184,0.011876354092297899,0.953946446779689,0.010641193596021559,0,0
2018-10-02,5875.619140625,-0.001341530829364057,-0.011604131670486573,-0.005346250128983043,0.007983754307201885,-0.00017497101549024396,47.79482445521984,7.357120594090066,0.012298098349026974,1.3348724420992517,0.00038372805319208947,1,0
2018-10-03,5867.73681640625,-0.018937058572661924,-0.001341530829364057,-0.011604131670486573,-0.005346250128983043,0.009525326560950065,47.227996751036,3.5271619888104775,0.012328567257230165,1.0944452288252078,-0.0007828317606817237,2,0
2018-10-04,5756.619140625,-0.0042879477395078025,-0.018937058572661924,-0.001341530829364057,-0.011604131670486573,0.007983754307201885,40.02216224376884,-6.0925971033658115,0.01322525958819306,1.2980625329241136,-0.029245216894293713,3,0
2018-10-05,5731.93505859375,0.005083481109937615,-0.0042879477395078025,-0.018937058572661924,-0.001341530829364057,-0.005346250128983043,38.612762624816945,-13.307131016448027,0.012979875723955717,0.9569029921207801,-0.0415169189410034,4,0
2018-10-08,5761.0732421875,0.006199677624900035,0.005083481109937615,-0.0042879477395078025,-0.018937058572661924,-0.011604131670486573,41.243164914636516,-15.170777698149516,0.012807526891819476,1.0714915838564922,-0.03108718770208274,0,0
2018-10-09,5796.7900390625,0.004119164145431453,0.006199677624900035,0.005083481109937615,-0.0042879477395078025,-0.001341530829364057,44.38875011468424,-13.128487486673993,0.012319061202114416,0.9313308474981388,-0.013283378406696134,1,0
2018-10-10,5820.66796875,-0.020246162818243985,0.004119164145431453,0.006199677624900035,0.005083481109937615,-0.018937058572661924,46.4526557778457,-9.470698296288731,0.011835673147125933,0.9814983751153964,-0.007822683431900623,2,0
2018-10-11,5702.82177734375,0.009410859943837835,-0.020246162818243985,0.004119164145431453,0.006199677624900035,-0.0042879477395078025,38.79925966923161,-14.015009674581094,0.01310797996861024,1.2781419593978198,-0.009131787677482683,3,0
2018-10-12,5756.490234375,-0.005078506834846452,0.009410859943837835,-0.020246162818243985,0.004119164145431453,0.005083481109937615,43.37479264495652,-12.4844112608764,0.013123578932666139,0.8474421851912924,0.004567020005862954,4,0
2018-10-15,5727.255859375,0.012844028093460746,-0.005078506834846452,0.009410859943837835,-0.020246162818243985,0.006199677624900035,41.552405787283526,-12.488624143649382,0.01337660925378385,0.9132731828252073,-0.005594967938921114,0,0
2018-10-16,5800.81689453125,0.011688564539965363,0.012844028093460746,-0.005078506834846452,0.009410859943837835,0.004119164145431453,47.52662140675827,-6.865979138581011,0.013264813184443548,0.9140502456241583,0.0010493825296395975,1,0
2018-10-17,5868.6201171875,-0.003983547958579359,0.011688564539965363,0.012844028093460746,-0.005078506834846452,-0.020246162818243985,52.36022612861079,1.6369218509409542,0.01300026950638987,0.91299379149632,0.008618782924173507,2,0
2018-10-18,5845.2421875,-0.0013602809977666386,-0.003983547958579359,0.011688564539965363,0.012844028093460746,0.009410859943837835,50.62854491562361,5.676676368644401,0.012812773190683913,0.8925710271130932,0.024881397783838133,3,0
2018-10-19,5837.291015625,0.0005386133671139159,-0.0013602809977666386,-0.003983547958579359,0.011688564539965363,-0.005078506834846452,50.02258714652825,7.678807886288094,0.012711681338588266,0.9183051139441301,0.01411025684223366,4,0
2018-10-22,5840.43505859375,-0.007284379482980441,0.0005386133671139159,-0.0013602809977666386,-0.003983547958579359,0.012844028093460746,50.27601529530417,8.989410874739267,0.012311278979869705,0.9914089549473286,0.019727377044194028,0,0
2018-10-23,5797.89111328125,-0.015259707256502608,-0.007284379482980441,0.0005386133671139159,-0.0013602809977666386,0.011688564539965363,46.81650934159805,6.861683841509404,0.012140497274544698,0.8925048930744166,-0.0004010305322471597,1,0
2018-10-24,5709.4169921875,0.007977671209656867,-0.015259707256502608,-0.007284379482980441,0.0005386133671139159,-0.003983547958579359,40.5652119398279,-0.25637855334841575,0.01281696424058244,1.040662632980144,-0.02734930232871513,2,0
2018-10-25,5754.96484375,0.005205254158942907,0.007977671209656867,-0.015259707256502608,-0.007284379482980441,-0.0013602809977666386,44.66188947818633,-1.575592347492762,0.013434712637642529,0.7540584826242168,-0.015388083160478905,3,0
2018-10-26,5784.9208984375,-0.005240169291154451,0.005205254158942907,0.007977671209656867,-0.015259707256502608,0.0005386133671139159,47.2377128358312,-0.18248577170319535,0.012933270329138703,0.7738952209042589,-0.00882254800376936,4,0
2018-10-29,5754.60693359375,0.005994008706509346,-0.005240169291154451,0.005205254158942907,0.007977671209656867,-0.007284379482980441,44.95719352412816,-1.00825420586213,0.01291236652519085,0.7365930848853811,-0.014601330662037726,0,0
2018-10-30,5789.10009765625,0.007349986002958664,0.005994008706509346,-0.005240169291154451,0.005205254158942907,-0.015259707256502608,48.03158614572456,0.9566552171429308,0.012607838958418686,0.9061868824557096,-0.0013229424725479388,1,0
2018-10-31,5831.64990234375,0.0007322146567019239,0.007349986002958664,0.005994008706509346,-0.005240169291154451,0.007977671209656867,51.62131802929806,5.079679229947381,0.012425709777417583,1.062756187570194,0.021286750786913333,2,1
2018-11-01,5835.919921875,0.012058436588329835,0.0007322146567019239,0.007349986002958664,0.005994008706509346,0.005205254158942907,51.979796862628994,7.884727849691544,0.012355432907020928,0.9788306788077329,0.01404129423395839,3,0
2018-11-02,5906.2919921875,0.002421527095624265,0.012058436588329835,0.0007322146567019239,0.007349986002958664,-0.005240169291154451,57.56102211684179,13.91715730745208,0.012293273809033785,1.0363258799280688,0.02089447666334532,4,0
2018-11-05,5920.59423828125,0.0005634463984089955,0.002421527095624265,0.012058436588329835,0.0007322146567019239,0.005994008706509346,58.61383063570839,18.046251420468828,0.011875356616617618,0.842922991378083,0.028556173050124034,0,0
2018-11-06,5923.93017578125,0.0026934913501737157,0.0005634463984089955,0.002421527095624265,0.012058436588329835,0.007349986002958664,58.870125674526925,20.02494262419978,0.011761268159451367,0.8451855505436426,0.023125610742023683,1,0
2018-11-07,5939.88623046875,0.0062155941111494695,0.0026934913501737157,0.0005634463984089955,0.002421527095624265,0.0007322146567019239,60.141570292731004,21.311822183225672,0.01157089090218442,0.9945899516348536,0.018469116089238735,2,0
2018-11-08,5976.80615234375,-0.01717511679875139,0.0062155941111494695,0.0026934913501737157,0.0005634463984089955,0.012058436588329835,62.99227598322444,23.386918327814875,0.011358690431115008,1.1813427311108602,0.02395249554368628,3,0
2018-11-09,5874.15380859375,-0.01653014018724608,-0.01717511679875139,0.0062155941111494695,0.0026934913501737157,0.002421527095624265,51.88164518050753,16.886793945627215,0.012163104379169204,1.0503169862193917,-0.005281057843394943,4,0
2018-11-12,5777.05322265625,0.010064823239505305,-0.01653014018724608,-0.01717511679875139,0.0062155941111494695,0.0005634463984089955,43.97958693020913,5.668446522370125,0.012807457971834716,0.8736168924764985,-0.024232725126265287,0,0
2018-11-13,5835.1982421875,0.003957830668978701,0.010064823239505305,-0.01653014018724608,-0.01717511679875139,0.0026934913501737157,48.989828066827194,1.9753849362491618,0.013033073596387132,0.9603444317569562,-0.014731348285168977,1,0
2018-11-14,5858.29296875,0.01663332162005915,0.003957830668978701,0.010064823239505305,-0.01653014018724608,0.0062155941111494695,50.869360090236576,0.9512929994325567,0.012805545270203486,1.177981192359553,-0.013467008966363991,2,0
2018-11-15,5955.73583984375,0.009505837621902602,0.01663332162005915,0.003957830668978701,0.010064823239505305,-0.01717511679875139,57.91530240834289,6.396300827813686,0.012920896182257616,0.9760098733908967,-0.0030492814574543115,3,0
2018-11-16,6012.35009765625,-0.0011731224133137985,0.009505837621902602,0.01663332162005915,0.003957830668978701,-0.01653014018724608,61.380688439137366,12.990413573970292,0.013109731466157452,0.994025681424628,0.02363167296319968,4,0
2018-11-19,6005.296875,-0.009532437509594427,-0.0011731224133137985,0.009505837621902602,0.01663332162005915,0.010064823239505305,60.70997971359988,15.866371089420515,0.012935221604399232,0.9203673118413802,0.03898869073713196,0,0
2018-11-21,5948.0517578125,0.007188622850345716,-0.009532437509594427,-0.0011731224133137985,0.009505837621902602,0.003957830668978701,55.41721669367922,13.021806372930453,0.0132952530005985,1.0241534157802534,0.019391429988032227,2,0
2018-11-22,5990.81005859375,0.0025692835681996318,0.007188622850345716,-0.009532437509594427,-0.0011731224133137985,0.01663332162005915,58.338815934560785,13.093151107032938,0.012984496877210244,1.252056092458199,0.022622222169399242,3,0
2018-11-23,6006.2021484375,0.0027597611908654063,0.0025692835681996318,0.007188622850345716,-0.009532437509594427,0.009505837621902602,59.370986749115715,13.212101795943397,0.012566875761287186,1.014314340675751,0.008558184117539724,4,0
2018-11-26,6022.77783203125,-0.0015257021095614887,0.0027597611908654063,0.0025692835681996318,0.007188622850345716,-0.0011731224133137985,60.505768073629554,13.400076518884404,0.0120522922259657,1.076297564046147,0.0018121076865025287,0,0
2018-11-27,6013.5888671875,-0.003715380936566981,-0.0015257021095614887,0.0027597611908654063,0.0025692835681996318,-0.009532437509594427,59.51340514968304,11.946679066239845,0.011699074195482578,1.0905519754845707,0.0014595279902548386,1,0
2018-11-28,5991.24609375,0.019348541720048518,-0.003715380936566981,-0.0015257021095614887,0.0027597611908654063,0.007188622850345716,57.062753128789645,8.67401659578087,0.011387391069077627,1.1297941328052399,0.0072765845632822845,2,0
2018-11-29,6107.16796875,-0.008358038549731828,0.019348541720048518,-0.003715380936566981,-0.0015257021095614887,0.0025692835681996318,65.09395423379755,13.236589445151957,0.011729103635964884,1.120310345999073,0.019436503432985086,3,0
2018-11-30,6056.1240234375,0.010269902092584271,-0.008358038549731828,0.019348541720048518,-0.003715380936566981,0.0027597611908654063,59.79068857666325,11.78542093662665,0.011703403451039825,1.5833771107593153,0.008509181315053627,4,1
2018-12-03,6118.31982421875,0.005645347097707587,0.010269902092584271,-0.008358038549731828,0.019348541720048518,-0.0015257021095614887,63.67415832826554,13.84086319040923,0.011938165139838636,1.262764587371118,0.01601932221677249,0,0
2018-12-04,6152.85986328125,-0.0032082229292351716,0.005645347097707587,0.010269902092584271,-0.008358038549731828,-0.003715380936566981,65.65781996971857,16.189959225348694,0.011424184649176373,0.962669741391175,0.023190371424041567,1,0
2018-12-05,6133.1201171875,-0.0028740596610201674,-0.0032082229292351716,0.005645347097707587,0.010269902092584271,0.019348541720048518,63.522880748299386,15.099058992285578,0.011667518867947787,0.9919903339047131,0.023697529431373376,2,0
2018-12-06,6115.4931640625,0.001776274239432496,-0.0028740596610201674,-0.0032082229292351716,0.005645347097707587,-0.008358038549731828,61.5967867188738,12.009642236813498,0.011414172472158025,0.9608187842722511,0.0014749280503046913,3,0
2018-12-07,6126.35595703125,-0.0024477999409728834,0.001776274239432496,-0.0028740596610201674,-0.0032082229292351716,0.010269902092584271,62.35433652587306,9.620323008636632,0.011026553399703055,0.9680180286750979,0.011609240839469015,4,0
2018-12-10,6111.35986328125,-0.005689887356769119,-0.0024477999409728834,0.001776274239432496,-0.0028740596610201674,0.005645347097707587,60.57778286664547,6.122883008086475,0.010821858522288067,0.838260408880875,-0.0011084611940881395,0,0
2018-12-11,6076.5869140625,0.006416469463272012,-0.005689887356769119,-0.0024477999409728834,0.001776274239432496,-0.0032082229292351716,56.554099294642356,0.8381679567706044,0.010602406967626299,1.0443314077194388,-0.012443695648564845,1,0
2018-12-12,6115.5771484375,0.010161439369974712,0.006416469463272012,-0.005689887356769119,-0.0024477999409728834,-0.0028740596610201674,59.78000357084222,-0.5842592771357644,0.010268660264696083,1.1363606224417873,-0.0028190032560576617,2,0
2018-12-13,6177.72021484375,-0.0012751372888856194,0.010161439369974712,0.006416469463272012,-0.005689887356769119,0.001776274239432496,64.32643550956476,1.9675779500839568,0.010254059154720266,1.1691065866268011,0.010216495774937218,3,0
2018-12-14,6169.8427734375,-0.013053427877122159,-0.0012751372888856194,0.010161439369974712,0.006416469463272012,-0.0024477999409728834,63.34887254082255,2.4036058870093058,0.00982469051095254,0.8807655751467562,0.007165084246619102,4,0
2018-12-17,6089.30517578125,-0.001221483907693277,-0.013053427877122159,-0.0012751372888856194,0.010161439369974712,-0.005689887356769119,54.26854336821827,-3.151851482655495,0.010239655060526322,0.8795735333848559,-0.0034405436895301733,0,0
2018-12-18,6081.8671875,0.015493112209834736,-0.001221483907693277,-0.013053427877122159,-0.0012751372888856194,0.006416469463272012,53.50575389248349,-7.499199509478601,0.010394966191855615,0.8576838252981168,0.0010278597595456684,1,0
2018-12-19,6176.09423828125,-0.004568949344044171,0.015493112209834736,-0.001221483907693277,-0.013053427877122159,0.010161439369974712,60.986952669439155,-4.356315360442245,0.01066026822453817,1.1575432185020975,0.010104502506108393,2,0
2018-12-20,6147.8759765625,0.0025570156105425568,-0.004568949344044171,0.015493112209834736,-0.001221483907693277,-0.0012751372888856194,57.97826872079066,-4.4876988392261055,0.010688287665626676,0.9128025283540946,-0.00462588620791049,3,0
2018-12-21,6163.59619140625,-0.005799551534514835,0.0025570156105425568,-0.004568949344044171,0.015493112209834736,-0.013053427877122159,59.186246852719215,-3.850163195615437,0.010533134029364679,0.8390956926878437,-0.0007937333084823139,4,0
2018-12-26,6127.85009765625,0.010247145042600936,-0.005799551534514835,0.0025570156105425568,-0.004568949344044171,-0.001221483907693277,55.29385297490708,-6.039788893483184,0.010644258469925727,0.7587078427234129,0.00646014303412501,2,0
2018-12-27,6190.64306640625,0.0006227108278409332,0.010247145042600936,-0.005799551534514835,0.0025570156105425568,0.015493112209834736,60.240429919819874,-3.58434208756087,0.010520445147394095,0.9368423429784456,0.017928771984419223,3,0
2018-12-28,6194.498046875,-0.0021508186921168626,0.0006227108278409332,0.010247145042600936,-0.005799551534514835,-0.004568949344044171,60.52917169114611,-2.0992876868397303,0.01017218718522925,1.0016056066512835,0.00305837060242542,4,0
2019-01-02,6181.1748046875,0.006444561462214393,-0.0021508186921168626,0.0006227108278409332,0.010247145042600936,0.0025570156105425568,58.93614845240386,-2.3917947888754583,0.009940456071455762,0.7664270635511367,0.005476501254352728,2,0
2019-01-03,6221.009765625,0.008604756374646527,0.006444561462214393,-0.0021508186921168626,0.0006227108278409332,-0.005799551534514835,62.14411574688971,-0.3852255777998721,0.009686369231586157,1.0730895582288111,0.009364047106024564,3,0
2019-01-04,6274.5400390625,0.0020215158326004623,0.008604756374646527,0.006444561462214393,-0.0021508186921168626,0.010247145042600936,65.9892078536689,3.8320533080996455,0.009756583162175233,1.2058470790106393,0.023768355015185927,4,0
2019-01-07,6287.22412109375,-0.0038772203210022393,0.0020215158326004623,0.008604756374646527,0.006444561462214393,0.0006227108278409332,66.84846134625909,6.598442925661978,0.009952753718221971,1.3216078684287362,0.015542725805185453,0,0
2019-01-08,6262.84716796875,0.0014994178762701704,-0.0038772203210022393,0.0020215158326004623,0.008604756374646527,-0.0021508186921168626,63.52671823643595,5.930236674740904,0.010017600011237773,1.3037946857536322,0.01104279465634228,1,0
2019-01-09,6272.23779296875,0.009004134741520842,0.0014994178762701704,-0.0038772203210022393,0.0020215158326004623,0.006444561462214393,64.26341279508614,5.285772488238067,0.009843092168403187,1.4785285865492852,0.014693031224729314,2,0
2019-01-10,6328.7138671875,0.005174981402193524,0.009004134741520842,0.0014994178762701704,-0.0038772203210022393,0.008604756374646527,68.39757670972375,7.682809269579032,0.009737961928897792,1.6494493083009476,0.017252604504035762,3,0
2019-01-11,6361.46484375,-0.0039847163247950235,0.005174981402193524,0.009004134741520842,0.0014994178762701704,0.0020215158326004623,70.52691493794282,10.328952322240639,0.00936357840431859,1.0372525608135326,0.013822829531582759,4,0
2019-01-14,6336.1162109375,0.011468850369972694,-0.0039847163247950235,0.005174981402193524,0.009004134741520842,-0.0038772203210022393,66.7766343574313,9.261192057703369,0.009395433515132738,1.0531927667316257,0.007816597374187273,0,0
2019-01-15,6408.7841796875,0.0007139706168062254,0.011468850369972694,-0.0039847163247950235,0.005174981402193524,0.0014994178762701704,71.46164863297759,12.155685298687303,0.00946287576067403,1.2436928015418984,0.023162668065162206,1,0
2019-01-16,6413.35986328125,0.0016247212221254248,0.0007139706168062254,0.011468850369972694,-0.0039847163247950235,0.009004134741520842,71.73195773687753,13.008712328394509,0.00923009559049233,1.343362386335105,0.02237722080569826,2,0
2019-01-17,6423.77978515625,0.0037946469800889115,0.0016247212221254248,0.0007139706168062254,0.011468850369972694,0.005174981402193524,72.3736812768976,12.880786947302667,0.009077117867373643,1.2484455679662647,0.014997807286302844,3,0
2019-01-18,6448.15576171875,0.0004153470783305746,0.0037946469800889115,0.0016247212221254248,0.0007139706168062254,-0.0039847163247950235,73.86820796957488,13.006010546490586,0.008878343355321816,0.9669486361920283,0.013617472864198232,4,0
2019-01-21,6450.833984375,0.0027481760322294324,0.0004153470783305746,0.0037946469800889115,0.0016247212221254248,0.011468850369972694,74.0344145128517,11.86899530094793,0.008608911836775835,1.2362752750593742,0.01801753626732383,0,0
2019-01-22,6468.56201171875,-0.0026887103829632553,0.0027481760322294324,0.0004153470783305746,0.0037946469800889115,0.0007139706168062254,75.16062112425482,10.933828954084277,0.008545946980248288,1.2110450560477957,0.009296861929580569,1,0
2019-01-23,6451.169921875,0.0024003186195333814,-0.0026887103829632553,0.0027481760322294324,0.0004153470783305746,0.0016247212221254248,71.86734899628972,7.907996311860586,0.008336425041636647,1.2811271077021114,0.005894180929811088,2,0
2019-01-24,6466.65478515625,0.002503301756328291,0.0024003186195333814,-0.0026887103829632553,0.0027481760322294324,0.0037946469800889115,73.00161604547333,5.810500104360415,0.008079224558388125,1.360438903166969,0.006669778327219045,3,0
2019-01-25,6482.8427734375,-0.0037222650954721326,0.002503301756328291,0.0024003186195333814,-0.0026887103829632553,0.0004153470783305746,74.17390220587478,4.436449896216033,0.00783244826848982,1.0176968570293896,0.005378433103458424,4,0
2019-01-28,6458.7119140625,-0.0034421621353546428,-0.0037222650954721326,0.002503301756328291,0.0024003186195333814,0.0027481760322294324,69.34055730163932,1.0047053754541793,0.008044074217488902,1.0393044487668155,0.0012408209296557171,0,0
2019-01-29,6436.47998046875,0.0043049903765850495,-0.0034421621353546428,-0.0037222650954721326,0.002503301756328291,-0.0026887103829632553,65.1297515044536,-3.417969277485895,0.008125376331582012,0.793394722512682,-0.004949517237928358,1,0
2019-01-30,6464.18896484375,0.010640201549114714,0.0043049903765850495,-0.0034421621353546428,-0.0037222650954721326,0.0024003186195333814,67.75778450964935,-5.034992869294285,0.00783871926787334,0.8425700177587635,0.0020441835216199467,2,0
2019-01-31,6532.96923828125,0.0008677440694626615,0.010640201549114714,0.0043049903765850495,-0.0034421621353546428,0.002503301756328291,73.16429195008602,-2.176172196619376,0.008080033593308987,1.0984809566920015,0.01028406645120128,3,1
2019-02-01,6538.63818359375,-0.00874601256607821,0.0008677440694626615,0.010640201549114714,0.0043049903765850495,-0.0037222650954721326,73.55785263061482,-0.6845007388553199,0.008209680661300485,0.9315661647032654,0.00864850876433565,4,0
2019-02-04,6481.451171875,0.010248597033059692,-0.00874601256607821,0.0008677440694626615,0.010640201549114714,-0.0034421621353546428,63.44897229322897,-4.137688024715814,0.008538417665001241,0.9340142757057162,0.0036247612937295726,0,0
2019-02-06,6547.876953125,-0.001744064825401126,0.010248597033059692,-0.00874601256607821,0.0008677440694626615,0.0043049903765850495,68.81068775119029,-2.611084896381044,0.008620056917543752,1.1108089654976232,0.017315520462143907,2,0
2019-02-07,6536.45703125,-0.0022632972636050797,-0.001744064825401126,0.010248597033059692,-0.00874601256607821,0.010640201549114714,66.99126551836844,-3.0052523906155386,0.008529268646947433,1.1913814076767795,0.011266465260157732,3,0
2019-02-08,6521.6630859375,-0.0040880880323285185,-0.0022632972636050797,-0.001744064825401126,0.010248597033059692,0.0008677440694626615,64.60801573992075,-4.791131503535453,0.008348634736913677,1.0131382545779017,-0.0016370335525620616,4,0
2019-02-11,6495.001953125,-0.010573785552051573,-0.0040880880323285185,-0.0022632972636050797,-0.001744064825401126,-0.00874601256607821,60.43527722321664,-8.102105987481735,0.008235607348796135,0.9875649474347947,-0.006592865654353242,0,0
2019-02-12,6426.3251953125,-0.0011217895384844079,-0.010573785552051573,-0.0040880880323285185,-0.0022632972636050797,0.010248597033059692,51.25264985563526,-14.858286643311828,0.00907249172261001,1.2050653650989818,-0.008420638640326605,1,0
2019-02-13,6419.1162109375,0.00014049527055037814,-0.0011217895384844079,-0.010573785552051573,-0.0040880880323285185,-0.001744064825401126,50.387192670236544,-19.46309088726862,0.009075736240364639,1.2324768944890305,-0.019791025211870705,2,0
2019-02-14,6420.01806640625,-0.0048182271683334665,0.00014049527055037814,-0.0011217895384844079,-0.010573785552051573,-0.0022632972636050797,50.49980442372897,-21.916087456265785,0.00891477725917059,1.1705125015145375,-0.0179064651159192,3,0
2019-02-15,6389.0849609375,0.01701808336147015,-0.0048182271683334665,0.00014049527055037814,-0.0011217895384844079,-0.0040880880323285185,46.59333044441571,-24.87346416678554,0.008975301980141404,0.9814346709677078,-0.020461395020647588,4,0
2019-02-18,6497.81494140625,-0.00048446273818758545,0.01701808336147015,-0.0048182271683334665,0.00014049527055037814,-0.010573785552051573,58.68989418347576,-19.022282482228462,0.009425305149730747,0.967300452609073,0.0006447763731510792,0,0
2019-02-19,6494.6669921875,0.002789548335856651,-0.00048446273818758545,0.01701808336147015,-0.0048182271683334665,-0.0011217895384844079,58.27833081072387,-15.053228134119067,0.009203917214533388,0.9749461005585086,0.010734099187015067,1,0
2019-02-20,6512.7841796875,0.003835830100384019,0.002789548335856651,-0.00048446273818758545,0.01701808336147015,0.00014049527055037814,60.016154435423786,-11.080518427081358,0.009280362357418014,1.0907090023737696,0.014645437061356126,2,0
2019-02-21,6537.76611328125,-0.005565843586822217,0.003835830100384019,0.002789548335856651,-0.00048446273818758545,-0.0048182271683334665,62.345231999208714,-6.850426818060939,0.009022419948417817,1.0099357349889921,0.018340771891189767,3,0
2019-02-22,6501.3779296875,0.0036884458538011256,-0.005565843586822217,0.003835830100384019,0.002789548335856651,0.01701808336147015,57.125497681245044,-6.581645609937951,0.0090433042778257,1.0151382847433992,0.017593155472701016,4,0
2019-02-25,6525.35791015625,0.0023894911774848815,0.0036884458538011256,-0.005565843586822217,0.003835830100384019,-0.00048446273818758545,59.530137387305665,-4.9422708717259525,0.008772747982863068,0.954357680388714,0.004263517965031993,0,0
2019-02-26,6540.9501953125,-0.0023340782895260315,0.0023894911774848815,0.0036884458538011256,-0.005565843586822217,0.002789548335856651,61.05945799686732,-3.0537920790028252,0.008598374472367996,1.1079358152874443,0.00713747188070446,1,0
2019-02-27,6525.68310546875,-0.01261706393136075,-0.0023340782895260315,0.0023894911774848815,0.0036884458538011256,0.003835830100384019,58.71964365535126,-3.070589879243819,0.008453140907373551,0.8768727810659598,0.002013845255321778,2,0
2019-02-28,6443.34814453125,0.008774265065784714,-0.01261706393136075,-0.0023340782895260315,0.0023894911774848815,-0.005565843586822217,48.030190897099395,-8.553813923142215,0.008988247493524879,0.9732760990685075,-0.014439048776422991,3,1
2019-03-01,6499.8837890625,-0.0017637034075579372,0.008774265065784714,-0.01261706393136075,-0.0023340782895260315,0.0036884458538011256,54.19610185039441,-8.293954883163032,0.008952196848456304,0.7698282431561053,-9.894012381606032e-05,4,0
2019-03-04,6488.419921875,-0.007265272175097981,-0.0017637034075579372,0.008774265065784714,-0.01261706393136075,0.0023894911774848815,52.82743074766531,-8.768731246249288,0.008871024385677988,0.8769926779435934,-0.005551089385175123,0,0
2019-03-05,6441.27978515625,0.002588968355276222,-0.007265272175097981,-0.0017637034075579372,0.008774265065784714,-0.0023340782895260315,47.513757998726426,-11.935864749210182,0.009174620199874571,0.8094145105997764,-0.015205852737757986,1,0
2019-03-06,6457.9560546875,-0.011596267140807304,0.002588968355276222,-0.007265272175097981,-0.0017637034075579372,-0.01261706393136075,49.45081424120778,-12.524670965900636,0.009036541579784304,0.9059875623649507,-0.010282806092955732,2,0
2019-03-08,6383.06787109375,-0.0026059238908969773,-0.011596267140807304,0.002588968355276222,-0.007265272175097981,0.008774265065784714,41.96143008589119,-17.281448623789924,0.009342504305681341,0.9312399780055473,-0.009262009302402285,4,0
2019-03-11,6366.43408203125,-0.0019885788632811874,-0.0026059238908969773,-0.011596267140807304,0.002588968355276222,-0.0017637034075579372,40.4944287359621,-20.644224605779584,0.00931204256200955,0.9784315979776584,-0.020642198259083977,0,0
2019-03-12,6353.77392578125,0.0037460051001616534,-0.0019885788632811874,-0.0026059238908969773,-0.011596267140807304,-0.007265272175097981,39.36635371623443,-22.65634474317999,0.009388806658403206,0.8542037423592382,-0.020867073714807227,1,0
2019-03-13,6377.5751953125,0.005596314723969487,0.0037460051001616534,-0.0019885788632811874,-0.0026059238908969773,0.002588968355276222,42.603581359615305,-21.337899895872432,0.009130292594801585,1.0203967340171995,-0.009855796439547593,2,0
2019-03-14,6413.26611328125,0.007471542789760255,0.005596314723969487,0.0037460051001616534,-0.0019885788632811874,-0.011596267140807304,47.15943038842586,-17.193633520467877,0.008879807150294926,0.9995623612479181,-0.006848450070854328,3,0
2019-03-15,6461.18310546875,0.007469788595551474,0.007471542789760255,0.005596314723969487,0.0037460051001616534,-0.0026059238908969773,52.599269760346225,-10.676018984977151,0.009023779384587849,1.26711253783196,0.01221935985971323,4,0
2019-03-18,6509.44677734375,-0.004481317604290047,0.007469788595551474,0.007471542789760255,0.005596314723969487,-0.0019885788632811874,57.36076627572947,-2.9660428313834615,0.008846697085516131,1.078487132274116,0.022295072346161682,0,0
2019-03-19,6480.27587890625,0.00037561395174123824,-0.004481317604290047,0.007469788595551474,0.007471542789760255,0.0037460051001616534,53.84045331039776,0.15217962996265455,0.008790975988972348,1.1609368062320107,0.019802333605152822,1,0
2019-03-20,6482.7099609375,0.002941041336668615,0.00037561395174123824,-0.004481317604290047,0.007469788595551474,0.005596314723969487,54.093621683440254,2.2455266303772716,0.008539917099903071,1.0787687466524853,0.016431942456732407,2,0
2019-03-21,6501.77587890625,0.0036140967195186224,0.002941041336668615,0.00037561395174123824,-0.004481317604290047,0.007471542789760255,56.12357630791449,4.643051743279262,0.00827207737361842,1.2206744710812114,0.013776669069431535,3,0
2019-03-22,6525.27392578125,-0.017474047912110935,0.0036140967195186224,0.002941041336668615,0.00037561395174123824,0.007469788595551474,58.555970734366646,7.377813234459737,0.008018827580794334,1.289378297870625,0.009919222999189903,4,0
2019-03-25,6411.2509765625,0.009163273609123168,-0.017474047912110935,0.0036140967195186224,0.002941041336668615,-0.004481317604290047,45.40279660239566,1.3875030125208578,0.009068661267244557,1.0501586641891756,-0.015024613508472506,0,0
2019-03-26,6469.9990234375,-0.003904363876600536,0.009163273609123168,-0.017474047912110935,0.0036140967195186224,0.00037561395174123824,51.45346643806171,1.265187780006026,0.009081872636793971,0.857748927112632,-0.001380022295059291,1,0
2019-03-27,6444.73779296875,0.0055937563523655864,-0.003904363876600536,0.009163273609123168,-0.017474047912110935,0.002941041336668615,48.941817684115264,-0.5369293464466107,0.008925641332844975,0.9125992990274057,-0.0056600001234010655,2,0
2019-03-28,6480.7880859375,-0.0018567499763046946,0.0055937563523655864,-0.003904363876600536,0.009163273609123168,0.0036140967195186224,52.504947296864025,0.6165381622491859,0.008639323279052683,0.9277796111050933,-0.003007285107704094,3,0
2019-03-29,6468.7548828125,-0.002495695579939894,-0.0018567499763046946,0.0055937563523655864,-0.003904363876600536,-0.017474047912110935,51.22006447066105,0.4920605841730321,0.008534509456790396,1.0357139694612243,-0.008478131803527411,4,0
2019-04-01,6452.61083984375,0.0036349748508262003,-0.002495695579939894,-0.0018567499763046946,0.0055937563523655864,0.009163273609123168,49.47090699476432,-0.6903485968101446,0.008476816150316643,0.9311216712598004,0.00650022052864363,0,0
2019-04-02,6476.06591796875,0.002866549704542365,0.0036349748508262003,-0.002495695579939894,-0.0018567499763046946,-0.003904363876600536,52.03381619187718,0.05483187368183273,0.008256017034227195,0.9712386443142381,0.000971921770346662,1,0
2019-04-04,6494.6298828125,-0.003173670675337137,0.002866549704542365,0.0036349748508262003,-0.002495695579939894,0.0055937563523655864,54.02157788425226,1.6568602064776634,0.007971393951290576,1.133891910701952,0.007742835351489563,3,0
2019-04-05,6474.01806640625,-0.007458147195795961,-0.003173670675337137,0.002866549704542365,0.0036349748508262003,-0.0018567499763046946,51.471093013227836,1.2080800498657736,0.007787965345400862,1.0111925259665961,-0.0010245916762131602,4,0
2019-04-08,6425.73388671875,0.00912179975794647,-0.007458147195795961,-0.003173670675337137,0.002866549704542365,-0.002495695579939894,45.99310033100943,-2.2713203754846276,0.008324680662278048,1.0123864557179594,-0.006625988895704427,0,0
2019-04-09,6484.34814453125,-0.0009286936052822492,0.00912179975794647,-0.007458147195795961,-0.003173670675337137,0.0036349748508262003,52.589616368258255,-0.6406736070922481,0.008306315975384651,0.9944349462714699,0.004991506442181937,1,0
2019-04-10,6478.326171875,-0.010521260344363403,-0.0009286936052822492,0.00912179975794647,-0.007458147195795961,0.002866549704542365,51.888393942613256,-0.0161024555928595,0.008062967015220888,0.8259583129596064,0.0004278379860734871,2,0
2019-04-11,6410.166015625,-0.000670778990281895,-0.010521260344363403,-0.0009286936052822492,0.00912179975794647,-0.003173670675337137,44.63404384134527,-4.0203380717263615,0.008326161104523732,0.9487642064301214,-0.012959972062832281,3,0
2019-04-12,6405.8662109375,0.004571539118120915,-0.000670778990281895,-0.010521260344363403,-0.0009286936052822492,-0.007458147195795961,44.21409933896765,-6.631329836250135,0.008041679084173387,1.1046267929636708,-0.01045708037777704,4,0
2019-04-15,6435.15087890625,0.007208865431704403,0.004571539118120915,-0.000670778990281895,-0.010521260344363403,0.00912179975794647,47.81528288319748,-6.073794115902231,0.007834747292653868,0.8672345009752587,0.001572605936139837,0,0
2019-04-16,6481.541015625,0.003962047870921914,0.007208865431704403,0.004571539118120915,-0.000670778990281895,-0.0009286936052822492,52.99208783168286,-2.45403923683549,0.007773739578129129,1.1005378708384381,-0.00034032839010222915,1,0
2019-04-18,6507.22119140625,-0.014211600408770675,0.003962047870921914,0.007208865431704403,0.004571539118120915,-0.010521260344363403,55.6168708610654,1.5792336807861556,0.008889097937403504,1.0913565622467427,0.004550413086101934,3,0
2019-04-22,6414.7431640625,0.00749501765723104,-0.014211600408770675,0.003962047870921914,0.007208865431704403,-0.000670778990281895,45.717077021092834,-1.8839190145460671,0.00955573687465529,0.923008327325348,0.0008600730216946628,0,0
2019-04-23,6462.82177734375,-0.0023112213570725126,0.00749501765723104,-0.014211600408770675,0.003962047870921914,0.004571539118120915,50.636597223181035,-0.8898515960432298,0.00955956220184434,1.0370138844416974,0.009025869669207598,1,0
2019-04-24,6447.884765625,-0.011646866992778948,-0.0023112213570725126,0.00749501765723104,-0.014211600408770675,0.007208865431704403,49.14638682315025,-1.1736774373126997,0.009324413052802844,0.955544113316397,0.00214310919401417,2,0
2019-04-25,6372.787109375,0.004439653838173685,-0.011646866992778948,-0.0023112213570725126,0.00749501765723104,0.003962047870921914,42.39161901754607,-6.080220136759927,0.009820744482889238,0.9587680648559211,-0.01671262323046918,3,0
2019-04-26,6401.080078125,0.003876680357593365,0.004439653838173685,-0.011646866992778948,-0.0023112213570725126,-0.014211600408770675,45.434425828945834,-7.014976930282369,0.009965188809219507,0.8485430619536842,-0.01623501726321741,4,0
2019-04-29,6425.89501953125,0.004584113366381981,0.003876680357593365,0.004439653838173685,-0.011646866992778948,0.00749501765723104,48.02731117370792,-5.617264796885033,0.009791663126611507,0.8799480355711752,0.0018532635031466294,0,0
2019-04-30,6455.35205078125,-0.01253691125512757,0.004584113366381981,0.003876680357593365,0.004439653838173685,-0.0023112213570725126,51.00369100654491,-2.521826495381454,0.009404038941681755,0.9475186086332525,-0.0010576407877024296,1,1
2019-05-02,6374.421875,-0.008622411836367472,-0.01253691125512757,0.004584113366381981,0.003876680357593365,-0.011646866992778948,43.613723556537224,-5.563460228259288,0.009994361556321043,1.0519045965039944,-0.011283330685757487,3,0
2019-05-03,6319.458984375,-0.00998612915279351,-0.008622411836367472,-0.01253691125512757,0.004584113366381981,0.004439653838173685,39.43480086910291,-10.622392625515499,0.010640371469344765,0.9305333457341642,-0.00825887552934601,4,0
2019-05-06,6256.35205078125,0.006547876458995683,-0.00998612915279351,-0.008622411836367472,-0.01253691125512757,0.003876680357593365,35.25759352545876,-17.17605436309337,0.011256833894857021,0.7748621325874958,-0.022684658520313206,0,0
2019-05-07,6297.31787109375,-0.004305916139427879,0.006547876458995683,-0.00998612915279351,-0.008622411836367472,0.004584113366381981,39.72133723346794,-17.64220199214968,0.01100395002838391,1.0178515832946267,-0.020013462418910888,1,0
2019-05-08,6270.2021484375,-0.011386865611109798,-0.004305916139427879,0.006547876458995683,-0.00998612915279351,-0.01253691125512757,37.860611973473006,-18.572972358120374,0.011013485238825303,0.9433952302149913,-0.028903491924720748,2,0
2019-05-09,6198.80419921875,0.0016638636279315833,-0.011386865611109798,-0.004305916139427879,0.006547876458995683,-0.008622411836367472,33.42116191467805,-22.529823420674497,0.011206701108264853,0.9510058323613763,-0.027753446280702976,3,0
2019-05-10,6209.1181640625,-0.011873210659034239,0.0016638636279315833,-0.011386865611109798,-0.004305916139427879,-0.00998612915279351,34.613917491712684,-22.909925081407465,0.011348859602813831,0.8686434227981639,-0.01746717081640392,4,0
2019-05-13,6135.39599609375,-0.010462869502982475,-0.011873210659034239,0.0016638636279315833,-0.011386865611109798,0.006547876458995683,30.419051876780998,-26.33903727198888,0.011862426128905718,0.7670304671418507,-0.01935425232264465,0,0
2019-05-14,6071.2021484375,-0.014876359014951324,-0.010462869502982475,-0.011873210659034239,0.0016638636279315833,-0.004305916139427879,27.314874687160597,-30.831343329927932,0.012329009142414422,1.0746295760733187,-0.03636499828462281,1,0
2019-05-15,5980.884765625,-0.014236517838569718,-0.014876359014951324,-0.010462869502982475,-0.011873210659034239,-0.011386865611109798,23.657041602441097,-37.351416716038344,0.013132671922881289,0.9573125299891568,-0.04693544116014625,2,0
2019-05-16,5895.73779296875,-0.011681257091925579,-0.014236517838569718,-0.014876359014951324,-0.010462869502982475,0.0016638636279315833,20.82561643933923,-44.385567426994385,0.013825456391914267,0.9620615386198272,-0.04978509338760617,3,0
2019-05-17,5826.8681640625,0.013772909808130507,-0.011681257091925579,-0.014236517838569718,-0.014876359014951324,-0.011873210659034239,18.859463886758945,-50.233244304454274,0.014339343594665072,0.951910184262635,-0.06313021410746333,4,0
2019-05-20,5907.12109375,0.007491123994278537,0.013772909808130507,-0.011681257091925579,-0.014236517838569718,-0.010462869502982475,27.45449919776803,-45.399572447276284,0.015102219451227155,0.9643391864330482,-0.03748409364029859,0,0
2019-05-21,5951.3720703125,-0.0019719553247716792,0.007491123994278537,0.013772909808130507,-0.011681257091925579,-0.014876359014951324,31.747630515314484,-36.318512933669396,0.01499242814010594,0.9713951579445692,-0.019530100143037576,1,0
2019-05-22,5939.63623046875,0.01566755382006879,-0.0019719553247716792,0.007491123994278537,0.013772909808130507,-0.014236517838569718,31.219949004856986,-28.541487858209834,0.014525056004421178,0.8205811580637025,-0.006625696452857932,2,0
2019-05-23,6032.69580078125,0.004087265026575082,0.01566755382006879,-0.0019719553247716792,0.007491123994278537,-0.011681257091925579,39.76890136410456,-15.23664073145062,0.01452195695627941,0.8981610351028172,0.023278375205780577,3,0
2019-05-24,6057.35302734375,0.006871168571835895,0.004087265026575082,0.01566755382006879,-0.0019719553247716792,0.013772909808130507,41.831919299855215,-3.4950742977434004,0.013989859244919288,1.0659946340347088,0.03904689732428124,4,0
2019-05-27,6098.97412109375,-0.010793951563479398,0.006871168571835895,0.004087265026575082,0.01566755382006879,0.007491123994278537,45.241401957826014,7.741706123388653,0.01360184731181648,0.8914811550382291,0.032145156087986626,0,0
2019-05-28,6033.14208984375,0.011762339777636077,-0.010793951563479398,0.006871168571835895,0.004087265026575082,-0.0019719553247716792,41.13446484083604,11.19799353194503,0.013783492514441015,1.1984755876732096,0.013860080530228691,1,0
2019-05-29,6104.10595703125,0.01720337608946454,0.011762339777636077,-0.010793951563479398,0.006871168571835895,0.01566755382006879,46.746435401999264,18.300906521956506,0.01357798066590597,0.888802658435905,0.027594375632636448,2,0
2019-05-31,6209.1171875,0.012963626446493182,0.01720337608946454,0.011762339777636077,-0.010793951563479398,0.004087265026575082,53.77005273440158,29.448219059506542,0.013602921310651907,1.073980862434638,0.029130197902032196,4,1
2019-06-10,6289.60986328125,0.002604664609547669,0.012963626446493182,0.01720337608946454,0.011762339777636077,0.006871168571835895,58.30904368223224,40.91428700879571,0.01389520155644284,1.070022973396458,0.038006559321950295,0,0
2019-06-11,6305.9921875,-0.004728110787482587,0.002604664609547669,0.012963626446493182,0.01720337608946454,-0.010793951563479398,59.187327316233734,47.79444964671161,0.013489165342792575,0.9709162210110417,0.03374005535966207,1,0
2019-06-12,6276.1767578125,-0.0004930910460174687,-0.004728110787482587,0.002604664609547669,0.012963626446493182,0.011762339777636077,56.84039658561068,48.38242023831259,0.013137737166152085,1.0199302968724395,0.03980589613565888,2,0
2019-06-13,6273.08203125,-0.0036372702313767213,-0.0004930910460174687,-0.004728110787482587,0.002604664609547669,0.01720337608946454,56.58956984860531,46.59072389183389,0.012596368138426106,1.077833499484078,0.027550465312005334,3,0
2019-06-14,6250.26513671875,-0.009558032030359986,-0.0036372702313767213,-0.0004930910460174687,-0.004728110787482587,0.012963626446493182,54.673921073345234,42.0366097242291,0.012421161575078827,0.9741110062744781,0.006709818991164074,4,0
2019-06-17,6190.52490234375,0.010791520401760568,-0.009558032030359986,-0.0036372702313767213,-0.0004930910460174687,0.002604664609547669,49.91002426986088,33.53762854738275,0.012487243801957811,1.0631617432761835,-0.015811839485689094,0,0
2019-06-18,6257.330078125,0.013093784071368741,0.010791520401760568,-0.009558032030359986,-0.0036372702313767213,-0.004728110787482587,54.66693576927053,31.011005194706126,0.012234096203170114,1.0485412808732155,-0.007624983693476195,1,0
2019-06-19,6339.26220703125,-0.0005622049896906178,0.013093784071368741,0.010791520401760568,-0.009558032030359986,-0.0004930910460174687,59.719356022389874,33.254876249011666,0.012136588608862539,1.159439388287249,0.010196911165375133,2,0
2019-06-20,6335.6982421875,-0.0031981016545784557,-0.0005622049896906178,0.013093784071368741,0.010791520401760568,-0.0036372702313767213,59.40918455959893,32.839217790887965,0.011796977281849171,1.0354590863126711,0.010127797221701984,3,0
2019-06-21,6315.43603515625,-0.0042706776311419725,-0.0031981016545784557,-0.0005622049896906178,0.013093784071368741,-0.009558032030359986,57.57820758062683,29.637917234936182,0.011926391053326315,1.2225566717574696,0.01056696579850025,4,0
2019-06-24,6288.46484375,0.0050854988082718044,-0.0042706776311419725,-0.0031981016545784557,-0.0005622049896906178,0.010791520401760568,55.142023733301556,24.36274512604872,0.011579906240693333,1.2304672183248517,0.015854320197718264,0,0
2019-06-25,6320.44482421875,-0.0015752142395658586,0.0050854988082718044,-0.0042706776311419725,-0.0031981016545784557,0.013093784071368741,57.44135958102884,21.77084218826322,0.011144953853515525,1.1144788772980427,0.0101482986042295,1,0
2019-06-26,6310.48876953125,0.006690637278384148,-0.0015752142395658586,0.0050854988082718044,-0.0042706776311419725,-0.0005622049896906178,56.47089175453286,18.270752271693134,0.010714179534942164,1.2371509137385743,-0.0045206997067051,2,0
2019-06-27,6352.7099609375,0.0009317197462019866,0.006690637278384148,-0.0015752142395658586,0.0050854988082718044,-0.0031981016545784557,59.58895157730528,17.673096058301866,0.010416158548435682,1.035905272629768,0.002732142561369666,3,0
2019-06-28,6358.62890625,0.0033118903999178606,0.0009317197462019866,0.006690637278384148,-0.0015752142395658586,-0.0042706776311419725,60.021298019177785,16.56895408900898,0.009953460716753548,1.0898580892620076,0.006861963962150108,4,0
2019-07-01,6379.68798828125,0.0008166482353164639,0.0033118903999178606,0.0009317197462019866,0.006690637278384148,0.0050854988082718044,61.59561569127504,16.133681764062256,0.009626218524567456,1.2944232665356896,0.014444531993209941,0,0
2019-07-02,6384.89794921875,-0.003488838675796746,0.0008166482353164639,0.0033118903999178606,0.0009317197462019866,-0.0015752142395658586,61.99435722706484,15.092235862546701,0.009256681680178503,1.2681062368057954,0.010175681420254601,1,0
2019-07-03,6362.6220703125,0.0020973627562708153,-0.003488838675796746,0.0008166482353164639,0.0033118903999178606,0.006690637278384148,59.165790637383296,11.936966076563877,0.009193913782065157,1.128848095057011,0.008262056984023713,2,0
2019-07-04,6375.966796875,-0.0003904891874547678,0.0020973627562708153,-0.003488838675796746,0.0008166482353164639,0.0009317197462019866,60.33340305092134,9.868213951887185,0.008807404383676689,1.3234438840469755,0.0036687824619103804,3,0
2019-07-05,6373.47705078125,-0.003396874605690492,-0.0003904891874547678,0.0020973627562708153,-0.003488838675796746,0.0033118903999178606,59.98875607466421,7.555906744360485,0.008447324134919842,1.2392224626720179,0.002346573528253626,4,0
2019-07-08,6351.8271484375,0.0057457630532307125,-0.003396874605690492,-0.0003904891874547678,0.0020973627562708153,0.0008166482353164639,56.942684168770775,3.9721810439459304,0.008418956653470885,0.9938413390217641,-0.0043621914773547266,0,0
2019-07-09,6388.3232421875,0.003500114573662838,0.0057457630532307125,-0.003396874605690492,-0.0003904891874547678,-0.003488838675796746,60.57678871812336,3.4811079136648573,0.008185528608775684,1.1054791895163196,0.000566923340559522,1,0
2019-07-10,6410.68310546875,0.0009956524749374918,0.003500114573662838,0.0057457630532307125,-0.003396874605690492,0.0020973627562708153,62.656363377414074,4.044117011861502,0.007847329656816025,1.0552472279254461,0.007555876590019106,2,0
2019-07-11,6417.06591796875,-0.006813192147921643,0.0009956524749374918,0.003500114573662838,0.0057457630532307125,-0.0003904891874547678,63.252273308706776,4.209455146380392,0.007699042694456649,1.1006309524245939,0.0064541663086857826,3,0
2019-07-12,6373.34521484375,0.007043188523736754,-0.006813192147921643,0.0009956524749374918,0.003500114573662838,-0.003396874605690492,56.590809737161095,0.9097900108083294,0.007823769957914112,1.1626978049796386,3.1463348218907505e-05,4,0
2019-07-15,6418.23388671875,-0.0025480535915169966,0.007043188523736754,-0.006813192147921643,0.0009956524749374918,0.0057457630532307125,61.1184451112976,1.264071562034374,0.007946937891063618,1.1888226946965728,0.010471526477646154,0,0
2019-07-16,6401.8798828125,-0.0011357595310825808,-0.0025480535915169966,0.007043188523736754,-0.006813192147921643,0.003500114573662838,58.71565575414302,-0.02124148558959149,0.007831841237279107,1.023307698894609,0.0021777098328984446,1,0
2019-07-17,6394.60888671875,0.0013581844875278914,-0.0011357595310825808,-0.0025480535915169966,0.007043188523736754,0.0009956524749374918,57.6308476829694,-1.6871376770388409,0.007571094518751464,1.1890541694983994,-0.0024581642718469743,2,0
2019-07-18,6403.2939453125,0.008315269866141062,0.0013581844875278914,-0.0011357595310825808,-0.0025480535915169966,-0.006813192147921643,58.61443164973343,-2.482123516854479,0.007373705982714723,1.2312104685292595,-0.0020956322592565746,3,0
2019-07-19,6456.5390625,-0.003561069990815957,0.008315269866141062,0.0013581844875278914,-0.0011357595310825808,0.007043188523736754,64.11454720451317,0.1598109513784891,0.0073795972035655315,1.051770619923793,0.01303282975480613,4,0
2019-07-22,6433.546875,-0.00462214964529184,-0.003561069990815957,0.008315269866141062,0.0013581844875278914,-0.0025480535915169966,60.382726273564,-0.04820500832604324,0.0074087603521094374,1.015431384125903,0.0024285712402534188,0,0
2019-07-23,6403.81005859375,-0.002939381714209266,-0.00462214964529184,-0.003561069990815957,0.008315269866141062,-0.0011357595310825808,55.85456628387993,-2.4619267343576396,0.007551909917101385,1.032728053220359,0.00035447518647857557,1,0
2019-07-24,6384.98681640625,0.0025651451506001344,-0.002939381714209266,-0.00462214964529184,-0.003561069990815957,0.0013581844875278914,53.13812743154693,-5.429520782171906,0.007471801062351691,1.1782583749453222,-0.0014491469966481096,2,0
2019-07-25,6401.365234375,-0.011892528418772974,0.0025651451506001344,-0.002939381714209266,-0.00462214964529184,0.008315269866141062,55.18065963808679,-6.329842397469804,0.00722974787669923,0.9733630476626217,-0.00024218633357586672,3,0
2019-07-26,6325.23681640625,-0.004142399868458435,-0.011892528418772974,0.0025651451506001344,-0.002939381714209266,-0.003561069990815957,45.29773844103429,-11.776384520478729,0.007776088473133931,0.9494292612003675,-0.020449984618489903,4,0
2019-07-29,6299.03515625,0.012376647465230706,-0.004142399868458435,-0.011892528418772974,0.0025651451506001344,-0.00462214964529184,42.477875985009334,-16.573843036697987,0.007996439516973921,0.9864635410654446,-0.02103131449613238,0,0
2019-07-30,6376.99609375,0.002118362449012645,0.012376647465230706,-0.004142399868458435,-0.011892528418772974,-0.002939381714209266,52.0438398202073,-14.0277890397503,0.008207727365188308,0.9909991657740652,-0.004032517385609835,1,0
2019-07-31,6390.5048828125,-0.001402532474250373,0.002118362449012645,0.012376647465230706,-0.004142399868458435,0.0025651451506001344,53.48725040201251,-11.093645397262431,0.008069295387023497,0.8880064030972716,0.001025226777612076,2,1
2019-08-01,6381.5419921875,-0.006481476805588193,-0.001402532474250373,0.002118362449012645,0.012376647465230706,-0.011892528418772974,52.36116547035314,-9.478872779518674,0.007860228630068711,0.8471487913773093,-0.0029424508472384314,3,0
2019-08-02,6340.18017578125,-0.025942015245802197,-0.006481476805588193,-0.001402532474250373,0.002118362449012645,-0.004142399868458435,47.40153345317592,-10.821724893644713,0.00807047731582567,0.7459701029387631,0.0024686007659463494,4,0
2019-08-05,6175.703125,-0.009105349213778813,-0.025942015245802197,-0.006481476805588193,-0.001402532474250373,0.012376647465230706,33.7226144383925,-21.780226102349378,0.009595954127673549,0.9722320529548799,-0.019331014611397412,0,0
2019-08-06,6119.47119140625,0.013844927145253871,-0.009105349213778813,-0.025942015245802197,-0.006481476805588193,0.002118362449012645,30.483767543051712,-31.23357509648085,0.010779490412509007,0.9053544166248738,-0.04081301129040693,1,0
2019-08-07,6204.19482421875,0.011359423134753799,0.013844927145253871,-0.009105349213778813,-0.025942015245802197,-0.001402532474250373,39.85646068706758,-30.181321081280906,0.011049345553222487,0.9224086559479361,-0.029086446594165705,2,0
2019-08-08,6274.6708984375,0.0011890563857075431,0.011359423134753799,0.013844927145253871,-0.009105349213778813,-0.006481476805588193,46.33784933991182,-23.43997609018863,0.011020328413656223,0.873061778848899,-0.016324490985161533,3,0
2019-08-09,6282.1318359375,-0.005020050823088762,0.0011890563857075431,0.011359423134753799,0.013844927145253871,-0.025942015245802197,46.98914809389438,-17.45426589900367,0.010730037981002648,0.8297433791769232,-0.008653957793865796,4,0
2019-08-12,6250.59521484375,-0.006340724270087139,-0.005020050823088762,0.0011890563857075431,0.011359423134753799,-0.009105349213778813,44.52899835912619,-14.704905061889185,0.010743238210755849,0.8102573999230535,0.012268006628847639,0,0
2019-08-13,6210.9619140625,0.00907637941674766,-0.006340724270087139,-0.005020050823088762,0.0011890563857075431,0.013844927145253871,41.58251185738431,-14.611347068786795,0.010651828560678946,0.8798827701273555,0.015032631572539312,1,0
2019-08-14,6267.3349609375,-0.0015555293435348672,0.00907637941674766,-0.006340724270087139,-0.005020050823088762,0.011359423134753799,46.958668296078145,-10.027096276826963,0.010527014918034342,0.9800781981968386,0.0102640838440331,2,0
2019-08-15,6257.5859375,0.004645767449757754,-0.0015555293435348672,0.00907637941674766,-0.006340724270087139,0.0011890563857075431,46.1673732022159,-7.065382512793207,0.010996506636542972,1.0091214029306186,-0.0026508686342555654,3,0
2019-08-16,6286.6572265625,0.0015998354650232915,0.004645767449757754,-0.0015555293435348672,0.00907637941674766,-0.005020050823088762,48.93093068512128,-2.7823763652598004,0.010807747295128557,1.0435699658284137,0.0008058424297946454,4,0
2019-08-19,6296.71484375,-0.00015516833864881452,0.0015998354650232915,0.004645767449757754,-0.0015555293435348672,-0.006340724270087139,49.88937794445456,0.8972014698729112,0.010529784724756824,0.9233708882890592,0.007425728717906699,0,0
2019-08-20,6295.73779296875,-0.006793643175787567,-0.00015516833864881452,0.0015998354650232915,0.004645767449757754,0.00907637941674766,49.79161523941548,3.299420944406293,0.010211734615123329,0.9991275679999841,0.013611284649345023,1,0
2019-08-21,6252.966796875,-0.0021944270828940793,-0.006793643175787567,-0.00015516833864881452,0.0015998354650232915,-0.0015555293435348672,45.58081961676116,2.100376631421671,0.010236707192001525,0.861500373576458,-0.0022587379431902033,2,0
2019-08-22,6239.2451171875,0.0026208380139136622,-0.0021944270828940793,-0.006793643175787567,-0.00015516833864881452,0.004645767449757754,44.28684636423366,0.5560581540493246,0.01016088115923282,0.9136684770599939,-0.0028976356825494154,3,0
2019-08-23,6255.59716796875,-0.006568102331482306,0.0026208380139136622,-0.0021944270828940793,-0.006793643175787567,0.0015998354650232915,46.245282379661035,0.7942520977455523,0.00999744848202944,0.9373061490467438,-0.004922565118393507,4,0
2019-08-26,6214.509765625,0.010243950884852637,-0.006568102331482306,0.0026208380139136622,-0.0021944270828940793,-0.00015516833864881452,42.22849883655129,-1.5302581967547937,0.010569702639049529,1.0884462429746138,-0.013090502914899105,0,0
2019-08-27,6278.1708984375,0.0005535207168563261,0.010243950884852637,-0.006568102331482306,0.0026208380139136622,-0.006793643175787567,49.54150070140676,1.3491273807475004,0.010572765067869786,1.067579598549148,-0.002691383691397653,1,0
2019-08-28,6281.64599609375,0.0011896793509054149,0.0005535207168563261,0.010243950884852637,-0.006568102331482306,-0.0021944270828940793,49.91421312325661,3.495264832351573,0.010257132053004709,0.9737302524816164,0.00465578020124624,2,0
2019-08-29,6289.119140625,0.00625700886544811,0.0011896793509054149,0.0005535207168563261,0.010243950884852637,0.0026208380139136622,50.75659433116234,5.316492088306468,0.00985928259181671,1.0165610676603773,0.008039886635045734,3,0
2019-08-30,6328.47021484375,-0.0059926514811267095,0.00625700886544811,0.0011896793509054149,0.0005535207168563261,-0.006568102331482306,55.044226650061674,8.86085782510714,0.009558226067296761,1.184833241974323,0.011676057486580182,4,0
2019-09-02,6290.5458984375,-0.004603106813781066,-0.0059926514811267095,0.00625700886544811,0.0011896793509054149,0.010243950884852637,50.482240826450635,8.3477212826163,0.009570645068754872,1.1262621040727154,0.012251508336935779,0,0
2019-09-03,6261.58984375,0.001289483813453396,-0.004603106813781066,-0.0059926514811267095,0.00625700886544811,0.0005535207168563261,47.261498680708826,5.871627749846672,0.009633490769263795,1.0891073133583398,-0.002595549361697924,1,0
2019-09-04,6269.6640625,0.005923628409117754,0.001289483813453396,-0.004603106813781066,-0.0059926514811267095,0.0011896793509054149,48.25289924347083,4.644794632864539,0.009328087058464992,0.9937711635242746,-0.0018595862651008543,2,0
2019-09-05,6306.80322265625,0.0003404216970870344,0.005923628409117754,0.001289483813453396,-0.004603106813781066,0.00625700886544811,52.661048232738594,6.109556594571126,0.009037584295761783,0.9791168863810902,0.0028743627931114846,3,0
2019-09-06,6308.9501953125,0.002736223108137148,0.0003404216970870344,0.005923628409117754,0.001289483813453396,-0.0059926514811267095,52.91077832198348,6.937528390864095,0.008750295221240737,1.008358492621541,-0.0030422243752495914,4,0
2019-09-09,6326.212890625,0.0016534317005045818,0.002736223108137148,0.0003404216970870344,0.005923628409117754,-0.004603106813781066,54.967814977374076,8.27180687474916,0.008409775590819197,0.9588532644654257,0.005686650214014266,0,0
2019-09-10,6336.6728515625,0.007145903072593551,0.0016534317005045818,0.002736223108137148,0.0003404216970870344,0.001289483813453396,56.21589696753758,9.400495762244214,0.008141850911027131,0.9913638939286599,0.011943188728299914,1,0
2019-09-11,6381.9541015625,-0.006233243424261015,0.007145903072593551,0.0016534317005045818,0.002736223108137148,0.005923628409117754,61.22586793707691,12.541945024823162,0.008102817222055593,1.1866424013431027,0.01779960798744007,2,0
2019-09-12,6342.173828125,-0.0011559214373768611,-0.006233243424261015,0.007145903072593551,0.0016534317005045818,0.0003404216970870344,55.24522916661405,11.323260199274534,0.008437997535005326,0.9753056588300915,0.005642736154061301,3,0
2019-09-13,6334.8427734375,-0.01821792883758122,-0.0011559214373768611,-0.006233243424261015,0.007145903072593551,0.002736223108137148,54.19459391958011,9.480638602337812,0.008485750012468578,0.9357714263064875,0.004146393019597405,4,0
2019-09-16,6219.43505859375,0.0027743488998503985,-0.01821792883758122,-0.0011559214373768611,-0.006233243424261015,0.0016534317005045818,40.981647669913194,0.4247305361586253,0.009648972245830624,0.903400091851745,-0.016807758926120964,0,0
2019-09-17,6236.68994140625,0.006404498454951835,0.0027743488998503985,-0.01821792883758122,-0.0011559214373768611,0.007145903072593551,43.21095588358385,-4.212351067753521,0.00933635614202865,0.9894584418479065,-0.015686841726775147,1,0
2019-09-18,6276.6328125,-0.005124180212071283,0.006404498454951835,0.0027743488998503985,-0.01821792883758122,-0.006233243424261015,48.09833751828194,-4.379219162934639,0.009071290085194694,0.9519371075405194,-0.016428246344416864,2,0
2019-09-19,6244.47021484375,-0.002081372777085977,-0.005124180212071283,0.006404498454951835,0.0027743488998503985,-0.0011559214373768611,44.75808204367173,-6.327117969788463,0.008914778493916834,0.9342704889779554,-0.015319183132227132,3,0
2019-09-20,6231.47314453125,-0.004055850871062527,-0.002081372777085977,-0.005124180212071283,0.006404498454951835,-0.01821792883758122,43.44506869582408,-8.05170028560598,0.00879479618553204,1.1576575778170193,-0.016244634471936248,4,0
2019-09-23,6206.19921875,-0.01105206361834532,-0.004055850871062527,-0.002081372777085977,-0.005124180212071283,0.0027743488998503985,40.930537425267346,-10.311035477867783,0.00877749015950113,1.0250245719126756,-0.0020825565054175543,0,0
2019-09-24,6137.60791015625,0.00143311507777244,-0.01105206361834532,-0.004055850871062527,-0.002081372777085977,0.006404498454951835,35.00850030321672,-15.52801856727637,0.009291918174698552,0.7871069651205603,-0.015908969023613273,1,0
2019-09-25,6146.40380859375,0.013655167866436058,0.00143311507777244,-0.01105206361834532,-0.004055850871062527,-0.005124180212071283,36.28166301852728,-17.351252927833404,0.009317804092113524,0.806791045091166,-0.020880352400792668,2,0
2019-09-26,6230.333984375,-0.005368062820167552,0.013655167866436058,0.00143311507777244,-0.01105206361834532,-0.002081372777085977,46.958973744615314,-12.117333307125367,0.009497920096973258,0.9277009558697239,-0.002101004322285327,3,0
2019-09-27,6196.88916015625,-0.004484041695252627,-0.005368062820167552,0.013655167866436058,0.00143311507777244,-0.004055850871062527,43.80866623326975,-10.197477442819764,0.009312826019723747,1.0007370626805938,-0.005387694365366902,4,0
2019-09-30,6169.10205078125,-0.005001060207351027,-0.004484041695252627,-0.005368062820167552,0.013655167866436058,-0.01105206361834532,41.32794858508729,-10.071150296056874,0.009200577535107649,0.8429931503198054,-0.005815885189557002,0,1
2019-10-01,6138.25,-0.0134932912984157,-0.005001060207351027,-0.004484041695252627,-0.005368062820167552,0.00143311507777244,38.70714883937764,-11.24823769237863,0.009073163711419127,0.9057385525292951,0.00023511822143729155,1,0
2019-10-02,6055.4248046875,-0.0027902247387616708,-0.0134932912984157,-0.005001060207351027,-0.004484041695252627,0.013655167866436058,32.710130456019584,-16.471742862867238,0.00974712338926406,1.0593779542692172,-0.014691288154750848,2,0
2019-10-03,6038.52880859375,0.0037630265999413215,-0.0027902247387616708,-0.0134932912984157,-0.005001060207351027,-0.005368062820167552,31.633426162241776,-19.712649624209632,0.00975913625418395,1.0987239979959988,-0.031136680759948576,3,0
2019-10-04,6061.251953125,-0.010009470377439156,0.0037630265999413215,-0.0027902247387616708,-0.0134932912984157,-0.004484041695252627,34.744433577337134,-18.96767831113516,0.009476259862899315,1.0162135806187933,-0.022005591339839703,4,0
2019-10-07,6000.58203125,0.006502543047582021,-0.010009470377439156,0.0037630265999413215,-0.0027902247387616708,-0.005001060207351027,30.724394691435165,-21.042207968544062,0.010022681921225279,1.148524328516292,-0.02753102002202623,0,0
2019-10-08,6039.60107421875,-0.0017287429816050803,0.006502543047582021,-0.010009470377439156,0.0037630265999413215,-0.0134932912984157,35.86405456787031,-18.365319645711857,0.009789210908960948,1.11656941515074,-0.016027416767093183,1,0
2019-10-09,6029.16015625,-0.0009153916674495832,-0.0017287429816050803,0.006502543047582021,-0.010009470377439156,-0.0027902247387616708,35.11334321076684,-15.965222373508873,0.009466269621792528,1.012467821236824,-0.004262868450282564,2,0
2019-10-10,6023.64111328125,0.01363937357175904,-0.0009153916674495832,-0.0017287429816050803,0.006502543047582021,0.0037630265999413215,34.6998663817719,-13.513938899161843,0.009102533044742943,0.816872667278039,-0.0023880353789704767,3,0
2019-10-11,6105.7998046875,0.0034519881279631015,0.01363937357175904,-0.0009153916674495832,-0.0017287429816050803,-0.010009470377439156,45.069571443617086,-5.532884058254304,0.009338570071541978,0.965471186879694,0.007488311592847241,4,0
2019-10-14,6126.876953125,0.005106853416411594,0.0034519881279631015,0.01363937357175904,-0.0009153916674495832,0.006502543047582021,47.37823562013287,1.6102734502229836,0.009275199288794738,1.0777912849142504,0.0209497700982495,0,0
2019-10-15,6158.166015625,0.0018553870131154948,0.005106853416411594,0.0034519881279631015,0.01363937357175904,-0.0017287429816050803,50.69134885398708,8.501827383057503,0.009031769111523775,1.076695755940269,0.01955408046707907,1,0
2019-10-16,6169.591796875,0.0018513969250015805,0.0018553870131154948,0.005106853416411594,0.0034519881279631015,-0.0009153916674495832,51.88272777107939,13.587408834661716,0.008831176182067657,1.0352240689317918,0.023138210461799646,2,0
2019-10-17,6181.01416015625,0.0017687416505163256,0.0018513969250015805,0.0018553870131154948,0.005106853416411594,0.01363937357175904,53.102643683712884,17.243260559347917,0.008607518895023664,1.071802752460056,0.02590499905425081,3,0
2019-10-18,6191.94677734375,0.0011369669856109432,0.0017687416505163256,0.0018513969250015805,0.0018553870131154948,0.0034519881279631015,54.29698003692668,19.74078427091832,0.00824017681768265,1.1341851938934462,0.014034367133008097,4,0
2019-10-21,6198.98681640625,0.004276546263348724,0.0011369669856109432,0.0017687416505163256,0.0018513969250015805,0.005106853416411594,55.090130701014715,21.08795762181854,0.008113788863237758,1.3057059859371598,0.011719345990655938,0,0
2019-10-22,6225.4970703125,0.00518979957204091,0.004276546263348724,0.0011369669856109432,0.0017687416505163256,0.0018553870131154948,58.042965056632134,22.837972503770295,0.008085507694829363,1.006620834823777,0.010889038837593068,1,0
2019-10-23,6257.80615234375,0.013078196786560303,0.00518979957204091,0.004276546263348724,0.0011369669856109432,0.0018513969250015805,61.37607129070574,25.066757286007494,0.008152377908415488,1.1760922143080905,0.014223451396518483,2,0
2019-10-24,6339.64697265625,-0.013770760136809557,0.013078196786560303,0.00518979957204091,0.004276546263348724,0.0017687416505163256,68.2553765941125,30.58265679685065,0.008394438001895892,1.1181854377781086,0.025450251258077206,3,0
2019-10-25,6252.34521484375,0.0020853893652248434,-0.013770760136809557,0.013078196786560303,0.00518979957204091,0.0011369669856109432,56.661827342869806,27.005715321528996,0.009104011321573851,1.2743871763790986,0.009910749470751323,4,0
2019-10-28,6265.3837890625,0.002514513884808167,0.0020853893652248434,-0.013770760136809557,0.013078196786560303,0.004276546263348724,57.8143154268315,24.259000545445893,0.008833029137548494,1.1952732437327593,0.010859171850365223,0,0
2019-10-29,6281.13818359375,0.002325834314059305,0.002514513884808167,0.0020853893652248434,-0.013770760136809557,0.00518979957204091,59.225270652406955,22.294669245932226,0.008581819564064112,1.1993248693645644,0.009097139471824667,1,0
2019-10-30,6295.7470703125,-0.010710432777583434,0.002325834314059305,0.002514513884808167,0.0020853893652248434,0.013078196786560303,60.54313525184036,20.799776551432636,0.008394074384229403,1.116985731074407,0.006233174213843062,2,0
2019-10-31,6228.31689453125,-0.0033919238407810193,-0.010710432777583434,0.002325834314059305,0.002514513884808167,-0.013770760136809557,52.16278235119478,14.394535416592241,0.008857166243598467,1.289738818679646,-0.017555455350300675,3,1
2019-11-01,6207.19091796875,-0.004325093273639058,-0.0033919238407810193,-0.010710432777583434,0.002325834314059305,0.0020853893652248434,49.83532423994358,8.169574094209832,0.008649783679465787,1.1047341105351374,-0.0071766190542721375,4,0
2019-11-04,6180.34423828125,0.013560347766454983,-0.004325093273639058,-0.0033919238407810193,-0.010710432777583434,0.002514513884808167,46.967347468835484,2.00022940372822,0.008780381340208955,0.8157874471479498,-0.013587101693136039,0,0
2019-11-05,6264.15185546875,-0.007440262412071186,0.013560347766454983,-0.004325093273639058,-0.0033919238407810193,0.002325834314059305,55.56435695305774,3.2462911742161893,0.008999767535908077,0.7616830982475983,-0.002541267811489223,1,0
2019-11-06,6217.544921875,-0.008350707407811075,-0.007440262412071186,0.013560347766454983,-0.004325093273639058,-0.010710432777583434,50.647229448267595,0.744714524182422,0.009290331349360076,0.5670013554990493,-0.012307364537619714,2,0
2019-11-07,6165.6240234375,0.0020049578695131576,-0.008350707407811075,-0.007440262412071186,0.013560347766454983,-0.0033919238407810193,45.78622146953422,-4.315494679337103,0.010045756050097101,0.547697613760939,-0.009947639167847355,3,0
2019-11-08,6177.98583984375,-0.0047338414536556295,0.0020049578695131576,-0.008350707407811075,-0.007440262412071186,-0.004325093273639058,47.08832912044113,-6.601932099889822,0.009776355356767082,0.5032469820552485,-0.004550757457553178,4,0
2019-11-11,6148.740234375,0.005245294466123873,-0.0047338414536556295,0.0020049578695131576,-0.008350707407811075,0.013560347766454983,44.3730203911195,-9.670205598873498,0.009759436628975294,0.40398004917821867,-0.00495950563756975,0,0
2019-11-12,6180.9921875,-0.00622735149469078,0.005245294466123873,-0.0047338414536556295,0.0020049578695131576,-0.007440262412071186,47.93838276355578,-9.121003963652758,0.009563480047940762,0.5063042973115718,-0.01327455893790086,1,0
2019-11-13,6142.5009765625,-0.007090073150362253,-0.00622735149469078,0.005245294466123873,-0.0047338414536556295,-0.008350707407811075,44.28989351330453,-10.827103902198864,0.009535757071685134,0.4681081249279861,-0.012061648020520455,2,0
2019-11-14,6098.9501953125,0.004819685124473061,-0.007090073150362253,-0.00622735149469078,0.005245294466123873,0.0020049578695131576,40.53118971071109,-14.155559394129199,0.009894819182224656,0.6650186898229329,-0.010801013763071632,3,0
2019-11-15,6128.34521484375,-0.0009334028425642682,0.004819685124473061,-0.007090073150362253,-0.00622735149469078,-0.0047338414536556295,43.98651206887514,-13.638898805368694,0.009665436811757154,0.4414890348208075,-0.007986286508111728,4,0
2019-11-18,6122.625,0.004812452787815724,-0.0009334028425642682,0.004819685124473061,-0.007090073150362253,0.005245294466123873,43.45735346081399,-12.949164564292058,0.00940615015583227,0.4727647579196427,-0.004185847897020367,0,0
2019-11-19,6152.08984375,0.00049073453825077,0.004812452787815724,-0.0009334028425642682,0.004819685124473061,-0.00622735149469078,46.99458175663333,-9.91216611345812,0.009142434838156735,0.533065284535734,-0.004618689575328516,1,0
2019-11-20,6155.10888671875,-0.006132323226473724,0.00049073453825077,0.004812452787815724,-0.0009334028425642682,-0.007090073150362253,47.35796879437042,-7.228269799255537,0.008993832055768263,0.5600998233771505,0.002099396457613034,2,0
2019-11-21,6117.36376953125,-0.0027988497457888117,-0.006132323226473724,0.00049073453825077,0.004812452787815724,0.004819685124473061,43.35599288862643,-7.491384122946734,0.00905146221929677,0.5756540674903948,0.003057146381501563,3,0
2019-11-22,6100.2421875,-0.004832591815642551,-0.0027988497457888117,-0.006132323226473724,0.00049073453825077,-0.0009334028425642682,41.63717275876871,-8.254614520662614,0.008845994691848812,0.6169701506665084,-0.0045613884887603096,4,0
2019-11-25,6070.76220703125,-0.0073424418927781065,-0.004832591815642551,-0.0027988497457888117,-0.006132323226473724,0.004812452787815724,38.78599548102364,-10.06116836667072,0.008875647802291812,0.6184025116098708,-0.008460577461838592,0,0
2019-11-26,6026.18798828125,-0.0005225402505486532,-0.0073424418927781065,-0.004832591815642551,-0.0027988497457888117,0.00049073453825077,34.895107227618325,-13.36730218608174,0.00913795468526462,1.0813657735870676,-0.020615472142432423,1,0
2019-11-27,6023.0390625,-0.01161855388618438,-0.0005225402505486532,-0.0073424418927781065,-0.004832591815642551,-0.006132323226473724,34.63080563606458,-14.765898477352614,0.009076763556125097,0.8085975555994249,-0.021628746931231846,2,0
2019-11-28,5953.06005859375,0.009872236959277858,-0.01161855388618438,-0.0005225402505486532,-0.0073424418927781065,-0.0027988497457888117,29.316594799114398,-19.1268554616946,0.009620313347653729,0.7915691916829817,-0.0271149775909425,3,0
2019-11-29,6011.830078125,0.019665409055128036,0.009872236959277858,-0.01161855388618438,-0.0005225402505486532,-0.004832591815642551,37.93097213548226,-16.85589829958124,0.00975231145833201,0.8395414242293162,-0.014443890885875832,4,0
2019-12-02,6130.05517578125,0.0006265555859390481,0.019665409055128036,0.009872236959277858,-0.01161855388618438,-0.0073424418927781065,50.89572542643792,-6.714530969158133,0.010258649322816846,0.9030881317326156,0.010054109984894755,0,0
2019-12-03,6133.89599609375,-0.0034263850996388845,0.0006265555859390481,0.019665409055128036,0.009872236959277858,-0.0005225402505486532,51.251967652414585,0.5437961630418258,0.009994151987024958,0.9392525274047172,0.01802310746361191,1,0
2019-12-04,6112.87890625,0.006418952812868861,-0.0034263850996388845,0.0006265555859390481,0.019665409055128036,-0.01161855388618438,49.15066425721611,4.026982875664885,0.009763110822628106,0.9145671628503986,0.015119262614521678,2,0
2019-12-05,6152.1171875,0.00564862071111194,0.006418952812868861,-0.0034263850996388845,0.0006265555859390481,0.009872236959277858,53.023103555067934,8.79756901387109,0.009530999140692952,0.9626262498815403,0.03315676931357492,3,0
2019-12-06,6186.8681640625,0.0011189589593507687,0.00564862071111194,0.006418952812868861,-0.0034263850996388845,0.019665409055128036,56.204177351701425,13.818569421234209,0.009282503213422751,0.9141314698173016,0.028933153065409,4,0
2019-12-09,6193.791015625,-0.0016607168027709118,0.0011189589593507687,0.00564862071111194,0.006418952812868861,0.0006265555859390481,56.83131223679814,16.925894262166466,0.008955131720430588,1.0138006454290736,0.010386702969631734,0,0
2019-12-10,6183.5048828125,-0.0005507817626564382,-0.0016607168027709118,0.0011189589593507687,0.00564862071111194,-0.0034263850996388845,55.558310222684504,17.534058513074786,0.00862521133616921,0.9498368710494387,0.008099430580921774,1,0
2019-12-11,6180.09912109375,-0.006586002528434665,-0.0005507817626564382,-0.0016607168027709118,0.0011189589593507687,0.006418952812868861,55.118077537583325,16.943041891242675,0.008391216770734714,0.9239149078337233,0.01097503391790422,2,0
2019-12-12,6139.39697265625,0.00943429765096937,-0.006586002528434665,-0.0005507817626564382,-0.0016607168027709118,0.00564862071111194,50.01724805132426,13.212599109370197,0.008560497815158712,0.9852490288212336,-0.0020299214233993057,3,0
2019-12-13,6197.31787109375,0.0023032424797553297,0.00943429765096937,-0.006586002528434665,-0.0005507817626564382,0.0011189589593507687,56.225515580771464,13.97375907020349,0.008542321287488814,0.9204743096793447,0.001755755516458124,4,0
2019-12-16,6211.591796875,0.005274051318493234,0.0023032424797553297,0.00943429765096937,-0.006586002528434665,-0.0016607168027709118,57.622459075060625,14.69297049929816,0.008380820425248415,1.0404052899157747,0.002940039036862685,0,0
2019-12-17,6244.35205078125,0.006869879992333683,0.005274051318493234,0.0023032424797553297,0.00943429765096937,-0.0005507817626564382,60.720666021218335,16.49445317147843,0.008184323730061855,1.0003739347039764,0.00987480715812683,1,0
2019-12-18,6287.25,-0.005935794539544292,0.006869879992333683,0.005274051318493234,0.0023032424797553297,-0.006586002528434665,64.39178783515558,19.489215629337018,0.008035233799738157,0.0,0.01729546891311695,2,0
2019-12-19,6249.93017578125,0.005510764690574321,-0.005935794539544292,0.006869879992333683,0.005274051318493234,0.00943429765096937,59.20738979842761,17.911181580419946,0.008093342645412348,0.9430155814549589,0.017945676902007324,3,0
2019-12-20,6284.3720703125,0.0034272455062369644,0.005510764690574321,-0.005935794539544292,0.006869879992333683,0.0023032424797553297,62.2297733132582,18.08857245955008,0.008075394754107965,1.0433695928894688,0.014022143941612275,4,0
2019-12-23,6305.91015625,0.0021460367351313625,0.0034272455062369644,0.005510764690574321,-0.005935794539544292,0.005274051318493234,64.02482023536174,18.49221211796032,0.007984758058966295,0.7799673346177805,0.01514614696809391,0,0
2019-12-26,6319.44287109375,0.001562019619664845,0.0021460367351313625,0.0034272455062369644,0.005510764690574321,0.006869879992333683,65.14566514014334,18.46346909697504,0.007660871472494024,0.7042299707748617,0.012018132384732039,3,0
2019-12-27,6329.31396484375,-0.004704285884557957,0.001562019619664845,0.0021460367351313625,0.0034272455062369644,-0.005935794539544292,65.97831684233606,17.889465661007776,0.007384198990954089,0.896490543666761,0.006710272012063201,4,0
2019-12-30,6299.5390625,-0.002533202454048644,-0.004704285884557957,0.001562019619664845,0.0021460367351313625,0.005510764690574321,61.22694603506909,14.43290520765332,0.007426313481954526,1.0171988947516961,0.007941780667049536,0,0
2020-01-02,6283.5810546875,0.006347457807557966,-0.002533202454048644,-0.004704285884557957,0.001562019619664845,0.0034272455062369644,58.783589706595315,10.19967889062508,0.007519688112510399,0.720624666265904,-0.00010218647757342936,3,0
2020-01-03,6323.4658203125,-0.010447275300997094,0.006347457807557966,-0.002533202454048644,-0.004704285884557957,0.0021460367351313625,62.78135939365511,9.242074385883235,0.007389055657419207,0.9816985128989918,0.002818025823747572,4,0
2020-01-06,6257.40283203125,0.003506783878876041,-0.010447275300997094,0.006347457807557966,-0.002533202454048644,0.001562019619664845,53.521366508768935,3.605362686217518,0.007742244375146793,0.9225937613281191,-0.009775286212380885,0,0
2020-01-07,6279.34619140625,-0.00854550053689318,0.003506783878876041,-0.010447275300997094,0.006347457807557966,-0.004704285884557957,55.85070852567662,0.9395051453589076,0.007605041394504139,0.8892920302802475,-0.007830521953169689,1,0
2020-01-08,6225.68603515625,0.007839638656790271,-0.00854550053689318,0.003506783878876041,-0.010447275300997094,-0.002533202454048644,49.338883430472414,-4.5515109722135065,0.007825038363543136,1.014848054008058,-0.011671736605504912,2,0
2020-01-09,6274.4931640625,7.136096805626657e-05,0.007839638656790271,-0.00854550053689318,0.003506783878876041,0.006347457807557966,54.53165478228091,-4.975837044304939,0.007765204841578282,0.9601032832682367,-0.001298895494665997,3,0
2020-01-10,6274.94091796875,0.0034464032164147618,7.136096805626657e-05,0.007839638656790271,-0.00854550053689318,-0.010447275300997094,54.5776523455626,-5.277057477171795,0.007476286189704651,1.2009404934888248,-0.007574992334167696,4,0
2020-01-13,6296.56689453125,0.004580093830583776,0.0034464032164147618,7.136096805626657e-05,0.007839638656790271,0.003506783878876041,56.84827450172528,-4.121755032329148,0.007239401091843486,1.0203912213120911,0.00631868618324416,0,0
2020-01-14,6325.40576171875,-0.006646297317111083,0.004580093830583776,0.0034464032164147618,7.136096805626657e-05,-0.00854550053689318,59.7386283454179,-1.6443909859584096,0.007017310632048935,1.0372622140859906,0.007391996134951895,1,0
2020-01-15,6283.365234375,0.00042693955984351994,-0.006646297317111083,0.004580093830583776,0.0034464032164147618,0.007839638656790271,54.054553679914406,-2.9878613294111815,0.007617201353844995,1.1927766425975248,0.009291199354733992,2,0
2020-01-16,6286.0478515625,0.0008923532134115231,0.00042693955984351994,-0.006646297317111083,0.004580093830583776,7.136096805626657e-05,54.35301759497821,-3.7947931682420695,0.007570614245400203,0.9907685670454769,0.0018785002577872412,3,0
2020-01-17,6291.6572265625,-0.007408899775356637,0.0008923532134115231,0.00042693955984351994,-0.006646297317111083,0.0034464032164147618,55.01112226353583,-4.027704419079299,0.007415862389701096,0.9032388567192172,0.0026994925031424977,4,0
2020-01-20,6245.04296875,-0.001103296927375541,-0.007408899775356637,0.0008923532134115231,0.00042693955984351994,0.004580093830583776,48.72447555747378,-7.212231382426012,0.007770204602549709,0.9490229768578744,-0.0081558104886289,0,0
2020-01-21,6238.15283203125,-0.0007533811943686297,-0.001103296927375541,-0.007408899775356637,0.0008923532134115231,-0.006646297317111083,47.853952826043596,-9.528296986857004,0.007587516227840127,0.975111285375447,-0.013839201246588217,1,0
2020-01-22,6233.453125,0.0025277860636034877,-0.0007533811943686297,-0.001103296927375541,-0.007408899775356637,0.00042693955984351994,47.23406107209263,-11.017110828688821,0.007535852136900345,1.1831107145620148,-0.007946285123845764,2,0
2020-01-23,6249.2099609375,-0.0008162750572690003,0.0025277860636034877,-0.0007533811943686297,-0.001103296927375541,0.0008923532134115231,49.591729614190974,-10.57877420435415,0.007276109037713957,0.9685312161250887,-0.005845438620085797,3,0
2020-01-24,6244.10888671875,-0.017760881643517856,-0.0008162750572690003,0.0025277860636034877,-0.0007533811943686297,-0.007408899775356637,48.83104883348071,-10.262507265111484,0.007036747071126602,0.9118077517595887,-0.00755406689076632,4,0
2020-01-27,6133.2080078125,-0.0035909308396512296,-0.017760881643517856,-0.0008162750572690003,0.0025277860636034877,-0.001103296927375541,35.928176665627305,-16.767836512735634,0.007970397234624973,1.014684767289476,-0.01790604875892754,0,0
2020-01-28,6111.18408203125,0.0003044974294297287,-0.0035909308396512296,-0.017760881643517856,-0.0008162750572690003,-0.0007533811943686297,34.006431348059536,-21.497653178435435,0.007685175138826698,0.0,-0.020393682671203228,1,0
2020-01-29,6113.044921875,-0.009070558318708177,0.0003044974294297287,-0.0035909308396512296,-0.017760881643517856,0.0025277860636034877,34.326065103242385,-23.29340070677095,0.007715873383156101,0.8578915734110706,-0.01933580404740487,2,0
2020-01-30,6057.59619140625,-0.019405113204890245,-0.009070558318708177,0.0003044974294297287,-0.0035909308396512296,-0.0008162750572690003,29.708628692720623,-26.760267009159254,0.00788415023735982,0.0,-0.030934148429716535,3,0
2020-01-31,5940.0478515625,-0.00940698308900012,-0.019405113204890245,-0.009070558318708177,0.0003044974294297287,-0.017760881643517856,22.72857595929635,-34.99487925662039,0.009172306857262674,1.0773197749262904,-0.04952298657733778,4,1
2020-02-03,5884.169921875,0.006486717042382351,-0.00940698308900012,-0.019405113204890245,-0.009070558318708177,-0.0035909308396512296,20.288343611714353,-41.77072840339043,0.009394119018848568,0.9148019222592422,-0.041169088022820044,0,0
2020-02-04,5922.3388671875,0.009484580281063026,0.006486717042382351,-0.00940698308900012,-0.019405113204890245,0.0003044974294297287,26.123092840547983,-41.17999609951876,0.009496399704069776,0.9519727879355151,-0.031091440140786464,1,0
2020-02-05,5978.509765625,0.001444382336866168,0.009484580281063026,0.006486717042382351,-0.00940698308900012,-0.009070558318708177,33.802502369250135,-34.760300286731365,0.009406340270126287,1.0524695203487333,-0.021911357289153166,2,0
2020-02-06,5987.14501953125,0.002081445166577156,0.001444382336866168,0.009484580281063026,0.006486717042382351,-0.019405113204890245,34.92245260326713,-27.978042161307208,0.009249352643613613,1.0584679999326352,-0.01139641663357882,3,0
2020-02-07,5999.60693359375,-0.007921173221390188,0.002081445166577156,0.001444382336866168,0.009484580281063026,-0.00940698308900012,36.58974202854014,-21.01609805154763,0.008846672075567772,0.9572184918213718,0.01009014173788858,4,0
2020-02-10,5952.0830078125,0.0003887655532883727,-0.007921173221390188,0.002081445166577156,0.001444382336866168,0.006486717042382351,33.106342689906825,-18.086743084593152,0.009027107338975715,0.9431389128034873,0.011575951605498513,0,0
2020-02-11,5954.39697265625,-0.00693872413251595,0.0003887655532883727,-0.007921173221390188,0.002081445166577156,0.009484580281063026,33.43861594973659,-14.616737400663496,0.008726218185281213,0.9404141589537125,0.0054780001164045355,1,0
2020-02-12,5913.0810546875,-0.006955249343723602,-0.00693872413251595,0.0003887655532883727,-0.007921173221390188,0.001444382336866168,30.523289943558794,-13.74080844587651,0.00896432373409519,0.842076056764897,-0.01094530429717444,2,0
2020-02-13,5871.9541015625,-0.0008530852348482831,-0.006955249343723602,-0.00693872413251595,0.0003887655532883727,0.002081445166577156,27.914371513701965,-14.493336795712011,0.009224626740590745,0.9693310379109129,-0.01934493597776421,3,0
2020-02-14,5866.94482421875,9.853936202253166e-05,-0.0008530852348482831,-0.006955249343723602,-0.00693872413251595,-0.007921173221390188,27.604880351093556,-13.889122918891445,0.009140341169328969,0.8181282054278295,-0.02227946637918965,4,0
2020-02-17,5867.52294921875,0.0033129763636183807,9.853936202253166e-05,-0.0008530852348482831,-0.006955249343723602,0.0003887655532883727,27.704504126272795,-12.077972103705747,0.008789327455551985,0.8626063756465426,-0.01425975379577693,0,0
2020-02-18,5886.9619140625,0.0071053800199694095,0.0033129763636183807,9.853936202253166e-05,-0.0008530852348482831,-0.00693872413251595,31.135988987034864,-8.374097238310512,0.008755970435790664,1.051847551425797,-0.011335542985446923,1,0
2020-02-19,5928.791015625,0.00231004951012026,0.0071053800199694095,0.0033129763636183807,9.853936202253166e-05,-0.006955249343723602,37.959900938334336,-2.230090367749142,0.008577127370924753,1.075124603421307,0.002708561167038437,2,0
2020-02-20,5942.48681640625,-0.01013581274214348,0.00231004951012026,0.0071053800199694095,0.0033129763636183807,-0.0008530852348482831,40.05445507187551,3.330946273504793,0.008329819778753158,1.170462800065433,0.011973860020882299,3,0
2020-02-21,5882.2548828125,-0.012785076407474838,-0.01013581274214348,0.00231004951012026,0.0071053800199694095,9.853936202253166e-05,34.53273768477743,3.5095825396417553,0.008669793831408184,1.152914256534066,0.0026911325135871023,4,0
2020-02-24,5807.0498046875,-0.0034288703840076318,-0.012785076407474838,-0.01013581274214348,0.00231004951012026,0.0033129763636183807,29.132570577776278,-0.6582800356854932,0.009315132575055762,1.2663467981015362,-0.010192483255910267,0,0
2020-02-25,5787.13818359375,-0.01697165024237557,-0.0034288703840076318,-0.012785076407474838,-0.01013581274214348,0.0071053800199694095,27.8890470671394,-3.8017580304083793,0.009449019512906054,1.1759062254182937,-0.01693433000353628,1,0
2020-02-26,5688.9208984375,-0.02693429096954658,-0.01697165024237557,-0.0034288703840076318,-0.012785076407474838,0.00231004951012026,22.734150905563297,-11.12700487339302,0.010158761221646327,1.1679173146468769,-0.04101136026588126,2,0
2020-02-27,5535.69384765625,-0.014991751418638732,-0.02693429096954658,-0.01697165024237557,-0.0034288703840076318,-0.01013581274214348,17.347154430136726,-24.17453590671346,0.011785915270349903,1.1505140294157623,-0.0702557007455481,3,0
2020-02-28,5452.7041015625,-0.01677296367251846,-0.014991751418638732,-0.02693429096954658,-0.01697165024237557,-0.012785076407474838,15.24072354054853,-35.58723131933648,0.01435048886528996,1.3669920367029629,-0.07511163942204335,4,0
2020-03-02,5361.24609375,0.029355458262020795,-0.01677296367251846,-0.014991751418638732,-0.02693429096954658,-0.0034288703840076318,13.321003505952078,-45.836285265574176,0.01537157635823333,1.1000633900079466,-0.07909952668708697,0,0
2020-03-03,5518.6279296875,0.023829890772994577,0.029355458262020795,-0.01677296367251846,-0.014991751418638732,-0.01697165024237557,29.725032217273437,-38.83387128181825,0.016254923923143948,1.1642051803165796,-0.04631519804105855,1,0
2020-03-04,5650.13623046875,-0.0021249660479875088,0.023829890772994577,0.029355458262020795,-0.01677296367251846,-0.02693429096954658,39.95142750910038,-22.948327848425578,0.01644983355463585,1.2169867856383652,-0.005513657025688401,2,0
2020-03-05,5638.1298828125,-0.02475818164025123,-0.0021249660479875088,0.023829890772994577,0.029355458262020795,-0.014991751418638732,39.38788457465505,-11.43422311296652,0.016602403305766643,1.0929170198105314,0.019295667895870672,3,0
2020-03-06,5498.5400390625,-0.06578672783347139,-0.02475818164025123,-0.0021249660479875088,0.023829890772994577,-0.01677296367251846,33.4756539474248,-11.379659615934912,0.017621228476430807,0.8745581823933105,0.009529237674258173,4,0
2020-03-09,5136.80908203125,0.01635589107986224,-0.06578672783347139,-0.02475818164025123,-0.0021249660479875088,0.029355458262020795,23.592762168738076,-32.66116520895039,0.022595635988678885,1.1395410969752204,-0.03948452648669476,0,0
2020-03-10,5220.826171875,-0.012779814766805009,0.01635589107986224,-0.06578672783347139,-0.02475818164025123,0.023829890772994577,28.847057449995958,-37.67905346501931,0.022581495195347842,1.1695850634022364,-0.052484093668853316,1,0
2020-03-11,5154.10498046875,-0.050126439910087583,-0.012779814766805009,0.01635589107986224,-0.06578672783347139,-0.0021249660479875088,27.244757692409294,-41.77406223159582,0.023348711279707477,1.1988100839627822,-0.0890937992086529,2,0
2020-03-12,4895.748046875,0.002414902440454725,-0.050126439910087583,-0.012779814766805009,0.01635589107986224,-0.02475818164025123,22.12100544135602,-57.210494719601286,0.026594493460252024,0.9460880764780253,-0.13709527307075298,3,0
2020-03-13,4907.57080078125,-0.04419978499020716,0.002414902440454725,-0.050126439910087583,-0.012779814766805009,-0.06578672783347139,22.836163760263005,-61.5736778205945,0.028973867909923446,1.1562733598825456,-0.10992218899004702,4,0
2020-03-16,4690.6572265625,-0.04986682927936248,-0.04419978499020716,0.002414902440454725,-0.050126439910087583,0.01635589107986224,19.329082267725425,-73.22471668666756,0.03164813595291585,0.7595188485146002,-0.08833524614678279,0,0
2020-03-17,4456.7490234375,-0.028288601096782884,-0.04986682927936248,-0.04419978499020716,0.002414902440454725,-0.012779814766805009,16.403555325272578,-89.75053922035386,0.03493810539849687,0.7680710762957232,-0.1545579665060075,1,0
2020-03-18,4330.673828125,-0.05201314208013785,-0.028288601096782884,-0.04986682927936248,-0.04419978499020716,-0.050126439910087583,15.07882003510099,-101.37926051722894,0.03650676008941412,0.9630077279059394,-0.17006675283598538,2,0
2020-03-19,4105.421875,0.021805791312555334,-0.05201314208013785,-0.028288601096782884,-0.04986682927936248,0.002414902440454725,13.050882406301199,-115.42714199252191,0.039881842365767084,0.6666088918916051,-0.17195345500603565,3,0
2020-03-20,4194.94384765625,-0.0489700852437569,0.021805791312555334,-0.05201314208013785,-0.028288601096782884,-0.04419978499020716,17.7834028129689,-109.90367466158438,0.041690262465772114,1.540691202406096,-0.15256256613393504,4,0
2020-03-23,3989.51708984375,-0.013005335883310432,-0.0489700852437569,0.021805791312555334,-0.05201314208013785,-0.04986682927936248,15.675028539089851,-110.9752605622391,0.04464022128908653,0.8024287349462708,-0.15733286638748478,0,0
2020-03-24,3937.632080078125,0.10190686187919917,-0.013005335883310432,-0.0489700852437569,0.021805791312555334,-0.028288601096782884,15.185332356530637,-106.07271303177856,0.04584071141393243,1.120302038098366,-0.12047137299143273,1,0
2020-03-26,4338.90380859375,0.047631153236946666,0.10190686187919917,-0.013005335883310432,-0.0489700852437569,-0.05201314208013785,32.69721241416114,-68.52152849786967,0.045786683561535896,1.8899661216416583,0.009724089984549322,3,0
2020-03-27,4545.57080078125,-0.028834838687084696,0.047631153236946666,0.10190686187919917,-0.013005335883310432,0.021805791312555334,39.6127265028434,-24.73835115945127,0.04622073002313805,1.740156213974274,0.10936838530163384,4,0
2020-03-30,4414.5,0.02818669742468005,-0.028834838687084696,0.047631153236946666,0.10190686187919917,-0.0489700852437569,37.01502647158511,-0.8415211931326212,0.047880390009956704,0.6314421870310756,0.05872775530199381,0,0
2020-03-31,4538.93017578125,-0.016059525831701893,0.02818669742468005,-0.028834838687084696,0.047631153236946666,-0.013005335883310432,40.97245798999941,25.64561361282165,0.04568031915327496,0.9916255540653495,0.13588453797043076,1,1
2020-04-01,4466.037109375,0.014699373876885913,-0.016059525831701893,0.02818669742468005,-0.028834838687084696,0.10190686187919917,39.41027774460446,39.71664206094056,0.04602509438383606,0.9568093672569903,0.1328303480220393,2,0
2020-04-02,4531.68505859375,0.020245038973089935,0.014699373876885913,-0.016059525831701893,0.02818669742468005,0.047631153236946666,41.57094366578687,54.018710720406375,0.04429388706085997,1.0510947671190536,0.04562286001972604,3,0
2020-04-03,4623.42919921875,0.04074853125264366,0.020245038973089935,0.014699373876885913,-0.016059525831701893,-0.028834838687084696,44.54709375523676,69.25813123766483,0.0417312611882946,1.3135869510474014,0.01823674575586931,4,0
2020-04-06,4811.8271484375,-0.006897169673276138,0.04074853125264366,0.020245038973089935,0.014699373876885913,0.02818669742468005,50.16114683748885,90.29655710736529,0.040029906304789836,1.5126454747568219,0.08782011569559767,0,0
2020-04-07,4778.63916015625,-0.0317965702881261,-0.006897169673276138,0.04074853125264366,0.020245038973089935,-0.016059525831701893,49.21589606788704,99.51991715327222,0.041222671466643455,1.7687025990193703,0.05273624859764148,1,0
2020-04-08,4626.69482421875,0.004838070846293618,-0.0317965702881261,-0.006897169673276138,0.04074853125264366,0.014699373876885913,45.03192770855291,93.04874036925975,0.04256604656909499,0.9334941964096362,0.03699920414121727,2,0
2020-04-09,4649.0791015625,-0.005417214472708265,0.004838070846293618,-0.0317965702881261,-0.006897169673276138,0.020245038973089935,45.76343459760326,87.9929296691445,0.04097631015793632,1.0890397106154468,0.027137901110624973,3,0
2020-04-13,4623.89404296875,0.017863118661715527,-0.005417214472708265,0.004838070846293618,-0.0317965702881261,0.04074853125264366,45.03722150521768,80.85295938670617,0.039296333473174704,0.9195157931405138,0.0014756476648267736,0,0
2020-04-14,4706.4912109375,-0.017122400142588923,0.017863118661715527,-0.005417214472708265,0.004838070846293618,-0.006897169673276138,47.95423052042714,79.47509694636548,0.03710262103584648,1.1040061362993714,-0.02140976492610136,1,0
2020-04-15,4625.90478515625,-0.031409607052167665,-0.017122400142588923,0.017863118661715527,-0.005417214472708265,-0.0317965702881261,45.421372942247295,71.18590634820922,0.03725559937536221,1.2208308439661417,-0.031634995395414145,2,0
2020-04-16,4480.60693359375,0.03441807537975894,-0.031409607052167665,-0.017122400142588923,0.017863118661715527,0.004838070846293618,41.19638976582971,54.70738312813802,0.03803261808432794,0.0,-0.031248032159455708,3,0
2020-04-17,4634.82080078125,-0.01271160594063725,0.03441807537975894,-0.031409607052167665,-0.017122400142588923,-0.005417214472708265,46.8475418999281,52.94922527537588,0.03655488861455853,1.0713377339898769,-0.001668027625990387,4,0
2020-04-20,4575.90478515625,-0.016168570658146586,-0.01271160594063725,0.03441807537975894,-0.031409607052167665,0.017863118661715527,45.06568189617199,46.78753958807988,0.03587577336203467,0.9983119297830221,-0.008962419093919372,0,0
2020-04-21,4501.9189453125,0.01458113022550056,-0.016168570658146586,-0.01271160594063725,0.03441807537975894,-0.017122400142588923,42.860985237495015,37.12045446738975,0.035340472918933524,0.8272515260136145,-0.042994108413781484,1,0
2020-04-22,4567.56201171875,0.005690604185189629,0.01458113022550056,-0.016168570658146586,-0.01271160594063725,-0.031409607052167665,45.41262882726825,34.58920304270987,0.03452747886348556,0.9308807714188277,-0.011290578045692001,2,0
2020-04-23,4593.55419921875,-0.021223268551306185,0.005690604185189629,0.01458113022550056,-0.016168570658146586,0.03441807537975894,46.43268894016068,34.05398406647038,0.03283556209156956,0.9485555457966944,0.025809633191665293,3,0
2020-04-24,4496.06396484375,0.0037982441021817692,-0.021223268551306185,0.005690604185189629,0.01458113022550056,-0.01271160594063725,43.17388883672511,26.83992101776954,0.032704498758099165,0.9151769836042348,-0.02983171073939983,4,0
2020-04-27,4513.14111328125,0.0036367322726071905,0.0037982441021817692,-0.021223268551306185,0.005690604185189629,-0.016168570658146586,43.91640962617311,23.06811011248942,0.03130475196565649,0.7606935720299949,-0.013321860696580812,0,0
2020-04-28,4529.55419921875,0.008338357663379758,0.0036367322726071905,0.0037982441021817692,-0.021223268551306185,0.01458113022550056,44.664789026412755,21.556604916952537,0.029561165399868514,0.9228734844549115,0.006483442234172965,1,0
2020-04-29,4567.3232421875,0.03264047275365356,0.008338357663379758,0.0036367322726071905,0.0037982441021817692,0.005690604185189629,46.43607557665688,22.854806574143453,0.027921882367807377,0.8437515644135448,0.00024066967205216283,2,0
2020-04-30,4716.40283203125,-0.023517078497137356,0.03264047275365356,0.008338357663379758,0.0036367322726071905,-0.021223268551306185,52.85145623826418,32.89751251010537,0.027522762553652828,1.203176537720911,0.027190538240516093,3,1
2020-05-04,4605.48681640625,0.005351442111603211,-0.023517078497137356,0.03264047275365356,0.008338357663379758,0.0037982441021817692,48.22369173115719,31.227356849486597,0.028346382351566963,0.7862040442914403,0.024896728294684922,0,0
2020-05-05,4630.1328125,-0.004609538063331753,0.005351442111603211,-0.023517078497137356,0.03264047275365356,0.0036367322726071905,49.28630766252834,30.883436202906182,0.027142616798388183,0.9727413981753027,0.026449926304106364,1,0
2020-05-06,4608.7900390625,-0.002464825514932878,-0.004609538063331753,0.005351442111603211,-0.023517078497137356,0.008338357663379758,48.36069991429375,28.383517426763603,0.02609198757826264,0.9410907302376228,0.01820365596816742,2,0
2020-05-08,4597.43017578125,0.009064804269793614,-0.002464825514932878,-0.004609538063331753,0.005351442111603211,0.03264047275365356,47.845649095126724,25.235704891463186,0.024969422948699787,1.039558336630976,0.007400472789854784,4,0
2020-05-11,4639.10498046875,-0.010857933580306733,0.009064804269793614,-0.002464825514932878,-0.004609538063331753,-0.023517078497137356,49.951528396266376,25.173849969330668,0.023938868875744482,0.9888204410311869,-0.016175195694005162,0,0
2020-05-12,4588.73388671875,-0.00749117313154557,-0.010857933580306733,0.009064804269793614,-0.002464825514932878,0.005351442111603211,47.45728783504508,21.11792553292004,0.02390110886274833,1.0276646502718747,-0.0035160507771745397,1,0
2020-05-13,4554.35888671875,-0.008898047640015228,-0.00749117313154557,-0.010857933580306733,0.009064804269793614,-0.004609538063331753,45.77737610999433,15.74391527332574,0.02343973672477243,0.9884445134208639,-0.01635866602032332,2,0
2020-05-14,4513.833984375,-0.0013795480300794472,-0.008898047640015228,-0.00749117313154557,-0.010857933580306733,-0.002464825514932878,43.808554257588376,9.397112885405527,0.023068522728585002,1.0468175255578933,-0.020647175597006795,3,0
2020-05-15,4507.60693359375,0.0007656328348595309,-0.0013795480300794472,-0.008898047640015228,-0.00749117313154557,0.009064804269793614,43.49896947352673,4.940683945912355,0.022720405663179254,1.0421775123185921,-0.019561898112153364,4,0
2020-05-18,4511.05810546875,0.008334553750132478,0.0007656328348595309,-0.0013795480300794472,-0.008898047640015228,-0.010857933580306733,43.736280539182886,2.509098571899706,0.021727229549119095,0.9681390494048516,-0.027861069547087447,0,0
2020-05-19,4548.65576171875,-0.0005943763219022902,0.008334553750132478,0.0007656328348595309,-0.0013795480300794472,-0.00749117313154557,46.37856122985986,3.647543757516459,0.0215471856360107,1.1111082436591497,-0.008668582216648235,1,0
2020-05-20,4545.9521484375,0.01778432263421159,-0.0005943763219022902,0.008334553750132478,0.0007656328348595309,-0.008898047640015228,46.210503036721,4.383689396685888,0.020649822596626524,0.922817718140174,-0.0017717854070049555,2,0
2020-05-26,4626.798828125,0.0031893212141729244,0.01778432263421159,-0.0005943763219022902,0.008334553750132478,-0.0013795480300794472,51.831436143789304,10.15108469683436,0.020272720893635462,1.1538939130231334,0.024910584867221863,1,0
2020-05-27,4641.55517578125,0.016078637436414578,0.0031893212141729244,0.01778432263421159,-0.0005943763219022902,0.0007656328348595309,52.80093150453707,14.528766454633583,0.01944475310803228,1.2915510434101045,0.029479454111474235,2,0
2020-05-28,4716.18505859375,0.007935811964015604,0.016078637436414578,0.0031893212141729244,0.01778432263421159,0.008334553750132478,57.46385925153182,21.5937925163522,0.019326994376291585,1.4229872423415386,0.04479245871302928,3,0
2020-05-29,4753.61181640625,0.019752353191143657,0.007935811964015604,0.016078637436414578,0.0031893212141729244,-0.0005943763219022902,59.61843861683638,27.549400439363392,0.018574069276441875,2.050451156272612,0.04439371692691241,4,0
2020-06-02,4847.5068359375,0.019288064277565464,0.019752353191143657,0.007935811964015604,0.016078637436414578,0.01778432263421159,64.47947450241429,36.03832564399657,0.018834723480538648,1.3818836266757362,0.06474044643995835,1,0
2020-06-03,4941.005859375,-0.004918382714804936,0.019288064277565464,0.019752353191143657,0.007935811964015604,0.0031893212141729244,68.54059127582853,45.56267137619888,0.01878568948671331,1.8235082503424747,0.06624418808331223,2,0
2020-06-04,4916.7041015625,0.006320926449513875,-0.004918382714804936,0.019288064277565464,0.019752353191143657,0.016078637436414578,66.41515265698712,47.61509949441634,0.019206197308922163,1.873639639472264,0.05813648415433437,3,0
2020-06-05,4947.7822265625,0.024814917668486647,0.006320926449513875,-0.004918382714804936,0.019288064277565464,0.007935811964015604,67.79072511786026,48.3023730341519,0.019127887992080976,1.4348472701375246,0.048378773167433664,4,0
2020-06-08,5070.56103515625,-0.0070023532166999525,0.024814917668486647,0.006320926449513875,-0.004918382714804936,0.019752353191143657,72.57053591109997,53.83999863564162,0.01951928024808313,2.1096577981485383,0.0652578788719047,0,0
2020-06-09,5035.05517578125,-0.02271535124880808,-0.0070023532166999525,0.024814917668486647,0.006320926449513875,0.019288064277565464,69.36478270586161,51.90336948245744,0.01989333847681997,1.6721161918645306,0.0385031724640611,1,0
2020-06-10,4920.68212890625,-0.013398187675842443,-0.02271535124880808,-0.0070023532166999525,0.024814917668486647,-0.004918382714804936,60.14763299686692,40.2321256136172,0.02099260089860169,1.1894703784318394,-0.003500243062312447,2,0
2020-06-11,4854.75390625,0.005274207707168577,-0.013398187675842443,-0.02271535124880808,-0.0070023532166999525,0.006320926449513875,55.564257027043354,26.071178074553416,0.021509435518411765,0.9950756011629249,-0.011980048023349954,3,0
2020-06-12,4880.35888671875,-0.01311849204225124,0.005274207707168577,-0.013398187675842443,-0.02271535124880808,0.024814917668486647,56.9367542272767,16.874086475117792,0.02233127418498752,1.0962848771170846,-0.013026766765695252,4,0
2020-06-15,4816.3359375,0.03532188628868882,-0.01311849204225124,0.005274207707168577,-0.013398187675842443,-0.0070023532166999525,52.564852587498564,5.512065810063902,0.02261999953279821,0.8592736210350714,-0.05096017647643314,0,0
2020-06-16,4986.4580078125,0.000264290021431135,0.03532188628868882,-0.01311849204225124,0.005274207707168577,-0.02271535124880808,61.110092388890735,8.31875047450579,0.022768561113879093,0.995496181402419,-0.008635936971044367,1,0
2020-06-17,4987.77587890625,-0.012536215248902027,0.000264290021431135,0.03532188628868882,-0.01311849204225124,-0.013398187675842443,61.16845109714205,9.067324346307743,0.021853531509327347,0.8852173052834498,0.014343704299194848,2,0
2020-06-18,4925.248046875,0.0034570554227322248,-0.012536215248902027,0.000264290021431135,0.03532188628868882,0.005274207707168577,56.8123622535923,4.391522881646068,0.021541662671088733,0.9033354301021788,0.015205676726135264,3,0
2020-06-19,4942.27490234375,-0.004743533720702686,0.0034570554227322248,-0.012536215248902027,0.000264290021431135,-0.01311849204225124,57.69584491885838,1.6279264159101956,0.020581806842269682,0.7278105120907119,0.013388524441698912,4,0
2020-06-22,4918.8310546875,-0.008070665925732246,-0.004743533720702686,0.0034570554227322248,-0.012536215248902027,0.03532188628868882,55.99727055126784,-2.378720808800452,0.01997095017193201,0.6067747373283117,0.021763482763247466,0,0
2020-06-23,4879.1328125,0.01754452155144115,-0.008070665925732246,-0.004743533720702686,0.0034570554227322248,0.000264290021431135,53.14413477908449,-7.986348999017963,0.019562898491632848,0.6902540754718856,-0.0216290694511736,1,0
2020-06-24,4964.73486328125,-0.013697586011180207,0.01754452155144115,-0.008070665925732246,-0.004743533720702686,-0.012536215248902027,58.10150730105359,-6.288905428585338,0.019269735767589558,0.7813329145644575,-0.004348837921163584,2,0
2020-06-25,4896.72998046875,0.0015026170905070302,-0.013697586011180207,0.01754452155144115,-0.008070665925732246,0.0034570554227322248,53.27888417011583,-9.890269158752346,0.019323735056105778,0.6383347017536174,-0.005510208683441764,3,0
2020-06-26,4904.087890625,-0.0004628831256449084,0.0015026170905070302,-0.013697586011180207,0.01754452155144115,-0.004743533720702686,53.72642028839514,-11.792013902222664,0.018775845278080815,0.5660908146442918,-0.007464647015666959,4,0
2020-06-29,4901.81787109375,0.0007291618832019342,-0.0004628831256449084,0.0015026170905070302,-0.013697586011180207,-0.008070665925732246,53.555975934790695,-13.116333385081141,0.01814026550775304,0.5875022135485329,-0.003183996420609181,0,0
2020-06-30,4905.39208984375,0.0018339194064884712,0.0007291618832019342,-0.0004628831256449084,0.0015026170905070302,0.01754452155144115,53.80447846008325,-13.606450474698981,0.017497994539668445,0.6920486626174541,0.005615831388324999,1,1
2020-07-01,4914.38818359375,0.010660859420386082,0.0018339194064884712,0.0007291618832019342,-0.0004628831256449084,-0.013697586011180207,54.464875354059366,-13.17098966875696,0.016843523465777926,0.6075377366615279,-0.01009477075662768,2,0
2020-07-02,4966.77978515625,0.0014122148473769691,0.010660859420386082,0.0018339194064884712,0.0007291618832019342,0.0015026170905070302,58.21161186618009,-9.378802865867222,0.016228890683269652,0.8098711646351492,0.014263674674938609,3,0
2020-07-03,4973.7939453125,0.0030303357538976616,0.0014122148473769691,0.010660859420386082,0.0018339194064884712,-0.0004628831256449084,58.701547567451094,-6.555984048880703,0.015527716376805166,0.8336312899642123,0.014173272431808548,4,0
2020-07-06,4988.8662109375,-0.0003576322980135549,0.0030303357538976616,0.0014122148473769691,0.010660859420386082,0.0007291618832019342,59.79243217865394,-3.9595312529536884,0.014888389731894368,1.0179299784282854,0.017666491311351118,0,0
2020-07-07,4987.08203125,0.01786451402177347,-0.0003576322980135549,0.0030303357538976616,0.0014122148473769691,0.0018339194064884712,59.59176514901124,-2.707785027043471,0.014250665134278785,1.1933344283419918,0.01657969713013563,1,0
2020-07-08,5076.173828125,-0.004605808154748647,0.01786451402177347,-0.0003576322980135549,0.0030303357538976616,0.010660859420386082,65.76947098192795,3.4411706776728863,0.014340594849966868,1.2149048873561228,0.03261029174542063,2,0
2020-07-09,5052.7939453125,-0.004262609196142075,-0.004605808154748647,0.01786451402177347,-0.0003576322980135549,0.0014122148473769691,63.04551048230101,5.1517410229281495,0.014362257218502714,1.3101502273346908,0.0173436241702859,3,0
2020-07-10,5031.255859375,0.006596944956974049,-0.004262609196142075,-0.004605808154748647,0.01786451402177347,0.0030303357538976616,60.55727081113539,4.096543800511512,0.014165093229163053,1.123493580427945,0.011668800126766854,4,0
2020-07-13,5064.44677734375,0.002897708992500636,0.006596944956974049,-0.004262609196142075,-0.004605808154748647,-0.0003576322980135549,62.98191928966926,4.846472550926478,0.013774608044777542,1.0833696974902887,0.015235409329843241,0,0
2020-07-14,5079.1220703125,-0.0006544868786340086,0.002897708992500636,0.006596944956974049,-0.004262609196142075,0.01786451402177347,64.03465241282198,5.495836762808807,0.013110954027906012,1.1904085329378313,0.018490750620357432,1,0
2020-07-15,5075.7978515625,0.004447807524101899,-0.0006544868786340086,0.002897708992500636,0.006596944956974049,-0.004605808154748647,63.593483902406724,4.886915413760356,0.012845000671588796,1.3582374927528484,-2.825028005004615e-05,2,0
2020-07-16,5098.3740234375,-0.0036853048469228655,0.004447807524101899,-0.0006544868786340086,0.002897708992500636,-0.004262609196142075,65.33996480165445,5.163009868379788,0.012315467897631785,1.1321275446049641,0.0090253653988005,3,0
2020-07-17,5079.5849609375,-0.005606561190580783,-0.0036853048469228655,0.004447807524101899,-0.0006544868786340086,0.006596944956974049,62.646442210902805,3.327741590653609,0.011996596662924448,1.013302103490508,0.00960266974801971,4,0
2020-07-20,5051.10595703125,0.012591901236047809,-0.005606561190580783,-0.0036853048469228655,0.004447807524101899,0.002897708992500636,58.69677645429591,-0.36065416735113587,0.012168399132304107,1.108092996882484,-0.0026008363995351225,0,0
2020-07-21,5114.708984375,-0.0008841114264885874,0.012591901236047809,-0.005606561190580783,-0.0036853048469228655,-0.0006544868786340086,64.1351673184253,0.8600795892289597,0.012394274472811018,1.3126410253516316,0.00709335584401205,1,0
2020-07-22,5110.18701171875,0.006814379557224415,-0.0008841114264885874,0.012591901236047809,-0.005606561190580783,0.004447807524101899,63.49504767997912,0.7442290962826803,0.012112884096660132,1.2376002013079879,0.0068637312961574715,2,0
2020-07-23,5145.009765625,-0.012054117973081424,0.006814379557224415,-0.0008841114264885874,0.012591901236047809,-0.0036853048469228655,66.28565964010807,2.305898848058881,0.011904479799973567,1.4833756826080506,0.009230303329279987,3,0
2020-07-24,5082.9912109375,0.006624997622470596,-0.012054117973081424,0.006814379557224415,-0.0008841114264885874,-0.005606561190580783,57.80965383992607,-1.3483012040742182,0.012244341159749027,1.4010929714637237,0.0008614902031214289,4,0
2020-07-27,5116.666015625,-0.0007186801097669449,0.006624997622470596,-0.012054117973081424,0.006814379557224415,0.012591901236047809,60.74484560584878,-1.9701485067416726,0.011805083061286638,1.4336629023366978,0.013093049016172809,0,0
2020-07-28,5112.98876953125,0.007166280806169212,-0.0007186801097669449,0.006624997622470596,-0.012054117973081424,-0.0008841114264885874,60.25190289124678,-3.038007842010117,0.011610512252075022,1.2377558475593593,-0.00021753232964194513,1,0
2020-07-29,5149.6298828125,-5.689122454244355e-07,0.007166280806169212,-0.0007186801097669449,0.006624997622470596,0.006814379557224415,63.43589927005337,-1.749492189044247,0.01151216471793167,1.0608967895226753,0.007832859903015854,2,0
2020-07-30,5149.626953125,-0.027847416890407373,-5.689122454244355e-07,0.007166280806169212,-0.0007186801097669449,-0.012054117973081424,63.435461722107675,-1.386142232238086,0.01149755984863692,1.0435158269239952,0.0010179114335460149,3,0
2020-08-03,5006.22314453125,0.013738662182664285,-0.027847416890407373,-5.689122454244355e-07,0.007166280806169212,0.006624997622470596,46.52084349686256,-10.770065398150592,0.01424671168757835,1.063818485571088,-0.014775387483779934,0,0
2020-08-04,5075.001953125,0.010255922777123283,0.013738662182664285,-0.027847416890407373,-5.689122454244355e-07,-0.0007186801097669449,52.994601746671464,-12.205923673541498,0.014017836122212322,0.9306755436287674,-0.007661722923586245,1,0
2020-08-05,5127.05078125,0.00999038113559747,0.010255922777123283,0.013738662182664285,-0.027847416890407373,0.007166280806169212,57.21545131865137,-9.624667291893445,0.013831245994533548,1.0596255976113267,0.003312879963303983,2,0
2020-08-06,5178.27197265625,-0.006639069255445995,0.00999038113559747,0.010255922777123283,0.013738662182664285,-5.689122454244355e-07,60.93322620359923,-4.69175627075834,0.01355648865507144,1.120877376480453,0.0061369802927322414,3,0
2020-08-07,5143.89306640625,0.0027101881374236303,-0.006639069255445995,0.00999038113559747,0.010255922777123283,-0.027847416890407373,57.33223492921026,-3.9955698210911663,0.01361226261852168,1.1231679788405047,-0.0005015200504683293,4,0
2020-08-10,5157.833984375,0.006269286215484504,0.0027101881374236303,-0.006639069255445995,0.00999038113559747,0.013738662182664285,58.40569469313491,-2.898610488346904,0.012798855705822447,0.0,0.030056084977362674,0,0
2020-08-11,5190.169921875,0.008339269660532445,0.006269286215484504,0.0027101881374236303,-0.006639069255445995,0.010255922777123283,60.865093427172766,-0.42742520561579767,0.012410866152192132,1.1184006769107446,0.022586709010182893,1,0
2020-08-12,5233.4521484375,0.0011078445733436748,0.008339269660532445,0.006269286215484504,0.0027101881374236303,0.00999038113559747,63.938680391223954,3.4750954473681333,0.012207861007618495,1.2054922661690324,0.020670055893592054,2,0
2020-08-13,5239.25,0.0016109064095528591,0.0011078445733436748,0.008339269660532445,0.006269286215484504,-0.006639069255445995,64.34267185028752,5.670087111986284,0.012154089238401982,1.052176914645231,0.011787519331338259,3,0
2020-08-14,5247.68994140625,0.009048531305953178,0.0016109064095528591,0.0011078445733436748,0.008339269660532445,0.0027101881374236303,64.95809704790729,6.835456322873327,0.011723146861204134,0.8746053348644418,0.020037494996337113,4,0
2020-08-18,5295.173828125,-0.004223425001171122,0.009048531305953178,0.0016109064095528591,0.0011078445733436748,0.006269286215484504,68.27560060227928,9.770501535586078,0.011761254437399279,1.1637116505857288,0.02637583816486666,1,0
2020-08-19,5272.81005859375,0.0008024102867794092,-0.004223425001171122,0.009048531305953178,0.0016109064095528591,0.008339269660532445,65.1473337574341,9.181102267556092,0.011764147434233856,1.111366605314081,0.015883126948211035,2,0
2020-08-24,5277.041015625,0.011720046856870114,0.0008024102867794092,-0.004223425001171122,0.009048531305953178,0.0011078445733436748,65.46967598754985,8.089834492272722,0.011358328288391454,1.6065830407167958,0.008346267574458,0,0
2020-08-25,5338.88818359375,0.00026970810339776996,0.011720046856870114,0.0008024102867794092,-0.004223425001171122,0.0016109064095528591,69.85818050651392,10.399704930310115,0.01128670866175974,1.636892382321497,0.01895846985798444,1,0
2020-08-26,5340.328125,0.0058318594363055976,0.00026970810339776996,0.011720046856870114,0.0008024102867794092,0.009048531305953178,69.95392489523564,10.841504576115668,0.010836928810499235,1.5060346161437395,0.01761727155182935,2,0
2020-08-27,5371.47216796875,-0.004619401814872082,0.0058318594363055976,0.00026970810339776996,0.011720046856870114,-0.004223425001171122,72.02381465336542,11.960210158004983,0.01061600691227271,1.441680981271017,0.01440059968218177,3,0
2020-08-28,5346.6591796875,-0.020231767099015308,-0.004619401814872082,0.0058318594363055976,0.00026970810339776996,0.0008024102867794092,68.00420396533778,9.846236124809437,0.010656185326559757,1.1539917568123348,0.01400462286848081,4,0
2020-08-31,5238.48681640625,0.013781151951438142,-0.020231767099015308,-0.004619401814872082,0.0058318594363055976,0.011720046856870114,53.88532255058511,0.47465701466722976,0.01195790510190904,1.3039952614471721,-0.007029554517313907,0,1
2020-09-01,5310.67919921875,0.0002430980250491821,0.013781151951438142,-0.020231767099015308,-0.004619401814872082,0.00026970810339776996,59.873030783354665,-1.4451998003547146,0.012183112882999178,0.9458433784413289,-0.00496844942274588,1,0
2020-09-02,5311.97021484375,-0.005865474636027601,0.0002430980250491821,0.013781151951438142,-0.020231767099015308,0.0058318594363055976,59.97312246191608,-3.1152850906958065,0.011872513319889075,1.2449098586901022,-0.004995059501094468,2,0
2020-09-03,5280.81298828125,-0.007756743924353993,-0.005865474636027601,0.0002430980250491821,0.013781151951438142,-0.004619401814872082,56.32180056703205,-6.604940444157009,0.012293288098746639,1.3645328685067393,-0.016692393573427666,3,0
2020-09-04,5239.85107421875,-0.0018426618048376087,-0.007756743924353993,-0.005865474636027601,0.0002430980250491821,-0.020231767099015308,51.852218306798925,-11.662791817640112,0.012761340368671732,0.9377295431083251,-0.019829735682909577,4,0
2020-09-07,5230.19580078125,0.002653051069412493,-0.0018426618048376087,-0.007756743924353993,-0.005865474636027601,0.013781151951438142,50.828300694084284,-15.413918620406982,0.012547490998490993,0.7917284363438492,-0.0014406303887318783,0,0
2020-09-08,5244.07177734375,-0.018057685859749206,0.002653051069412493,-0.0018426618048376087,-0.007756743924353993,0.0002430980250491821,52.286518649716164,-16.612534672105888,0.0119760432600304,1.0149508382758077,-0.012568731270757527,1,0
2020-09-09,5149.3759765625,-0.05008665908964627,-0.018057685859749206,0.002653051069412493,-0.0018426618048376087,-0.005865474636027601,42.92989966781851,-23.039386861057856,0.012826821372809515,0.9891784858910065,-0.030869515155555916,2,0
2020-09-10,4891.4609375,0.025606046570314733,-0.05008665908964627,-0.018057685859749206,0.002653051069412493,-0.007756743924353993,28.152973158970354,-42.77004901562302,0.01649737663345373,0.7739513254851305,-0.07509069960917458,3,0
2020-09-11,5016.7119140625,0.02892655855535975,0.025606046570314733,-0.05008665908964627,-0.018057685859749206,-0.0018426618048376087,39.11356324682793,-45.25472604078239,0.01866567844000468,1.1615150442687028,-0.04172790911450586,4,0
2020-09-14,5161.828125,-0.011810329431493849,0.02892655855535975,0.025606046570314733,-0.05008665908964627,0.002653051069412493,48.84981578509637,-35.42880529795045,0.018853239122800444,1.0082150286584692,-0.010958688754308499,0,0
2020-09-15,5100.865234375,-0.008309041473126277,-0.011810329431493849,0.02892655855535975,0.025606046570314733,-0.018057685859749206,45.55421821617405,-31.47266878153348,0.019059906507585524,1.0291870065180047,-0.02542206925521484,1,0
2020-09-16,5058.48193359375,-0.003969778868664231,-0.008309041473126277,-0.011810329431493849,0.02892655855535975,-0.05008665908964627,43.36386989384282,-30.145547918074428,0.018772139388174076,0.7972711262150379,-0.015673424868591912,2,0
2020-09-17,5038.40087890625,0.00413271316146635,-0.003969778868664231,-0.008309041473126277,-0.011810329431493849,0.025606046570314733,42.32547427785734,-29.043827956906476,0.018725498829271298,0.7697319089766415,0.030443455352390125,3,0
2020-09-18,5059.22314453125,-0.01183250462370078,0.00413271316146635,-0.003969778868664231,-0.008309041473126277,0.02892655855535975,43.8275247347307,-25.464587791817273,0.01801154189870419,0.9486315065045086,0.008970121943541742,4,0
2020-09-21,4999.35986328125,-0.013055089377165374,-0.01183250462370078,0.00413271316146635,-0.003969778868664231,-0.011810329431493849,40.557236276487174,-25.611239803199616,0.018183586941125797,0.9688021377842444,-0.031788941235518786,0,0
2020-09-22,4934.0927734375,-0.003270650969389277,-0.013055089377165374,-0.01183250462370078,0.00413271316146635,-0.008309041473126277,37.29021184102385,-28.372006351538943,0.018269849180864356,0.7036337110506239,-0.03303370118119031,1,0
2020-09-23,4917.955078125,-0.015290749418286675,-0.003270650969389277,-0.013055089377165374,-0.01183250462370078,-0.003969778868664231,36.50715380346776,-29.426536578112128,0.01863585944115237,0.685937609668323,-0.02799531067745331,2,0
2020-09-24,4842.755859375,0.021276140949896494,-0.015290749418286675,-0.003270650969389277,-0.013055089377165374,0.00413271316146635,33.02680940474943,-33.05845013454169,0.019013350121441185,0.6600712542543847,-0.039316281227075756,3,0
2020-09-25,4945.791015625,-0.0079346587711695,0.021276140949896494,-0.015290749418286675,-0.003270650969389277,-0.01183250462370078,41.286086949635674,-26.665578400437262,0.01882623201877922,0.9016132831317935,-0.022172853438645612,4,0
2020-09-28,4906.5478515625,-0.0055945051106570665,-0.0079346587711695,0.021276140949896494,-0.015290749418286675,-0.013055089377165374,39.29826399053934,-23.343584125790457,0.01887694530257324,0.8678996539944743,-0.018275007586114334,0,0
2020-09-29,4879.09814453125,-0.0018567124011235059,-0.0055945051106570665,-0.0079346587711695,0.021276140949896494,-0.003270650969389277,37.92285033293262,-21.314665152950226,0.01896208014993846,0.8978225738970901,-0.010814423319606026,1,0
2020-09-30,4870.0390625,0.02054504583991723,-0.0018567124011235059,-0.0055945051106570665,-0.0079346587711695,-0.015290749418286675,37.456917660835536,-18.980352856391022,0.018557111406467118,0.9033559008308254,-0.009400484751340255,2,1
2020-10-01,4970.09423828125,-0.008724251389143678,0.02054504583991723,-0.0018567124011235059,-0.0055945051106570665,0.021276140949896494,45.43144092680351,-9.570317362548906,0.018322666695964017,1.041932827613343,0.026435310506863652,3,0
2020-10-02,4926.73388671875,0.006502311061768351,-0.008724251389143678,0.02054504583991723,-0.0018567124011235059,-0.0079346587711695,42.8798190814088,-5.349276479231818,0.018481674644080955,0.9636035428462809,-0.00356508183217652,4,0
2020-10-05,4958.76904296875,0.008157699640167548,0.006502311061768351,-0.008724251389143678,0.02054504583991723,-0.0055945051106570665,45.32314855226835,0.22188642577964401,0.01772925188937233,0.7727599134577288,0.010871888000761332,0,0
2020-10-06,4999.22119140625,0.0010213504935583373,0.008157699640167548,0.006502311061768351,-0.008724251389143678,-0.0018567124011235059,48.328811901572614,6.883877146118451,0.017260166337634542,1.1802841470708434,0.024624092751585946,1,0
2020-10-07,5004.3271484375,0.006956967515027612,0.0010213504935583373,0.008157699640167548,0.006502311061768351,0.02054504583991723,48.7120532833237,11.608943937399971,0.016760581762407932,1.0144256089033719,0.02750215564626779,2,0
2020-10-08,5039.14208984375,0.002881640532228058,0.006956967515027612,0.0010213504935583373,0.008157699640167548,-0.008724251389143678,51.361049519577115,16.74178737112595,0.015989168580506388,0.8779976343217883,0.013914077321378171,3,0
2020-10-09,5053.6630859375,0.0078034555303034825,0.002881640532228058,0.006956967515027612,0.0010213504935583373,0.006502311061768351,52.46387112005914,20.527875070550635,0.015209845450082238,0.778920527965296,0.025519969242749907,4,0
2020-10-12,5093.09912109375,0.0077502234516737545,0.0078034555303034825,0.002881640532228058,0.006956967515027612,0.008157699640167548,55.42012312830592,24.814601800539457,0.014713052578280275,1.0450181066562274,0.02682111371128504,0,0
2020-10-13,5132.57177734375,0.008480610820123191,0.0077502234516737545,0.0078034555303034825,0.002881640532228058,0.0010213504935583373,58.22081539183634,29.136181652898372,0.014514354710563036,1.263618371967756,0.026413637522791245,1,0
2020-10-14,5176.09912109375,-0.01370708270652432,0.008480610820123191,0.0077502234516737545,0.0078034555303034825,0.006956967515027612,61.121413069549234,33.445415842337766,0.014094003922342413,1.3454412914706404,0.0338728978493561,2,0
2020-10-15,5105.14990234375,-0.0003400174092739183,-0.01370708270652432,0.008480610820123191,0.0077502234516737545,0.002881640532228058,54.481713499412905,30.13915918391068,0.01435184325202884,1.2231571803961427,0.013208847627804166,3,0
2020-10-16,5103.4140625,0.004490330461991654,-0.0003400174092739183,-0.01370708270652432,0.008480610820123191,0.0078034555303034825,54.326220352775145,26.581322742396598,0.01400263307386092,1.0310449318697197,0.00998718968630219,4,0
2020-10-19,5126.330078125,-0.005167485115334047,0.004490330461991654,-0.0003400174092739183,-0.01370708270652432,0.0077502234516737545,56.10723532776716,24.56494824547313,0.013472058321591507,1.2355573945411595,0.006674064617990361,0,0
2020-10-20,5099.83984375,-0.0006655195207569964,-0.005167485115334047,0.004490330461991654,-0.0003400174092739183,0.008480610820123191,53.509682622497294,20.41145397634635,0.01333278425996753,0.977640131617244,-0.006243643949017441,1,0
2020-10-21,5096.44580078125,-0.0009084532620341479,-0.0006655195207569964,-0.005167485115334047,0.004490330461991654,-0.01370708270652432,53.170034934003446,16.56361061601309,0.013059276339307351,1.1349432510503348,-0.015389774289897629,2,0
2020-10-22,5091.81591796875,0.004000943993400785,-0.0009084532620341479,-0.0006655195207569964,-0.005167485115334047,-0.0003400174092739183,52.67882211742353,12.992433400328729,0.012596904252030833,1.2913362731681652,-0.002591144845407456,3,0
2020-10-23,5112.18798828125,0.006232329467692699,0.004000943993400785,-0.0009084532620341479,-0.0006655195207569964,0.004490330461991654,54.663546211251514,11.347826030430376,0.012058558211137523,0.999742731780215,0.0017498165572672475,4,0
2020-10-26,5144.048828125,-0.0030761236911738266,0.006232329467692699,0.004000943993400785,-0.0009084532620341479,-0.005167485115334047,57.6548145315721,11.704290792598016,0.011767692150012101,1.0706128235383299,0.0034918155629682923,0,0
2020-10-27,5128.22509765625,-0.002553937808762674,-0.0030761236911738266,0.006232329467692699,0.004000943993400785,-0.0006655195207569964,55.689563733924864,10.22650800432682,0.0115869152337844,1.098330804248862,0.005583176987128513,1,0
2020-11-02,5115.1279296875,0.008665319686874007,-0.002553937808762674,-0.0030761236911738266,0.006232329467692699,-0.0009084532620341479,54.04742218144294,7.827216771054136,0.011585383453923688,0.9949135675320935,0.0036947586991228354,0,0
2020-11-03,5159.4521484375,-0.010515250093739104,0.008665319686874007,-0.002553937808762674,-0.0030761236911738266,0.004000943993400785,58.506686985189,8.622775651385991,0.01131914999355413,1.030044658836854,0.01326853164803099,1,0
2020-11-04,5105.19921875,0.030386072409331444,-0.010515250093739104,0.008665319686874007,-0.002553937808762674,0.006232329467692699,51.87155670827019,5.068483808281357,0.011780952543515123,1.0486268619114274,-0.0012476624391088986,2,0
2020-11-05,5260.326171875,0.014296192719156942,0.030386072409331444,-0.010515250093739104,0.008665319686874007,-0.0030761236911738266,64.32855491779007,12.324694525604524,0.01272327919391721,1.077000669117541,0.022906080502529846,3,0
2020-11-06,5335.52880859375,0.003837684127161012,0.014296192719156942,0.030386072409331444,-0.010515250093739104,-0.002553937808762674,68.57492980244649,20.847662630320983,0.012837118494905639,1.0383885738103684,0.040278396912860615,4,0
2020-11-09,5356.0048828125,0.019927891974344636,0.003837684127161012,0.014296192719156942,0.030386072409331444,0.008665319686874007,69.63484576111189,26.177784244995642,0.012892053145077794,1.187931550413613,0.0466700188487843,0,0
2020-11-10,5462.73876953125,0.008562447526026196,0.019927891974344636,0.003837684127161012,0.014296192719156942,-0.010515250093739104,74.46883912375327,34.672385367035226,0.013217165549460948,1.4145184425938866,0.05793259113625493,1,0
2020-11-11,5509.51318359375,-0.009240586439488552,0.008562447526026196,0.019927891974344636,0.003837684127161012,0.030386072409331444,76.25298476706602,40.7996210622395,0.012923029612496943,1.4944396035760654,0.07701028875602023,2,0
2020-11-12,5458.60205078125,0.00044994206660442515,-0.009240586439488552,0.008562447526026196,0.019927891974344636,0.014296192719156942,70.47982413562107,38.79478417184576,0.012893295045583092,1.0696767100425588,0.03738362990720023,3,0
2020-11-13,5461.05810546875,0.006191833924984014,0.00044994206660442515,-0.009240586439488552,0.008562447526026196,0.003837684127161012,70.5954834974765,35.115366662118134,0.01247617845934029,1.0117076316858267,0.023537379254647717,4,0
2020-11-16,5494.8720703125,0.006381926757351275,0.006191833924984014,0.00044994206660442515,-0.009240586439488552,0.019927891974344636,72.20982664530723,32.50038915266384,0.012275755119299897,1.0694785324978722,0.02589152905247072,0,0
2020-11-17,5529.93994140625,0.00498705687443457,0.006381926757351275,0.006191833924984014,0.00044994206660442515,0.008562447526026196,73.81538464439093,30.69560986233182,0.01220063870987897,1.2885866855270214,0.012345563835477358,1,0
2020-11-18,5557.51806640625,0.006575060159656587,0.00498705687443457,0.006381926757351275,0.006191833924984014,-0.009240586439488552,75.03683121236,28.94531703000284,0.01184858916700848,1.2097821544647875,0.008770173183885732,2,0
2020-11-19,5594.05908203125,-0.004004841562088912,0.006575060159656587,0.00498705687443457,0.006381926757351275,0.00044994206660442515,76.5947409399029,27.826947004660028,0.01166088722987414,1.3990971882180316,0.02458581978303087,3,0
2020-11-20,5571.65576171875,0.01455732405343002,-0.004004841562088912,0.006575060159656587,0.00498705687443457,0.006191833924984014,73.56349356815986,23.33816770125138,0.011702075467573835,1.7197247848075794,0.020131036154337534,4,0
2020-11-23,5652.76416015625,0.00853823847414259,0.01455732405343002,-0.004004841562088912,0.006575060159656587,0.006381926757351275,77.09733155439433,23.52487404982979,0.01173518884824292,1.464012521210936,0.02849652628278354,0,0
2020-11-24,5701.02880859375,-0.0038206679903838303,0.00853823847414259,0.01455732405343002,-0.004004841562088912,0.00498705687443457,78.90443010966695,24.4826674279915,0.011526591380615927,1.7731274552737124,0.030652837999574856,1,0
2020-11-25,5679.2470703125,0.014204161980235996,-0.0038206679903838303,0.00853823847414259,0.01455732405343002,0.006575060159656587,75.99034494246455,21.347556395631827,0.012051038564854085,2.2120328417815065,0.021845113134756455,2,0
2020-11-26,5759.916015625,0.004065848399346539,0.014204161980235996,-0.0038206679903838303,0.00853823847414259,-0.004004841562088912,79.07288507170875,22.300947756618626,0.012152740242024174,1.6084874992841593,0.029474214955335865,3,0
2020-11-27,5783.3349609375,-0.02955386866391929,0.004065848399346539,0.014204161980235996,-0.0038206679903838303,0.01455732405343002,79.8804665697563,22.062565235237173,0.011855926176031907,1.5561056181695232,0.037544904916771316,4,0
2020-11-30,5612.4150390625,0.020014048792846184,-0.02955386866391929,0.004065848399346539,0.014204161980235996,0.00853823847414259,61.29044767279597,8.637160796717808,0.014327909878259512,1.8524305947630555,-0.006566287800577997,0,1
2020-12-01,5724.7421875,0.015589283496663997,0.020014048792846184,-0.02955386866391929,0.004065848399346539,-0.0038206679903838303,66.76460002037203,5.706648854667748,0.01481570543343462,1.176189283432444,0.0049095225181255975,1,0
2020-12-02,5813.98681640625,0.0015402646080535654,0.015589283496663997,0.020014048792846184,-0.02955386866391929,0.014204161980235996,70.35197324543185,8.02167540940701,0.01464269193367126,1.1917527046047187,0.024319474005173425,2,0
2020-12-03,5822.94189453125,-0.0021396374205109314,0.0015402646080535654,0.015589283496663997,0.020014048792846184,0.004065848399346539,70.69380084372017,8.360971772861973,0.01426456188733822,1.2525233642944829,0.011655576632990994,3,0
2020-12-04,5810.48291015625,0.02069980770376545,-0.0021396374205109314,0.0015402646080535654,0.015589283496663997,-0.02955386866391929,69.49332787666884,6.0584804651252,0.013861113577425898,0.8971459490024729,0.0054500908131335235,4,0
2020-12-07,5930.7587890625,0.002301626336612017,0.02069980770376545,-0.0021396374205109314,0.0015402646080535654,0.020014048792846184,74.07093476914733,10.677888603336669,0.014186164377037213,1.13934244117824,0.055703767180818264,0,0
2020-12-08,5944.4091796875,-0.001801850642550007,0.002301626336612017,0.02069980770376545,-0.0021396374205109314,0.015589283496663997,74.53790481256972,12.564725573407827,0.013751601081635976,1.426213134550527,0.0379913447245841,1,0
2020-12-10,5933.6982421875,0.0007804339192840626,-0.001801850642550007,0.002301626336612017,0.02069980770376545,0.0015402646080535654,73.42056069594243,11.056608162570313,0.013905994566704247,1.2524764907050385,0.020600210585370093,3,0
2020-12-11,5938.3291015625,0.012492910118307554,0.0007804339192840626,-0.001801850642550007,0.002301626336612017,-0.0021396374205109314,73.60478787973786,8.453534512501278,0.013530494814519642,1.0069819674147096,0.01984037989660059,4,0
2020-12-14,6012.51611328125,-0.00039720202802862037,0.012492910118307554,0.0007804339192840626,-0.001801850642550007,0.02069980770376545,76.42400716251015,9.720264758216132,0.013307394984902392,1.0228041043334923,0.034472927435419076,0,0
2020-12-15,6010.1279296875,0.0180152447748112,-0.00039720202802862037,0.012492910118307554,0.0007804339192840626,0.002301626336612017,76.14206963033428,8.43710450178034,0.013044073613880465,0.8619698254341203,0.013375917703625007,1,0
2020-12-16,6118.40185546875,-0.0008204788848190647,0.0180152447748112,-0.00039720202802862037,0.012492910118307554,-0.001801850642550007,79.78348511719723,12.665955084784002,0.013226847548756252,1.2504286436904841,0.02908953614182419,2,0
2020-12-17,6113.3818359375,-0.0014816050151251758,-0.0008204788848190647,0.0180152447748112,-0.00039720202802862037,0.0007804339192840626,79.18006535325732,12.868920752921667,0.013286990054252741,1.3305710100678565,0.030070907899555133,3,0
2020-12-18,6104.32421875,0.010042029631914362,-0.0014816050151251758,-0.0008204788848190647,0.0180152447748112,0.012492910118307554,78.03328653152148,10.250899031694445,0.01295837518182472,1.04713198790037,0.027808868965145894,4,0
2020-12-21,6165.6240234375,-0.023085248207876385,0.010042029631914362,-0.0014816050151251758,-0.0008204788848190647,-0.00039720202802862037,80.1306656440515,10.468660514984208,0.012965402905625003,0.9640516554695899,0.025357988478752702,0,0
2020-12-22,6023.2890625,-0.00242061736929966,-0.023085248207876385,0.010042029631914362,-0.0014816050151251758,0.0180152447748112,64.68655066981185,-0.5669346533245516,0.014271574283910512,0.9982748103834229,0.002669942298904937,1,0
2020-12-23,6008.708984375,0.014120373455326352,-0.00242061736929966,-0.023085248207876385,0.010042029631914362,-0.0008204788848190647,63.33984035040537,-9.92310130178123,0.01626921117230528,0.818467115570214,-0.017765919845205924,2,0
2020-12-28,6093.55419921875,-0.00941656859326967,0.014120373455326352,-0.00242061736929966,-0.023085248207876385,-0.0014816050151251758,67.57088386988218,-11.368462297130918,0.016246012958342392,0.7490648943318532,-0.002825067505060508,0,0
2020-12-29,6036.173828125,-0.009459731870451571,-0.00941656859326967,0.014120373455326352,-0.00242061736929966,0.010042029631914362,62.33148684276393,-16.830308959616758,0.016615451222209077,0.7365295129712001,-0.010760031083205002,1,0
2020-12-30,5979.0732421875,0.021044182256114263,-0.009459731870451571,-0.00941656859326967,0.014120373455326352,-0.023085248207876385,57.54932937840993,-24.467077085100186,0.016698469647269485,0.7275519415135513,-0.030261792585570935,2,0
2021-01-04,6104.89794921875,0.005314556359275802,0.021044182256114263,-0.009459731870451571,-0.00941656859326967,-0.00242061736929966,64.08770150210557,-21.337081575775215,0.017243624470647388,0.8105100613936571,0.013867637878419714,0,0
2021-01-05,6137.3427734375,-0.011676167875354526,0.005314556359275802,0.021044182256114263,-0.009459731870451571,0.014120373455326352,65.56070413565863,-17.533421187400307,0.01676754222018613,0.7757812125292438,0.021602811606995176,1,0
2021-01-06,6065.68212890625,0.014499718535301742,-0.011676167875354526,0.005314556359275802,0.021044182256114263,-0.00941656859326967,59.73303520034598,-20.11072045943928,0.017859842126365818,0.8884170223805803,-0.004193729723685702,2,0
2021-01-07,6153.6328125,0.016933436168929727,0.014499718535301742,-0.011676167875354526,0.005314556359275802,-0.009459731870451571,63.96654318150444,-16.320516860588526,0.017419125231001722,1.0173658285565803,0.01972255740488571,3,0
2021-01-08,6257.8349609375,0.019991267197386753,0.016933436168929727,0.014499718535301742,-0.011676167875354526,0.021044182256114263,68.22851989487948,-7.663646277792111,0.017299354581503366,0.9810746608924807,0.04611572544426701,4,0
2021-01-11,6382.93701171875,0.0019946826312675636,0.019991267197386753,0.016933436168929727,0.014499718535301742,0.005314556359275802,72.44270972711588,4.940999368443812,0.017148807658057645,1.2975661707846455,0.0450628103855395,0,0
2021-01-12,6395.6689453125,0.006181704079833095,0.0019946826312675636,0.019991267197386753,0.016933436168929727,-0.011676167875354526,72.83758473824139,12.176817691520284,0.016815282267047295,1.2217521854394515,0.04174293665753126,1,0
2021-01-13,6435.205078125,-0.0010706941946840853,0.006181704079833095,0.0019946826312675636,0.019991267197386753,0.014499718535301742,74.07966116721317,17.351073450798907,0.016300245245521042,1.4735578542849375,0.05960080861271888,2,0
2021-01-14,6428.31494140625,-0.008540781298316369,-0.0010706941946840853,0.006181704079833095,0.0019946826312675636,0.016933436168929727,73.44930506301155,17.95957602983094,0.015796217738287155,1.4419236331464125,0.04403039588273305,3,0
2021-01-15,6373.412109375,0.002576622179482735,-0.008540781298316369,-0.0010706941946840853,0.006181704079833095,0.019991267197386753,68.45104714508193,12.569462703071792,0.016263107946563864,1.0887184950377604,0.018556178415486957,4,0
2021-01-18,6389.833984375,-0.010638465335715441,0.002576622179482735,-0.008540781298316369,-0.0010706941946840853,0.0019946826312675636,69.12777123029838,8.225219613566281,0.016308374739903205,1.3608309529062643,0.001141533397582939,0,0
2021-01-19,6321.85595703125,0.017068066118896663,-0.010638465335715441,0.002576622179482735,-0.008540781298316369,0.006181704079833095,63.094552787336234,-0.6407114051352778,0.016954404451921756,0.9142686364609189,-0.011491614569400066,1,0
2021-01-20,6429.7578125,-0.0024675459199109406,0.017068066118896663,-0.010638465335715441,0.002576622179482735,-0.0010706941946840853,67.8857045940041,-0.6502785194366538,0.017050050340513986,0.8017630177722069,-0.0006052525303364975,2,0
2021-01-21,6413.89208984375,-0.01664592032781631,-0.0024675459199109406,0.017068066118896663,-0.010638465335715441,-0.008540781298316369,66.51827163227503,-3.005422366822728,0.01704432211231199,0.731706206103424,-0.002002104255563353,3,0
2021-01-22,6307.126953125,-0.0076984617785744724,-0.01664592032781631,-0.0024675459199109406,0.017068066118896663,0.002576622179482735,58.04507343821543,-12.501406019319006,0.017739000994093753,0.68727293735919,-0.010107243285063294,4,0
2021-01-25,6258.57177734375,-0.018918194616679984,-0.0076984617785744724,-0.01664592032781631,-0.0024675459199109406,-0.010638465335715441,54.63644549609748,-22.23201761512837,0.018590362221974722,0.68799216218099,-0.0203823272431205,0,0
2021-01-26,6140.1708984375,-0.005049196545227952,-0.018918194616679984,-0.0076984617785744724,-0.01664592032781631,0.017068066118896663,47.33657514815435,-36.00631305730022,0.019301402771237524,0.7704859500273761,-0.028662056524085044,1,0
2021-01-27,6109.16796875,-0.021243606720688146,-0.005049196545227952,-0.018918194616679984,-0.0076984617785744724,-0.0024675459199109406,45.61787447318543,-45.933441254795184,0.019834205552091325,0.8117519412015417,-0.05077931918820966,2,0
2021-01-28,5979.38720703125,-0.019573102091862582,-0.021243606720688146,-0.005049196545227952,-0.018918194616679984,-0.01664592032781631,39.201389998704975,-59.127921964634965,0.020799140346424525,0.7068731007015909,-0.06955537998898687,3,0
2021-01-29,5862.35205078125,0.03500179950236948,-0.019573102091862582,-0.021243606720688146,-0.005049196545227952,-0.0076984617785744724,34.49002916373202,-72.73048018895868,0.022657841566859283,0.6667731711046175,-0.07248256175303314,4,0
2021-02-01,6067.544921875,-0.003906703925180777,0.03500179950236948,-0.019573102091862582,-0.021243606720688146,-0.018918194616679984,46.60622172554567,-65.14613751643708,0.024274736949214427,0.9379305340646331,-0.029782300472089185,0,0
2021-02-02,6043.8408203125,0.00560972697379003,-0.003906703925180777,0.03500179950236948,-0.019573102091862582,-0.005049196545227952,45.557961851730376,-59.1390284204258,0.02427382078476758,1.0087265386490318,-0.014770809780589977,1,0
2021-02-03,6077.7451171875,0.004848953445194537,0.00560972697379003,-0.003906703925180777,0.03500179950236948,-0.021243606720688146,47.38095060407485,-50.62417814624605,0.02351709520859162,0.6897819263027168,-0.004111886261571995,2,0
2021-02-04,6107.2158203125,0.007288621346195123,0.004848953445194537,0.00560972697379003,-0.003906703925180777,-0.019573102091862582,48.980173610044595,-41.15144565933239,0.023016335508956424,0.6765543161549279,0.021980673904310688,3,0
2021-02-05,6151.72900390625,0.009287991554076669,0.007288621346195123,0.004848953445194537,0.00560972697379003,0.03500179950236948,51.383604450758014,-30.521139018375226,0.021923017951225376,0.6270708972016396,0.04884239734236839,4,0
2021-02-08,6208.8662109375,-0.0043799197814239355,0.009287991554076669,0.007288621346195123,0.004848953445194537,-0.003906703925180777,54.3559022160157,-18.847346030092982,0.02100594130288637,0.777072072448994,0.023128589394075583,0,0
2021-02-09,6181.671875,0.003260647023585417,-0.0043799197814239355,0.009287991554076669,0.007288621346195123,0.00560972697379003,52.704321073920326,-12.470360677848706,0.02108371230647695,0.8645794960665282,0.022655373537832424,1,0
2021-02-10,6201.828125,0.003336576034788097,0.003260647023585417,-0.0043799197814239355,0.009287991554076669,0.004848953445194537,53.824231531471824,-6.697377595880429,0.020077599172905386,0.6395636795128644,0.02030629358762781,2,0
2021-02-11,6222.52099609375,0.007682291901667915,0.003336576034788097,0.003260647023585417,-0.0043799197814239355,0.007288621346195123,55.0022400470119,-1.55609016517265,0.019027336154095114,0.5789269241539162,0.01879391617722137,3,0
2021-02-15,6270.32421875,0.003520037652558594,0.007682291901667915,0.003336576034788097,0.003260647023585417,0.009287991554076669,57.68771952269503,4.653413832856163,0.018227219091179893,0.7175424266964745,0.019187586732694162,0,0
2021-02-16,6292.39599609375,-0.010277161321402106,0.003520037652558594,0.007682291901667915,0.003336576034788097,-0.0043799197814239355,58.90716356611066,9.554216022283097,0.01730279202247824,0.8840612844718408,0.013419632831176087,1,0
2021-02-17,6227.72802734375,-0.0044028772217747925,-0.010277161321402106,0.003520037652558594,0.007682291901667915,0.003260647023585417,53.99694079460425,7.820537176109809,0.017440761678642936,1.059333112518266,0.007522391291197916,2,0
2021-02-18,6200.30810546875,0.005100395480283737,-0.0044028772217747925,-0.010277161321402106,0.003520037652558594,0.003336576034788097,52.017053322365385,4.3786352051409025,0.017200319996847038,1.0517473789410097,-0.000141132954162293,3,0
2021-02-19,6231.93212890625,0.003751626675145392,0.005100395480283737,-0.0044028772217747925,-0.010277161321402106,0.007682291901667915,54.10708371555755,3.8045491192044345,0.01655932870245623,0.8492607000329979,0.0016226864913333472,4,0
2021-02-22,6255.31201171875,0.0027968416530981255,0.003751626675145392,0.005100395480283737,-0.0044028772217747925,0.003520037652558594,55.645292532031355,4.523255880542429,0.01624330167892581,0.9253844023336639,-0.0023079787351891756,0,0
2021-02-23,6272.80712890625,-0.0034678142082925634,0.0027968416530981255,0.003751626675145392,0.005100395480283737,-0.010277161321402106,56.81181681643344,5.628722947541657,0.015464503348121519,0.8132406842147668,-0.0030311747346496443,1,0
2021-02-24,6251.05419921875,0.006173646179523207,-0.0034678142082925634,0.0027968416530981255,0.003751626675145392,-0.0044028772217747925,54.87919283766073,4.4011058118475574,0.015215344684422576,0.9866962226938355,0.0037781723784598986,2,0
2021-02-25,6289.64599609375,-0.007607756889015382,0.006173646179523207,-0.0034678142082925634,0.0027968416530981255,0.005100395480283737,57.632790435789474,5.616538878588415,0.014708514480478682,1.5119188256096368,0.014354695779757898,3,0
2021-02-26,6241.7958984375,0.015495105371910789,-0.007607756889015382,0.006173646179523207,-0.0034678142082925634,0.003751626675145392,53.290249887316,2.7701924795313495,0.015111544753532862,1.370235704385867,0.0016465434104587784,4,0
2021-03-01,6338.51318359375,0.00326447132504315,0.015495105371910789,-0.007607756889015382,0.006173646179523207,0.0027968416530981255,59.87182179555454,6.746850388975396,0.014913526778893517,1.0719838490933726,0.013390022107224175,0,0
2021-03-02,6359.205078125,0.0027600553208884104,0.00326447132504315,0.015495105371910789,-0.007607756889015382,-0.0034678142082925634,61.133583744944396,9.924431979401902,0.014461686982909757,1.128899983151791,0.0138576517791692,1,0
2021-03-03,6376.7568359375,-0.013479894250956304,0.0027600553208884104,0.00326447132504315,0.015495105371910789,0.006173646179523207,62.218781746843554,12.211577958629185,0.014066161048637539,1.5072130631471308,0.020085521308350174,2,0
2021-03-04,6290.798828125,-0.005094711429049603,-0.013479894250956304,0.0027600553208884104,0.00326447132504315,-0.007607756889015382,54.232501722474716,7.187136094981469,0.014450847893015392,1.443541157586843,0.0004319808778706635,3,0
2021-03-05,6258.7490234375,-0.0016431685707460897,-0.005094711429049603,-0.013479894250956304,0.0027600553208884104,0.015495105371910789,51.574345595328836,1.2672368124823805,0.014199219321638526,0.929066782122106,0.0029450263378364427,4,0
2021-03-08,6248.46484375,-0.007812778388691766,-0.0016431685707460897,-0.005094711429049603,-0.013479894250956304,0.00326447132504315,50.71535332719668,-3.5174438797016236,0.014195108191720335,0.9361783097725738,-0.014193247604820436,0,0
2021-03-09,6199.64697265625,0.010489666080879534,-0.007812778388691766,-0.0016431685707460897,-0.005094711429049603,0.0027600553208884104,46.73609769537826,-9.79088388183115,0.014433717050715092,1.121952588425697,-0.02527049731855535,1,0
2021-03-10,6264.67919921875,0.014929700656964862,0.010489666080879534,-0.007812778388691766,-0.0016431685707460897,-0.013479894250956304,52.12505946129132,-9.380622623400242,0.01413597162157638,0.7391623924034963,-0.017540886558564228,2,0
2021-03-12,6358.208984375,-0.00533958468429252,0.014929700656964862,0.010489666080879534,-0.007812778388691766,-0.005094711429049603,58.61087202971835,-2.962625522328871,0.01405295774069119,1.1074221181883406,0.010868708349356937,4,0
2021-03-15,6324.2587890625,-0.002302178136302735,-0.00533958468429252,0.014929700656964862,0.010489666080879534,-0.0016431685707460897,55.663057030469105,-1.2442601117433085,0.013836160091436622,0.8117705030471675,0.01062383509411402,0,0
2021-03-16,6309.69921875,-0.0051462344369376245,-0.002302178136302735,-0.00533958468429252,0.014929700656964862,-0.007812778388691766,54.39946284979698,-1.3213120441000754,0.013539915301564528,0.9045425464411398,0.009964825528557375,1,0
2021-03-17,6277.22802734375,0.01124717373834594,-0.0051462344369376245,-0.002302178136302735,-0.00533958468429252,0.010489666080879534,51.586825648600716,-3.659723870350362,0.013235190879196322,0.8067192583682391,0.012631369480311516,2,0
2021-03-18,6347.8291015625,0.0013124258000973832,0.01124717373834594,-0.0051462344369376245,-0.002302178136302735,0.014929700656964862,56.81499716165273,-0.7067564087284062,0.013066804640392452,0.8801286983250313,0.013388877137777921,3,0
2021-03-19,6356.16015625,-0.008657632205961607,0.0013124258000973832,0.01124717373834594,-0.0051462344369376245,-0.00533958468429252,57.39961644472504,1.4356293140458796,0.012668868919592468,0.9543577015557008,-0.00022839771908955697,4,0
2021-03-22,6301.130859375,-0.007684167555489063,-0.008657632205961607,0.0013124258000973832,0.01124717373834594,-0.002302178136302735,52.357660167039036,-1.0891309982118216,0.012616418572899317,0.7585184624361374,-0.0035464452407586444,0,0
2021-03-23,6252.7119140625,-0.015444782787218725,-0.007684167555489063,-0.008657632205961607,0.0013124258000973832,-0.0051462344369376245,48.33461940478359,-5.982476376462131,0.012904215970134537,1.0162148256098649,-0.008928434659944973,1,0
2021-03-24,6156.14013671875,-0.005403411783601819,-0.015444782787218725,-0.007684167555489063,-0.008657632205961607,0.01124717373834594,41.48745737803015,-15.163253709006927,0.013439004603065867,0.8057326635072437,-0.019226983010226073,2,0
2021-03-25,6122.8759765625,0.011871224475962228,-0.005403411783601819,-0.015444782787218725,-0.007684167555489063,0.0013124258000973832,39.416181838903256,-22.475334457672343,0.013918589100359053,0.8597567745966679,-0.03587756853217383,3,0
2021-03-26,6195.56201171875,-0.004639472669409339,0.011871224475962228,-0.005403411783601819,-0.015444782787218725,-0.008657632205961607,45.785535051171614,-21.420121255355728,0.013804434497363832,0.7499242588210491,-0.025318769856308987,4,0
2021-03-29,6166.81787109375,-0.01546599535711346,-0.004639472669409339,0.011871224475962228,-0.005403411783601819,-0.007684167555489063,43.8234047637578,-21.599982395495662,0.013636090373098238,0.7141478284222733,-0.02130061031975672,0,0
2021-03-30,6071.44189453125,-0.014151485490191518,-0.01546599535711346,-0.004639472669409339,0.011871224475962228,-0.015444782787218725,38.00371362000351,-26.747592964255002,0.01432217901074906,0.7522996775173058,-0.029082438121381116,1,0
2021-03-31,5985.52197265625,0.004332802076364439,-0.014151485490191518,-0.01546599535711346,-0.004639472669409339,-0.005403411783601819,33.666318313535044,-34.074619887601074,0.015623753577499911,0.7945996504885987,-0.02778914082435391,2,1
2021-04-01,6011.4560546875,-0.006848577366359909,0.004332802076364439,-0.014151485490191518,-0.01546599535711346,0.011871224475962228,36.03921296595395,-35.16764373176973,0.015150350558104205,0.7182850280978402,-0.01805292696438765,3,0
2021-04-05,5970.2861328125,0.005440926279934866,-0.006848577366359909,0.004332802076364439,-0.014151485490191518,-0.004639472669409339,33.96222339628116,-36.49828369093417,0.015207704628093933,0.8578556791937899,-0.03677272880670979,0,0
2021-04-06,6002.77001953125,0.00563842880805443,0.005440926279934866,-0.006848577366359909,0.004332802076364439,-0.01546599535711346,37.04513411887946,-33.12450151504909,0.01480757461037968,0.8968707654076228,-0.026692329857365582,1,0
2021-04-07,6036.6162109375,0.005815826106791322,0.00563842880805443,0.005440926279934866,-0.006848577366359909,-0.014151485490191518,40.1787824424347,-26.816501379371914,0.014363690350799513,1.0093757376252712,-0.005587905692197692,2,0
2021-04-08,6071.72412109375,-0.00024953978285779943,0.005815826106791322,0.00563842880805443,0.005440926279934866,0.004332802076364439,43.329832514664176,-18.858425888250757,0.013773835953151046,1.2172954831957963,0.014379405904785147,3,0
2021-04-09,6070.208984375,-0.02003887131923421,-0.00024953978285779943,0.005815826106791322,0.00563842880805443,-0.006848577366359909,43.22401521075358,-12.577505725129335,0.013298540652864408,1.1417974398345254,0.009797064045562909,4,0
2021-04-12,5948.56884765625,-0.0035527518641440547,-0.02003887131923421,-0.00024953978285779943,0.005815826106791322,0.005440926279934866,35.68857470517857,-15.314480429761105,0.014355652604152521,0.9407497036416183,-0.0033932299073113903,0,0
2021-04-13,5927.43505859375,0.02072411069850566,-0.0035527518641440547,-0.02003887131923421,-0.00024953978285779943,0.00563842880805443,34.561227106885255,-17.11123509022533,0.014270573084714813,0.7842129089764638,-0.01238690805139031,1,0
2021-04-14,6050.27587890625,0.004830374389726666,0.02072411069850566,-0.0035527518641440547,-0.02003887131923421,0.005815826106791322,45.36446341121819,-8.997366008404391,0.014432440561286734,1.041250435190007,0.0026987738390609195,2,0
2021-04-15,6079.5009765625,0.0011114129208218415,0.004830374389726666,0.02072411069850566,-0.0035527518641440547,-0.00024953978285779943,47.581639119761846,-1.0508822898206986,0.01392866176212734,0.9720467526071855,0.0017133221219962635,3,0
2021-04-16,6086.2578125,-0.005539984416737975,0.0011114129208218415,0.004830374389726666,0.02072411069850566,-0.02003887131923421,48.105980694945195,4.9426429187851895,0.013537867296764596,1.1586752163151373,0.0030742748256759045,4,0
2021-04-19,6052.5400390625,-0.002349139638397557,-0.005539984416737975,0.0011114129208218415,0.004830374389726666,-0.0035527518641440547,45.65189424228543,6.80364077591441,0.013409924197087158,1.1729921108280896,0.017573161728172138,0,0
2021-04-20,6038.32177734375,-0.007465582575094332,-0.002349139638397557,-0.005539984416737975,0.0011114129208218415,0.02072411069850566,44.618239468420754,7.205800376584975,0.013127170788772971,0.7894372110996474,0.018776773953918635,1,0
2021-04-21,5993.2421875,0.00015715943086935802,-0.007465582575094332,-0.002349139638397557,-0.005539984416737975,0.004830374389726666,41.416347715059004,4.686585209806701,0.012857302001969691,0.8864868663106574,-0.009412919319681357,2,0
2021-04-22,5994.18408203125,0.0037836154495132224,0.00015715943086935802,-0.007465582575094332,-0.002349139638397557,0.0011114129208218415,41.51079227706821,3.3946722996170138,0.012467119531696663,1.0555213393398146,-0.014086134278538665,3,0
2021-04-23,6016.86376953125,-0.008649517546589602,0.0037836154495132224,0.00015715943086935802,-0.007465582575094332,-0.005539984416737975,43.85777352390021,4.319250895571898,0.012171798343855105,1.142463429914516,-0.011413931749847284,4,0
2021-04-26,5964.82080078125,-0.0008717289596644751,-0.008649517546589602,0.0037836154495132224,0.00015715943086935802,-0.002349139638397557,39.901114817685134,1.8061456865974463,0.012264809214364507,0.9263529221041414,-0.01452346487969891,0,0
2021-04-27,5959.62109375,0.0024930964439722203,-0.0008717289596644751,-0.008649517546589602,0.0037836154495132224,-0.007465582575094332,39.51751960119533,0.25541895258383107,0.012034512255119159,0.9244397451952443,-0.013046054200965829,1,0
2021-04-28,5974.47900390625,0.006441052612050191,0.0024930964439722203,-0.0008717289596644751,-0.008649517546589602,0.00015715943086935802,41.25539904991403,0.6686321793555479,0.011481310211603257,0.9569421022709622,-0.0030873751818992767,2,0
2021-04-29,6012.9609375,-0.002884556667303362,0.006441052612050191,0.0024930964439722203,-0.0008717289596644751,0.0037836154495132224,45.614129195151406,3.7972496433253653,0.011122151875930273,0.9786415910047329,0.0031965179992815562,3,0
2021-04-30,5995.6162109375,-0.0071750828364017805,-0.002884556667303362,0.006441052612050191,0.0024930964439722203,-0.008649517546589602,44.02843115295839,4.892440849836213,0.010939895076222199,1.011063560780649,-0.003471654117535028,4,1
2021-05-03,5952.59716796875,0.0018853377665786208,-0.0071750828364017805,-0.002884556667303362,0.006441052612050191,-0.0008717289596644751,40.28758138130871,3.0060823839232143,0.011013442289895762,1.1108814471010322,-0.001997219407347206,0,0
2021-05-04,5963.81982421875,0.002027443643526583,0.0018853377665786208,-0.0071750828364017805,-0.002884556667303362,0.0024930964439722203,41.67970051339905,2.804559429213384,0.010714919226970977,1.0286198006591787,0.0007598473188958899,1,0
2021-05-05,5975.9111328125,-0.0009489596333456252,0.002027443643526583,0.0018853377665786208,-0.0071750828364017805,0.006441052612050191,43.215738822631586,3.7186661035294932,0.010277408578818734,0.9573640990596551,0.0002941945184502526,2,0
2021-05-06,5970.240234375,-0.007023360986769367,-0.0009489596333456252,0.002027443643526583,0.0018853377665786208,-0.002884556667303362,42.64839253694684,4.142090684385877,0.010200683476524391,0.8946551861486556,-0.0070958177269455636,3,0
2021-05-07,5928.30908203125,0.008008696356210043,-0.007023360986769367,-0.0009489596333456252,0.002027443643526583,-0.0071750828364017805,38.61195970661476,1.9122832626882342,0.01040460277650334,0.9184091643115989,-0.011234622046411569,4,0
2021-05-10,5975.787109375,-0.006264619952327188,0.008008696356210043,-0.007023360986769367,-0.0009489596333456252,0.0018853377665786208,44.96359656717936,3.8378981042021394,0.010266730047603048,0.9091266112454578,0.003949157146200255,0,0
2021-05-11,5938.35107421875,-0.01759599754739105,-0.006264619952327188,0.008008696356210043,-0.007023360986769367,0.002027443643526583,41.3322107762227,2.839342764344998,0.010368251484532243,0.9095456743652107,-0.004200800572705554,1,0
2021-05-17,5833.85986328125,9.156539581312018e-05,-0.01759599754739105,-0.006264619952327188,0.008008696356210043,-0.0009489596333456252,33.25826937453884,-4.225455975395036,0.011527531697913616,1.1301426477270127,-0.02382424176362319,0,0
2021-05-18,5834.39404296875,-0.012650852522157141,9.156539581312018e-05,-0.01759599754739105,-0.006264619952327188,-0.007023360986769367,33.329969497813195,-8.010004391440027,0.011595526559281833,1.1905394491837675,-0.022783716734464443,1,0
2021-05-19,5760.583984375,0.006425248498094005,-0.012650852522157141,9.156539581312018e-05,-0.01759599754739105,0.008008696356210043,28.736241583790516,-14.2663823571108,0.011923698481573064,1.034521308194236,-0.028411208269852217,2,0
2021-05-20,5797.59716796875,-0.004221930236285476,0.006425248498094005,-0.012650852522157141,9.156539581312018e-05,-0.006264619952327188,33.673046615834224,-14.63908914176696,0.011782911360055843,0.8678231441677835,-0.029994656127968256,3,0
2021-05-21,5773.1201171875,-0.001643527426659963,-0.004221930236285476,0.006425248498094005,-0.012650852522157141,-0.01759599754739105,32.089858970117135,-15.195284570370973,0.01217779682759901,1.0072380900723357,-0.027951966411926543,4,0
2021-05-24,5763.6318359375,0.009058178818253326,-0.001643527426659963,-0.004221930236285476,0.006425248498094005,9.156539581312018e-05,31.47214214761935,-14.846149060587862,0.011894329151562253,1.0554520735673878,-0.011999496291195455,0,0
2021-05-25,5815.83984375,0.004468534545002623,0.009058178818253326,-0.001643527426659963,-0.004221930236285476,-0.012650852522157141,38.48850670433348,-9.97672150717414,0.011988580615944655,1.0777093839957805,-0.003032882868755249,1,0
2021-05-27,5841.828125,0.0011619797420006073,0.004468534545002623,0.009058178818253326,-0.001643527426659963,0.006425248498094005,41.68902569119659,-4.179868640879327,0.012170917197576228,1.5441337782033608,0.014086504198404515,3,0
2021-05-28,5848.6162109375,0.016900866140378,0.0011619797420006073,0.004468534545002623,0.009058178818253326,-0.004221930236285476,42.530147086862925,0.6786109946653056,0.011998377567231927,1.2954380002948482,0.008823235442311117,4,0
2021-05-31,5947.462890625,0.014143044844817876,0.016900866140378,0.0011619797420006073,0.004468534545002623,-0.001643527426659963,53.13204909506524,10.567664633472411,0.012143322651818842,1.186765433970821,0.029946031818974594,0,1
2021-06-02,6031.578125,0.009936878434074758,0.014143044844817876,0.016900866140378,0.0011619797420006073,0.009058178818253326,59.909714248678895,22.1271717966586,0.012114819515622453,1.231386053247035,0.04573260409045243,2,0
2021-06-03,6091.51318359375,-0.004325225469381078,0.009936878434074758,0.014143044844817876,0.016900866140378,0.004468534545002623,63.91407290088588,32.53416377073758,0.012145776389805766,1.2288659150811276,0.046611303706273866,3,0
2021-06-04,6065.166015625,0.0007863004831960563,-0.004325225469381078,0.009936878434074758,0.014143044844817876,0.0011619797420006073,61.02829601875982,36.09274776777067,0.012033847896306332,1.0677332105114714,0.037817543691890165,4,0
2021-06-07,6069.93505859375,-0.0116254815393525,0.0007863004831960563,-0.004325225469381078,0.009936878434074758,0.016900866140378,61.36830624913348,37.075836683009484,0.011603253436864464,1.3245618066853844,0.037441864433085614,0,0
2021-06-08,5999.369140625,0.008018502596464305,-0.0116254815393525,0.0007863004831960563,-0.004325225469381078,0.014143044844817876,53.8779557228961,31.500915488898972,0.011898524849306955,1.687034895226774,0.008915516753355113,1,0
2021-06-09,6047.47509765625,0.009931911634415425,0.008018502596464305,-0.0116254815393525,0.0007863004831960563,0.009936878434074758,57.670973132077805,29.609372054115024,0.011846895004088689,1.4718489836329902,0.002790974505001542,2,0
2021-06-10,6107.5380859375,-0.00197150070217722,0.009931911634415425,0.008018502596464305,-0.0116254815393525,-0.004325225469381078,61.88559129369036,30.82124032476947,0.011640651763945643,1.289681201684521,0.0027860077053422083,3,0
2021-06-11,6095.4970703125,-0.002479417359349978,-0.00197150070217722,0.009931911634415425,0.008018502596464305,0.0007863004831960563,60.583283542050864,29.242981869658667,0.011423977253506138,1.1487365418375328,0.005139732472546066,4,0
2021-06-14,6080.3837890625,0.0014233142471313798,-0.002479417359349978,-0.00197150070217722,0.009931911634415425,-0.0116254815393525,58.907661025443545,25.73594546699784,0.01125868347818367,1.1218184434480118,0.0018740146300000315,0,0
2021-06-15,6089.0380859375,-0.001719518698352518,0.0014233142471313798,-0.002479417359349978,-0.00197150070217722,0.008018502596464305,59.596784458806,22.66196694175681,0.010910292183806304,0.9239865964619619,0.014922810416483911,1,0
2021-06-16,6078.56787109375,-0.0016650457747013903,-0.001719518698352518,0.0014233142471313798,-0.002479417359349978,0.009931911634415425,58.32245868235275,18.74843087190961,0.010906615035969918,0.8634537347754733,0.005184789121667088,2,0
2021-06-17,6068.44677734375,-0.010105824835641597,-0.0016650457747013903,-0.001719518698352518,0.0014233142471313798,-0.00197150070217722,57.05250210048386,14.493379051846674,0.01070314640554619,1.1433854664718506,-0.0064121682874497266,3,0
2021-06-18,6007.1201171875,-0.001809051140646778,-0.010105824835641597,-0.0016650457747013903,-0.001719518698352518,-0.002479417359349978,49.95452731231149,6.946475658281642,0.011542635359491148,1.2909800725374163,-0.014546492420914103,4,0
2021-06-21,5996.2529296875,0.015274350208618337,-0.001809051140646778,-0.010105824835641597,-0.0016650457747013903,0.0014233142471313798,48.79602545084325,0.9362978580041137,0.012364509088306379,0.8571600771456124,-0.013876126202210903,0,0
2021-06-22,6087.841796875,-0.00875496274432741,0.015274350208618337,-0.001809051140646778,-0.010105824835641597,-0.001719518698352518,57.69980607341876,2.7407453818365184,0.012747166905451753,0.8060858756003502,-2.5090240723946167e-05,1,0
2021-06-23,6034.54296875,-0.0037263495384320944,-0.00875496274432741,0.015274350208618337,-0.001809051140646778,-0.0016650457747013903,52.02981098866376,0.09601559957127392,0.013072226603206514,1.047966072049584,-0.0070605342866988385,2,0
2021-06-24,6012.05615234375,0.0017203387951505444,-0.0037263495384320944,-0.00875496274432741,0.015274350208618337,-0.010105824835641597,49.80606314052893,-3.2325994514332734,0.012864577388874882,0.8795029249981065,-0.009121838050429543,3,0
2021-06-25,6022.39892578125,-0.01376988396102341,0.0017203387951505444,-0.0037263495384320944,-0.00875496274432741,-0.001809051140646778,50.84665421892456,-4.712893562616376,0.012586206185729578,0.909169251141519,0.0027043255803625987,4,0
2021-06-28,5939.47119140625,0.001612704729523573,-0.01376988396102341,0.0017203387951505444,-0.0037263495384320944,0.015274350208618337,43.12658219749138,-10.898660727201325,0.012949781465325319,0.7762694949962676,-0.009256507240014034,0,0
2021-06-29,5949.0498046875,0.006125173942070239,0.001612704729523573,-0.01376988396102341,0.0017203387951505444,-0.00875496274432741,44.180799417998934,-13.781079857135406,0.012957243905409824,0.9996264937569341,-0.022918152719108797,1,0
2021-06-30,5985.48876953125,0.003419810656975386,0.006125173942070239,0.001612704729523573,-0.01376988396102341,-0.0037263495384320944,48.12051195570983,-12.696348507015498,0.012700834032011188,1.0687164165459146,-0.008038016032711148,2,1
2021-07-01,6005.9580078125,0.002838815167425679,0.003419810656975386,0.006125173942070239,0.001612704729523573,0.0017203387951505444,50.244923507644785,-10.172160596850153,0.012585171379902251,0.7494667884848483,-0.0008918558373036678,3,0
2021-07-02,6023.0078125,-0.0028887436846986025,0.002838815167425679,0.003419810656975386,0.006125173942070239,-0.01376988396102341,52.00777711444972,-7.073107154946483,0.012097565744374098,0.7827759539898768,0.00022662053497146672,4,0
2021-07-05,6005.60888671875,0.006910532122193391,-0.0028887436846986025,0.002838815167425679,0.003419810656975386,0.001612704729523573,50.05862610660837,-5.958513095164584,0.011880007835992728,0.7156199292860035,0.011107760811296274,0,0
2021-07-06,6047.11083984375,-0.0005082973588804718,0.006910532122193391,-0.0028887436846986025,0.002838815167425679,0.006125173942070239,54.44443234519294,-2.373671447890974,0.011534503212049298,0.9001921883291887,0.016405588203966093,1,0
2021-07-07,6044.037109375,-0.0006851568258617879,-0.0005082973588804718,0.006910532122193391,-0.0028887436846986025,0.003419810656975386,54.0657343625816,-0.26775570490064293,0.011244192297081129,0.9447919242511527,0.009772116903015382,2,0
2021-07-08,6039.89599609375,-8.569321811702224e-06,-0.0006851568258617879,-0.0005082973588804718,0.006910532122193391,0.002838815167425679,53.52555657529372,0.7332947416517586,0.011058591075407543,0.9254146434966319,0.005667149420178208,3,0
2021-07-09,6039.84423828125,0.00641136282407162,-8.569321811702224e-06,-0.0006851568258617879,-0.0005082973588804718,-0.0028887436846986025,53.51835941968597,1.2486620921191243,0.010670790597639215,0.805511467591031,0.002819764930940827,4,0
2021-07-12,6078.56787109375,-0.010945940876576521,0.00641136282407162,-8.569321811702224e-06,-0.0006851568258617879,0.006910532122193391,58.0618896552387,3.9043051689078005,0.010518510848356475,0.8139828963991351,0.01211987143971105,0,0
2021-07-13,6012.0322265625,-0.005458617248840669,-0.010945940876576521,0.00641136282407162,-8.569321811702224e-06,-0.0005082973588804718,49.168594145993225,1.0359185321438904,0.01117582193329571,1.0351227269248238,-0.005736601559058863,1,0
2021-07-14,5979.21484375,0.011295640692790654,-0.005458617248840669,-0.010945940876576521,0.00641136282407162,-0.0006851568258617879,45.46925889207384,-2.9949977205499803,0.011216069497620672,0.8340569861868019,-0.01068692144901906,2,0
2021-07-15,6046.75390625,0.004259452224172344,0.011295640692790654,-0.005458617248840669,-0.010945940876576521,-8.569321811702224e-06,53.26279274932956,-1.1319176293075142,0.011096412070688877,0.8660295324033577,0.0012938760696333818,3,0
2021-07-16,6072.509765625,-0.009076267438588026,0.004259452224172344,0.011295640692790654,-0.005458617248840669,0.00641136282407162,55.85393201032619,1.6638129066375722,0.010641043915960668,0.8217960682867058,0.005561897615617428,4,0
2021-07-19,6017.39404296875,0.002090943548013424,-0.009076267438588026,0.004259452224172344,0.011295640692790654,-0.010945940876576521,49.526212008618586,-0.26727374218113553,0.010652366333869415,0.7907034296481968,-0.009925732647042218,0,0
2021-07-21,6029.97607421875,0.017839341227433803,0.002090943548013424,-0.009076267438588026,0.004259452224172344,-0.005458617248840669,50.89390566368726,-0.7388854047206141,0.010294901574119752,0.9832018960400888,0.003111151777547727,2,0
2021-07-22,6137.546875,-0.00584222561945813,0.017839341227433803,0.002090943548013424,-0.009076267438588026,0.011295640692790654,60.69905570737648,5.792641671759126,0.010643909782186593,1.154005154537988,0.0264091102538222,3,0
2021-07-23,6101.68994140625,0.0007709506067454797,-0.00584222561945813,0.017839341227433803,0.002090943548013424,0.004259452224172344,56.63929777580009,7.204781457754118,0.010827908745639148,0.934302369050453,0.009271243941573415,4,0
2021-07-26,6106.39404296875,-0.0015303982641786673,0.0007709506067454797,-0.00584222561945813,0.017839341227433803,-0.009076267438588026,57.04519694504534,7.906251119431232,0.01058517865263863,1.0241147206321088,0.00578274232414655,0,0
2021-07-27,6097.048828125,-0.001398361592074071,-0.0015303982641786673,0.0007709506067454797,-0.00584222561945813,0.002090943548013424,55.92517510363986,7.2108998195134735,0.010735372777707277,1.1619704152111803,0.013328611498555909,1,0
2021-07-28,6088.52294921875,0.00528931266763677,-0.001398361592074071,-0.0015303982641786673,0.0007709506067454797,0.017839341227433803,54.86677136275848,5.712352672051146,0.010470999510486412,1.0549581710906926,0.009839306358468414,2,0
2021-07-29,6120.72705078125,-0.00828136720698569,0.00528931266763677,-0.001398361592074071,-0.0015303982641786673,-0.00584222561945813,58.09294588694123,6.375206839163393,0.010218372230262942,1.1799760186191608,-0.002710722201328619,3,0
2021-07-30,6070.0390625,0.004366348548518806,-0.00828136720698569,0.00528931266763677,-0.001398361592074071,0.0007709506067454797,51.814897617274255,3.0535276574440857,0.010634119870111631,1.2554662370300613,-0.005149863788856179,4,0
2021-08-02,6096.54296875,0.005581496301374722,0.004366348548518806,-0.00828136720698569,0.00528931266763677,-0.0015303982641786673,54.57895999295196,2.327794844884469,0.01058998085432974,1.3714503176351953,-0.0015544658470828532,0,0
2021-08-03,6130.57080078125,0.004643018797714893,0.005581496301374722,0.004366348548518806,-0.00828136720698569,-0.001398361592074071,57.91671006927296,3.7420488887069965,0.010314603762653694,1.3959667440527188,0.005557428718470536,1,0
2021-08-04,6159.03515625,0.007530698357912868,0.004643018797714893,0.005581496301374722,0.004366348548518806,0.00528931266763677,60.529593850328475,6.059890738475659,0.010126145884494973,1.6145037811203717,0.0115988091082595,2,0
2021-08-05,6205.4169921875,-0.00032001714731666464,0.007530698357912868,0.004643018797714893,0.005581496301374722,-0.00828136720698569,64.40752313055404,9.952218848019456,0.010018730310705248,1.5499893180373365,0.013840194798535599,3,0
2021-08-06,6203.43115234375,-0.012247270226823703,-0.00032001714731666464,0.007530698357912868,0.004643018797714893,0.004366348548518806,64.11706543022302,11.517966978523223,0.010142973395410603,1.3835254272501694,0.021801544858204625,4,0
2021-08-09,6127.4560546875,-0.006372604097687251,-0.012247270226823703,-0.00032001714731666464,0.007530698357912868,0.005581496301374722,54.07048448632076,6.79530738944543,0.011032827793832887,1.584782301398707,0.005187926082862115,0,0
2021-08-10,6088.408203125,0.008416592750375651,-0.006372604097687251,-0.012247270226823703,-0.00032001714731666464,0.004643018797714893,49.75534395799764,0.7198879847538961,0.011545725010576782,1.0862031602472018,-0.006766174316199858,1,0
2021-08-12,6139.65185546875,-2.6006029740566206e-05,0.008416592750375651,-0.006372604097687251,-0.012247270226823703,0.007530698357912868,54.847946738327096,-0.12437946915805753,0.01165482770871786,1.086528562667736,-0.0029926003635390996,3,0
2021-08-13,6139.4921875,-0.008401199966915018,-2.6006029740566206e-05,0.008416592750375651,-0.006372604097687251,-0.00032001714731666464,54.82929904893501,-0.9257606584010425,0.011597846269303136,0.8539817447191794,-0.010549304751192534,4,0
2021-08-16,6087.9130859375,0.004966696465508624,-0.008401199966915018,-2.6006029740566206e-05,0.008416592750375651,-0.012247270226823703,49.03009913936216,-4.937609972613075,0.011923284873486928,0.8886220453659515,-0.018630487570790888,0,0
2021-08-18,6118.14990234375,-0.020566368429743354,0.004966696465508624,-0.008401199966915018,-2.6006029740566206e-05,-0.006372604097687251,52.2204910913311,-5.518856180368903,0.012133945741309889,1.0594690051843934,-0.0014165208784585603,2,0
2021-08-19,5992.32177734375,0.006416577203493201,-0.020566368429743354,0.004966696465508624,-0.008401199966915018,0.008416592750375651,40.78084028508108,-13.866518310951545,0.01341229285002416,1.0621413761918286,-0.015610285210514663,3,0
2021-08-20,6030.77197265625,0.01310879481137639,0.006416577203493201,-0.020566368429743354,0.004966696465508624,-2.6006029740566206e-05,44.76290364220076,-16.12895802036804,0.013468837348220578,0.9842247510961114,-0.017610300757397113,4,0
2021-08-23,6109.828125,-0.0033275984645639856,0.01310879481137639,0.006416577203493201,-0.020566368429743354,-0.008401199966915018,51.921367521337366,-11.830558905777895,0.01326917710418569,0.9453663442338025,-0.004475499916280157,0,0
2021-08-24,6089.4970703125,0.003899035304286924,-0.0033275984645639856,0.01310879481137639,0.006416577203493201,0.004966696465508624,50.12237420472673,-9.96097743449988,0.013358655591081667,1.1392102141082112,0.000598101586070876,1,0
2021-08-25,6113.240234375,-0.009023063733015424,0.003899035304286924,-0.0033275984645639856,0.01310879481137639,-0.020566368429743354,52.205082799403336,-6.876321600408096,0.012851853014055547,1.0076199957667866,-0.00046955957515082414,2,0
2021-08-26,6058.080078125,-0.002758937975721354,-0.009023063733015424,0.003899035304286924,-0.0033275984645639856,0.006416577203493201,47.26706191903688,-8.211536493519072,0.013051889279782068,0.8145738192955728,0.011073745121577105,3,0
2021-08-27,6041.3662109375,0.017137786539707767,-0.002758937975721354,-0.009023063733015424,0.003899035304286924,0.01310879481137639,45.8518131382031,-9.774778457161434,0.012679714529685256,0.7399781942067444,0.0018982299423625504,4,0
2021-08-30,6144.90185546875,0.0008782845980601639,0.017137786539707767,-0.002758937975721354,-0.009023063733015424,-0.0033275984645639856,54.86684910504823,-3.702674033681502,0.012779142036308012,0.7543539095390722,0.005927221670693927,0,0
2021-08-31,6150.298828125,-0.009652494019440794,0.0008782845980601639,0.017137786539707767,-0.002758937975721354,0.003899035304286924,55.28476040724992,0.5822662103156642,0.012327070615660487,0.8965799576989266,0.010133104733318077,1,1
2021-09-01,6090.93310546875,-0.0020857397943007117,-0.009652494019440794,0.0008782845980601639,0.017137786539707767,-0.009023063733015424,49.82009882884209,-0.6119080982337337,0.01249422012359828,0.9270992400422047,-0.003418424590409641,2,0
2021-09-02,6078.22900390625,0.008010868708625107,-0.0020857397943007117,-0.009652494019440794,0.0008782845980601639,-0.002758937975721354,48.71048171594828,-2.1984543592161856,0.012281397015585262,0.8646230931953535,0.0035188993483050712,3,0
2021-09-03,6126.9208984375,2.789303800820875e-06,0.008010868708625107,-0.0020857397943007117,-0.009652494019440794,0.017137786539707767,53.028644894378566,-0.024602621184771856,0.012138160967593811,0.8468304061247315,0.014288706032651532,4,0
2021-09-06,6126.93798828125,-0.0023728142777528216,2.789303800820875e-06,0.008010868708625107,-0.0020857397943007117,0.0008782845980601639,53.03013960046106,1.2859805837990823,0.011847341049693053,0.8791752226632056,-0.0028462912032554133,0,0
2021-09-07,6112.39990234375,-0.014131909592397296,-0.0023728142777528216,2.789303800820875e-06,0.008010868708625107,-0.009652494019440794,51.527967984443414,1.0549725346254561,0.01154781321400961,0.9287898022546488,-0.006097390079068399,1,0
2021-09-08,6026.02001953125,0.007002834144796299,-0.014131909592397296,-0.0023728142777528216,2.789303800820875e-06,-0.0020857397943007117,43.62142414018659,-4.71734536023941,0.01232488246380062,1.035367880601327,-0.010576805652024901,2,0
2021-09-09,6068.21923828125,0.004392360847084165,0.007002834144796299,-0.014131909592397296,-0.0023728142777528216,0.008010868708625107,47.83274324565229,-5.443884809230363,0.012422882017784086,1.1287569519625222,-0.00148823171292789,3,0
2021-09-10,6094.873046875,-0.0011018802624516155,0.004392360847084165,0.007002834144796299,-0.014131909592397296,2.789303800820875e-06,50.35516480590946,-3.949405727448841,0.012132260197859939,1.0180666276300498,-0.005106739574468833,4,0
2021-09-13,6088.1572265625,0.006724200239546674,-0.0011018802624516155,0.004392360847084165,0.007002834144796299,-0.0023728142777528216,49.703045367437504,-3.2617485865587756,0.011771063471467166,0.8396061350385471,-0.006211409140721269,0,0
2021-09-14,6129.09521484375,-0.0030781396398947836,0.006724200239546674,-0.0011018802624516155,0.004392360847084165,-0.014131909592397296,53.64399795964224,-0.06725100982607302,0.01135495812593712,1.0575028198914662,0.0028856053765782264,1,0
2021-09-15,6110.22900390625,-4.698831661076319e-05,-0.0030781396398947836,0.006724200239546674,-0.0011018802624516155,0.007002834144796299,51.63603686300578,0.7146137429223414,0.010916522835073229,0.9947098704892164,0.013939375329080739,2,0
2021-09-16,6109.94189453125,0.0038141441638928075,-4.698831661076319e-05,-0.0030781396398947836,0.006724200239546674,0.004392360847084165,51.604379984262806,1.1273464480295976,0.010590747198326237,1.1523993194997164,0.006889552867673676,3,0
2021-09-17,6133.24609375,-0.009282385130732762,0.0038141441638928075,-4.698831661076319e-05,-0.0030781396398947836,-0.0011018802624516155,54.06599965523631,2.790050956804418,0.010346154453174789,1.1758394592549686,0.006311336184482319,4,0
2021-09-20,6076.31494140625,-0.0025604508026290107,-0.009282385130732762,0.0038141441638928075,-4.698831661076319e-05,0.006724200239546674,47.68489069285096,0.0222600754918032,0.010629511255373888,0.9283262867213964,-0.0018691686837988275,0,0
2021-09-21,6060.7568359375,0.007838674618910302,-0.0025604508026290107,-0.009282385130732762,0.0038141441638928075,-0.0030781396398947836,46.0841715876155,-2.737106850444682,0.010837343710024757,0.958959240680238,-0.011153819725974512,1,0
2021-09-22,6108.26513671875,0.005639371666543935,0.007838674618910302,-0.0025604508026290107,-0.009282385130732762,-4.698831661076319e-05,51.44426478505803,-1.315554098033516,0.010734703896679153,0.9922467477018043,-0.0002370054671694266,2,0
2021-09-23,6142.7119140625,0.00034236138258991744,0.005639371666543935,0.007838674618910302,-0.0025604508026290107,0.0038141441638928075,54.942036049589156,1.8214404688244255,0.010375794888164947,1.1357235628080853,0.005449354515985272,3,0
2021-09-24,6144.81494140625,-0.0036323021004831535,0.00034236138258991744,0.005639371666543935,0.007838674618910302,-0.009282385130732762,55.15443451796552,3.8009402971425326,0.010151512590752847,1.0343831554969363,0.001977571734682382,4,0
2021-09-27,6122.4951171875,-0.0015325942449359031,-0.0036323021004831535,0.00034236138258991744,0.005639371666543935,-0.0025604508026290107,52.33475008929219,3.383903753503967,0.010086258183672269,1.0754456455549946,0.00762765476493199,0,0
2021-09-28,6113.11181640625,0.008087923842617695,-0.0015325942449359031,-0.0036323021004831535,0.00034236138258991744,0.007838674618910302,51.15083022314478,2.3044924878394974,0.009850276669406638,1.3884759341454007,0.008655511322625098,1,0
2021-09-29,6162.55419921875,0.020184596817139466,0.008087923842617695,-0.0015325942449359031,-0.0036323021004831535,0.005639371666543935,56.70816530204519,4.615367395829503,0.00995757073385459,1.1645992308736564,0.00890476054633249,2,0
2021-09-30,6286.94287109375,-0.009241002732364945,0.020184596817139466,0.008087923842617695,-0.0015325942449359031,0.00034236138258991744,66.90809694003818,13.702445839375123,0.010476606518361424,1.0173700999700854,0.023449985696928022,3,1
2021-10-01,6228.84521484375,0.018276392555270027,-0.009241002732364945,0.020184596817139466,0.008087923842617695,-0.0036323021004831535,59.81897127651643,14.883275929045936,0.010782700984267823,0.9502069874644814,0.01386662158197316,4,0
2021-10-04,6342.68603515625,-0.00861420646212141,0.018276392555270027,-0.009241002732364945,0.020184596817139466,-0.0015325942449359031,67.16116482081335,21.9855115536285,0.011114825749332613,1.2615166198386905,0.03577531623772634,0,0
2021-10-05,6288.048828125,0.020558748444236885,-0.00861420646212141,0.018276392555270027,-0.009241002732364945,0.008087923842617695,61.36548840633508,21.6248749857471,0.011361973072735503,1.2850299913957266,0.028693704020540833,1,0
2021-10-06,6417.3232421875,-0.0001444910999113258,0.020558748444236885,-0.00861420646212141,0.018276392555270027,0.020184596817139466,68.32937006529676,28.29308241507045,0.012045914921327,1.0991902920053847,0.041164528622160024,2,0
2021-10-07,6416.39599609375,0.010188437078197499,-0.0001444910999113258,0.020558748444236885,-0.00861420646212141,-0.009241002732364945,68.23436511638666,30.64362320408955,0.011920844447779962,0.8767734475293376,0.02083544070510923,3,0
2021-10-08,6481.76904296875,-0.003405284186875357,0.010188437078197499,-0.0001444910999113258,0.020558748444236885,0.018276392555270027,71.26755623038086,34.326001749666396,0.011853189638473016,1.0967113661006853,0.040264880515671675,4,0
2021-10-11,6459.69677734375,0.004113244540082883,-0.003405284186875357,0.010188437078197499,-0.0001444910999113258,-0.00861420646212141,68.8761999563637,32.99132257388811,0.011645823769057883,0.9605022681663793,0.01858320377352629,0,0
2021-10-12,6486.26708984375,0.007806758193674712,0.004113244540082883,-0.003405284186875357,0.010188437078197499,0.020558748444236885,70.17363944543222,31.611076703172735,0.011257705434820669,0.959035055792897,0.031310654775730584,1,0
2021-10-13,6536.90380859375,0.013647127684550009,0.007806758193674712,0.004113244540082883,-0.003405284186875357,-0.0001444910999113258,72.52433449580764,31.73843906542784,0.011621024518210498,0.9057331813342668,0.01855866452516841,2,0
2021-10-14,6626.11376953125,0.0010902500839886642,0.013647127684550009,0.007806758193674712,0.004113244540082883,0.010188437078197499,76.0983496897006,35.19338039502105,0.011729002250159949,0.8423115644495043,0.032350283309629746,3,0
2021-10-15,6633.337890625,0.0038336922075370428,0.0010902500839886642,0.013647127684550009,0.007806758193674712,-0.003405284186875357,76.36644766257092,35.24051242414103,0.01202794750123453,0.7687558942693751,0.02325209631542091,4,0
2021-10-18,6658.76806640625,-0.0004159957973645101,0.0038336922075370428,0.0010902500839886642,0.013647127684550009,0.004113244540082883,77.33040631637193,34.230772486367385,0.011812398979743647,0.9025746491444976,0.03049107270983331,0,0
2021-10-19,6655.998046875,-0.0034594179181077767,-0.0004159957973645101,0.0038336922075370428,0.0010902500839886642,0.007806758193674712,76.96217148435333,30.733848472097236,0.011656900895405348,0.9003663920268831,0.025961832372385918,1,0
2021-10-21,6632.97216796875,0.0016230469128135638,-0.0034594179181077767,-0.0004159957973645101,0.0038336922075370428,0.013647127684550009,73.81557779880346,24.498589917245084,0.011777912225027248,1.0197471004431335,0.014695656260603429,3,0
2021-10-22,6643.73779296875,-0.0027154918190921418,0.0016230469128135638,-0.0034594179181077767,-0.0004159957973645101,0.0010902500839886642,74.34373654437992,18.974516473639113,0.011670270860675236,0.7950242634319996,0.002671575488866984,4,0
2021-10-25,6625.69677734375,0.004715011179175166,-0.0027154918190921418,0.0016230469128135638,-0.0034594179181077767,0.0038336922075370428,71.73251363020717,12.304161869512953,0.01138169473534123,0.8464556341472396,-0.001134166414213822,0,0
2021-10-26,6656.93701171875,-0.008221202521130677,0.004715011179175166,-0.0027154918190921418,0.0016230469128135638,-0.0004159957973645101,73.4702004829248,8.381982022954304,0.011103046813177694,0.8740126942053452,-0.0002528474425756988,1,0
2021-10-27,6602.208984375,-0.011834344033173072,-0.008221202521130677,0.004715011179175166,-0.0027154918190921418,-0.0034594179181077767,65.83498561769734,0.8825141642087289,0.01126423729908486,0.9049780172778962,-0.008058054166341866,2,0
2021-10-28,6524.076171875,0.010311041404030163,-0.011834344033173072,-0.008221202521130677,0.004715011179175166,0.0016230469128135638,56.76513633792928,-9.961644158670595,0.011595797078183551,0.9486458612802224,-0.01643298028140716,3,0
2021-10-29,6591.34619140625,-0.005834472979152627,0.010311041404030163,-0.011834344033173072,-0.008221202521130677,-0.0027154918190921418,61.66227541246113,-13.031747313861857,0.011445386818840792,0.8660671871368631,-0.007744985790190562,4,0
2021-11-01,6552.88916015625,-0.00909740060536568,-0.005834472979152627,0.010311041404030163,-0.011834344033173072,0.004715011179175166,57.64260168674626,-17.785834812934468,0.011507339705857492,0.9234979559016318,-0.010863966950251047,0,0
2021-11-02,6493.27490234375,0.00906399025975424,-0.00909740060536568,-0.005834472979152627,0.010311041404030163,-0.008221202521130677,51.9852818883754,-24.655861208931768,0.011814050242674273,0.8563826709067027,-0.024676378734791893,1,0
2021-11-03,6552.1298828125,0.005236921259949234,0.00906399025975424,-0.00909740060536568,-0.005834472979152627,-0.011834344033173072,56.52211994128004,-24.875353260682985,0.011706263987022361,0.9118926059116614,-0.007391185953906976,2,0
2021-11-04,6586.44287109375,-0.0007071669693199389,0.005236921259949234,0.00906399025975424,-0.00909740060536568,0.010311041404030163,58.95700224168575,-22.4244297366659,0.011526321800120903,0.8422463126944452,0.00968007933921533,3,0
2021-11-05,6581.78515625,0.007674470914936338,-0.0007071669693199389,0.005236921259949234,0.00906399025975424,-0.005834472979152627,58.4782585311885,-20.864132344794825,0.011343368456909983,0.8425348234154703,-0.0013381290341347718,4,0
2021-11-08,6632.296875,0.0056734386889911725,0.007674470914936338,-0.0007071669693199389,0.005236921259949234,-0.00909740060536568,62.0749091448723,-16.375517581718498,0.011047681597906778,0.9316505104044263,0.012170814859954193,0,0
2021-11-09,6669.9248046875,0.0019820635510701123,0.0056734386889911725,0.007674470914936338,-0.0007071669693199389,0.00906399025975424,64.5391051177742,-11.071681026363379,0.010603647957844327,1.0741616411934687,0.026941654154311045,1,0
2021-11-10,6683.14501953125,0.0012264850335874655,0.0019820635510701123,0.0056734386889911725,0.007674470914936338,0.005236921259949234,65.38997547368368,-7.0673238613107685,0.010161801646794503,0.8690056270194356,0.019859727445626918,2,0
2021-11-11,6691.341796875,-0.006020854841859213,0.0012264850335874655,0.0019820635510701123,0.0056734386889911725,-0.0007071669693199389,65.93573587582341,-4.3918464074100285,0.009779195339973288,1.1796365430173994,0.01584929121926515,3,0
2021-11-12,6651.05419921875,-0.005266141212488362,-0.006020854841859213,0.0012264850335874655,0.0019820635510701123,0.007674470914936338,60.85626660469419,-5.773687598749234,0.00986427391143423,1.113741187478078,0.010535603346725875,4,0
2021-11-15,6616.02880859375,0.0053171205377091635,-0.005266141212488362,-0.006020854841859213,0.0012264850335874655,0.0056734386889911725,56.76221674726162,-9.2771579537729,0.009907471521887324,1.126036277219333,-0.002405008780698825,0,0
2021-11-16,6651.20703125,0.003698151005250949,0.0053171205377091635,-0.005266141212488362,-0.006020854841859213,0.0019820635510701123,59.69501490931301,-9.425391549864372,0.009820050343573528,1.141094020471565,-0.0027613269319808342,1,0
2021-11-17,6675.80419921875,-0.0058921681588719466,0.003698151005250949,0.0053171205377091635,-0.005266141212488362,0.0012264850335874655,61.65358629625634,-8.116632914125177,0.00939327709223789,1.187487510058598,-0.0010452394777999974,2,0
2021-11-18,6636.46923828125,0.012626283992872356,-0.0058921681588719466,0.003698151005250949,0.0053171205377091635,-0.006020854841859213,56.892420027017,-10.02476672585911,0.009356429057280399,1.3441201467116743,-0.00816389267025941,3,0
2021-11-19,6720.26318359375,0.000464720917868755,0.012626283992872356,-0.0058921681588719466,0.003698151005250949,-0.005266141212488362,63.38011698883986,-5.968511258185785,0.009478115741369574,1.367987434775502,0.01048324616447216,4,0
2021-11-22,6723.38623046875,-0.006768948316550505,0.000464720917868755,0.012626283992872356,-0.0058921681588719466,0.0053171205377091635,63.59999857498036,-3.5211525857508548,0.009473187903846571,1.1401214137728852,0.016214108294829277,0,0
2021-11-23,6677.8759765625,0.00080877196959106,-0.006768948316550505,0.000464720917868755,0.012626283992872356,0.003698151005250949,58.12308365027974,-5.306152061340697,0.009609070960394053,0.9725299922278205,0.004128039440569609,1,0
2021-11-24,6683.27685546875,0.002404409735675017,0.00080877196959106,-0.006768948316550505,0.000464720917868755,-0.0058921681588719466,58.578952411063746,-6.389215655351066,0.009239973952718717,1.1594326349876984,0.0012386604049097194,2,0
2021-11-25,6699.34619140625,-0.0205681218454955,0.002404409735675017,0.00080877196959106,-0.006768948316550505,0.012626283992872356,59.97504481965606,-6.280145135111496,0.009281481949434074,1.1058137812636148,0.009535238299456683,3,0
2021-11-26,6561.55322265625,0.007122828211599819,-0.0205681218454955,0.002404409735675017,0.00080877196959106,0.000464720917868755,45.73889459885532,-15.234404818090098,0.010480841440747589,1.221348923453771,-0.023659167538911174,4,0
2021-11-29,6608.2900390625,-0.011252216491211886,0.007122828211599819,-0.0205681218454955,0.002404409735675017,-0.006768948316550505,50.06817919714279,-17.589005114135787,0.011063558506074957,0.0,-0.01700106024518011,0,0
2021-11-30,6533.93212890625,-0.004018310961265703,-0.011252216491211886,0.007122828211599819,-0.0205681218454955,0.00080877196959106,44.04681687210389,-23.37152837410237,0.011631483877695817,1.1290492926939624,-0.021484328419841492,1,1
2021-12-01,6507.6767578125,0.011700499155069322,-0.004018310961265703,-0.011252216491211886,0.007122828211599819,0.002404409735675017,42.120608489428214,-27.87641780609139,0.011926226622958162,1.0097134748404482,-0.026311411350698255,2,0
2021-12-02,6583.81982421875,-0.006882625292548461,0.011700499155069322,-0.004018310961265703,-0.011252216491211886,-0.0205681218454955,49.07581052718811,-24.745992303754917,0.012056334014922924,1.0758702665918114,-0.01701532193130395,3,0
2021-12-03,6538.505859375,0.0013168683714115392,-0.006882625292548461,0.011700499155069322,-0.004018310961265703,0.007122828211599819,45.56652963756567,-24.688704265373193,0.011963800486432804,0.8767404294631672,-0.00332982537835691,4,0
2021-12-06,6547.1162109375,0.008469780424259499,0.0013168683714115392,-0.006882625292548461,0.011700499155069322,-0.011252216491211886,46.351550733011,-23.06300793942483,0.011741355388834637,0.9115420595239916,-0.00913578521854519,0,0
2021-12-07,6602.56884765625,0.00018614026367735903,0.008469780424259499,0.0013168683714115392,-0.006882625292548461,-0.004018310961265703,51.22971681251056,-17.49755490487573,0.011476634963305728,1.0696591655225929,0.010586211696926195,1,0
2021-12-08,6603.7978515625,0.006077453950873668,0.00018614026367735903,0.008469780424259499,0.0013168683714115392,0.011700499155069322,51.33533261754828,-13.175034038473568,0.011173767463688205,1.0753834520630043,0.014790662921869258,2,0
2021-12-09,6643.93212890625,0.0013530761481799214,0.006077453950873668,0.00018614026367735903,0.008469780424259499,-0.006882625292548461,54.77929082681734,-7.345280433334322,0.010754346724525,1.181895655376679,0.009167617717673604,3,0
2021-12-10,6652.921875,0.0014954660428805333,0.0013530761481799214,0.006077453950873668,0.00018614026367735903,0.0013168683714115392,55.53829968103613,-2.8472577098645147,0.010482728214222217,1.119137747834587,0.017403319158401986,4,0
2021-12-13,6662.87109375,-0.007089119098080299,0.0014954660428805333,0.0013530761481799214,0.006077453950873668,0.008469780424259499,56.41030580091599,0.6479888927759756,0.010099540015894226,1.125455794677977,0.01758191682987098,0,0
2021-12-14,6615.63720703125,0.0016052314499597209,-0.007089119098080299,0.0014954660428805333,0.0013530761481799214,0.00018614026367735903,51.26938448622705,-0.3192808512650096,0.010229154981392498,0.9139952738453179,0.002023017307531183,1,0
2021-12-15,6626.2568359375,-0.004747625266256272,0.0016052314499597209,-0.007089119098080299,0.0014954660428805333,0.006077453950873668,52.32145734199567,-0.34005959330759516,0.010047997967777023,0.9599905223608274,0.003442108493813545,2,0
2021-12-16,6594.7978515625,0.001081803795101921,-0.004747625266256272,0.0016052314499597209,-0.007089119098080299,0.0013530761481799214,48.950007365453025,-2.4510905875791504,0.010269231184805898,0.9246493201041388,-0.0073829707233163955,3,0
2021-12-17,6601.93212890625,-0.008303677079619098,0.001081803795101921,-0.004747625266256272,0.0016052314499597209,0.0014954660428805333,49.74094309941621,-3.2930691323509276,0.010063582576703778,1.058197641009024,-0.007654243076394396,4,0
2021-12-20,6547.11181640625,0.0010993039109190583,-0.008303677079619098,0.001081803795101921,-0.004747625266256272,-0.007089119098080299,44.08837495462186,-7.241783896724568,0.010169340583313974,0.9213782673928939,-0.017453386198894028,0,0
2021-12-21,6554.30908203125,-0.003771001380070693,0.0010993039109190583,-0.008303677079619098,0.001081803795101921,0.0016052314499597209,44.972517207262136,-8.95642014124289,0.009959256963351296,0.9474075212910585,-0.00926496318989467,1,0
2021-12-22,6529.5927734375,0.003975440538665387,-0.003771001380070693,0.0010993039109190583,-0.008303677079619098,-0.004747625266256272,42.48775638898119,-11.197131443081688,0.009967399621042214,0.9603007446830693,-0.014641196019925085,2,0
2021-12-23,6555.55078125,0.0011210531866781004,0.003975440538665387,-0.003771001380070693,0.0010993039109190583,0.001081803795101921,45.87031497060966,-10.390677593929707,0.009662194816595056,1.0786275245843049,-0.005918130215003425,3,0
2021-12-24,6562.89990234375,0.0019113418609386645,0.0011210531866781004,0.003975440538665387,-0.003771001380070693,-0.008303677079619098,46.82388016140022,-8.880488525493465,0.00927631088190226,0.9215957284533176,-0.005878880823427246,4,0
2021-12-27,6575.44384765625,0.003482491267781329,0.0019113418609386645,0.0011210531866781004,0.003975440538665387,0.0010993039109190583,48.49179821430372,-6.65661648639173,0.008878326023300378,0.8936575474923748,0.004336138117130517,0,0
2021-12-28,6598.3427734375,0.00035372281421874874,0.003482491267781329,0.0019113418609386645,0.0011210531866781004,-0.003771001380070693,51.48346670244494,-3.4259983968172514,0.008653992216904636,0.9635179649724137,0.006719325473992788,1,0
2021-12-29,6600.6767578125,-0.002908008515343674,0.00035372281421874874,0.003482491267781329,0.0019113418609386645,0.003975440538665387,51.790817513630024,-1.038323699056856,0.00842456035850172,1.006089099181795,0.01084404966828223,2,0
2021-12-30,6581.48193359375,0.012736671272639555,-0.002908008515343674,0.00035372281421874874,0.003482491267781329,0.0011210531866781004,49.03937521640114,-0.6757071613482557,0.00819558680118698,0.9678563538456894,0.003960600614273169,3,0
2022-01-03,6665.30810546875,0.004510660412169409,0.012736671272639555,-0.002908008515343674,0.00035372281421874874,0.0019113418609386645,59.22676626853181,4.974732563606143,0.008540229676877613,0.9178525795197764,0.015576218700234623,0,0
2022-01-04,6695.373046875,-0.004939861979077809,0.004510660412169409,0.012736671272639555,-0.002908008515343674,0.003482491267781329,62.14935015315058,10.201017478601617,0.008485087096369753,0.9333108582426328,0.018175537251465368,1,0
2022-01-05,6662.298828125,-0.0013430430151942785,-0.004939861979077809,0.004510660412169409,0.012736671272639555,0.00035372281421874874,57.28477459837199,10.834836005819446,0.00902532425477203,0.9066453557337767,0.00975318400460623,2,0
2022-01-06,6653.35107421875,0.0072091256293178585,-0.0013430430151942785,-0.004939861979077809,0.004510660412169409,-0.002908008515343674,56.00755925223129,10.071959597092466,0.009321879995988809,0.9198472083808432,0.008056418175193203,3,0
2022-01-07,6701.31591796875,-0.0015208795788781426,0.0072091256293178585,-0.0013430430151942785,-0.004939861979077809,0.012736671272639555,61.02420657637265,12.082726093879494,0.009280871275298828,0.8201098108065475,0.018173552319854736,4,0
2022-01-10,6691.1240234375,-0.006449410957350632,-0.0015208795788781426,0.0072091256293178585,-0.0013430430151942785,0.004510660412169409,59.4722956674979,11.987584377836896,0.009012625762434456,0.847655858392866,0.003916001468337038,0,0
2022-01-11,6647.97021484375,-0.00013617290815759464,-0.006449410957350632,-0.0015208795788781426,0.0072091256293178585,-0.004939861979077809,53.292429662493035,8.446613198120462,0.009403792680741043,0.9761579972698297,-0.007044069901183003,1,0
2022-01-12,6647.06494140625,0.001698646804947801,-0.00013617290815759464,-0.006449410957350632,-0.0015208795788781426,-0.0013430430151942785,53.16761750649001,5.608437701139827,0.009427105383126558,1.0385456723266153,-0.0022403808302627892,2,0
2022-01-13,6658.35595703125,0.005263299544385536,0.001698646804947801,-0.00013617290815759464,-0.006449410957350632,0.0072091256293178585,54.595932641365536,4.125098683318747,0.009185189024044268,0.9772241952289221,0.0008013089898792902,3,0
2022-01-14,6693.40087890625,-0.0072239849694542,0.005263299544385536,0.001698646804947801,-0.00013617290815759464,-0.0015208795788781426,58.796330708295265,5.075220874604877,0.009214027771871323,0.7688185251005574,-0.0011445170950530326,4,0
2022-01-17,6645.0478515625,-0.0046634381306920325,-0.0072239849694542,0.005263299544385536,0.001698646804947801,-0.006449410957350632,51.69086212509996,2.166952691202127,0.009542125685487485,0.827419239276009,-0.00684762248562909,0,0
2022-01-18,6614.05908203125,-0.0033380598398312644,-0.0046634381306920325,-0.0072239849694542,0.005263299544385536,-0.00013617290815759464,47.711352386702245,-1.9040161617455063,0.010339849197036979,0.9641794560443006,-0.005061649658970491,1,0
2022-01-19,6591.98095703125,0.00529281515619906,-0.0033380598398312644,-0.0046634381306920325,-0.0072239849694542,0.001698646804947801,45.05028496676825,-5.917340199809125,0.010067634490914674,0.9602798488439201,-0.00826353659064416,2,0
2022-01-20,6626.87109375,0.015014922082737137,0.00529281515619906,-0.0033380598398312644,-0.0046634381306920325,0.005263299544385536,49.81396119072094,-6.035080316976741,0.00983221401203908,0.8942122061144134,-0.0046693682393929015,3,0
2022-01-21,6726.373046875,-0.010586244734535177,0.015014922082737137,0.00529281515619906,-0.0033380598398312644,-0.0072239849694542,60.36642088706602,0.4321585758458273,0.010258061430139442,0.8875078722492327,0.005082254298958699,4,0
2022-01-24,6655.166015625,-0.013071524265248602,-0.010586244734535177,0.015014922082737137,0.00529281515619906,-0.0046634381306920325,51.948251239410396,-0.20752216179127458,0.010496228341485433,1.0115806245729397,0.0017199945338777223,0,0
2022-01-25,6568.1728515625,0.004970331450090182,-0.013071524265248602,-0.010586244734535177,0.015014922082737137,-0.0033380598398312644,43.89479658317393,-6.2751104504209945,0.011302780934790294,1.2120254283366962,-0.006688091600678847,1,0
2022-01-26,6600.81884765625,0.001566818510694734,0.004970331450090182,-0.013071524265248602,-0.010586244734535177,0.00529281515619906,47.202697557724946,-7.77733908334527,0.011004240392835594,1.274059001620367,0.0016202996892425992,2,0
2022-01-27,6611.1611328125,0.0051957737780379265,0.001566818510694734,0.004970331450090182,-0.013071524265248602,0.015014922082737137,48.24377542641892,-7.744984020064921,0.010814360612195914,1.007328899464109,-0.0021056969562617267,3,0
2022-01-28,6645.51123046875,-0.002160909983367376,0.0051957737780379265,0.001566818510694734,0.004970331450090182,-0.010586244734535177,51.65359806878049,-5.202702839358746,0.01044164821575479,1.0913228127415564,-0.011924845260960937,4,0
2022-01-31,6631.15087890625,0.011536606233142788,-0.002160909983367376,0.0051957737780379265,0.001566818510694734,-0.013071524265248602,50.16561788693039,-4.317248234491964,0.010182745958409227,1.0339358111604995,-0.0034995105097931356,0,1
2022-02-02,6707.65185546875,-0.003548303007198439,0.011536606233142788,-0.002160909983367376,0.0051957737780379265,0.004970331450090182,57.23346606706345,1.2917201514942853,0.01025746983094879,1.2068884154891597,0.021108619988598254,2,0
2022-02-03,6683.85107421875,0.007112671801721149,-0.003548303007198439,0.011536606233142788,-0.002160909983367376,0.001566818510694734,54.63716410876087,3.1632961227322394,0.010440580520705303,1.1296901997396598,0.012589985531309633,3,0
2022-02-04,6731.39111328125,0.010925809717458268,0.007112671801721149,-0.003548303007198439,0.011536606233142788,0.0051957737780379265,58.670110103416654,7.139830524130108,0.010130815588697417,0.9904825036313808,0.018135838822336048,4,0
2022-02-07,6804.93701171875,-0.0022652728505720976,0.010925809717458268,0.007112671801721149,-0.003548303007198439,-0.002160909983367376,64.00203225306042,13.870615658377986,0.010096316120442192,1.2377304520217873,0.02386587476175639,0,0
2022-02-08,6789.52197265625,0.006640229541426956,-0.0022652728505720976,0.010925809717458268,0.007112671801721149,0.011536606233142788,62.1910333806269,16.26597977333837,0.010241572549828867,1.366057416495809,0.023761511894551668,1,0
2022-02-09,6834.60595703125,-0.0016041696121809057,0.006640229541426956,-0.0022652728505720976,0.010925809717458268,-0.003548303007198439,65.28492350703806,19.642249920272853,0.009978964201933524,1.3275609111083606,0.018865135202835837,2,0
2022-02-10,6823.64208984375,-0.001177546557132536,-0.0016041696121809057,0.006640229541426956,-0.0022652728505720976,0.007112671801721149,63.91517690101511,19.834731695110683,0.009910604824761587,1.431529383035436,0.02080926859785337,3,0
2022-02-11,6815.60693359375,-0.011902255300281217,-0.001177546557132536,-0.0016041696121809057,0.006640229541426956,0.010925809717458268,62.87402560334828,18.163282510193213,0.009753542486554008,1.1326481205028238,0.012519050238999685,4,0
2022-02-14,6734.48583984375,0.010841396389430047,-0.011902255300281217,-0.001177546557132536,-0.0016041696121809057,-0.0022652728505720976,53.41405932118628,10.705606054187875,0.010407944817251906,1.0119421035766962,-0.0103090147787398,0,0
2022-02-15,6807.4970703125,0.006272668417474536,0.010841396389430047,-0.011902255300281217,-0.001177546557132536,0.006640229541426956,59.34320372825228,9.8241427742743,0.01040172762336357,1.0333442091552678,0.0027976544612623444,1,0
2022-02-16,6850.1982421875,-0.0022015501091080525,0.006272668417474536,0.010841396389430047,-0.011902255300281217,-0.0016041696121809057,62.36048621988028,11.154021934163147,0.010121493588341015,1.0509215626829287,0.0024300933373099243,2,0
2022-02-17,6835.1171875,0.008441798730133288,-0.0022015501091080525,0.006272668417474536,0.010841396389430047,-0.001177546557132536,60.64857965266052,10.087264249798992,0.010141537094250794,1.0999357331174604,0.0018327128403827775,3,0
2022-02-18,6892.81787109375,0.0014721080472477333,0.008441798730133288,-0.0022015501091080525,0.006272668417474536,-0.011902255300281217,64.64735002405826,12.196031812606911,0.010240430652467316,1.1002344315220332,0.011452058127648601,4,0
2022-02-21,6902.96484375,-0.005935232766264953,0.0014721080472477333,0.008441798730133288,-0.0022015501091080525,0.010841396389430047,65.31484787508823,13.122048038580616,0.00992727548670042,1.0705961116618867,0.02482642147517755,0,0
2022-02-22,6861.994140625,0.008461390454271411,-0.005935232766264953,0.0014721080472477333,0.008441798730133288,0.006272668417474536,60.3592786212975,9.966076889650601,0.010106500982700202,0.9029635765398863,0.008049792319482552,1,0
2022-02-23,6920.05615234375,-0.014773915973264717,0.008461390454271411,-0.005935232766264953,0.0014721080472477333,-0.0022015501091080525,64.47307332705374,10.714358155675654,0.009905181479791489,0.9444744500528344,0.010238514356279427,2,0
2022-02-24,6817.81982421875,0.010318705397412309,-0.014773915973264717,0.008461390454271411,-0.005935232766264953,0.008441798730133288,53.87175169852716,3.6162373048078678,0.011127642359751404,1.2866555447795918,-0.002333851507877238,3,0
2022-02-25,6888.1708984375,0.004830022370495568,0.010318705397412309,-0.014773915973264717,0.008461390454271411,0.0014721080472477333,58.88204672743269,2.9781215268620826,0.011130382969585996,0.957050033112265,-0.00045694484059821683,4,0
2022-03-01,6921.44091796875,-0.007663008776439217,0.004830022370495568,0.010318705397412309,-0.014773915973264717,-0.005935232766264953,61.03736618616405,4.049248837622777,0.011408110722609418,0.8846165311423482,0.002900969482649618,1,0
2022-03-02,6868.40185546875,0.008724921865708168,-0.007663008776439217,0.004830022370495568,0.010318705397412309,0.008461390454271411,55.99795500730939,0.6182733005972807,0.011833551949764525,1.4243373556604413,0.0011731934724753534,2,0
2022-03-04,6928.328125,-0.008553608599657703,0.008724921865708168,-0.007663008776439217,0.004830022370495568,-0.014773915973264717,60.01483611716428,1.753098738579979,0.011600361855527845,1.074336315147068,0.0014367248839121105,4,0
2022-03-07,6869.06591796875,-0.007989850899003947,-0.008553608599657703,0.008724921865708168,-0.007663008776439217,0.010318705397412309,54.697112308882566,-1.9201354460811686,0.011743545002206552,1.1198439027133364,0.007657032257519125,0,0
2022-03-08,6814.18310546875,0.0073754713840410435,-0.007989850899003947,-0.008553608599657703,0.008724921865708168,0.004830022370495568,50.25593858193903,-8.130552143925236,0.012205142787986723,1.039970800219577,-0.010651524038897131,1,0
2022-03-09,6864.44091796875,0.00867760320805222,0.0073754713840410435,-0.007989850899003947,-0.008553608599657703,-0.007663008776439217,53.943790400419026,-8.877305149302913,0.012028157607970604,0.8898581451899378,-0.008106075025351656,2,0
2022-03-10,6924.0078125,-0.000203027171086112,0.00867760320805222,0.0073754713840410435,-0.007989850899003947,0.008724921865708168,57.9252291719452,-5.546076532855167,0.011963015914252511,0.833385633295283,0.008234536959139782,3,0
2022-03-11,6922.60205078125,0.004276145091701267,-0.000203027171086112,0.00867760320805222,0.0073754713840410435,-0.008553608599657703,57.79824256515967,-3.7119683965071886,0.011834589048180744,0.7606678269321162,-0.0006934120776544983,4,0
2022-03-14,6952.2041015625,-0.004893274488460997,0.004276145091701267,-0.000203027171086112,0.00867760320805222,-0.007989850899003947,59.79692677264243,-0.9250668715930743,0.011473443887759586,0.8607402331275726,0.012136341613704471,0,0
2022-03-15,6918.18505859375,0.01072679616242933,-0.004893274488460997,0.004276145091701267,-0.000203027171086112,0.0073754713840410435,56.486072980713004,-1.745108050600507,0.011753230282883964,0.8510892106828397,0.015232918024247422,1,0
2022-03-16,6992.39501953125,-0.0040058168664687255,0.01072679616242933,-0.004893274488460997,0.004276145091701267,0.00867760320805222,61.494575010044635,2.127976516180375,0.011555955184270517,0.7739766894970531,0.01858424280263571,2,0
2022-03-17,6964.384765625,-0.0013525849291806669,-0.0040058168664687255,0.01072679616242933,-0.004893274488460997,-0.000203027171086112,58.746061617099876,2.211282491311856,0.011630455895740428,0.894590263726337,0.005900822728114763,3,0
2022-03-18,6954.96484375,3.110132094263918e-05,-0.0013525849291806669,-0.0040058168664687255,0.01072679616242933,0.004276145091701267,57.81026610033631,1.0962132282728732,0.011576113113808757,0.9014315419748229,0.004751264970020208,4,0
2022-03-21,6955.18115234375,0.0065621044226318315,3.110132094263918e-05,-0.0013525849291806669,-0.0040058168664687255,-0.004893274488460997,57.826879139948545,-0.09905741949631874,0.011203042936194741,0.9888828879222387,0.0005062211992615806,0,0
2022-03-22,7000.82177734375,-0.0006722843572424253,0.0065621044226318315,3.110132094263918e-05,-0.0013525849291806669,0.01072679616242933,61.290441599066156,1.6171608464481722,0.010825546700596237,0.8681602215014897,0.011961600110354409,1,0
2022-03-23,6996.115234375,0.007657081455082038,-0.0006722843572424253,0.0065621044226318315,3.110132094263918e-05,-0.0040058168664687255,60.736489644311604,1.851552484890881,0.010527527791117606,0.9919542551559891,0.000562519590682653,2,0
2022-03-24,7049.68505859375,-0.006688643767677194,0.007657081455082038,-0.0006722843572424253,0.0065621044226318315,-0.0013525849291806669,64.65247643471386,4.859718251009376,0.010429284975551085,1.2075915169612057,0.012225417912233416,3,0
2022-03-25,7002.5322265625,0.006721968462022554,-0.006688643767677194,0.007657081455082038,-0.0006722843572424253,3.110132094263918e-05,59.06806883674509,3.0097779869044103,0.010534384757939419,0.9205937679873394,0.006889359073736889,4,0
2022-03-28,7049.60302734375,-0.0053781840414190984,0.006721968462022554,-0.006688643767677194,0.007657081455082038,0.0065621044226318315,62.545982831004196,4.218120135394301,0.010368300789753381,0.8137666460994434,0.013580226214816804,0,0
2022-03-29,7011.68896484375,0.005918827371063307,-0.0053781840414190984,0.006721968462022554,-0.006688643767677194,-0.0006722843572424253,58.252547332494096,1.8468417757075102,0.01034057904834629,0.8715455888251882,0.0016399377507658741,1,0
2022-03-30,7053.18994140625,0.0025877586278870712,0.005918827371063307,-0.0053781840414190984,0.006721968462022554,0.007657081455082038,61.37780048819508,2.4201058992081954,0.00999285699434288,0.9159423935743637,0.008231049479071606,2,0
2022-03-31,7071.44189453125,0.0010348485079696434,0.0025877586278870712,0.005918827371063307,-0.0053781840414190984,-0.006688643767677194,62.70030221058302,3.3196864805720523,0.009757019510154192,0.871425896793361,0.0031617266518766396,3,1
2022-04-01,7078.759765625,0.005291606023190454,0.0010348485079696434,0.0025877586278870712,0.005918827371063307,0.006721968462022554,63.24374100732827,3.6712845871426936,0.009644154115451428,0.78594093823049,0.010885218927523477,4,0
2022-04-04,7116.2177734375,0.004508160895138502,0.005291606023190454,0.0010348485079696434,0.0025877586278870712,-0.0053781840414190984,65.97631121125221,5.576092053301686,0.009470283110714052,0.8848709684752253,0.009454856488691377,0,0
2022-04-05,7148.298828125,-0.006166922910253225,0.004508160895138502,0.005291606023190454,0.0010348485079696434,0.005918827371063307,68.15958118562715,7.998714271852478,0.00913595739110177,0.9540671506198889,0.019341201425248977,1,0
2022-04-06,7104.2158203125,0.003258820927329653,-0.006166922910253225,0.004508160895138502,0.005291606023190454,0.0025877586278870712,62.248558718236396,5.740051662162031,0.009119935920923116,1.1204428329963436,0.007255451143932445,2,0
2022-04-07,7127.3671875,0.011710884432036384,0.003258820927329653,-0.006166922910253225,0.004508160895138502,0.0010348485079696434,64.01363618430852,4.943311241859263,0.00891467300217388,1.0557977309023638,0.007926513443375027,3,0
2022-04-08,7210.8349609375,-0.0009764494213420072,0.011710884432036384,0.003258820927329653,-0.006166922910253225,0.005291606023190454,69.54266660879793,8.942627107611827,0.009064958496893122,1.060102832122046,0.018602549367441767,4,0
2022-04-11,7203.7939453125,0.0015251430690073065,-0.0009764494213420072,0.011710884432036384,0.003258820927329653,0.004508160895138502,68.58537621345123,9.941925863155518,0.010019014758423874,1.6505850287191253,0.012334493922909306,0,0
2022-04-12,7214.78076171875,0.006652467390924066,0.0015251430690073065,-0.0009764494213420072,0.011710884432036384,-0.006166922910253225,69.29563037992234,10.136321585825087,0.011008401143441147,1.233165461349204,0.00935147609677811,1,0
2022-04-13,7262.77685546875,-0.003751268894587545,0.006652467390924066,0.0015251430690073065,-0.0009764494213420072,0.003258820927329653,72.2475342554326,12.154772028443801,0.010681103773276397,1.1730692364857174,0.022170866397955402,2,0
2022-04-14,7235.5322265625,0.005494666417426464,-0.003751268894587545,0.006652467390924066,0.0015251430690073065,0.011710884432036384,68.23717959997262,10.381303796195013,0.010435019778464944,1.1274260395591689,0.015160776576038204,3,0
2022-04-18,7275.2890625,-0.010454172783083138,0.005494666417426464,-0.003751268894587545,0.006652467390924066,-0.0009764494213420072,70.78560674651962,10.576318402879792,0.010044578342579503,0.9925856432228181,0.008944558561428284,0,0
2022-04-19,7199.23193359375,0.003907344987905903,-0.010454172783083138,0.005494666417426464,-0.003751268894587545,0.0015251430690073065,60.74467185580662,4.57983468643188,0.010399580136115997,1.0119363895436428,-0.0005331648003128464,1,0
2022-04-20,7227.36181640625,0.00675641484789824,0.003907344987905903,-0.010454172783083138,0.005494666417426464,0.006652467390924066,62.84395652168438,1.6555186738126935,0.010386027737058762,1.2318526931093723,0.0018490371185857502,2,0
2022-04-21,7276.19287109375,-0.006952387733352605,0.00675641484789824,0.003907344987905903,-0.010454172783083138,-0.003751268894587545,66.22096976432556,2.1274025031760857,0.010240211966973698,0.8266198240770936,0.001952984575559924,3,0
2022-04-22,7225.60595703125,-0.0013323385169698998,-0.006952387733352605,0.00675641484789824,0.003907344987905903,0.005494666417426464,60.124460225769155,-1.6462496196743075,0.010728677719137707,1.1700504811477073,-0.0012481342632051362,4,0
2022-04-25,7215.97900390625,0.0022413906853449017,-0.0013323385169698998,-0.006952387733352605,0.00675641484789824,-0.010454172783083138,59.01105198465775,-5.265379194749201,0.011088789861051919,0.9918645834956253,-0.0080751391976015,0,0
2022-04-26,7232.15283203125,-0.004893241707816687,0.0022413906853449017,-0.0013323385169698998,-0.006952387733352605,0.003907344987905903,60.33987153034346,-6.939389829515548,0.011121269506270315,0.9170093994834115,0.00462042427082654,1,0
2022-04-27,7196.76416015625,0.004467271905579828,-0.004893241707816687,0.0022413906853449017,-0.0013323385169698998,0.00675641484789824,56.057639776974206,-10.581265209551105,0.010944256958337178,0.9348307987763629,-0.00418016242489605,2,0
2022-04-28,7228.9140625,-0.04415090332767391,0.004467271905579828,-0.004893241707816687,0.0022413906853449017,-0.006952387733352605,58.910599672931276,-10.931376094711666,0.01081242946109042,0.8994860206175412,-0.006469305367214462,3,0
2022-05-09,6909.7509765625,-0.013018852858102892,-0.04415090332767391,0.004467271905579828,-0.004893241707816687,-0.0013323385169698998,34.77372015894716,-31.594978739030253,0.013934993022270527,0.977133998910513,-0.043667820961535764,0,0
2022-05-10,6819.7939453125,-0.0005265291504837899,-0.013018852858102892,-0.04415090332767391,0.004467271905579828,0.0022413906853449017,30.92745670147113,-49.20805799408428,0.015698782560084456,0.8798017935244443,-0.055354335302668756,1,0
2022-05-11,6816.203125,-0.031742493186043386,-0.0005265291504837899,-0.013018852858102892,-0.04415090332767391,-0.004893241707816687,30.781099114886615,-58.36197663567321,0.01569507983597685,0.0,-0.05812225513849745,2,0
2022-05-12,6599.83984375,-0.00027980674246952386,-0.031742493186043386,-0.0005265291504837899,-0.013018852858102892,0.004467271905579828,23.549589826808486,-75.17961637619004,0.017648102729983964,0.9213198310556298,-0.08497150661672415,3,0
2022-05-13,6597.9931640625,0.007043601237059383,-0.00027980674246952386,-0.031742493186043386,-0.0005265291504837899,-0.04415090332767391,23.498845902006778,-82.05782165071719,0.017725148536240343,0.848476050794248,-0.0897185852647735,4,0
2022-05-17,6644.466796875,0.022416737140601217,0.007043601237059383,-0.00027980674246952386,-0.031742493186043386,-0.013018852858102892,27.7198840910346,-79.07489924179808,0.017729788414972258,0.9376414317967725,-0.03852408070004021,1,0
2022-05-18,6793.4140625,0.004404397871559995,0.022416737140601217,0.007043601237059383,-0.00027980674246952386,-0.0005265291504837899,39.28293997887372,-63.3477272248242,0.01778934389172001,0.9236255084251737,-0.0030884907013360996,2,0
2022-05-19,6823.3349609375,0.01389483039804107,0.004404397871559995,0.022416737140601217,0.007043601237059383,-0.031742493186043386,41.313965259941746,-47.908753198050164,0.018864765733634107,1.1547698774694461,0.0018424363207076855,3,0
2022-05-20,6918.14404296875,-0.011183511089745801,0.01389483039804107,0.004404397871559995,0.022416737140601217,-0.00027980674246952386,47.32648966247734,-29.209546592581887,0.018931241027352372,0.9648401087695649,0.04747975990479214,4,0
2022-05-23,6840.77490234375,0.010724839215563664,-0.011183511089745801,0.01389483039804107,0.004404397871559995,0.007043601237059383,43.41729445810686,-20.368570142252153,0.019547336087056843,0.9230155601273222,0.03657605555751586,0,0
2022-05-24,6914.14111328125,-0.004431093686011023,0.010724839215563664,-0.011183511089745801,0.01389483039804107,0.022416737140601217,47.81888294378262,-8.50399787911104,0.019193303203697096,1.0144193977865414,0.040257293536020144,1,0
2022-05-25,6883.50390625,0.020738268630222656,-0.004431093686011023,0.010724839215563664,-0.011183511089745801,0.004404397871559995,46.20255498836225,-1.984127653062771,0.018791870516859092,0.9004778042321164,0.013409462709407904,2,0
2022-05-27,7026.255859375,0.0016095460025356,0.020738268630222656,-0.004431093686011023,0.010724839215563664,0.01389483039804107,54.003886996618775,11.913817870144399,0.018613029991152594,1.0244706368850427,0.029743333468070565,4,0
2022-05-30,7037.56494140625,0.015830088157628985,0.0016095460025356,0.020738268630222656,-0.004431093686011023,-0.011183511089745801,54.56599288017292,21.29211382341329,0.018216260312001045,1.0661237289251413,0.017458049072565096,0,0
2022-05-31,7148.97021484375,-3.4560266034766585e-05,0.015830088157628985,0.0016095460025356,0.020738268630222656,0.010724839215563664,59.780324407040354,33.6853312738742,0.01780266244228361,1.4407961528867326,0.04447164831993988,1,1
2022-06-02,7148.72314453125,0.004789357802300831,-3.4560266034766585e-05,0.015830088157628985,0.0016095460025356,-0.004431093686011023,59.763942806227895,40.116402750760045,0.017441868473233996,1.1782704127200172,0.03371224883834145,3,0
2022-06-03,7182.9609375,-0.012025529165701432,0.004789357802300831,-3.4560266034766585e-05,0.015830088157628985,0.020738268630222656,61.34474137817927,44.58269925880798,0.016966780754804865,1.2377071426732216,0.042932700326653306,4,0
2022-06-06,7096.58203125,0.006265395147862174,-0.012025529165701432,0.004789357802300831,-3.4560266034766585e-05,0.0016095460025356,55.42806939854371,39.78429328594562,0.017339270054821974,1.179199433667893,0.010168902530729218,0,0
2022-06-07,7141.044921875,0.00731952305868222,0.006265395147862174,-0.012025529165701432,0.004789357802300831,0.015830088157628985,57.69019073833245,37.689833009585605,0.01729660162117318,1.3776847177432074,0.014824751676055792,1,0
2022-06-08,7193.31396484375,-0.001457448787858917,0.00731952305868222,0.006265395147862174,-0.012025529165701432,-3.4560266034766585e-05,60.244553777832415,37.81221623296084,0.01710843343252264,1.2834354258827594,0.006314186577109027,2,0
2022-06-09,7182.830078125,-0.01339056163936947,-0.001457448787858917,0.00731952305868222,0.006265395147862174,0.004789357802300831,59.46903044863252,35.22673142398771,0.016736733476477833,1.3115131323335147,0.004891298055284876,3,0
2022-06-10,7086.64794921875,-0.0128701263758354,-0.01339056163936947,-0.001457448787858917,0.00731952305868222,-0.012025529165701432,52.758919285868636,25.53019232222046,0.017078691100835153,1.1731381883640586,-0.013288621386385424,4,0
2022-06-13,6995.44189453125,0.007782201929060317,-0.0128701263758354,-0.01339056163936947,-0.001457448787858917,0.006265395147862174,47.30780122806695,12.144263715324602,0.017716582489272024,1.18617328564978,-0.014133218596519392,0,0
2022-06-14,7049.8818359375,-0.006075567257263659,0.007782201929060317,-0.0128701263758354,-0.01339056163936947,0.00731952305868222,50.58942130497095,6.414717720298768,0.01751120710576527,1.0507590426093367,-0.012616411815321249,1,0
2022-06-15,7007.0498046875,0.006176118108729423,-0.006075567257263659,0.007782201929060317,-0.0128701263758354,-0.001457448787858917,48.0536833798781,-0.4378942028079109,0.017586678113582423,1.1999661638333619,-0.026011502131267128,2,0
2022-06-16,7050.326171875,-0.01607860008693085,0.006176118108729423,-0.006075567257263659,0.007782201929060317,-0.01339056163936947,50.74028550900979,-2.1389619789937555,0.017561961263872924,1.1572418872090855,-0.01837793523467879,3,0
2022-06-17,6936.966796875,0.005681179887981225,-0.01607860008693085,0.006176118108729423,-0.006075567257263659,-0.0128701263758354,44.28005418632674,-10.51322091190843,0.018300612167643837,1.1903165276449557,-0.02106597368224017,4,0
2022-06-20,6976.376953125,0.009703295580369531,0.005681179887981225,-0.01607860008693085,0.006176118108729423,0.007782201929060317,46.81528439518372,-12.857757945636056,0.018093073755571783,1.1346727674919044,-0.002514667418423544,0,0
2022-06-21,7044.07080078125,-0.008483697469135576,0.009703295580369531,0.005681179887981225,-0.01607860008693085,-0.006075567257263659,50.94408423733742,-9.465773061705185,0.01747365689753152,0.9789813936512235,-0.0005935737671143304,1,0
2022-06-22,6984.31103515625,0.0019982006266976438,-0.008483697469135576,0.009703295580369531,0.005681179887981225,0.006176118108729423,47.44261754359227,-10.768278260480788,0.01733554470340937,0.8848424609304884,-0.0030017039789862476,2,0
2022-06-23,6998.26708984375,0.00638299757661831,0.0019982006266976438,-0.008483697469135576,0.009703295580369531,-0.01607860008693085,48.33568724778844,-10.216004897801136,0.016979070214536974,0.8736968058799154,-0.0071796214610180265,3,0
2022-06-24,7042.93701171875,-0.0038168502561887196,0.00638299757661831,0.0019982006266976438,-0.008483697469135576,0.005681179887981225,51.194325259284206,-6.546771755735184,0.016374459705741775,0.8251235368001488,0.015281976202531133,4,0
2022-06-27,7016.05517578125,-0.0027934673549039335,-0.0038168502561887196,0.00638299757661831,0.0019982006266976438,0.009703295580369531,49.422103162816576,-5.667580482457076,0.01624922662446018,0.7452256018919686,0.005783946058361189,0,0
2022-06-28,6996.4560546875,-0.007733198071400826,-0.0027934673549039335,-0.0038168502561887196,0.00638299757661831,-0.008483697469135576,48.11432795129245,-6.105538649849672,0.015711182103254423,0.7133244933740501,-0.006712816876912275,1,0
2022-06-29,6942.35107421875,-0.004432078216703106,-0.007733198071400826,-0.0027934673549039335,-0.0038168502561887196,0.0019982006266976438,44.605323617342485,-9.534269654129817,0.015460991313050083,0.6974611022808304,-0.005962317479177526,2,0
2022-06-30,6911.58203125,-0.016964843319495992,-0.004432078216703106,-0.007733198071400826,-0.0027934673549039335,0.00638299757661831,42.698193146583016,-13.146843843348757,0.015383590015842242,0.7071698987344471,-0.012392596322578275,3,1
2022-07-01,6794.328125,-0.022836143198485814,-0.016964843319495992,-0.004432078216703106,-0.007733198071400826,-0.0038168502561887196,36.32449726058086,-22.174567884504558,0.016251868299786112,0.6874660893223631,-0.03574043721869258,4,0
2022-07-04,6639.171875,0.009653950746869366,-0.022836143198485814,-0.016964843319495992,-0.004432078216703106,-0.0027934673549039335,29.952911638236017,-36.49145343780111,0.017992225361980592,0.764864154007112,-0.05475973016098967,0,0
2022-07-05,6703.26611328125,-0.00848182901743988,0.009653950746869366,-0.022836143198485814,-0.016964843319495992,-0.007733198071400826,35.023286318003684,-39.29774280374827,0.017918263317359632,0.8181895990977162,-0.04231231205921637,1,0
2022-07-06,6646.41015625,0.0009293374419108158,-0.00848182901743988,0.009653950746869366,-0.022836143198485814,-0.004432078216703106,32.758068744005115,-42.37149454920062,0.01793090875990929,0.6532057552237214,-0.043060943005255425,2,0
2022-07-07,6652.5869140625,0.01317266882053203,0.0009293374419108158,-0.00848182901743988,0.009653950746869366,-0.016964843319495992,33.26306547194095,-41.332581574526905,0.01717452247227646,0.7534856927924336,-0.037699527346641504,3,0
2022-07-08,6740.21923828125,-0.002681547604170942,0.01317266882053203,0.0009293374419108158,-0.00848182901743988,-0.022836143198485814,40.13259876665077,-32.47788229656753,0.016669099258793476,0.7675083950522409,-0.007562015206613482,4,0
2022-07-11,6722.14501953125,-0.0005728936533740958,-0.002681547604170942,0.01317266882053203,0.0009293374419108158,0.009653950746869366,39.235540796948385,-25.86049850765069,0.016226375491584843,0.8162600726064357,0.012592580387701391,0,0
2022-07-12,6718.2939453125,-0.011506449638369332,-0.0005728936533740958,-0.002681547604170942,0.01317266882053203,-0.00848182901743988,39.03532971366456,-20.02568575292085,0.015472025778644555,0.9316998522790599,0.0023657359874579287,1,0
2022-07-13,6640.990234375,0.0073929757392754425,-0.011506449638369332,-0.0005728936533740958,-0.002681547604170942,0.0009293374419108158,35.15717138113354,-19.629176975699124,0.015522287607936468,0.8789463526623613,-0.0006588846334715237,2,0
2022-07-14,6690.0869140625,-0.005707269486438404,0.0073929757392754425,-0.011506449638369332,-0.0005728936533740958,0.01317266882053203,39.2830290748685,-14.550760919196989,0.015293787638680379,0.7067797983121998,0.005804753663893103,3,0
2022-07-15,6651.90478515625,0.0011046677257990911,-0.005707269486438404,0.0073929757392754425,-0.011506449638369332,-0.002681547604170942,37.29555241440606,-12.340800582816655,0.015045864509438732,0.8141733395895362,-0.013075184643077331,4,0
2022-07-18,6659.2529296875,0.011538661768641711,0.0011046677257990911,-0.005707269486438404,0.0073929757392754425,-0.0005728936533740958,37.94623241351013,-9.110819628628633,0.014922694866852965,0.8327806664643906,-0.009288969313107298,0,0
2022-07-19,6736.091796875,0.02058335476541795,0.011538661768641711,0.0011046677257990911,-0.005707269486438404,-0.011506449638369332,44.43896325195569,-0.9553294734061524,0.014905657766826034,1.0082939802759772,0.002822586108908509,1,0
2022-07-20,6874.7431640625,-0.0015436656227356682,0.02058335476541795,0.011538661768641711,0.0011046677257990911,0.0073929757392754425,53.82700795062615,13.806756889652618,0.015065178889729053,1.0875083648437922,0.03491239051269579,2,0
2022-07-21,6864.130859375,0.003326139194493649,-0.0015436656227356682,0.02058335476541795,0.011538661768641711,-0.005707269486438404,53.087626830488794,22.378749580723124,0.014881295328525463,0.9480999519489173,0.02597574915068468,3,0
2022-07-22,6886.9619140625,-0.0041461950648651325,0.003326139194493649,-0.0015436656227356682,0.02058335476541795,0.0011046677257990911,54.534566426658074,28.704824827298836,0.014303886541782284,1.2103118992474216,0.03500915783161673,4,0
2022-07-25,6858.4072265625,0.0019144215819744126,-0.0041461950648651325,0.003326139194493649,-0.0015436656227356682,0.011538661768641711,52.35939380279007,29.946837090432595,0.013855974842175081,1.2659526922714777,0.02975829504095251,0,0
2022-07-26,6871.537109375,0.00388249535916807,0.0019144215819744126,-0.0041461950648651325,0.003326139194493649,0.02058335476541795,53.282120545060735,30.52910583028732,0.013279596393548707,1.843088717305761,0.02013405485428521,1,0
2022-07-27,6898.2158203125,0.008495105944089643,0.00388249535916807,0.0019144215819744126,-0.0041461950648651325,-0.0015436656227356682,55.18162622952567,31.462409172423932,0.012805787856908642,1.5431625927030816,0.003433195448035331,2,0
2022-07-28,6956.81689453125,-0.0008184558746581194,0.008495105944089643,0.00388249535916807,0.0019144215819744126,0.003326139194493649,59.11402253818753,34.53231035264863,0.01267717050554095,1.5491508936044558,0.013471967014860642,3,0
2022-07-29,6951.123046875,0.002540619138937439,-0.0008184558746581194,0.008495105944089643,0.00388249535916807,-0.0041461950648651325,58.57623885980419,34.59860254250577,0.012616006419917461,1.5215817554594582,0.009327371945708873,4,0
2022-08-01,6968.783203125,0.002780115677699868,0.002540619138937439,-0.0008184558746581194,0.008495105944089643,0.0019144215819744126,59.797868513563486,34.19035641695473,0.012255660473675567,1.2198661115574718,0.016014186149511445,0,0
2022-08-02,6988.1572265625,0.008368091496313568,0.002780115677699868,0.002540619138937439,-0.0008184558746581194,0.00388249535916807,61.151421110395844,33.537528066864255,0.012255977191480784,1.0960776437922537,0.0168798802452369,1,0
2022-08-03,7046.634765625,0.0015203539366779317,0.008368091496313568,0.002780115677699868,0.002540619138937439,0.008495105944089643,64.98364555453551,35.184678861473515,0.01204532384033534,1.1205872727745,0.021365476382382398,2,0
2022-08-04,7057.34814453125,0.0038692494781003006,0.0015203539366779317,0.008368091496313568,0.002780115677699868,-0.0008184558746581194,65.65213961033837,35.05867554390174,0.011679142346365478,1.2043579189735234,0.014390724374970687,3,0
2022-08-05,7084.65478515625,0.00030973082020846476,0.0038692494781003006,0.0015203539366779317,0.008368091496313568,0.002540619138937439,67.36243401936562,34.80693626743381,0.011254648718994753,0.8405967319757801,0.019078429727729107,4,0
2022-08-08,7086.84912109375,0.002262043602852426,0.00030973082020846476,0.0038692494781003006,0.0015203539366779317,0.002780115677699868,67.50247045840766,32.80764404998746,0.010951298463257202,1.0447359463721129,0.016847541409000133,0,0
2022-08-09,7102.8798828125,-0.002343280928771563,0.002262043602852426,0.00030973082020846476,0.0038692494781003006,0.008368091496313568,68.56365536311901,30.626058818426323,0.010722870194858226,1.2323439755836219,0.01632946933415269,1,0
2022-08-10,7086.23583984375,0.010463795935824471,-0.002343280928771563,0.002262043602852426,0.00030973082020846476,0.0015203539366779317,66.14847319420181,26.289545476040395,0.010810531846265337,0.9316832807487104,0.00561809690906756,2,0
2022-08-11,7160.384765625,-0.004344446726604723,0.010463795935824471,-0.002343280928771563,0.002262043602852426,0.0038692494781003006,71.04232041821231,26.563968101569003,0.01088071990475544,1.114965734625854,0.0145615389082141,3,0
2022-08-12,7129.27685546875,-0.005049737482825334,-0.004344446726604723,0.010463795935824471,-0.002343280928771563,0.00030973082020846476,66.68658699412168,22.936260348607078,0.010659492795561613,1.0641340414744407,0.006347842703509077,4,0
2022-08-15,7093.27587890625,0.005664131323755095,-0.005049737482825334,-0.004344446726604723,0.010463795935824471,0.002262043602852426,61.95255179347663,16.68840286233396,0.010709779630257344,0.9930933124866994,0.0009883744004752781,0,0
2022-08-16,7133.453125,0.007444498413067047,0.005664131323755095,-0.005049737482825334,-0.004344446726604723,-0.002343280928771563,64.94352043821398,13.94928925534657,0.010561842975516723,0.9929435163510363,0.004390462121377947,1,0
2022-08-18,7186.55810546875,-0.001965339071947625,0.007444498413067047,0.005664131323755095,-0.005049737482825334,0.010463795935824471,68.47152444621358,14.34620175208211,0.010342875052892067,1.0152780821391818,0.014178241463216557,3,0
2022-08-19,7172.43408203125,-0.008985955275136792,-0.001965339071947625,0.007444498413067047,0.005664131323755095,-0.004344446726604723,66.55313341422806,12.364811980948218,0.010197399906255967,0.9722804067439732,0.0017491064554444602,4,0
2022-08-22,7107.98291015625,0.0077774844511104835,-0.008985955275136792,-0.001965339071947625,0.007444498413067047,-0.005049737482825334,58.498774498537166,5.75667320204343,0.01065808243082755,0.8529041291524773,-0.0028924020930876093,0,0
2022-08-23,7163.26513671875,0.004389188082343232,0.0077774844511104835,-0.008985955275136792,-0.001965339071947625,0.005664131323755095,62.67169518712641,4.222972480862694,0.010582473703612892,1.0755379517355514,0.009934819840848208,1,0
2022-08-24,7194.7060546875,-0.002849045773266168,0.004389188082343232,0.0077774844511104835,-0.008985955275136792,0.007444498413067047,64.83719004590708,4.4191087268726505,0.010277812158735997,0.9335360271588826,0.008659876599436345,2,0
2022-08-25,7174.2080078125,-0.005430559149535941,-0.002849045773266168,0.004389188082343232,0.0077774844511104835,-0.001965339071947625,62.29968627290121,2.3644960451739223,0.010206671283720976,1.1825150539576448,-0.0016336675868968698,3,0
2022-08-26,7135.248046875,-0.000448915717990106,-0.005430559149535941,-0.002849045773266168,0.004389188082343232,-0.008985955275136792,57.67915301671699,-2.1767216581464908,0.010118330638367415,1.1563092455135666,-0.0050988876644851855,4,0
2022-08-29,7132.044921875,0.0038457725598619596,-0.000448915717990106,-0.005430559149535941,-0.002849045773266168,0.0077774844511104835,57.30286306615901,-5.751558155452173,0.01060063895244536,1.0924637072648005,0.0034381518926615007,0,0
2022-08-30,7159.47314453125,0.0026701265348487713,0.0038457725598619596,-0.000448915717990106,-0.005430559149535941,0.004389188082343232,59.725784320328614,-6.565356786952577,0.01071871367047337,1.292228104334421,-0.0004935599985870232,1,0
2022-08-31,7178.58984375,-0.0035502571394212534,0.0026701265348487713,0.0038457725598619596,-0.000448915717990106,-0.002849045773266168,61.371112987855135,-6.1213879377497165,0.010975017920041845,1.0676108096793613,-0.0022126215460814835,2,1
2022-09-01,7153.10400390625,0.0033656990446877533,-0.0035502571394212534,0.0026701265348487713,0.0038457725598619596,-0.005430559149535941,57.970898372007326,-7.744826341313136,0.010846821860152707,1.0433023947840894,-0.002913832912236569,3,0
2022-09-02,7177.17919921875,0.007621882046250805,0.0033656990446877533,-0.0035502571394212534,0.0026701265348487713,-0.000448915717990106,60.21340950201245,-7.3984507289494275,0.010643397366463895,1.1685142589130322,0.005882425281987125,4,0
2022-09-05,7231.8828125,0.0001758840248422544,0.007621882046250805,0.0033656990446877533,-0.0035502571394212534,0.0038457725598619596,64.80811712818632,-3.864094788040333,0.010770651150895824,1.2341563513238325,0.013953223046228036,0,0
2022-09-06,7233.15478515625,-0.006414621364659201,0.0001758840248422544,0.007621882046250805,0.0033656990446877533,0.0026701265348487713,64.90959141968105,-1.9179267422943624,0.010561528213961124,1.3485369404571885,0.01028333451120833,1,0
2022-09-07,7186.7568359375,0.006297729969090504,-0.006414621364659201,0.0001758840248422544,0.007621882046250805,-0.0035502571394212534,58.305286024249426,-4.107037151202675,0.0106347210719339,1.2616443791924459,0.0011985866117003585,2,0
2022-09-08,7232.01708984375,0.001471051816227087,0.006297729969090504,-0.006414621364659201,0.0001758840248422544,0.0033656990446877533,62.33152203410509,-2.914530035265024,0.01071523652043323,1.0517922398250625,0.011046573720212116,3,0
2022-09-09,7242.65576171875,0.0016303557503261068,0.001471051816227087,0.006297729969090504,-0.006414621364659201,0.007621882046250805,63.23032224428873,-1.8678294405212341,0.01056568688555842,1.0309675083179783,0.00915192649175145,4,0
2022-09-12,7254.4638671875,0.008760433197717354,0.0016303557503261068,0.001471051816227087,0.006297729969090504,0.0001758840248422544,64.24994449873296,-0.8884996422264138,0.010365669852559002,1.1206405516808877,0.0031604001958267514,0,0
2022-09-13,7318.01611328125,-0.005457488431703239,0.008760433197717354,0.0016303557503261068,0.001471051816227087,-0.006414621364659201,69.2002503518017,3.301480601101673,0.010430285327728094,1.0519277701996859,0.011744949368701851,1,0
2022-09-14,7278.078125,0.0037816232178395914,-0.005457488431703239,0.008760433197717354,0.0016303557503261068,0.006297729969090504,63.270997665187224,2.672158926905965,0.010707038113563584,0.9191674814692493,0.012702082301657813,2,0
2022-09-15,7305.60107421875,-0.018715907923547825,0.0037816232178395914,-0.005457488431703239,0.008760433197717354,0.001471051816227087,65.46693948749916,3.3542912977475083,0.010876816679012021,1.0011042855565933,0.0101859755504069,3,0
2022-09-16,7168.8701171875,0.0037129527172536925,-0.018715907923547825,0.0037816232178395914,-0.005457488431703239,0.0016303557503261068,49.60119637750225,-5.667286527289086,0.01171824162276101,1.2568786271729544,-0.010000984189368012,4,0
2022-09-19,7195.48779296875,0.00020337452419560975,0.0037129527172536925,-0.018715907923547825,0.0037816232178395914,0.008760433197717354,52.03801651704585,-9.860590867683364,0.011633143213279358,0.8955176299245269,-0.007918387222440426,0,0
2022-09-20,7196.951171875,-0.001200120276625416,0.00020337452419560975,0.0037129527172536925,-0.018715907923547825,-0.005457488431703239,52.174924966338615,-12.390621164833064,0.011454451174126102,0.9875610983907374,-0.01647544589596217,1,0
2022-09-21,7188.31396484375,0.004255768045833497,-0.001200120276625416,0.00020337452419560975,0.0037129527172536925,0.0037816232178395914,51.245130531830014,-14.361870211519538,0.011345789253160052,0.865444058772474,-0.012218077740884348,2,0
2022-09-22,7218.90576171875,-0.005585715513849454,0.004255768045833497,-0.001200120276625416,0.00020337452419560975,-0.018715907923547825,54.34825257004875,-13.343312872933524,0.011461333293566035,0.9930891624470236,-0.011743932912890442,3,0
2022-09-23,7178.5830078125,-0.007115621295931129,-0.005585715513849454,0.004255768045833497,-0.001200120276625416,0.0037129527172536925,49.84494261560838,-14.999386125436722,0.011165060399691772,0.7308933376708442,0.001386259496807929,4,0
2022-09-26,7127.5029296875,-0.002112059593100679,-0.007115621295931129,-0.005585715513849454,0.004255768045833497,0.00020337452419560975,44.782703935701555,-18.89737258532673,0.011838276079413405,0.6956705126682372,-0.009442314516376893,0,0
2022-09-27,7112.44921875,-0.004979783467258914,-0.002112059593100679,-0.007115621295931129,-0.005585715513849454,-0.001200120276625416,43.38430568513288,-21.65401839477356,0.011595993823205614,0.8293294065462946,-0.011757748633673182,1,0
2022-09-28,7077.03076171875,-0.005769724748424521,-0.004979783467258914,-0.002112059593100679,-0.007115621295931129,0.004255768045833497,40.20337760955481,-24.801062699358532,0.011664433438256329,0.7143173030282377,-0.01553741182430668,2,0
2022-09-29,7036.1982421875,0.000653706620632466,-0.005769724748424521,-0.004979783467258914,-0.002112059593100679,-0.005585715513849454,36.84902705631583,-28.316814136611605,0.01203403765628298,0.7964617980212894,-0.025562904618564697,3,0
2022-09-30,7040.7978515625,-0.004414283548575759,0.000653706620632466,-0.005769724748424521,-0.004979783467258914,-0.007115621295931129,37.48180566313731,-28.915450485351375,0.012479008105665244,0.7867918983647635,-0.019323482484082777,4,1
2022-10-03,7009.7177734375,0.008921626798511273,-0.004414283548575759,0.000653706620632466,-0.005769724748424521,-0.002112059593100679,34.93454894149491,-29.865404245265395,0.01217463186021734,0.6960605205454475,-0.016622144736727407,0,0
2022-10-04,7072.255859375,0.00044241983211801283,0.008921626798511273,-0.004414283548575759,0.000653706620632466,-0.004979783467258914,43.28646459967082,-24.943196987742716,0.012131751692597377,0.8583321272542876,-0.005588458345115455,1,0
2022-10-05,7075.384765625,0.00017501256695129364,0.00044241983211801283,0.008921626798511273,-0.004414283548575759,-0.005769724748424521,43.676013239308,-20.332967670711085,0.011882766874975059,0.8906804431352158,-0.00016625504573852812,2,0
2022-10-06,7076.623046875,-0.0070428852038415535,0.00017501256695129364,0.00044241983211801283,0.008921626798511273,0.000653706620632466,43.840416444073966,-16.234268245999793,0.011732936179827033,0.7347276287757232,0.005778482269637286,3,0
2022-10-07,7026.783203125,-0.004609247597015087,-0.0070428852038415535,0.00017501256695129364,0.00044241983211801283,-0.004414283548575759,38.9166806524448,-15.893731872936378,0.011712923006147466,0.9481937840379475,-0.0019181095548367333,4,0
2022-10-10,6994.39501953125,-0.007899182108776936,-0.004609247597015087,-0.0070428852038415535,0.00017501256695129364,0.008921626798511273,36.08078255210778,-16.77664156149372,0.011734070943779465,0.9355699261439026,-0.002113073603276061,0,0
2022-10-11,6939.14501953125,-0.004314081212021148,-0.007899182108776936,-0.004609247597015087,-0.0070428852038415535,0.00044241983211801283,31.820899673894047,-19.80085030856313,0.011643114212921279,1.0193556827700927,-0.01893388251056427,1,0
2022-10-12,6909.208984375,-0.004137084931088664,-0.004314081212021148,-0.007899182108776936,-0.004609247597015087,0.00017501256695129364,29.769987584505927,-22.348041560418757,0.012102047124366534,0.9747353376716138,-0.02369038355470343,2,0
2022-10-13,6880.625,-0.009605989985466468,-0.004137084931088664,-0.004314081212021148,-0.007899182108776936,-0.0070428852038415535,27.91962299239593,-24.325499083699633,0.011835360192938635,0.7728921158695337,-0.02800248105274339,3,0
2022-10-14,6814.52978515625,0.0024338361914386653,-0.009605989985466468,-0.004137084931088664,-0.004314081212021148,-0.004609247597015087,24.177470700915478,-28.18063331500902,0.01245213233156818,0.8606640809191186,-0.030565585834368303,4,0
2022-10-17,6831.115234375,0.0004946346436958127,0.0024338361914386653,-0.009605989985466468,-0.004137084931088664,-0.007899182108776936,26.82780051165483,-27.669850236513696,0.012471460374750486,1.00461670746518,-0.02352250204591455,0,0
2022-10-18,6834.494140625,0.0037928008228023113,0.0004946346436958127,0.0024338361914386653,-0.009605989985466468,-0.004314081212021148,27.384682894099967,-25.229116396758982,0.01243191369727777,0.9614610681509309,-0.015128685293441801,1,0
2022-10-19,6860.416015625,0.017526027513478093,0.0037928008228023113,0.0004946346436958127,0.0024338361914386653,-0.004137084931088664,31.68041827770503,-20.21053224947437,0.012310365072548759,0.7913829054333789,-0.007021803258618342,2,0
2022-10-20,6980.65185546875,0.005317431866469713,0.017526027513478093,0.0037928008228023113,0.0004946346436958127,-0.009605989985466468,47.264038729340655,-7.774323151630888,0.012657875585781585,1.094618526282509,0.014641309185948415,3,0
2022-10-21,7017.77099609375,0.005026232579886658,0.005317431866469713,0.017526027513478093,0.0037928008228023113,0.0024338361914386653,50.981383705107575,3.372588617847711,0.012546017998937828,0.885602466529312,0.029564731037884595,4,0
2022-10-24,7053.0439453125,-0.0006612836296163715,0.005026232579886658,0.005317431866469713,0.017526027513478093,0.0004946346436958127,54.279496805315176,13.001547831220925,0.01234821497752815,0.9923578288728797,0.03215712742633259,0,0
2022-10-25,7048.3798828125,-0.0006300622331067984,-0.0006612836296163715,0.005026232579886658,0.005317431866469713,0.0037928008228023113,53.764379187192354,18.59599789178992,0.012246750148345243,1.0884523596476094,0.031001209153020404,1,0
2022-10-26,7043.93896484375,0.006789136854206124,-0.0006300622331067984,-0.0006612836296163715,0.005026232579886658,0.017526027513478093,53.24623270986569,21.340281982146557,0.012027579881280443,0.9160159795360328,0.026578346097111294,2,0
2022-10-27,7091.76123046875,-0.0050369986023752755,0.006789136854206124,-0.0006300622331067984,-0.0006612836296163715,0.005317431866469713,57.94630127209334,25.44095281382674,0.011706683555027958,0.9232532497529181,0.015841455437839325,3,0
2022-10-28,7056.0400390625,0.006072825185093889,-0.0050369986023752755,0.006789136854206124,-0.0006300622331067984,0.005026232579886658,53.610975259919805,24.787283303733453,0.011776931638290581,0.921442814421985,0.005487024968994336,4,0
2022-10-31,7098.89013671875,-0.006562563043697622,0.006072825185093889,-0.0050369986023752755,0.006789136854206124,-0.0006612836296163715,57.699375323195,26.145692688661683,0.011490368685997386,0.9466453022067992,0.006533617574201567,0,1
2022-11-01,7052.30322265625,-0.005191677115126914,-0.006562563043697622,0.006072825185093889,-0.0050369986023752755,-0.0006300622331067984,52.30233082952191,22.926771610829363,0.011850026456780457,0.9554322864748429,0.000632338160120316,1,0
2022-11-02,7015.68994140625,0.0026915814323267284,-0.005191677115126914,-0.006562563043697622,0.006072825185093889,0.006789136854206124,48.46546459197166,17.591848834239922,0.012052287325156513,0.8287598727131004,-0.003929276721899799,2,0
2022-11-03,7034.5732421875,0.0015571112708812063,0.0026915814323267284,-0.005191677115126914,-0.006562563043697622,-0.0050369986023752755,50.483056767697065,14.711889487265921,0.012050119496828786,0.8860934215986777,-0.008026832143779195,3,0
2022-11-04,7045.52685546875,0.008071666149545464,0.0015571112708812063,0.0026915814323267284,-0.005191677115126914,0.006072825185093889,51.66517083204753,12.982040382200921,0.011904055866203286,0.9166221857434514,-0.0014327222705227127,4,0
2022-11-07,7102.39599609375,-0.0073594910168340855,0.008071666149545464,0.0015571112708812063,0.0026915814323267284,-0.006562563043697622,57.35706238808318,14.964372635960535,0.011878753117016343,0.9917911552773891,0.0005661186939288632,0,0
2022-11-08,7050.1259765625,0.0028308725090655518,-0.0073594910168340855,0.008071666149545464,0.0015571112708812063,-0.005191677115126914,51.3693469320112,12.170398051723605,0.011843424638964437,0.9995659539621767,-0.00023080927920759997,1,0
2022-11-09,7070.083984375,-0.014603372539941262,0.0028308725090655518,-0.0073594910168340855,0.008071666149545464,0.0026915814323267284,53.37095915788079,11.110876806659856,0.011332598184803963,0.978507717994399,0.0077917403449848655,2,0
2022-11-10,6966.8369140625,0.017564519183447258,-0.014603372539941262,0.0028308725090655518,-0.0073594910168340855,0.0015571112708812063,43.41552634009317,3.306034974934435,0.011845787455525565,0.9807063538059517,-0.009503213627283125,3,0
2022-11-11,7089.2060546875,-0.009847924338098224,0.017564519183447258,-0.014603372539941262,0.0028308725090655518,0.008071666149545464,54.29681762162527,6.073263962746967,0.01221255884708821,1.1644864293290778,0.006504194285282927,4,0
2022-11-14,7019.39208984375,0.002294772816517243,-0.009847924338098224,0.017564519183447258,-0.014603372539941262,-0.0073594910168340855,48.55945811905401,3.04328039572446,0.012373597035756209,0.9097442402284764,-0.011415396202360761,0,0
2022-11-15,7035.5,-0.003001380276810406,0.002294772816517243,-0.009847924338098224,0.017564519183447258,0.0028308725090655518,49.87549884806114,2.014950137115222,0.011962506227591862,0.8827474667396324,-0.0017611323690094327,1,0
2022-11-16,7014.3837890625,0.004362756829611625,-0.003001380276810406,0.002294772816517243,-0.009847924338098224,-0.014603372539941262,48.13688453517089,-0.08502475967250034,0.01207293687851721,0.8686340743265688,-0.00759338515488539,2,0
2022-11-17,7044.98583984375,0.005279685913580856,0.004362756829611625,-0.003001380276810406,0.002294772816517243,0.017564519183447258,50.812887262305026,0.5541308278968979,0.012028894305976048,0.8389477884604464,0.011372744214667496,3,0
2022-11-18,7082.18115234375,-0.002673481745801398,0.005279685913580856,0.004362756829611625,-0.003001380276810406,-0.009847924338098224,53.924733768868016,3.296118328813304,0.011780220163042875,0.8990630139401387,-0.0009120890551989058,4,0
2022-11-21,7063.2470703125,-0.004623819521303418,-0.002673481745801398,0.005279685913580856,0.004362756829611625,0.002294772816517243,52.11719107791592,3.6228212677836016,0.011543333344068528,0.8853844892127397,0.00626235353709792,0,0
2022-11-22,7030.587890625,0.0033475374486653386,-0.004623819521303418,-0.002673481745801398,0.005279685913580856,-0.003001380276810406,49.06231040574149,1.534383516669375,0.011563527650104249,0.9780747651796039,-0.0006562388007227415,1,0
2022-11-23,7054.123046875,0.0037413707796665197,0.0033475374486653386,-0.004623819521303418,-0.002673481745801398,0.004362756829611625,51.27861463779812,1.624355796860478,0.011342727144291857,0.8745430877549184,0.005692678924753003,2,0
2022-11-24,7080.51513671875,-0.0038648648928221174,0.0037413707796665197,0.0033475374486653386,-0.004623819521303418,0.005279685913580856,53.71087723850561,3.2536173784613824,0.01100540407356112,0.8951464797818827,0.005071292874807898,3,0
2022-11-25,7053.14990234375,-0.005074611015371544,-0.0038648648928221174,0.0037413707796665197,0.0033475374486653386,-0.002673481745801398,50.87488926536984,2.3241845919876916,0.011001689488537508,0.8953842154515694,-0.004073257931595076,4,0
2022-11-28,7017.35791015625,-0.000753711377945443,-0.005074611015371544,-0.0038648648928221174,0.0037413707796665197,-0.004623819521303418,47.35311077336971,-0.7033391357375622,0.011000081531784365,1.0576851586735363,-0.0064743872011652215,0,0
2022-11-29,7012.06884765625,0.009874994403134663,-0.000753711377945443,-0.005074611015371544,-0.0038648648928221174,0.0033475374486653386,46.837138429787885,-2.938969057696793,0.010686950179011868,0.9347518028643155,-0.002604279057807246,1,0
2022-11-30,7081.31298828125,-0.008544992394085238,0.009874994403134663,-0.000753711377945443,-0.005074611015371544,0.0037413707796665197,53.91675837899789,0.20217353623702516,0.010710346118058612,1.5112920874765026,0.003923177896662078,2,1
2022-12-01,7020.80322265625,-0.00016580189802839485,-0.008544992394085238,0.009874994403134663,-0.000753711377945443,-0.0038648648928221174,47.91227665685751,-1.7323428700029027,0.010763632927947816,0.9305298508733776,-0.00836318527708968,3,0
2022-12-02,7019.63916015625,-0.0046029481600206035,-0.00016580189802839485,-0.008544992394085238,0.009874994403134663,-0.005074611015371544,47.801987398013175,-2.9555209681726695,0.010544552012399087,0.781370062597379,-0.004664122282295957,4,0
2022-12-05,6987.328125,-0.013561449968581551,-0.0046029481600206035,-0.00016580189802839485,-0.008544992394085238,-0.000753711377945443,44.72453396054001,-5.649715778432896,0.010517213054926623,0.9337073750942004,-0.004192459426945017,0,0
2022-12-06,6892.56982421875,-0.010709774870088729,-0.013561449968581551,-0.0046029481600206035,-0.00016580189802839485,0.009874994403134663,37.167375788045796,-13.097042980511109,0.011193596786953915,0.8561130805705499,-0.017000198017581125,1,0
2022-12-07,6818.751953125,-0.0021301408884794037,-0.010709774870088729,-0.013561449968581551,-0.0046029481600206035,-0.008544992394085238,32.55281684136682,-21.76692017204114,0.011484586973055615,0.9152512524970944,-0.037584967290804516,2,0
2022-12-08,6804.22705078125,-0.013096107177746008,-0.0021301408884794037,-0.010709774870088729,-0.013561449968581551,-0.00016580189802839485,31.71833840952796,-26.91502876305109,0.01212963452687181,0.9430904077615502,-0.031170115785198682,3,0
2022-12-09,6715.1181640625,0.0028791726225265712,-0.013096107177746008,-0.0021301408884794037,-0.010709774870088729,-0.0046029481600206035,27.12445433318534,-34.284319510187316,0.012570478196689291,0.7604700508300487,-0.044100421064916295,4,0
2022-12-12,6734.4521484375,0.011265024661115453,0.0028791726225265712,-0.013096107177746008,-0.0021301408884794037,-0.013561449968581551,29.509970289884322,-35.66078221314275,0.012621678876218905,0.8142045963704707,-0.03661830028236912,0,0
2022-12-13,6810.31591796875,-0.0012579290938099508,0.011265024661115453,0.0028791726225265712,-0.013096107177746008,-0.010709774870088729,38.07561309583309,-29.520022988107677,0.012756334411310523,2.2434855676567267,-0.011791825652672117,1,0
2022-12-14,6801.7490234375,-0.0073347546321308466,-0.0012579290938099508,0.011265024661115453,0.0028791726225265712,-0.0021301408884794037,37.52113811443388,-24.310409068464075,0.012699853053323471,1.2029349535664204,-0.002339979876393339,2,0
2022-12-15,6751.85986328125,0.008935761261961384,-0.0073347546321308466,-0.0012579290938099508,0.011265024661115453,-0.013096107177746008,34.38118378092693,-22.53919767318684,0.012523941623004218,0.8127925587613151,-0.007544593620044782,3,0
2022-12-16,6812.19287109375,-0.0047700688340952535,0.008935761261961384,-0.0073347546321308466,-0.0012579290938099508,0.0028791726225265712,40.83003166486244,-15.930467543992336,0.01276813964822464,0.8773128889279488,0.01448727481966261,4,0
2022-12-19,6779.6982421875,-0.0016788836039813848,-0.0047700688340952535,0.008935761261961384,-0.0073347546321308466,0.011265024661115453,38.628126191156326,-12.523849099642206,0.012689718167272811,0.7257981246387406,0.006838033363040785,0,0
2022-12-20,6768.31591796875,0.0077341496175993285,-0.0016788836039813848,-0.0047700688340952535,0.008935761261961384,-0.0012579290938099508,37.85796735839247,-9.926950443788947,0.012617405200917952,0.8678934283328213,-0.006105874902056052,1,0
2022-12-21,6820.6630859375,0.0005525918699196275,0.0077341496175993285,-0.0016788836039813848,-0.0047700688340952535,-0.0073347546321308466,43.442815431781625,-3.8840093474275363,0.012222815665647434,0.7992815880325053,0.002886203809353227,2,0
2022-12-22,6824.43212890625,-0.0034815024744861978,0.0005525918699196275,0.0077341496175993285,-0.0016788836039813848,0.008935761261961384,43.83421498266431,0.910773424766198,0.011798826878575025,0.7480729480265373,0.010773550311403701,3,0
2022-12-23,6800.6728515625,0.005166437891241493,-0.0034815024744861978,0.0005525918699196275,0.0077341496175993285,-0.0047700688340952535,41.8672622414439,2.913015376259729,0.011412831080911196,0.7061454525252054,-0.00164371342504388,4,0
2022-12-26,6835.80810546875,0.012759098654367307,0.005166437891241493,-0.0034815024744861978,0.0005525918699196275,-0.0016788836039813848,45.74447151634729,6.8118580549263115,0.011190798098288521,0.7035877148094358,0.008292793300292867,0,0
2022-12-27,6923.02685546875,-0.010473285378089225,0.012759098654367307,0.005166437891241493,-0.0034815024744861978,0.0077341496175993285,53.9543787277927,15.00339099212949,0.011274001161050453,0.7376521197725262,0.02273077555864156,1,0
2022-12-28,6850.52001953125,0.0013950953911530117,-0.010473285378089225,0.012759098654367307,0.005166437891241493,0.0005525918699196275,47.517156875904554,15.228575818336736,0.01188180593816564,0.7665282293839435,0.004523340562953004,2,0
2022-12-29,6860.0771484375,-0.0013787028349461217,0.0013950953911530117,-0.010473285378089225,0.012759098654367307,-0.0034815024744861978,48.391191796075134,15.65122493691863,0.011981936992236219,0.9042615320821172,0.005365844084186389,3,0
2022-12-30,6850.619140625,5.32427925510337e-05,-0.0013787028349461217,0.0013950953911530117,-0.010473285378089225,0.005166437891241493,47.547285806760584,14.926310973138413,0.011664306828124325,0.8318544234815297,0.007468643723726465,4,0
2023-01-02,6850.98388671875,0.00551364977729385,5.32427925510337e-05,-0.0013787028349461217,0.0013950953911530117,0.012759098654367307,47.58524849396782,14.11297301373429,0.011178900735013977,0.7182526137906664,0.002355448625036005,0,0
2023-01-03,6888.7578125,-0.010962650310004651,0.00551364977729385,5.32427925510337e-05,-0.0013787028349461217,-0.010473285378089225,51.500105729060444,15.642049259470333,0.01104337424884735,1.0253559690580774,-0.004890000252037452,1,0
2023-01-04,6813.23876953125,-0.023395327040581115,-0.010962650310004651,0.00551364977729385,5.32427925510337e-05,0.0013950953911530117,44.36568626354551,11.29340465848771,0.011284133649333021,0.9365037139490838,-0.005379365183952878,2,0
2023-01-05,6653.8408203125,0.004616474301951667,-0.023395327040581115,-0.010962650310004651,0.00551364977729385,-0.0013787028349461217,33.74093879106424,-1.8900141571576512,0.012784179306966712,1.179400747938506,-0.030169787615687005,3,0
2023-01-06,6684.55810546875,0.0005545663889086061,0.004616474301951667,-0.023395327040581115,-0.010962650310004651,5.32427925510337e-05,36.878096026967775,-7.782783855116641,0.0129917962243712,0.7215184282405716,-0.024174610478789216,4,0
2023-01-09,6688.26513671875,-0.0098330601339639,0.0005545663889086061,0.004616474301951667,-0.023395327040581115,0.00551364977729385,37.26413839944176,-10.502999969266284,0.013000352292582687,0.8924680031133712,-0.023673286882431643,0,0
2023-01-10,6622.4990234375,-0.005744945873582319,-0.0098330601339639,0.0005545663889086061,0.004616474301951667,-0.010962650310004651,33.36549855678922,-15.501798056594453,0.01348577321108351,1.0361553184425025,-0.03901999679368939,1,0
2023-01-11,6584.453125,0.006907324901223255,-0.005744945873582319,-0.0098330601339639,0.0005545663889086061,-0.023395327040581115,31.3238211643623,-19.862350840067663,0.013298628664657941,0.9235873289253935,-0.03380229235726706,2,0
2023-01-12,6629.93408203125,0.0017942857269110934,0.006907324901223255,-0.005744945873582319,-0.0098330601339639,0.004616474301951667,36.33881767601964,-18.218517352214832,0.013213605826496591,1.099489578260304,-0.0034996404154626903,3,0
2023-01-13,6641.830078125,0.006959986967070897,0.0017942857269110934,0.006907324901223255,-0.005744945873582319,0.0005545663889086061,37.62189430905912,-14.99921340169314,0.01287028236047297,1.218491128195285,-0.006321828990503264,4,0
2023-01-16,6688.05712890625,0.011854371653179374,0.006959986967070897,0.0017942857269110934,0.006907324901223255,-0.0098330601339639,42.4739163143295,-8.73608237191381,0.012513022407224952,1.1285381684492222,8.359158765902652e-05,0,0
2023-01-17,6767.33984375,-0.0002295896132562536,0.011854371653179374,0.006959986967070897,0.0017942857269110934,-0.005744945873582319,49.70032862568449,1.2359833797635176,0.012684404654069014,1.5485328547301624,0.0217710233748023,1,0
2023-01-18,6765.7861328125,0.00799923211990472,-0.0002295896132562536,0.011854371653179374,0.006959986967070897,0.006907324901223255,49.56891399293575,7.848376495493625,0.01250637053197775,1.3601524080189322,0.027286379635128366,2,0
2023-01-19,6819.9072265625,0.00806813406008522,0.00799923211990472,-0.0002295896132562536,0.011854371653179374,0.0017942857269110934,54.119750768070304,15.543507248164751,0.01221668978813312,1.066648685704011,0.02837828685380983,3,0
2023-01-20,6874.93115234375,-0.0020476057324153585,0.00806813406008522,0.00799923211990472,-0.0002295896132562536,0.006959986967070897,58.245180898064156,23.53607533980807,0.011828855167236458,1.1804724116876315,0.03465213518698396,4,0
2023-01-24,6860.85400390625,-0.0045072855518268895,-0.0020476057324153585,0.00806813406008522,0.00799923211990472,0.011854371653179374,56.837114008289845,26.8325751662545,0.011691355067912208,1.3013538800540392,0.0256445424874977,1,0
2023-01-25,6829.93017578125,0.005108060319007457,-0.0045072855518268895,-0.0020476057324153585,0.00806813406008522,-0.0002295896132562536,53.76239696478589,25.87658980670775,0.011429198910661626,1.215876544452089,0.009282885282491438,2,0
2023-01-26,6864.81787109375,0.0049765465856499436,0.005108060319007457,-0.0045072855518268895,-0.0020476057324153585,0.00799923211990472,56.61398394650402,26.44630314474641,0.011173662177248345,1.0891315157330046,0.014620535214755148,3,0
2023-01-27,6898.98095703125,-0.0038411469991074254,0.0049765465856499436,0.005108060319007457,-0.0045072855518268895,0.00806813406008522,59.26337377979593,27.83591020225189,0.011027075130100771,0.947363755359769,0.011597849680500372,4,0
2023-01-30,6872.48095703125,-0.0048220082912482365,-0.0038411469991074254,0.0049765465856499436,0.005108060319007457,-0.0020476057324153585,56.38697967962899,25.731745166489084,0.011228745357178637,0.853890844649105,-0.0003114313786922729,0,0
2023-01-31,6839.341796875,0.0033506171069663804,-0.0048220082912482365,-0.0038411469991074254,0.0049765465856499436,-0.0045072855518268895,52.92740338146945,21.065711733307133,0.01103821966004352,0.9495269959279846,-0.003085833937525151,1,1
2023-02-01,6862.2578125,0.004126042130357499,0.0033506171069663804,-0.0048220082912482365,-0.0038411469991074254,0.005108060319007457,54.984199993654485,18.567847348135917,0.01078041801564802,0.9158568967949164,0.004772068721268119,2,0
2023-02-02,6890.57177734375,0.0030708853972865047,0.004126042130357499,0.0033506171069663804,-0.0048220082912482365,0.0049765465856499436,57.45758430554191,17.862056124989035,0.010398046980041972,1.1704671168492617,0.003790050532618161,3,0
2023-02-03,6911.73193359375,-0.005489350329740406,0.0030708853972865047,0.004126042130357499,0.0033506171069663804,-0.0038411469991074254,59.25918764708773,17.819249792872117,0.010260250116885188,1.246446760002421,0.0018843893442547222,4,0
2023-02-06,6873.791015625,0.00894844860502464,-0.005489350329740406,0.0030708853972865047,0.004126042130357499,-0.0048220082912482365,54.77968106961394,14.381927364468698,0.010506099770186468,0.8725871351051085,0.00023618601362174196,0,0
2023-02-07,6935.30078125,0.0006954625818882398,0.00894844860502464,-0.005489350329740406,0.0030708853972865047,0.0033506171069663804,60.05187960676557,15.311109101614548,0.010415249334165579,1.0409736615952194,0.014006642909894618,1,0
2023-02-08,6940.1240234375,-0.006161098694792644,0.0006954625818882398,0.00894844860502464,-0.005489350329740406,0.004126042130357499,60.44135428848798,15.27592320393461,0.010177232570528822,1.0297439699533715,0.011351488384816477,2,0
2023-02-09,6897.365234375,-0.002469947905266112,-0.006161098694792644,0.0006954625818882398,0.00894844860502464,0.0030708853972865047,55.29456554554614,11.566743865492253,0.010183165334107696,1.0376562859907212,0.0010643475596663343,3,0
2023-02-10,6880.3291015625,0.0028793731904119824,-0.002469947905266112,-0.006161098694792644,0.0006954625818882398,-0.005489350329740406,53.34548352817134,7.364414805589657,0.01045452901128647,0.8289169254560116,-0.0044764857428862825,4,0
2023-02-13,6900.14013671875,0.006045506746742202,0.0028793731904119824,-0.002469947905266112,-0.006161098694792644,0.00894844860502464,55.31791502755855,5.40799727456583,0.010127734609907723,1.241660771730403,0.0038922377772661054,0,0
2023-02-14,6941.85498046875,-0.003935100143709014,0.006045506746742202,0.0028793731904119824,-0.002469947905266112,0.0006954625818882398,59.22678587023852,6.347356192557378,0.009777039745650404,0.9428511233384813,0.000989295918983668,1,0
2023-02-15,6914.5380859375,-0.0027296145025053065,-0.003935100143709014,0.006045506746742202,0.0028793731904119824,-0.006161098694792644,55.7851726588999,4.632577766497587,0.00987035601005573,0.8774328415028531,-0.0036412668066135856,2,0
2023-02-16,6895.6640625,7.2226093164040606e-06,-0.0027296145025053065,-0.003935100143709014,0.006045506746742202,-0.002469947905266112,53.47312231604232,1.872374718316614,0.009791001118284785,1.0326821099628876,-0.00020978261432624823,3,0
2023-02-17,6895.7138671875,-0.00014459276177980485,7.2226093164040606e-06,-0.0027296145025053065,-0.003935100143709014,0.0028793731904119824,53.478601573135805,-0.1949788442660605,0.009617909438450242,1.0628648226653894,0.002267387900256268,4,0
2023-02-20,6894.716796875,-0.0030910641215038392,-0.00014459276177980485,7.2226093164040606e-06,-0.0027296145025053065,0.006045506746742202,53.343164737958496,-1.786058402692916,0.009417402799654043,1.037233477844004,-0.0007565780519355192,0,0
2023-02-21,6873.40478515625,-0.009229343200584994,-0.0030910641215038392,-0.00014459276177980485,7.2226093164040606e-06,-0.003935100143709014,50.40475978002659,-4.287592935445641,0.009320146432284123,0.8639944326952862,-0.00989314892018156,1,0
2023-02-22,6809.9677734375,0.004329877777103697,-0.009229343200584994,-0.0030910641215038392,-0.00014459276177980485,-0.0027296145025053065,42.84014589913477,-9.907195230595036,0.009722680171287867,0.9044300680728103,-0.01518739197705754,2,0
2023-02-23,6839.4541015625,0.002503426451621049,0.004329877777103697,-0.009229343200584994,-0.0030910641215038392,7.2226093164040606e-06,46.83416823567303,-11.23382218902492,0.009328249012266896,0.7653585798144288,-0.008127899697448537,3,0
2023-02-24,6856.576171875,-0.0002624219962188423,0.002503426451621049,0.004329877777103697,-0.009229343200584994,-0.00014459276177980485,49.06003068157722,-10.56360529314038,0.00906595352420786,0.8057666833488354,-0.005631695855143892,4,0
2023-02-27,6854.77685546875,-0.0016832183134152245,-0.0002624219962188423,0.002503426451621049,0.004329877777103697,-0.0030910641215038392,48.828676894432064,-9.860381335148814,0.008954526748645534,0.790991933005884,-0.00574952508958293,0,0
2023-02-28,6843.23876953125,0.0002480208103445847,-0.0016832183134152245,-0.0002624219962188423,0.002503426451621049,-0.009229343200584994,47.288690107278796,-9.772365068312183,0.008820717980011094,1.0355661581564268,-0.004341679281494315,1,1
2023-03-01,6844.93603515625,0.0018231001490967014,0.0002480208103445847,-0.0016832183134152245,-0.0002624219962188423,0.004329877777103697,47.55073888729423,-9.207640608625116,0.00877640284855149,0.9020240158563833,0.005135684729435264,2,0
2023-03-02,6857.4150390625,-0.006384156179022105,0.0018231001490967014,0.0002480208103445847,-0.0016832183134152245,0.002503426451621049,49.53713134335524,-7.664677053907363,0.008480884592072866,0.8530535280651828,0.0026289071014282683,3,0
2023-03-03,6813.63623046875,-0.0009738198051399971,-0.006384156179022105,0.0018231001490967014,0.0002480208103445847,-0.0002624219962188423,43.3363462923474,-9.162229701061037,0.008760587912587624,0.7644544880956979,-0.0062586755292148855,4,0
2023-03-06,6807.0009765625,-0.005912025604383309,-0.0009738198051399971,-0.006384156179022105,0.0018231001490967014,-0.0016832183134152245,42.468660124606366,-10.095717353750103,0.008723874127438778,0.8842264610393276,-0.00697007333813604,0,0
2023-03-07,6766.7578125,0.0014205185044073865,-0.005912025604383309,-0.0009738198051399971,-0.006384156179022105,0.0002480208103445847,37.55707776547386,-12.748493160358475,0.008729042843282353,0.9154501621093225,-0.011198880629104124,1,0
2023-03-08,6776.3701171875,0.0034568366665932437,0.0014205185044073865,-0.005912025604383309,-0.0009738198051399971,0.0018231001490967014,39.36102897551234,-13.129106643582745,0.008601890837749813,0.9486117023123294,-0.010026382935041322,2,0
2023-03-09,6799.794921875,-0.005072677111413348,0.0034568366665932437,0.0014205185044073865,-0.005912025604383309,-0.006384156179022105,43.63456678651614,-11.154215042617114,0.008467258444541785,0.7608490921799257,-0.00839264641754478,3,0
2023-03-10,6765.3017578125,0.0032006436797138438,-0.005072677111413348,0.0034568366665932437,0.0014205185044073865,-0.0009738198051399971,39.248270259456866,-11.477232316015932,0.00851897211434611,0.8883092667623147,-0.007081167349936024,4,0
2023-03-13,6786.955078125,-0.02138530631343849,0.0032006436797138438,-0.005072677111413348,0.0034568366665932437,-0.005912025604383309,43.11414484009701,-9.614304856299704,0.00878434715668418,0.979908279844191,-0.002906703865082183,0,0
2023-03-14,6641.81396484375,-0.0020591901376481037,-0.02138530631343849,0.0032006436797138438,-0.005072677111413348,0.0014205185044073865,29.543474190466384,-17.10144546663708,0.009965282188261102,1.1498341042925837,-0.018379984574137365,1,0
2023-03-15,6628.13720703125,-0.00941579477583765,-0.0020591901376481037,-0.02138530631343849,0.0032006436797138438,0.0034568366665932437,28.62901295697189,-21.627813624861034,0.010153270590478745,0.9638488400206381,-0.021859693216192855,2,0
2023-03-16,6565.72802734375,0.017135767517927114,-0.00941579477583765,-0.0020591901376481037,-0.02138530631343849,-0.005072677111413348,24.84923144654647,-27.12184242560245,0.010474745175340744,1.0763238167069693,-0.03473232465862375,3,0
2023-03-17,6678.23681640625,-0.00984490125742954,0.017135767517927114,-0.00941579477583765,-0.0020591901376481037,0.0032006436797138438,40.18183951121138,-21.709703811755986,0.010818001629176602,2.8982251538115134,-0.012523880029283285,4,0
2023-03-20,6612.490234375,0.011965326626486528,-0.00984490125742954,0.017135767517927114,-0.00941579477583765,-0.02138530631343849,35.609673296435005,-21.07186453903971,0.0111232694593662,0.8321519149629248,-0.025569424966426668,0,0
2023-03-21,6691.61083984375,0.010556959766043317,0.011965326626486528,-0.00984490125742954,0.017135767517927114,-0.0020591901376481037,43.88478611405298,-14.166787676678297,0.011086059405857709,0.9387393238035736,0.00778120797349835,1,0
2023-03-24,6762.25390625,-0.00788506340052808,0.010556959766043317,0.011965326626486528,-0.00984490125742954,-0.00941579477583765,50.05638753761829,-4.204231012050535,0.011087603742913442,0.9466439967408214,0.02039735787718977,4,0
2023-03-27,6708.93310546875,0.0076606844521009965,-0.00788506340052808,0.010556959766043317,0.011965326626486528,0.017135767517927114,45.94865762862127,-0.7490610320979769,0.01109977162121367,0.8700618119464307,0.02192808925249934,0,0
2023-03-28,6760.328125,0.011701785578085433,0.0076606844521009965,-0.00788506340052808,0.010556959766043317,-0.00984490125742954,50.1914819703095,5.130705601888174,0.010817319488918386,0.812785147695554,0.012453006186673221,1,0
2023-03-29,6839.43603515625,-0.004457218859062473,0.011701785578085433,0.0076606844521009965,-0.00788506340052808,0.011965326626486528,55.926206482668775,13.978813384994652,0.010880699899129612,0.9190640500399544,0.03399969302218819,2,0
2023-03-30,6808.951171875,-0.0005396303062690233,-0.004457218859062473,0.011701785578085433,0.0076606844521009965,0.010556959766043317,53.37583947520643,17.197772147840013,0.010836282959418929,0.9087386785964491,0.017577147536639193,3,0
2023-03-31,6805.27685546875,0.0032177896188239075,-0.0005396303062690233,-0.004457218859062473,0.011701785578085433,-0.00788506340052808,53.06175540033325,18.391535487861496,0.010507935457986822,0.901469929181392,0.006480557464326853,4,1
2023-04-03,6827.1748046875,0.0008793414758661022,0.0032177896188239075,-0.0005396303062690233,-0.004457218859062473,0.0076606844521009965,54.769959464954866,19.843410745638298,0.010188833747008987,0.8288132570479522,0.01758341048367884,0,0
2023-04-04,6833.17822265625,-0.0019761548036282273,0.0008793414758661022,0.0032177896188239075,-0.0005396303062690233,0.011701785578085433,55.250774730628876,20.32137685403107,0.010269863251946124,0.8520694057300872,0.010802067507443947,1,0
2023-04-05,6819.6748046875,-0.003945887265805359,-0.0019761548036282273,0.0008793414758661022,0.0032177896188239075,-0.004457218859062473,53.8637703464953,18.872662575693706,0.010088376047075773,0.8061994481199595,-0.0028758728742697137,2,0
2023-04-06,6792.76513671875,-0.0031695889676969236,-0.003945887265805359,-0.0019761548036282273,0.0008793414758661022,-0.0005396303062690233,51.11019892855912,15.39371618220043,0.009893253267971426,1.1123953156876352,-0.0023645412810126,3,0
2023-04-10,6771.23486328125,0.005919023984803484,-0.0031695889676969236,-0.003945887265805359,-0.0019761548036282273,0.0032177896188239075,48.95388186131758,11.132846748422851,0.009894105464464785,0.8365249779186724,-0.0049944999424405,0,0
2023-04-11,6811.31396484375,-0.0018131740395457285,0.005919023984803484,-0.0031695889676969236,-0.003945887265805359,0.0008793414758661022,52.93458724566226,10.511637289916077,0.009894114731520975,1.0276563651126887,-0.0022932655764609233,1,0
2023-04-12,6798.9638671875,-0.00196584699041491,-0.0018131740395457285,0.005919023984803484,-0.0031695889676969236,-0.0019761548036282273,51.599289445028155,8.834393860652582,0.009818249653505867,0.958128206922568,-0.004985781091872754,2,0
2023-04-13,6785.59814453125,0.004859715166794398,-0.00196584699041491,-0.0018131740395457285,0.005919023984803484,-0.003945887265805359,50.125603459425484,6.498222483934239,0.0096846563494053,1.0155071024150142,-0.004975473278659437,3,0
2023-04-14,6818.57421875,-0.004545259244194577,0.004859715166794398,-0.00196584699041491,-0.0018131740395457285,-0.0031695889676969236,53.64334941035933,6.81412824939408,0.009499095765434609,0.8697808271007292,0.0038301291539403204,4,0
2023-04-17,6787.58203125,0.005042310722533916,-0.004545259244194577,0.004859715166794398,-0.00196584699041491,0.005919023984803484,50.069025403309375,4.677908488059408,0.00953823188694821,0.6106860351231653,0.0024544588774426668,0,0
2023-04-18,6821.80712890625,0.012949624942586668,0.005042310722533916,-0.004545259244194577,0.004859715166794398,-0.0018131740395457285,53.73514309783571,5.268081001436343,0.009394513677142075,0.6784276020387227,0.0015777456151730984,1,0
2023-04-26,6910.14697265625,0.005112782443673414,0.012949624942586668,0.005042310722533916,-0.004545259244194577,-0.00196584699041491,61.5770799580378,10.97763520680462,0.00952725380401777,0.883456411283061,0.016340544597305495,2,0
2023-04-27,6945.47705078125,-0.004284980031055263,0.005112782443673414,0.012949624942586668,0.005042310722533916,0.004859715166794398,64.19125056137128,16.18863475887765,0.009771124218886686,1.173956679463555,0.02341917403139382,3,0
2023-04-28,6915.7158203125,-0.007578978642536427,-0.004284980031055263,0.005112782443673414,0.012949624942586668,-0.004545259244194577,60.45960947728743,16.6231082830605,0.009741894290259494,0.9540769479167496,0.014274478833544157,4,0
2023-05-02,6863.3017578125,-0.00736957103571545,-0.007578978642536427,-0.004284980031055263,0.005112782443673414,0.005042310722533916,54.455514949946846,12.557433764201093,0.010218217494013485,1.0005639164717421,0.011240759435202308,1,0
2023-05-03,6812.72216796875,0.004595033633865819,-0.00736957103571545,-0.007578978642536427,-0.004284980031055263,0.012949624942586668,49.36126097031427,5.9727338384095106,0.010488937637512784,0.8938725281326322,-0.001171122323047058,2,0
2023-05-04,6844.02685546875,-0.008240177498527235,0.004595033633865819,-0.00736957103571545,-0.007578978642536427,0.005112782443673414,52.333416308072096,3.366388654892532,0.010384382969339296,1.0090862812397672,-0.009525713631767907,3,0
2023-05-05,6787.630859375,-0.002651882574777664,-0.008240177498527235,0.004595033633865819,-0.00736957103571545,-0.004284980031055263,46.98338297500862,-2.2142973512639976,0.010962514305500236,1.0854549256772767,-0.022878673573968555,4,0
2023-05-08,6769.630859375,0.0015287570783002469,-0.002651882574777664,-0.008240177498527235,0.004595033633865819,-0.007578978642536427,45.38848819809817,-6.911304178180117,0.010646119102075028,1.2971149751931288,-0.021245576117690956,0,0
2023-05-09,6779.97998046875,0.004708687161240288,0.0015287570783002469,-0.002651882574777664,-0.008240177498527235,-0.00736957103571545,46.51271504384594,-8.983286216233603,0.010414071703835112,1.228082500656421,-0.012137840396854283,1,0
2023-05-10,6811.90478515625,-0.008216027475451027,0.004708687161240288,0.0015287570783002469,-0.002651882574777664,0.004595033633865819,49.93645532320981,-7.9039524009449185,0.010096019666214307,1.2705473064818844,-5.958219989854463e-05,2,0
2023-05-11,6755.93798828125,-0.007130735180083558,-0.008216027475451027,0.004708687161240288,0.0015287570783002469,-0.008240177498527235,44.55241398828452,-10.49703729661267,0.010474910486656955,1.1281379514085363,-0.01287064330921539,3,0
2023-05-12,6707.76318359375,0.0005929026819220251,-0.007130735180083558,-0.008216027475451027,0.004708687161240288,-0.002651882574777664,40.50418757702819,-14.734797689409591,0.010343602070516527,1.1830311267154698,-0.011761200990771714,4,0
2023-05-15,6711.740234375,-0.0052410058051844954,0.0005929026819220251,-0.007130735180083558,-0.008216027475451027,0.0015287570783002469,40.98096046201273,-16.419465254542434,0.010372267234527655,0.9807311137410823,-0.008516415734072025,0,0
2023-05-16,6676.56396484375,-0.002014538523606446,-0.0052410058051844954,0.0005929026819220251,-0.007130735180083558,0.004708687161240288,38.074697308872786,-18.876840789793224,0.010431033782092305,1.0657159856307405,-0.015286178617556767,1,0
2023-05-17,6663.11376953125,0.005620084981324602,-0.002014538523606446,-0.0052410058051844954,0.0005929026819220251,-0.008216027475451027,36.99437826987478,-20.26018358557408,0.0101892781849362,1.2218762539600252,-0.0220094043024035,2,0
2023-05-19,6700.56103515625,0.00434082121592394,0.005620084981324602,-0.002014538523606446,-0.0052410058051844954,-0.007130735180083558,41.934209560123996,-17.603492244616902,0.009965923433866989,1.0902635272576005,-0.008173291845627872,4,0
2023-05-22,6729.64697265625,0.0010456877461169078,0.00434082121592394,0.005620084981324602,-0.002014538523606446,0.0005929026819220251,45.5078773621875,-13.047332432993368,0.010081739707638586,1.1279712678666673,0.003298264550379626,0,0
2023-05-23,6736.68408203125,0.0013537991505088165,0.0010456877461169078,0.00434082121592394,0.005620084981324602,-0.0052410058051844954,46.36790911009704,-8.916831199833638,0.009835108241485096,1.0832641197746546,0.0037510496145745087,1,0
2023-05-24,6745.80419921875,-0.006162829658221458,0.0013537991505088165,0.0010456877461169078,0.00434082121592394,-0.002014538523606446,47.52384452388667,-5.116396262948477,0.009564865827047159,0.9064477978252977,0.01034585457026782,2,0
2023-05-25,6704.23095703125,-0.0025700159465239514,-0.006162829658221458,0.0013537991505088165,0.0010456877461169078,0.005620084981324602,42.97668762016936,-4.945536029791054,0.009439437444598407,1.0157333174339371,0.006197563435652809,3,0
2023-05-26,6687.0009765625,-0.0008821481859992986,-0.0025700159465239514,-0.006162829658221458,0.0013537991505088165,0.00434082121592394,41.21651517994291,-5.493777710556181,0.009407852740661402,1.151518886953494,-0.001992537492195745,4,0
2023-05-29,6681.10205078125,-0.006687399605507571,-0.0008821481859992986,-0.0025700159465239514,-0.006162829658221458,0.0010456877461169078,40.60337852639743,-5.728355935389214,0.009717863590884761,1.0444874544356832,-0.007215506894118984,0,0
2023-05-30,6636.4228515625,-0.00047640440708285325,-0.006687399605507571,-0.0008821481859992986,-0.0025700159465239514,0.0013537991505088165,36.20970188980941,-8.2158493756361,0.009771329487003962,1.0864999991403035,-0.014948594245743463,1,0
2023-05-31,6633.26123046875,2.6499973978522107e-05,-0.00047640440708285325,-0.006687399605507571,-0.0008821481859992986,-0.006162829658221458,35.91355076402637,-9.316747484230351,0.01009739895342745,3.345149758580482,-0.016778797803335133,2,1
2023-06-05,6633.43701171875,-0.0021880301464548557,2.6499973978522107e-05,-0.00047640440708285325,-0.006687399605507571,-0.0025700159465239514,35.94491895222923,-9.256623630860169,0.01007803325522405,0.8235244854882959,-0.010589468171135152,0,0
2023-06-06,6618.9228515625,0.00012570493245789294,-0.0021880301464548557,2.6499973978522107e-05,-0.00047640440708285325,-0.0008821481859992986,34.44570918904165,-9.388325520697144,0.010194148444169928,1.2192004808678971,-0.010207482371066057,1,0
2023-06-07,6619.7548828125,0.007035788505315832,0.00012570493245789294,-0.0021880301464548557,2.6499973978522107e-05,-0.006687399605507571,34.61407023191791,-8.632600062431216,0.010110331867710895,0.8532681428181266,-0.009199629252608865,2,0
2023-06-08,6666.330078125,0.004154286891242531,0.007035788505315832,0.00012570493245789294,-0.0021880301464548557,-0.00047640440708285325,43.38021135117587,-4.4213714041630325,0.010050219203748165,0.8858691046578625,0.004523558858214538,3,0
2023-06-09,6694.02392578125,0.004234989508263842,0.004154286891242531,0.007035788505315832,0.00012570493245789294,2.6499973978522107e-05,47.85668554171889,0.5400538532830623,0.009879176945694172,0.9575409276688546,0.009154250156539923,4,0
2023-06-12,6722.373046875,-0.0004996578879702396,0.004234989508263842,0.004154286891242531,0.007035788505315832,-0.0021880301464548557,52.03705500038207,5.752188822979193,0.009685779080031928,0.8364907108589894,0.013362739690825243,0,0
2023-06-13,6719.01416015625,-0.002872052777576073,-0.0004996578879702396,0.004234989508263842,0.004154286891242531,0.00012570493245789294,51.51012962083018,8.811593670720153,0.009497734199788943,0.9272623090778784,0.015051111949309859,1,0
2023-06-14,6699.716796875,0.0021013015067392615,-0.002872052777576073,-0.0004996578879702396,0.004234989508263842,0.007035788505315832,48.47326139918095,9.324090182379017,0.009610090895069198,0.9351469266281524,0.012053354239275893,2,0
2023-06-15,6713.794921875,-0.0022711517185785013,0.0021013015067392615,-0.002872052777576073,-0.0004996578879702396,0.004154286891242531,50.75430257199812,10.322062180081979,0.009506550334660281,0.7912496970415713,0.0071188672406993225,3,0
2023-06-16,6698.546875,-0.0018642540243103412,-0.0022711517185785013,0.0021013015067392615,-0.002872052777576073,0.004234989508263842,48.26222315609455,9.676951620599738,0.009456693853957122,0.8968159561727094,0.00069342863087829,4,0
2023-06-19,6686.05908203125,-0.003829461210574814,-0.0018642540243103412,-0.0022711517185785013,0.0021013015067392615,-0.0004996578879702396,46.258946604653424,8.189903733246481,0.009182087070246541,0.8455648369653753,-0.005405814901695893,0,0
2023-06-20,6660.455078125,0.006331387477336081,-0.003829461210574814,-0.0018642540243103412,-0.0022711517185785013,-0.002872052777576073,42.37518905044779,5.397386959878769,0.009269933815898856,0.6266546485529586,-0.008735618224300468,1,0
2023-06-21,6702.625,-0.007514036594804319,0.006331387477336081,-0.003829461210574814,-0.0018642540243103412,0.0021013015067392615,49.84411067968791,6.245887798017986,0.00926712490286397,0.6453043541361765,0.0004678220306116865,2,0
2023-06-22,6652.26123046875,-0.0018833175484928022,-0.007514036594804319,0.006331387477336081,-0.003829461210574814,-0.0022711517185785013,42.72212143031594,3.412508469123722,0.009375948946151827,0.9027078675740366,-0.009147516070931894,3,0
2023-06-23,6639.73291015625,0.0037554309685572385,-0.0018833175484928022,-0.007514036594804319,0.006331387477336081,-0.0018642540243103412,41.14710163903407,0.8267205893146539,0.009047347078963201,0.611620097708606,-0.008759681900846195,4,0
2023-06-26,6664.66796875,-0.00041848483871631537,0.0037554309685572385,-0.0018833175484928022,-0.007514036594804319,-0.003829461210574814,45.45706830180865,0.9206105636827786,0.008925656980693334,0.6852123887880386,-0.003139996907978615,0,0
2023-06-27,6661.87890625,0.005229292599392199,-0.00041848483871631537,0.0037554309685572385,-0.0018833175484928022,0.006331387477336081,45.05957874833433,0.9177619381637747,0.008578094661089036,0.7821131489029272,0.0002709794638798835,1,0
2023-07-03,6696.7158203125,-0.0022342166614144343,0.005229292599392199,-0.00041848483871631537,0.0037554309685572385,-0.007514036594804319,50.84170085105879,3.253538920004438,0.008306764356909377,0.6974381559071,-0.0008311154140639987,0,0
2023-07-04,6681.75390625,0.005570864334951242,-0.0022342166614144343,0.005229292599392199,-0.00041848483871631537,-0.0018833175484928022,48.48173567203155,3.7472154916392526,0.008171333591074232,0.818803856052118,0.004448704519325886,1,0
2023-07-05,6718.97705078125,0.005708310002605188,0.005570864334951242,-0.0022342166614144343,0.005229292599392199,0.0037554309685572385,54.180100403046815,6.382207735477802,0.007993425470959676,0.9586488491752463,0.01190288640276993,2,0
2023-07-06,6757.3310546875,-0.0060485523029314425,0.005708310002605188,0.005570864334951242,-0.0022342166614144343,-0.00041848483871631537,59.18906434151707,10.2788269719362,0.007953246568527408,1.1459532566239143,0.01385576543681788,3,0
2023-07-07,6716.458984375,0.002170652958116248,-0.0060485523029314425,0.005708310002605188,0.005570864334951242,0.005229292599392199,52.59114489130982,9.682491850411624,0.007920449835982984,1.0348528838765416,0.008225697972602752,4,0
2023-07-10,6731.0380859375,0.009788347851596324,0.002170652958116248,-0.0060485523029314425,0.005708310002605188,-0.0022342166614144343,54.537867814588886,9.818016740281703,0.007838451393032816,0.8184540238581629,0.0051670583313268015,0,0
2023-07-11,6796.923828125,0.001660332899907413,0.009788347851596324,0.002170652958116248,-0.0060485523029314425,0.005570864334951242,62.10994853478146,13.657045565024712,0.0079046876575525,1.065062606485597,0.01718962284433756,1,0
2023-07-12,6808.208984375,0.000294336771182957,0.001660332899907413,0.009788347851596324,0.002170652958116248,0.005708310002605188,63.23935274282747,16.100501665680582,0.00768800389652304,1.0812123716178643,0.01327909140929373,2,0
2023-07-13,6810.212890625,0.008716157287896875,0.000294336771182957,0.001660332899907413,0.009788347851596324,-0.0060485523029314425,63.44770268803109,16.91214582079749,0.007682123655387012,1.141346078695966,0.0078651181778715,3,0
2023-07-14,6869.57177734375,-0.0003534040335683164,0.008716157287896875,0.000294336771182957,0.001660332899907413,0.002170652958116248,69.04451654235315,20.280168794635482,0.007743076284256189,1.0755195666193456,0.022629827768699817,4,0
2023-07-17,6867.14404296875,-0.00537937135694333,-0.0003534040335683164,0.008716157287896875,0.000294336771182957,0.009788347851596324,68.58199030488979,21.084622736747914,0.007859567685295343,1.183873814904685,0.020105770777015253,0,0
2023-07-18,6830.203125,0.004975816856654713,-0.00537937135694333,-0.0003534040335683164,0.008716157287896875,0.001660332899907413,61.79817479923919,17.98950360135536,0.008422225173940331,1.007093990348808,0.004938051568475599,1,0
2023-07-20,6864.18896484375,0.002420212067854699,0.004975816856654713,-0.00537937135694333,-0.0003534040335683164,0.000294336771182957,65.2079015284937,17.09783713593238,0.008269884297944173,0.9609622308166563,0.0082535355252229,3,0
2023-07-21,6880.8017578125,0.002702335997420313,0.002420212067854699,0.004975816856654713,-0.00537937135694333,0.008716157287896875,66.76926748330524,16.48631805127367,0.008108631400529403,0.8997147248994801,0.010379410821894641,4,0
2023-07-24,6899.39599609375,0.0026545717069463848,0.002702335997420313,0.002420212067854699,0.004975816856654713,-0.0003534040335683164,68.4745852363119,16.171322315574624,0.008044765779999444,1.014745116487911,0.004365589531418079,0,0
2023-07-25,6917.7109375,0.004418784099238016,0.0026545717069463848,0.002702335997420313,0.002420212067854699,-0.00537937135694333,70.10207502094518,16.0040124786085,0.007931963326150806,1.0072903603926002,0.0073735652719327804,1,0
2023-07-26,6948.27880859375,-0.0074285623933816325,0.004418784099238016,0.0026545717069463848,0.002702335997420313,0.004975816856654713,72.64074406481855,16.683516925798358,0.007729470797726894,1.0081575983504567,0.017171720728114126,2,0
2023-07-27,6896.6630859375,0.0005171913557040497,-0.0074285623933816325,0.004418784099238016,0.0026545717069463848,0.002420212067854699,62.92473450154769,12.57537734776124,0.007950932549091436,1.0523621908550351,0.00476734147807778,3,0
2023-07-28,6900.22998046875,0.0045112853249980045,0.0005171913557040497,-0.0074285623933816325,0.004418784099238016,0.002702335997420313,63.290146863732986,9.174754595387924,0.00786299419095512,0.9665413228651447,0.002864320765927131,4,0
2023-07-31,6931.35888671875,-0.006472438334525155,0.0045112853249980045,0.0005171913557040497,-0.0074285623933816325,0.0026545717069463848,66.40233825042678,8.133888022823747,0.007642489568440255,1.1190262547035608,0.004673270093504822,0,1
2023-08-01,6886.49609375,-0.0046447899903740986,-0.006472438334525155,0.0045112853249980045,0.0005171913557040497,0.004418784099238016,58.68106745401785,3.758483363579323,0.007702105830189405,1.2508311220054567,-0.004453739947966717,1,0
2023-08-02,6854.509765625,0.006356017323221108,-0.0046447899903740986,-0.006472438334525155,0.0045112853249980045,-0.0074285623933816325,53.871284220313726,-1.664399664698351,0.007732582749230764,1.159074273250765,-0.013517314037578831,2,0
2023-08-03,6898.0771484375,-0.006557675507115279,0.006356017323221108,-0.0046447899903740986,-0.006472438334525155,0.0005171913557040497,58.822066356146316,-2.634090524130677,0.008007924046261182,1.0266883859992006,0.0002672656790239092,3,0
2023-08-04,6852.841796875,0.004892045527417288,-0.006557675507115279,0.006356017323221108,-0.0046447899903740986,0.0045112853249980045,52.51941203562218,-6.422953430915555,0.008257521828211819,0.7599086837851412,-0.00680760118379542,4,0
2023-08-07,6886.3662109375,-0.002548981874993861,0.004892045527417288,-0.006557675507115279,0.006356017323221108,-0.006472438334525155,56.25992087377119,-6.739296851057887,0.00816469938512854,0.8672602966000975,-0.006426840981376136,0,0
2023-08-08,6868.81298828125,0.0009170184332789599,-0.002548981874993861,0.004892045527417288,-0.006557675507115279,-0.0046447899903740986,53.86705593559601,-8.106844314011205,0.008156352555798206,1.081839354374126,-0.0025033845218448425,1,0
2023-08-09,6875.11181640625,0.0026420024844766576,0.0009170184332789599,-0.002548981874993861,0.004892045527417288,0.006356017323221108,54.61305384628653,-8.520917711861749,0.007961367232182978,1.3623913281577629,0.003058423901808216,2,0
2023-08-10,6893.27587890625,-0.0019289631277763508,0.0026420024844766576,0.0009170184332789599,-0.002548981874993861,-0.006557675507115279,56.78333311472627,-7.5390331922990015,0.007742553847896722,1.0144001953824016,-0.0006555909369362345,3,0
2023-08-11,6879.97900390625,0.004388512098163044,-0.0019289631277763508,0.0026420024844766576,0.0009170184332789599,0.004892045527417288,54.720537058071386,-7.7242418544315825,0.007634610912936054,0.8254178546606018,0.003973121442402694,4,0
2023-08-14,6910.171875,0.0007133251253248485,0.004388512098163044,-0.0019289631277763508,0.0026420024844766576,-0.002548981874993861,58.41468994266783,-5.838233863020712,0.007951585191648224,0.8824573356794342,0.0034695880131484502,0,0
2023-08-15,6915.10107421875,-0.0021059689692092265,0.0007133251253248485,0.004388512098163044,-0.0019289631277763508,0.0009170184332789599,59.00275438356842,-4.351857057284263,0.00769079463577204,1.09974245872584,0.00673189501346716,1,0
2023-08-16,6900.5380859375,-0.005887363573181537,-0.0021059689692092265,0.0007133251253248485,0.004388512098163044,0.0026420024844766576,56.4623506485266,-4.427906771285848,0.0077694456628276684,0.9688491280824169,0.003708907610978973,2,0
2023-08-18,6859.912109375,0.0008922991508353295,-0.005887363573181537,-0.0021059689692092265,0.0007133251253248485,-0.0019289631277763508,49.99541378807752,-7.132455435965589,0.007717016861454878,0.8347298661521658,-0.004820458446679221,4,0
2023-08-21,6866.033203125,0.007342957817995099,0.0008922991508353295,-0.005887363573181537,-0.0021059689692092265,0.004388512098163044,50.90776565596921,-8.34317428403542,0.007480382594820681,1.2947263080085658,-0.0019991961680675407,0,0
2023-08-22,6916.4501953125,0.0007171252300581799,0.007342957817995099,0.0008922991508353295,-0.005887363573181537,0.0007133251253248485,57.74612143958943,-5.70824512388328,0.007584882780383403,0.985844094490245,0.0009552495517645143,1,0
2023-08-23,6921.41015625,-0.00318115324900492,0.0007171252300581799,0.007342957817995099,0.0008922991508353295,-0.0021059689692092265,58.36063155255769,-3.6890169285160113,0.007481629456066169,1.054462667770217,0.0009590496564978457,2,0
2023-08-24,6899.39208984375,-0.0005724009736761682,-0.00318115324900492,0.0007171252300581799,0.007342957817995099,-0.005887363573181537,54.56681224519984,-3.8748161120783067,0.00737585978841897,0.8844006246381004,-0.00011613462329784774,3,0
2023-08-25,6895.44287109375,0.0038118189330065277,-0.0005724009736761682,-0.00318115324900492,0.0007171252300581799,0.0008922991508353295,53.89013337689574,-4.271000703039967,0.007230525992352874,0.8120307289716544,0.005198827976207521,4,0
2023-08-28,6921.72705078125,0.0052166041641550365,0.0038118189330065277,-0.0005724009736761682,-0.00318115324900492,0.007342957817995099,57.654000950644495,-2.8391228085077564,0.007149619940847927,1.1448080619060375,0.008118347758378719,0,0
2023-08-29,6957.8349609375,0.0012677507918441577,0.0052166041641550365,0.0038118189330065277,-0.0005724009736761682,0.0007171252300581799,62.21680443230212,0.29688629484420304,0.007045984547395753,1.4748892395579396,0.005991994104538656,1,0
2023-08-30,6966.65576171875,-0.0019228732625716782,0.0012677507918441577,0.0052166041641550365,0.0038118189330065277,-0.00318115324900492,63.25832692443185,2.594540809600975,0.0070537454004869354,0.972487421550829,0.006542619666324634,2,0
2023-08-31,6953.259765625,0.003508288743841792,-0.0019228732625716782,0.0012677507918441577,0.0052166041641550365,-0.0005724009736761682,60.529423378430515,2.8225465060943904,0.0071595743697185224,1.4018734103578558,0.0078008996527578756,3,1
2023-09-01,6977.65380859375,0.002736763951047605,0.003508288743841792,-0.0019228732625716782,0.0012677507918441577,0.0038118189330065277,63.60813004287362,4.146622837807303,0.007058671762696352,0.8814065093191704,0.011881589370275836,4,0
2023-09-04,6996.75,-0.0007206191714009824,0.002736763951047605,0.003508288743841792,-0.0019228732625716782,0.0052166041641550365,65.85350381579786,5.740737237823954,0.006873263591123304,0.9245342411571895,0.010806534388316913,0,0
2023-09-05,6991.7080078125,0.0006071645415908211,-0.0007206191714009824,0.002736763951047605,0.003508288743841792,0.0012677507918441577,64.71810057642209,5.867013369395217,0.006814496931874873,1.0798623344850853,0.004869311052760894,1,0
2023-09-06,6995.953125,-0.005881260036494362,0.0006071645415908211,-0.0007206191714009824,0.002736763951047605,-0.0019228732625716782,65.26117403391162,5.645966821268146,0.006642221705790419,0.976631169429837,0.004208724802507557,2,0
2023-09-07,6954.80810546875,-0.004317634628752454,-0.005881260036494362,0.0006071645415908211,-0.0007206191714009824,0.003508288743841792,56.22744173833505,2.3092519853786726,0.006987393246919996,1.1377605865901554,0.0002503380285848733,3,0
2023-09-08,6924.77978515625,0.00557610241018347,-0.004317634628752454,-0.005881260036494362,0.0006071645415908211,0.002736763951047605,50.71038222681227,-2.1012087462836213,0.007199062645200889,0.8412539037883655,-0.007575585344009372,4,0
2023-09-11,6963.39306640625,-0.004225501539895871,0.00557610241018347,-0.004317634628752454,-0.005881260036494362,-0.0007206191714009824,56.60659833182145,-2.5681332318210295,0.0072532915234867065,1.0298001322268393,-0.004736246884873507,0,0
2023-09-12,6933.96923828125,0.00021731217513654144,-0.004225501539895871,0.00557610241018347,-0.004317634628752454,0.0006071645415908211,51.5464435766841,-4.874964722296994,0.007260825150206782,1.0223812314044898,-0.008241129253368396,1,0
2023-09-13,6935.47607421875,0.0034398408037816797,0.00021731217513654144,-0.004225501539895871,0.00557610241018347,-0.005881260036494362,51.78414843645034,-6.229052608452438,0.007169024129602233,0.9617543242172892,-0.008630981619822675,2,0
2023-09-14,6959.3330078125,0.0033707264455036245,0.0034398408037816797,0.00021731217513654144,-0.004225501539895871,-0.004317634628752454,55.50590620238151,-5.4744674471940975,0.007057989747320241,1.0024541040991384,0.0006901192204533668,3,0
2023-09-15,6982.791015625,-0.0066890170002201765,0.0033707264455036245,0.0034398408037816797,0.00021731217513654144,0.00557610241018347,58.86792451169337,-3.4507445653617523,0.007215236037098516,1.9039604339696974,0.008378480294709445,4,0
2023-09-18,6936.0830078125,0.006377921503955886,-0.0066890170002201765,0.0033707264455036245,0.0034398408037816797,-0.004225501539895871,50.65976512309962,-5.20760389676877,0.007472303709135102,0.8566023343948541,-0.0038866391156942015,0,0
2023-09-19,6980.32080078125,0.004492680559751605,0.006377921503955886,-0.0066890170002201765,0.0033707264455036245,0.00021731217513654144,56.803127731581625,-3.426143725603378,0.007501670328602871,0.7594312197024793,0.006716783928157555,1,0
2023-09-20,7011.68115234375,-0.0028830934539133546,0.004492680559751605,0.006377921503955886,-0.0066890170002201765,0.0034398408037816797,60.55279970722573,-0.33431987666968865,0.007608600677588005,0.8276690617615647,0.010992152312772618,2,0
2023-09-21,6991.4658203125,0.003629913757858594,-0.0028830934539133546,0.004492680559751605,0.006377921503955886,0.0033707264455036245,57.11130057313296,0.12605837024168665,0.0075686480883334715,0.7802453626158099,0.004669218055077584,3,0
2023-09-22,7016.84423828125,-0.0026312938237278427,0.003629913757858594,-0.0028830934539133546,0.004492680559751605,-0.0066890170002201765,60.17167019000502,1.822363002097866,0.007554048827160008,0.8735745535514856,0.004928405367432553,4,0
2023-09-25,6998.380859375,-0.010656901387067541,-0.0026312938237278427,0.003629913757858594,-0.0028830934539133546,0.006377921503955886,56.985793759383725,1.4023646683129343,0.007393544254273426,1.0276897136005254,0.008986128543924887,0,0
2023-09-26,6923.7998046875,0.0020261013761551094,-0.010656901387067541,-0.0026312938237278427,0.003629913757858594,0.004492680559751605,46.31771909273584,-3.9065695980466977,0.00803018766465394,1.257235283492638,-0.00804869434709854,1,0
2023-09-27,6937.828125,0.0002974943752660497,0.0020261013761551094,-0.010656901387067541,-0.0026312938237278427,-0.0028830934539133546,48.27903652160505,-6.337743918500607,0.008033457813353143,0.8765532205918363,-0.010515273530695035,2,0
2023-09-29,6939.89208984375,0.0031076700115859612,0.0002974943752660497,0.0020261013761551094,-0.010656901387067541,0.003629913757858594,48.576722232039984,-7.586840095849073,0.007876989427727568,0.9554950580810266,-0.007334685701515631,4,0
2023-10-02,6961.458984375,-0.002955095676053454,0.0031076700115859612,0.0002974943752660497,0.0020261013761551094,-0.0026312938237278427,51.70471754951678,-6.7676295546110765,0.007753087386374034,0.9074196576736386,-0.007856929447788263,0,0
2023-10-03,6940.88720703125,-0.007824797253762061,-0.002955095676053454,0.0031076700115859612,0.0002974943752660497,-0.010656901387067541,48.6639542302524,-7.368755600914586,0.007753086082252772,0.9601152443617268,-0.008180731300113875,1,0
2023-10-04,6886.576171875,-0.0017062179676436973,-0.007824797253762061,-0.002955095676053454,0.0031076700115859612,0.0020261013761551094,41.692665672779555,-10.964974811108632,0.008328717489412813,1.1187262936390447,-0.005348627166808395,2,0
2023-10-05,6874.826171875,0.001991598651215787,-0.0017062179676436973,-0.007824797253762061,-0.002955095676053454,0.0002974943752660497,40.3460575261204,-13.508803409450696,0.00837019130651735,0.9575197332917081,-0.009080946510607202,3,0
2023-10-06,6888.51806640625,0.0004263633615295692,0.001991598651215787,-0.0017062179676436973,-0.007824797253762061,0.0031076700115859612,42.66973519314848,-13.605230694275171,0.008152831389920605,0.8227367299065727,-0.007386842234657465,4,0
2023-10-09,6891.455078125,0.004459567654123253,0.0004263633615295692,0.001991598651215787,-0.0017062179676436973,-0.002955095676053454,43.18101311147758,-12.817961795139485,0.00807962426777051,0.8078973850214024,-0.010068148884713857,0,0
2023-10-10,6922.18798828125,0.0013817800704694072,0.004459567654123253,0.0004263633615295692,0.001991598651215787,-0.007824797253762061,48.369732172493066,-9.714995154797649,0.008114677161860961,0.7257311600598695,-0.0026534855545371494,1,0
2023-10-11,6931.7529296875,0.0004902005673337317,0.0013817800704694072,0.004459567654123253,0.0004263633615295692,-0.0017062179676436973,49.90308111576132,-6.652004545776083,0.008051263531685237,1.0442237658953437,0.006553091769694319,2,0
2023-10-12,6935.15087890625,-0.0012070528667892377,0.0004902005673337317,0.0013817800704694072,0.004459567654123253,0.001991598651215787,50.46588909510875,-4.153038938063118,0.008040320359057627,1.2624201323127493,0.008749510304671748,3,0
2023-10-13,6926.77978515625,-0.0044014381739236885,-0.0012070528667892377,0.0004902005673337317,0.0013817800704694072,0.0004263633615295692,49.00525351669717,-2.880200392514154,0.008214327459753397,1.2323196718173814,0.005550858786666724,4,0
2023-10-16,6896.2919921875,0.006282106708442647,-0.0044014381739236885,-0.0012070528667892377,0.0004902005673337317,0.004459567654123253,44.00931567934465,-3.847470351524179,0.00861767296768649,1.9486726421524048,0.0007230572512134659,0,0
2023-10-17,6939.615234375,-0.0016873374475068204,0.006282106708442647,-0.0044014381739236885,-0.0012070528667892377,0.0013817800704694072,51.56559497762933,-1.4488740426606448,0.008526574110939666,1.002420232297526,0.00254559630553286,1,0
2023-10-18,6927.90576171875,-0.011760986178027344,-0.0016873374475068204,0.006282106708442647,-0.0044014381739236885,0.0004902005673337317,49.616558645111844,-0.5751133646126245,0.008549209172342618,1.0470512281529558,-0.0005235212124433675,2,0
2023-10-19,6846.4267578125,0.0004003856368393066,-0.011760986178027344,-0.0016873374475068204,0.006282106708442647,-0.0012070528667892377,38.66509745071013,-5.154111787886329,0.008947119990724717,1.1315023236737258,-0.012774707957804443,3,0
2023-10-20,6849.16796875,-0.01565213498218021,0.0004003856368393066,-0.011760986178027344,-0.0016873374475068204,-0.0044014381739236885,39.15170103108859,-7.524270693701231,0.008995948498143615,1.0500836269248939,-0.011167269454175899,4,0
2023-10-23,6741.9638671875,0.009611196547510081,-0.01565213498218021,0.0004003856368393066,-0.011760986178027344,0.006282106708442647,29.346143598976255,-15.385027792500981,0.009784825421232582,0.9088178922644622,-0.02241796626243242,0,0
2023-10-24,6806.76220703125,0.0040586075614574835,0.009611196547510081,-0.01565213498218021,0.0004003856368393066,-0.0016873374475068204,39.25001491509217,-15.26325201980417,0.009917782692006103,0.7715163661485195,-0.019088876423364987,1,0
2023-10-25,6834.38818359375,-0.017539117972952045,0.0040586075614574835,0.009611196547510081,-0.01565213498218021,-0.011760986178027344,42.92339361904188,-12.482028322241387,0.009922527866534732,0.8547300377288888,-0.013342931414400683,2,0
2023-10-26,6714.51904296875,0.006593759805866073,-0.017539117972952045,0.0040586075614574835,0.009611196547510081,0.0004003856368393066,33.467251143670225,-17.564055265440228,0.010806819729333055,0.9318669510223403,-0.019121063209325384,3,0
2023-10-27,6758.79296875,-0.00338830897944864,0.006593759805866073,-0.017539117972952045,0.0040586075614574835,-0.01565213498218021,38.82768789553329,-16.7929480590667,0.010682061750901863,0.9036612564449736,-0.012927689040298618,4,0
2023-10-30,6735.89208984375,0.0024226705889269784,-0.00338830897944864,0.006593759805866073,-0.017539117972952045,0.009611196547510081,37.159946935671904,-16.6422970528185,0.01082691542506551,0.8741409593396078,-0.0006638630375670473,0,0
2023-10-31,6752.2109375,-0.01626029899928616,0.0024226705889269784,-0.00338830897944864,0.006593759805866073,0.0040586075614574835,39.1651641615948,-14.34759086110148,0.010961299599502254,1.0748914103156137,-0.00785238899615015,1,1
2023-11-01,6642.41796875,0.01640490890988855,-0.01626029899928616,0.0024226705889269784,-0.00338830897944864,-0.017539117972952045,31.810468961830765,-18.844785147833136,0.011789229195750414,1.1325601799758993,-0.028171295556893794,2,0
2023-11-02,6751.38623046875,0.005549062949239625,0.01640490890988855,-0.01626029899928616,0.0024226705889269784,0.006593759805866073,43.20912100257702,-13.35947897805454,0.012278896202489962,1.1952715704673906,0.0057727313259468005,3,0
2023-11-03,6788.85009765625,0.013254945763910175,0.005549062949239625,0.01640490890988855,-0.01626029899928616,-0.00338830897944864,46.519146849113774,-6.437678185509135,0.012158768383525177,1.2226043692447768,0.004728034469320352,4,0
2023-11-06,6878.8359375,-0.005094742592485324,0.013254945763910175,0.005549062949239625,0.01640490890988855,0.0024226705889269784,53.52580491067459,4.3881397365932955,0.012093830241469442,1.1794411252091297,0.021371289212679168,0,0
2023-11-07,6843.7900390625,-0.005798553404582019,-0.005094742592485324,0.013254945763910175,0.005549062949239625,-0.01626029899928616,50.73780972520911,9.104177799567147,0.012123924126654079,0.9779054474823257,0.013853876031266865,1,0
2023-11-08,6804.10595703125,0.005015641046820285,-0.005798553404582019,-0.005094742592485324,0.013254945763910175,0.01640490890988855,47.707550675498666,9.426753400699965,0.012203478002320385,0.7720589772507898,0.024315621625971007,2,0
2023-11-09,6838.23291015625,-0.004236434608636097,0.005015641046820285,-0.005798553404582019,-0.005094742592485324,0.005549062949239625,50.448318807297795,11.667644250018611,0.012020146236581914,0.6302084895566936,0.012926353762902743,3,0
2023-11-10,6809.26318359375,0.004266075101193145,-0.004236434608636097,0.005015641046820285,-0.005798553404582019,0.013254945763910175,48.141646941028014,10.940151118065302,0.011650026594359134,0.714295107584892,0.0031408562050270206,4,0
2023-11-13,6838.31201171875,0.0034720796626144246,0.004266075101193145,-0.004236434608636097,0.005015641046820285,-0.005094742592485324,50.58168156279788,12.067942606778821,0.011271631959130706,1.046072494815011,-0.0058480144576900095,0,0
2023-11-14,6862.05517578125,0.014011822971505605,0.0034720796626144246,0.004266075101193145,-0.004236434608636097,-0.005798553404582019,52.547011618805975,13.933369491699509,0.011022176962921614,0.8566202500478449,0.002718807797409739,1,0
2023-11-15,6958.205078125,-2.8350073443483836e-05,0.014011822971505605,0.0034720796626144246,0.004266075101193145,0.005015641046820285,59.560694948434445,20.752415107074185,0.011361590446128205,1.022304548478166,0.022529184173497363,2,0
2023-11-16,6958.0078125,0.002825543859649171,-2.8350073443483836e-05,0.014011822971505605,0.0034720796626144246,-0.004236434608636097,59.54125085099933,24.122877209034336,0.011141389981043977,0.7073501985402476,0.017485193053233594,3,0
2023-11-17,6977.66796875,0.002467904021927092,0.002825543859649171,-2.8350073443483836e-05,0.014011822971505605,0.004266075101193145,60.91088356815571,26.36742213893006,0.010910547678717264,0.7224086325124464,0.024547171521518862,4,0
2023-11-20,6994.88818359375,-0.0047317617755321395,0.002467904021927092,0.002825543859649171,-2.8350073443483836e-05,0.0034720796626144246,62.12045820255455,27.572793194823266,0.010599581600525163,0.8891182143040294,0.02274900044225281,0,0
2023-11-21,6961.7900390625,-0.007876841122011813,-0.0047317617755321395,0.002467904021927092,0.002825543859649171,0.014011822971505605,58.38108553786604,24.789598540558032,0.010546083173062493,0.9435972688441984,0.014545159004106245,1,0
2023-11-22,6906.953125,0.014100445090432068,-0.007876841122011813,-0.0047317617755321395,0.002467904021927092,-2.8350073443483836e-05,52.71889547254997,18.20852983806509,0.010614141767307487,1.0599714168638172,-0.007343505089411173,2,0
2023-11-23,7004.34423828125,0.0007547631746676053,0.014100445090432068,-0.007876841122011813,-0.0047317617755321395,0.002825543859649171,60.1171528837694,19.26535390521517,0.010859253253076916,1.2579175005820051,0.0067852900744643785,3,0
2023-11-24,7009.630859375,0.0005385308327188199,0.0007547631746676053,0.014100445090432068,-0.007876841122011813,0.002467904021927092,60.47866014221209,19.132257568839012,0.010579823183918747,1.0347464463868141,0.004714509389482813,4,0
2023-11-27,7013.40576171875,0.003944942216200786,0.0005385308327188199,0.0007547631746676053,0.014100445090432068,-0.0047317617755321395,60.752223637462066,18.1202386619726,0.010358760582537938,0.9322159193707724,0.0027851362002745406,0,0
2023-11-28,7041.0732421875,-0.0007081772839861999,0.003944942216200786,0.0005385308327188199,0.0007547631746676053,-0.007876841122011813,62.78545931561822,18.093848648123167,0.010152372288293672,0.963657836210084,0.011461840192007466,1,0
2023-11-29,7036.0869140625,0.00634646749257084,-0.0007081772839861999,0.003944942216200786,0.0005385308327188199,0.014100445090432068,62.16045534278,16.561485817465638,0.009943285259571843,0.9741353356269329,0.01863050403003308,2,0
2023-11-30,7080.7412109375,-0.002942552000991916,0.00634646749257084,-0.0007081772839861999,0.003944942216200786,0.0007547631746676053,65.47500417587082,17.295739134193553,0.00991649233807229,1.4933698547881789,0.010876526432171851,3,1
2023-12-01,7059.90576171875,0.004772632535720467,-0.002942552000991916,0.00634646749257084,-0.0007081772839861999,0.0005385308327188199,62.71460732089527,15.193349680520782,0.009853433102596596,1.5143513616646187,0.00717921125651233,4,0
2023-12-04,7093.60009765625,0.0010227363697732361,0.004772632535720467,-0.002942552000991916,0.00634646749257084,0.003944942216200786,65.26497240400616,14.868553002389945,0.01000574344645715,1.716793816124937,0.011413312959513977,0,0
2023-12-05,7100.85498046875,-0.001895540885502145,0.0010227363697732361,0.004772632535720467,-0.002942552000991916,-0.0007081772839861999,65.80729201992784,13.9537508458965,0.009985155175464984,1.718614811852853,0.008491107113086427,1,0
2023-12-06,7087.39501953125,0.006663665170856259,-0.001895540885502145,0.0010227363697732361,0.004772632535720467,0.00634646749257084,63.81653184234769,11.363323771349236,0.009837243417098534,1.4209172126780514,0.007303743511570482,2,0
2023-12-07,7134.623046875,0.003500549011792531,0.006663665170856259,-0.001895540885502145,0.0010227363697732361,-0.002942552000991916,67.5283751575823,11.70550824860468,0.010011339284159471,1.1894824838694964,0.007620941189855901,3,0
2023-12-08,7159.59814453125,-0.009890637274850289,0.003500549011792531,0.006663665170856259,-0.001895540885502145,0.004772632535720467,69.3207009296799,12.421049749837927,0.010047895470156202,1.319962089123993,0.014064042202640348,4,0
2023-12-11,7088.78515625,0.005152077803352473,-0.009890637274850289,0.003500549011792531,0.006663665170856259,0.0010227363697732361,59.32248180244226,7.191812381706384,0.010576373089649954,2.230755084083873,-0.0005992276079304082,0,0
2023-12-12,7125.30712890625,-0.007012512961166895,0.005152077803352473,-0.009890637274850289,0.003500549011792531,-0.001895540885502145,62.33946041872404,5.344102909322515,0.010285246945579593,1.134688951348822,0.0035301138256488285,1,0
2023-12-13,7075.3408203125,0.014229037939730516,-0.007012512961166895,0.005152077803352473,-0.009890637274850289,0.006663665170856259,56.198322404601974,0.1810692461386907,0.010419248930032557,0.8127473708495372,-0.0015868582500159212,2,0
2023-12-14,7176.01611328125,0.002086349786727837,0.014229037939730516,-0.007012512961166895,0.005152077803352473,0.003500549011792531,63.912255644717796,2.8238917568284663,0.010692113910614713,0.9934176305764099,0.0059785145188583355,3,0
2023-12-15,7190.98779296875,-0.009937840625299788,0.002086349786727837,0.014229037939730516,-0.007012512961166895,-0.009890637274850289,64.90217018595959,4.74489196879999,0.010369676086157973,0.8869049369881996,0.0045643152937936415,4,0
2023-12-18,7119.52490234375,0.009596327002102223,-0.009937840625299788,0.002086349786727837,0.014229037939730516,0.005152077803352473,56.88161194225615,0.58589902352508,0.010737584885795624,1.002590371841485,0.004517111943344143,0,0
2023-12-19,7187.84619140625,0.004427028616624362,0.009596327002102223,-0.009937840625299788,0.002086349786727837,-0.007012512961166895,61.748526317383615,1.7534698428669273,0.010621429867875584,0.6514859683862302,0.008961361142093893,1,0
2023-12-20,7219.6669921875,-0.0013917333823530997,0.004427028616624362,0.009596327002102223,-0.009937840625299788,0.014229037939730516,63.79809443247988,3.865049242736667,0.01031515012034632,0.6014361921122272,0.02040090271988515,2,0
2023-12-21,7209.619140625,0.003869816393842429,-0.0013917333823530997,0.004427028616624362,0.009596327002102223,0.002086349786727837,62.656460595573826,3.776853642219635,0.010149293885009536,0.6198208370581476,0.004780131397801535,3,0
2023-12-22,7237.51904296875,0.0011602004231556773,0.003869816393842429,-0.0013917333823530997,0.004427028616624362,-0.009937840625299788,64.55321098321483,4.72763383529427,0.009772209924446823,0.4851271461697012,0.006563598004916127,4,0
2023-12-27,7245.916015625,0.008000667940911699,0.0011602004231556773,0.003869816393842429,-0.0013917333823530997,0.009596327002102223,65.12730751467595,5.024375814607112,0.009615772109543076,0.5493217303425685,0.01766163905337159,2,0
2023-12-28,7303.88818359375,-0.004256816070047242,0.008000667940911699,0.0011602004231556773,0.003869816393842429,0.004427028616624362,68.8752689712869,8.0479451868014,0.009467218407424031,0.5462490750335944,0.016065979992181068,3,0
2023-12-29,7272.796875,0.006983697812267042,-0.004256816070047242,0.008000667940911699,0.0011602004231556773,-0.0013917333823530997,64.8497481913002,6.9199707380146975,0.009320619941825172,0.5522979446280202,0.007382135305509463,4,0
2024-01-02,7323.587890625,-0.00607585666712096,0.006983697812267042,-0.004256816070047242,0.008000667940911699,0.003869816393842429,68.12703062110972,8.458785962024422,0.009355803170326561,0.5615887094195482,0.015757566500129605,1,0
2024-01-03,7279.0908203125,0.011082752677866292,-0.00607585666712096,0.006983697812267042,-0.004256816070047242,0.0011602004231556773,62.618715378257455,5.488083733395797,0.009208847042872283,0.7567240768223552,0.005811893439166216,2,0
2024-01-04,7359.76318359375,-0.0012424371193265893,0.011082752677866292,-0.00607585666712096,0.006983697812267042,0.008000667940911699,67.71524818527513,7.822144829381429,0.009351625478514402,0.7663445761130919,0.01573444569387683,3,0
2024-01-05,7350.619140625,-0.009120856900606489,-0.0012424371193265893,0.011082752677866292,-0.00607585666712096,-0.004256816070047242,66.60674492642613,7.609071997690478,0.009209075764236324,0.834848290367126,0.006491340633638543,4,0
2024-01-08,7283.5751953125,-0.011446586062042186,-0.009120856900606489,-0.0012424371193265893,0.011082752677866292,0.006983697812267042,58.982766998374075,2.0982954791510053,0.009786817033824828,0.745105565374571,0.0016272998030792962,0,0
2024-01-09,7200.203125,0.0037629146747162334,-0.011446586062042186,-0.009120856900606489,-0.0012424371193265893,-0.00607585666712096,51.14312254514181,-7.490900297363012,0.010497324767024927,0.826635384302013,-0.01680298407122993,1,0
2024-01-10,7227.296875,-0.0010146266217271327,0.0037629146747162334,-0.011446586062042186,-0.009120856900606489,0.011082752677866292,53.31474429558517,-12.06694490358737,0.01076573679188613,0.8544941449815167,-0.006964212729392738,2,0
2024-01-11,7219.9638671875,0.002932745481245558,-0.0010146266217271327,0.0037629146747162334,-0.011446586062042186,-0.0012424371193265893,52.632856172808246,-15.430491905422002,0.010576135197487789,1.1637011940122655,-0.019061592028986163,3,0
2024-01-12,7241.13818359375,-0.002366645490908814,0.002932745481245558,-0.0010146266217271327,0.0037629146747162334,-0.009120856900606489,54.44468346788117,-16.003306161319728,0.010444139109368401,0.9597661143754104,-0.014886409428414016,4,0
2024-01-15,7224.0009765625,0.00260051637222225,-0.002366645490908814,0.002932745481245558,-0.0010146266217271327,-0.011446586062042186,52.68810518729316,-17.20539247891527,0.010462257425830415,0.8518338347546303,-0.008132198018716341,0,0
2024-01-16,7242.787109375,-0.0058199064964146174,0.00260051637222225,-0.002366645490908814,0.002932745481245558,0.0037629146747162334,54.42402641669785,-16.407120787527006,0.010263226124568077,0.8619213227185236,0.0059149044155480945,1,0
2024-01-17,7200.634765625,0.007267696939695867,-0.0058199064964146174,0.00260051637222225,-0.002366645490908814,-0.0010146266217271327,49.99174814649524,-18.24846623435971,0.010478430094153304,1.3397539441160706,-0.0036679167555827563,2,0
2024-01-18,7252.966796875,-0.0035247564372230533,0.007267696939695867,-0.0058199064964146174,0.00260051637222225,0.002932745481245558,54.90220812934586,-15.576382168939176,0.010464374943383032,1.0821833612478995,0.004614406805840243,3,0
2024-01-19,7227.40185546875,0.0028400755344699657,-0.0035247564372230533,0.007267696939695867,-0.0058199064964146174,-0.002366645490908814,52.20535409082871,-15.151144074667087,0.010810491813820476,0.9411511917269171,-0.001843095112628368,4,0
2024-01-22,7247.92822265625,0.0011452626178130032,0.0028400755344699657,-0.0035247564372230533,0.007267696939695867,0.00260051637222225,54.15265813788456,-13.180505031185689,0.010531975578495115,0.9712393371867288,0.003363625912750412,0,0
2024-01-23,7256.22900390625,-0.0039146727182202135,0.0011452626178130032,0.0028400755344699657,-0.0035247564372230533,-0.0058199064964146174,54.95198016744531,-11.094710063341871,0.010304003648297646,0.9124635932839176,0.001908372158341165,1,0
2024-01-24,7227.8232421875,-0.0068874470683560896,-0.0039146727182202135,0.0011452626178130032,0.0028400755344699657,0.007267696939695867,51.6344180604856,-11.3633171425003,0.010610257176166206,0.8816067992352112,0.003813605936535569,2,0
2024-01-25,7178.0419921875,-0.005705469765581506,-0.0068874470683560896,-0.0039146727182202135,0.0011452626178130032,-0.0035247564372230533,46.35292295283677,-14.431771412171972,0.010692989856249861,0.8901390901421484,-0.010341538071516387,3,0
2024-01-26,7137.087890625,0.0028144411796982016,-0.005705469765581506,-0.0068874470683560896,-0.0039146727182202135,0.0028400755344699657,42.50136235389869,-18.498041297858688,0.010776399052450834,0.9516133274038893,-0.01252225139987484,4,0
2024-01-29,7157.1748046875,0.004895928432829377,0.0028144411796982016,-0.005705469765581506,-0.0068874470683560896,0.0011452626178130032,44.91884385400536,-19.038906302030433,0.010603925101031206,1.0750839311886233,-0.012547885754646604,0,0
2024-01-30,7192.2158203125,0.002186405142604153,0.004895928432829377,0.0028144411796982016,-0.005705469765581506,-0.0039146727182202135,48.951031396950356,-16.34403344280816,0.010588819856282529,1.196498817372182,-0.00879721993963023,1,0
2024-01-31,7207.94091796875,-0.0008664218059739603,0.002186405142604153,0.004895928432829377,0.0028144411796982016,-0.0068874470683560896,50.69535424046186,-12.957777866800742,0.010359053675708916,1.1144495867703683,-0.002696142078805863,2,1
2024-02-01,7201.69580078125,0.005150086381700003,-0.0008664218059739603,0.002186405142604153,0.004895928432829377,-0.005705469765581506,49.965158839874626,-10.68824449909073,0.010191168843608963,1.029685746172541,0.003324883183576266,3,0
2024-02-02,7238.78515625,-0.005549262895351625,0.005150086381700003,-0.0008664218059739603,0.002186405142604153,0.0028144411796982016,54.18567529627047,-6.447758187483217,0.009991280828197896,0.7602209558398418,0.014180439330857775,4,0
2024-02-05,7198.615234375,0.006778104838414345,-0.005549262895351625,0.005150086381700003,-0.0008664218059739603,0.004895928432829377,49.3321275894785,-6.110020897033758,0.01000330813130362,0.9138454210239434,0.005816735255807948,0,0
2024-02-06,7247.408203125,-0.0016911352738439023,0.006778104838414345,-0.005549262895351625,0.005150086381700003,0.002186405142604153,54.64622151798181,-2.544826011372761,0.009911387190160525,0.9229345939568043,0.007698911661392915,1,0
2024-02-07,7235.15185546875,0.008640743289513031,-0.0016911352738439023,0.006778104838414345,-0.005549262895351625,-0.0008664218059739603,53.138590376933486,-1.0338412158570787,0.009808195810891622,0.9277076757329216,0.00382137124494486,2,0
2024-02-12,7297.6689453125,-0.012048742555179737,0.008640743289513031,-0.0016911352738439023,0.006778104838414345,0.005150086381700003,59.30581395396257,3.884618602175806,0.009724588325603807,1.2053816464809215,0.013328536340431851,0,0
2024-02-13,7209.7412109375,0.01297405108512728,-0.012048742555179737,0.008640743289513031,-0.0016911352738439023,-0.005549262895351625,49.44886542453803,1.0710929128568747,0.010168083243668682,0.872559518076747,-0.0038702925964478885,1,0
2024-02-15,7303.28076171875,0.00441776253836057,0.01297405108512728,-0.012048742555179737,0.008640743289513031,0.006778104838414345,57.53483517695551,5.1371751273448165,0.010846017490788059,1.2327790986574088,0.014653021384031018,3,0
2024-02-16,7335.544921875,-0.0052951449212271795,0.00441776253836057,0.01297405108512728,-0.012048742555179737,-0.0016911352738439023,59.91647912458808,9.379950606759142,0.010682220374961585,0.9735638827704561,0.012292679083977243,4,0
2024-02-19,7296.7021484375,0.007660847961735717,-0.0052951449212271795,0.00441776253836057,0.01297405108512728,0.008640743289513031,55.85503136242229,8.95180351203469,0.010581077045374037,1.0228553434550731,0.008688669436593965,0,0
2024-02-20,7352.60107421875,-0.0004869131466350707,0.007660847961735717,-0.0052951449212271795,0.00441776253836057,-0.012048742555179737,60.051753550508856,11.644247756120002,0.010308269821161035,0.8877192451627064,0.007708774108816652,1,0
2024-02-21,7349.02099609375,-0.0012770089553408859,-0.0004869131466350707,0.007660847961735717,-0.0052951449212271795,0.01297405108512728,59.66056145586312,12.329125147620317,0.01039512278978824,1.0366811060388792,0.019270603517361318,2,0
2024-02-22,7339.63623046875,-0.006068559016603414,-0.0012770089553408859,-0.0004869131466350707,0.007660847961735717,0.00441776253836057,58.5832203563592,11.321253958805777,0.010095478576720296,1.0454093774406041,0.005019543476893151,3,0
2024-02-23,7295.09521484375,-0.00154514400762229,-0.006068559016603414,-0.0012770089553408859,-0.0004869131466350707,-0.0052951449212271795,53.63305407096553,7.0358418555690285,0.010196211459448669,0.984950761553185,-0.005466778078070833,4,0
2024-02-26,7283.8232421875,0.00020506433147615688,-0.00154514400762229,-0.006068559016603414,-0.0012770089553408859,0.007660847961735717,52.42575264130463,3.0278954803734166,0.009902847242395681,0.984453270825049,-0.0017167771644659435,0,0
2024-02-27,7285.31689453125,0.0059461155313667025,0.00020506433147615688,-0.00154514400762229,-0.006068559016603414,-0.0004869131466350707,52.57808653468992,0.21173359830570604,0.009564294072902785,1.2089409061260354,-0.009172560794725504,1,0
2024-02-28,7328.63623046875,-0.0017091025166354745,0.0059461155313667025,0.00020506433147615688,-0.00154514400762229,-0.0012770089553408859,56.88954468218601,0.9589218380038638,0.009251845545775418,1.4117887579120865,-0.0027395321167237308,2,0
2024-02-29,7316.11083984375,-0.0005745693816388009,-0.0017091025166354745,0.0059461155313667025,0.00020506433147615688,-0.006068559016603414,55.32334299358961,0.3343144956711157,0.009080013480793191,1.441735003625318,-0.0031716256780183194,3,1
2024-03-01,7311.9072265625,-0.004808349181083416,-0.0005745693816388009,-0.0017091025166354745,0.0059461155313667025,-0.00154514400762229,54.77828859388121,-0.5870503738511914,0.009036306436531003,0.8564376520966173,0.002322363956946294,4,0
2024-03-04,7276.7490234375,-0.004025020294868398,-0.004808349181083416,-0.0005745693816388009,-0.0017091025166354745,0.00020506433147615688,50.31346541285396,-3.620229245038086,0.009104814008778297,1.0699403436547228,-0.0009408412165148317,0,0
2024-03-05,7247.4599609375,0.011361334972018078,-0.004025020294868398,-0.004808349181083416,-0.0005745693816388009,0.0059461155313667025,46.88504828988631,-7.435241893261342,0.00915003048329662,0.974265905408062,-0.005170925842859386,1,0
2024-03-06,7329.80078125,0.006025141372255405,0.011361334972018078,-0.004025020294868398,-0.004808349181083416,-0.0017091025166354745,55.96878427398972,-4.39939878566226,0.009215893898379691,1.1257723078879007,0.0002442935977919891,2,0
2024-03-07,7373.9638671875,0.0010772170189694563,0.006025141372255405,0.011361334972018078,-0.004025020294868398,-0.0005745693816388009,59.92724068209028,0.34489737643724183,0.00905920886826905,1.1863784592619768,0.007978537486682868,3,0
2024-03-08,7381.9072265625,0.005323800947550028,0.0010772170189694563,0.006025141372255405,0.011361334972018078,-0.004808349181083416,60.61311774121663,3.5990705462479546,0.00881401005674394,0.7716548900499973,0.009630323887291126,4,0
2024-03-13,7421.20703125,0.0016315284165049349,0.005323800947550028,0.0010772170189694563,0.006025141372255405,-0.004025020294868398,63.90479610192993,7.7415664338213865,0.008715790913114517,0.833886942187819,0.01976247401592457,2,0
2024-03-14,7433.31494140625,-0.014160672999493085,0.0016315284165049349,0.005323800947550028,0.0010772170189694563,0.011361334972018078,64.87866453758689,10.470721532019517,0.008789216949769753,0.809103986947249,0.025419022727297902,3,0
2024-03-15,7328.05419921875,-0.0034941035877545934,-0.014160672999493085,0.0016315284165049349,0.005323800947550028,0.006025141372255405,51.79521286999543,4.656897094049775,0.009499783673308854,1.404187549018008,-0.00010298524421326061,4,0
2024-03-18,7302.44921875,0.004696626292441497,-0.0034941035877545934,-0.014160672999493085,0.0016315284165049349,0.0010772170189694563,49.196278068956936,-1.1339005162095468,0.009415666283921235,0.9506643498390167,-0.009622230204223259,0,0
2024-03-19,7336.74609375,-0.0007657569160375299,0.004696626292441497,-0.0034941035877545934,-0.014160672999493085,0.005323800947550028,52.6252761260229,-2.781321314394596,0.009277439869284766,0.8443748325065876,-0.006002820930751218,1,0
2024-03-20,7331.1279296875,0.0009855369767852729,-0.0007657569160375299,0.004696626292441497,-0.0034941035877545934,0.0016315284165049349,52.00604879310317,-4.286338627125289,0.009090110997555413,1.03571388254189,-0.012092378794338776,2,0
2024-03-21,7338.35302734375,0.00160783054195357,0.0009855369767852729,-0.0007657569160375299,0.004696626292441497,-0.014160672999493085,52.77563250569461,-4.793808308072531,0.009068531787553074,0.8504734383785446,-0.012738370234058438,3,0
2024-03-22,7350.15185546875,0.0037561006492279336,0.00160783054195357,0.0009855369767852729,-0.0007657569160375299,-0.0034941035877545934,54.070835222063145,-4.346621207628736,0.008715475524524728,0.7594507149317046,0.0030301333073882164,4,0
2024-03-25,7377.759765625,-0.0016394818358490548,0.0037561006492279336,0.00160783054195357,0.0009855369767852729,0.004696626292441497,57.03987793207794,-2.3057105068317902,0.008651595050207931,0.7701483120752403,0.010280337544370743,0,0
2024-03-26,7365.6640625,-0.007544773309433039,-0.0016394818358490548,0.0037561006492279336,0.00160783054195357,-0.0007657569160375299,55.35161357268318,-1.9014093043579834,0.008505468843619463,0.8597477104600356,0.003944229416080192,1,0
2024-03-27,7310.091796875,-0.0029108811742756258,-0.007544773309433039,-0.0016394818358490548,0.0037561006492279336,0.0009855369767852729,48.28110386336957,-5.314336319301276,0.008765099929728265,0.7832892393275203,-0.002834786977315318,2,0
2024-03-28,7288.81298828125,-0.011490479075214832,-0.0029108811742756258,-0.007544773309433039,-0.0016394818358490548,0.00160783054195357,45.865210731843874,-8.740275995785531,0.008829754057726472,0.7906052414117216,-0.006731205128376216,3,0
2024-04-01,7205.06103515625,0.004430615008913286,-0.011490479075214832,-0.0029108811742756258,-0.007544773309433039,0.0037561006492279336,37.839580288838086,-15.96174761584745,0.009856153259291725,0.8172683644103478,-0.01982951474554462,0,0
2024-04-02,7236.98388671875,-0.009691834268999777,0.004430615008913286,-0.011490479075214832,-0.0029108811742756258,-0.0016394818358490548,42.005169735946765,-17.76514780196239,0.009931419666093688,0.8686034257436449,-0.019155000385859267,1,0
2024-04-03,7166.84423828125,0.012216630442773102,-0.009691834268999777,0.004430615008913286,-0.011490479075214832,-0.007544773309433039,36.25618426285835,-22.55096850906331,0.010092103421195339,0.761322977476481,-0.02720735281900999,2,0
2024-04-04,7254.39892578125,0.00447768457298503,0.012216630442773102,-0.009691834268999777,0.004430615008913286,-0.0029108811742756258,46.16176191573907,-18.840149654337086,0.010130196410599349,0.7621077434727209,-0.0074459490668038475,3,0
2024-04-05,7286.8818359375,-0.016752667297169732,0.00447768457298503,0.012216630442773102,-0.009691834268999777,-0.011490479075214832,49.30902198941135,-13.469940646054319,0.00994875155946186,0.6777744273166953,-5.7383319543191647e-05,4,0
2024-04-16,7164.80712890625,-0.0047407149952038985,-0.016752667297169732,0.00447768457298503,0.012216630442773102,0.004430615008913286,39.87498157917496,-17.17397860202639,0.011591863178349962,1.2566974405528646,-0.0053195715414980915,1,0
2024-04-17,7130.8408203125,0.00504472690356228,-0.0047407149952038985,-0.016752667297169732,0.00447768457298503,-0.009691834268999777,37.71291629081488,-20.709391845360535,0.011852221158855333,1.0456357903742863,-0.014490901545615276,2,0
2024-04-18,7166.81396484375,-0.011092386477794314,0.00504472690356228,-0.0047407149952038985,-0.016752667297169732,0.012216630442773102,41.34053113351744,-19.443208781190613,0.011445912858254607,0.9410353967132504,0.00024565962694678145,3,0
2024-04-19,7087.31689453125,-0.0019043977450641236,-0.011092386477794314,0.00504472690356228,-0.0047407149952038985,0.00447768457298503,36.30803629378477,-22.558577928430537,0.012063878065940377,1.0899618014840222,-0.023063357293620634,4,0
2024-04-22,7073.81982421875,0.005229588112471539,-0.0019043977450641236,-0.011092386477794314,0.00504472690356228,-0.016752667297169732,35.51749834095469,-23.993524944212844,0.012137852306759801,0.8819211065233792,-0.029445439611669788,0,0
2024-04-23,7110.81298828125,0.008961030890386468,0.005229588112471539,-0.0019043977450641236,-0.011092386477794314,-0.0047407149952038985,39.411337269143345,-21.023138729321012,0.01213772223531817,1.281187627015383,-0.007463184202028517,1,0
2024-04-24,7174.533203125,-0.0026816041222194054,0.008961030890386468,0.005229588112471539,-0.0019043977450641236,0.00504472690356228,45.5145319941399,-13.693713617342596,0.011970731190419748,1.1421469814371832,0.00623856168356185,2,0
2024-04-25,7155.2939453125,-0.0166616145907047,-0.0026816041222194054,0.008961030890386468,0.005229588112471539,-0.011092386477794314,44.071038244898126,-9.279416942137125,0.011594414355396264,1.0398221133947492,-0.0014877693422198357,3,0
2024-04-26,7036.0751953125,0.017013602193272748,-0.0166616145907047,-0.0026816041222194054,0.008961030890386468,-0.0019043977450641236,36.37292952567857,-13.282978974509298,0.012158944882813934,1.0313842996128446,-0.007056997455130221,4,0
2024-04-29,7155.7841796875,0.010957932168892626,0.017013602193272748,-0.0166616145907047,-0.0026816041222194054,0.005229588112471539,46.48173128426612,-7.074734001445975,0.012442065021134721,0.977969642442173,0.01186100248320665,0,0
2024-04-30,7234.19677734375,-0.01614166385713467,0.010957932168892626,0.017013602193272748,-0.0166616145907047,0.008961030890386468,51.875225731467,2.589313132280168,0.012524931831697509,1.1634288366577366,0.017589346539627737,1,1
2024-05-02,7117.4248046875,0.0024305583663990493,-0.01614166385713467,0.010957932168892626,0.017013602193272748,-0.0026816041222194054,44.65750471081051,1.4506599314744761,0.013444111483179397,1.0736893838945303,-0.0075133482078934,3,0
2024-05-03,7134.72412109375,0.00016342827069548704,0.0024305583663990493,-0.01614166385713467,0.010957932168892626,-0.0166616145907047,45.85932292952756,2.15358363195768,0.013159210610074275,1.167070091438884,-0.0024011857192749453,4,0
2024-05-06,7135.89013671875,-0.0017206431261210797,0.00016342827069548704,0.0024305583663990493,-0.01614166385713467,0.017013602193272748,45.9445308172219,2.9394256167423265,0.012978833474300313,1.1897640524734228,0.01442385714212524,0,0
2024-05-07,7123.61181640625,-0.004887533940446276,-0.0017206431261210797,0.00016342827069548704,0.0024305583663990493,0.010957932168892626,45.13891769710908,2.8713583836701844,0.012589853374077637,1.0614525459140622,-0.004310388177268587,1,0
2024-05-08,7088.794921875,0.00147645808760144,-0.004887533940446276,-0.0017206431261210797,0.00016342827069548704,-0.01614166385713467,42.84474539416313,0.8267420336563873,0.012684715525499124,1.048213773178431,-0.02015585428660749,2,0
2024-05-13,7099.26123046875,-0.002183050654409713,0.00147645808760144,-0.004887533940446276,-0.0017206431261210797,0.0024305583663990493,43.769936924290434,0.5384290781886207,0.012358636561736292,0.9517465782436872,-0.0025377323418713793,0,0
2024-05-14,7083.76318359375,0.013561699989667497,-0.002183050654409713,0.00147645808760144,-0.004887533940446276,0.00016342827069548704,42.66852139399551,-0.29216479061571476,0.012157799812239122,0.9630960346895915,-0.007151341362680141,1,0
2024-05-15,7179.8310546875,0.009312857863152058,0.013561699989667497,-0.002183050654409713,0.00147645808760144,-0.0017206431261210797,50.914047609974745,5.7014334220157465,0.012232933350258351,0.9693033795800775,0.006246930356291869,2,0
2024-05-16,7246.69580078125,0.009734366410122375,0.009312857863152058,0.013561699989667497,-0.002183050654409713,-0.004887533940446276,55.69070200754589,13.781438768738752,0.012150571269149984,1.050510658113215,0.017280431345565006,3,0
2024-05-17,7317.23779296875,-0.0069079174997662696,0.009734366410122375,0.009312857863152058,0.013561699989667497,0.00147645808760144,60.10187682246211,22.948859023169078,0.01226251624513277,1.2299777614071472,0.03190233169613366,4,0
2024-05-20,7266.69091796875,-0.011099110930163913,-0.0069079174997662696,0.009734366410122375,0.009312857863152058,-0.002183050654409713,55.8140777431499,24.53736484681764,0.012758758693768501,1.0659285037831534,0.023517956108765947,0,0
2024-05-21,7186.037109375,0.005057687012927303,-0.011099110930163913,-0.0069079174997662696,0.009734366410122375,0.013561699989667497,49.71894023058935,19.315002048516227,0.01312872201888543,0.9124152820781438,0.014601895833011747,1,0
2024-05-22,7222.3818359375,-0.006363816689087254,0.005057687012927303,-0.011099110930163913,-0.0069079174997662696,0.009312857863152058,52.24951266228179,17.52003402092876,0.01266192890039651,0.9179208637905706,0.006097882856271553,2,0
2024-05-27,7176.419921875,0.010758296689434621,-0.006363816689087254,0.005057687012927303,-0.011099110930163913,0.009734366410122375,48.89795691684548,12.674836603165229,0.012675828466478842,1.2614639392186244,-0.009578791695967759,0,0
2024-05-28,7253.6259765625,-0.015633143068398025,0.010758296689434621,-0.006363816689087254,0.005057687012927303,-0.0069079174997662696,54.21121881951298,14.00321125766861,0.012942188918768967,1.1021855004836174,-0.008554861416655513,1,0
2024-05-29,7140.22900390625,-0.01485763467872847,-0.015633143068398025,0.010758296689434621,-0.006363816689087254,-0.011099110930163913,46.55485258207299,6.935669618010742,0.013757085636334675,0.9607639576064222,-0.01728008698528727,2,0
2024-05-30,7034.14208984375,-0.009014070115465733,-0.01485763467872847,-0.015633143068398025,0.010758296689434621,0.005057687012927303,40.755672079148816,-4.573074419766243,0.014543591467506573,1.16604387995248,-0.021038610733851826,3,0
2024-05-31,6970.73583984375,0.009389981148169246,-0.009014070115465733,-0.01485763467872847,-0.015633143068398025,-0.006363816689087254,37.730505910348995,-15.527967468243126,0.015092833164747669,1.6961897798195413,-0.03511036786224486,4,1
2024-06-03,7036.19091796875,0.008970918283186968,0.009389981148169246,-0.009014070115465733,-0.01485763467872847,0.010758296689434621,42.477259671054966,-17.30242355457578,0.015078887408597473,0.8884069945598585,-0.019356570024988362,0,0
2024-06-04,7099.31201171875,-0.021360110612610894,0.008970918283186968,0.009389981148169246,-0.009014070115465733,-0.015633143068398025,46.69702832044366,-13.339253394457348,0.015014282359318046,1.0054789672524573,-0.021143948431236015,1,0
2024-06-05,6947.669921875,0.003918875117472798,-0.021360110612610894,0.008970918283186968,0.009389981148169246,-0.01485763467872847,39.24804457178551,-19.662887982235645,0.016131721076017836,0.8604039445741085,-0.026870915975448884,2,0
2024-06-06,6974.89697265625,-0.011031958987409385,0.003918875117472798,-0.021360110612610894,0.008970918283186968,-0.009014070115465733,41.06582131199135,-20.642770740202877,0.015873666863489965,0.8232913692417392,-0.008094406179247615,3,0
2024-06-07,6897.9501953125,0.003420966458417718,-0.011031958987409385,0.003918875117472798,-0.021360110612610894,0.009389981148169246,37.638266479361825,-24.823007595329003,0.01600503111438826,0.7083492903111938,-0.010112295051191267,4,0
2024-06-10,6921.5478515625,-0.00951476967379239,0.003420966458417718,-0.011031958987409385,0.003918875117472798,0.008970918283186968,39.31118831648293,-24.31694195662145,0.01566475693697293,1.4354513741186368,-0.016081309740942795,0,0
2024-06-11,6855.69091796875,-0.0008159279738441105,-0.00951476967379239,0.003420966458417718,-0.011031958987409385,-0.021360110612610894,36.37816461034112,-26.553481212624575,0.015485442837286695,0.9427560499827587,-0.03456699769792215,1,0
2024-06-12,6850.09716796875,-0.0027055387201895265,-0.0008159279738441105,-0.00951476967379239,0.003420966458417718,0.003918875117472798,36.13157626854385,-26.48541265397236,0.014857793708262793,1.0268816204374487,-0.014022815059155369,2,0
2024-06-13,6831.56396484375,-0.01415955908362232,-0.0027055387201895265,-0.0008159279738441105,-0.00951476967379239,-0.011031958987409385,35.27833480823767,-25.741828887717716,0.014514498668798956,0.9550983627458907,-0.020647228896817693,3,0
2024-06-14,6734.83203125,-0.001174949263884062,-0.01415955908362232,-0.0027055387201895265,-0.0008159279738441105,0.003420966458417718,31.14435417078505,-29.545614622934778,0.015017473307568021,0.8886625952559525,-0.023774828993030628,4,0
2024-06-19,6726.9189453125,0.013736133320461308,-0.001174949263884062,-0.01415955908362232,-0.0027055387201895265,-0.00951476967379239,30.826124996260717,-30.26465093820181,0.014945292464534255,1.3083122601208441,-0.028370744715332408,2,0
2024-06-20,6819.32080078125,0.008894907327948287,0.013736133320461308,-0.001174949263884062,-0.01415955908362232,-0.0008159279738441105,38.70244428306397,-22.54168853882271,0.014722886998255746,0.8535006329937138,-0.005119841721078711,3,0
2024-06-21,6879.97802734375,0.0013353257353783121,0.008894907327948287,0.013736133320461308,-0.001174949263884062,-0.0027055387201895265,43.268994421069884,-11.906786332023728,0.014864191448155747,1.2258010944253104,0.004590993580713687,4,0
2024-06-24,6889.1650390625,-0.0009378404296261911,0.0013353257353783121,0.008894907327948287,0.013736133320461308,-0.01415955908362232,43.950071927697486,-3.2618067075814423,0.014245515192490519,0.6954915032791034,0.008631858036281526,0,0
2024-06-25,6882.7041015625,0.0033327000467799905,-0.0009378404296261911,0.0013353257353783121,0.008894907327948287,-0.001174949263884062,43.55405784311367,2.6915626309859135,0.013726042709779625,0.6388310851859325,0.021853576690277654,1,0
2024-06-26,6905.64208984375,0.009022923751418999,0.0033327000467799905,-0.0009378404296261911,0.0013353257353783121,0.013736133320461308,45.43388762239309,8.515833475745154,0.01325725363128853,0.7062205098766574,0.026361226000941707,2,0
2024-06-27,6967.951171875,0.013723686375484156,0.009022923751418999,0.0033327000467799905,-0.0009378404296261911,0.008894907327948287,50.27800902782444,16.447031901808742,0.012840853609231503,0.5525825909747262,0.021648016431899397,3,0
2024-06-28,7063.5771484375,0.01076633361919499,0.013723686375484156,0.009022923751418999,0.0033327000467799905,0.0013353257353783121,56.63996735651627,27.371765452732163,0.01294204238074297,0.6878628947351912,0.026476795479435267,4,0
2024-07-01,7139.6259765625,-0.002028661832748191,0.01076633361919499,0.013723686375484156,0.009022923751418999,-0.0009378404296261911,60.92223096054082,38.28834257280208,0.012650435799811987,0.7279951143387905,0.035907803363251944,0,0
2024-07-02,7125.14208984375,0.010050717875623505,-0.002028661832748191,0.01076633361919499,0.013723686375484156,0.0033327000467799905,59.71267053671768,42.76268915054879,0.012550840197953314,0.862125621036046,0.034816981960129945,1,0
2024-07-03,7196.7548828125,0.003353494420295977,0.010050717875623505,-0.002028661832748191,0.01076633361919499,0.009022923751418999,63.564497020020795,48.36164193153599,0.012249147308260336,0.9015354000776054,0.04153499978897346,2,0
2024-07-04,7220.88916015625,0.004498464030646687,0.003353494420295977,0.010050717875623505,-0.002028661832748191,0.013723686375484156,64.78640083751023,51.231775823629285,0.011989881222599919,1.128504713800832,0.03586557045785044,3,0
2024-07-05,7253.3720703125,-0.00033019394400746194,0.004498464030646687,0.003353494420295977,0.010050717875623505,0.01076633361919499,66.41875489161993,52.65710440281601,0.011699550455582988,0.9336380838915637,0.026640348113012968,4,0
2024-07-08,7250.97705078125,0.0025960267612104015,-0.00033019394400746194,0.004498464030646687,0.003353494420295977,-0.002028661832748191,66.17517699868942,50.756294739212905,0.011356220444406762,1.1295543634630463,0.015543820549810516,0,0
2024-07-09,7269.80078125,0.0023716208265249783,0.0025960267612104015,-0.00033019394400746194,0.004498464030646687,0.010050717875623505,67.19350637952442,48.10881683801956,0.01113974061808213,0.9516189619841923,0.02016850914376911,1,0
2024-07-10,7287.0419921875,0.0018341096962704029,0.0023716208265249783,0.0025960267612104015,-0.00033019394400746194,0.003353494420295977,68.13963512949977,44.92148449278416,0.010744977678627131,1.5056764443580004,0.012489412094670582,2,0
2024-07-11,7300.4072265625,0.0037221007978338605,0.0018341096962704029,0.0023716208265249783,0.0025960267612104015,0.004498464030646687,68.88867077927472,41.21312615002422,0.010489584877341189,1.0299950168079393,0.010970027370645008,3,0
2024-07-12,7327.580078125,-0.006648482123270849,0.0037221007978338605,0.0018341096962704029,0.0023716208265249783,-0.00033019394400746194,70.41172281771165,38.15983389880622,0.01022821590616995,0.9310069536919434,0.010193664137832181,4,0
2024-07-15,7278.86279296875,-0.007497026083726044,-0.006648482123270849,0.0037221007978338605,0.0018341096962704029,0.0025960267612104015,64.3310790998636,30.747077795573723,0.010476694383357498,0.7780646635604777,0.003875375958568794,0,0
2024-07-16,7224.29296875,-1.0408674291806363e-05,-0.007497026083726044,-0.006648482123270849,0.0037221007978338605,0.0023716208265249783,58.261729941403,20.54690895051722,0.010607733907220264,0.7915594351694556,-0.006217676886367651,1,0
2024-07-17,7224.2177734375,0.013406714800302089,-1.0408674291806363e-05,-0.007497026083726044,-0.006648482123270849,0.0018341096962704029,58.25357413779072,12.565242851578262,0.010418704009018759,1.599853130448748,-0.008599706387184436,2,0
2024-07-18,7321.07080078125,-0.0036300268522077017,0.013406714800302089,-1.0408674291806363e-05,-0.007497026083726044,0.0037221007978338605,65.04158112297813,12.549597418123852,0.010626692368183378,1.0691581680703925,0.00297289871684725,3,0
2024-07-19,7294.4951171875,0.003767355600320821,-0.0036300268522077017,0.013406714800302089,-1.0408674291806363e-05,-0.006648482123270849,62.059711429100695,9.622184518709275,0.0106013200221528,0.942603079672534,-0.004379228933194312,4,0
2024-07-22,7321.97607421875,-0.0011088728702062234,0.003767355600320821,-0.0036300268522077017,0.013406714800302089,-0.007497026083726044,63.902626275521044,8.45102961707967,0.010269668012842794,1.0495634291883793,0.0060366087903973575,0,0
2024-07-23,7313.85693359375,-0.006986484011814342,-0.0011088728702062234,0.003767355600320821,-0.0036300268522077017,-1.0408674291806363e-05,62.93004572568093,6.150880409208511,0.010071229393916775,1.7768270396145345,0.012424762003917178,1,0
2024-07-24,7262.7587890625,-0.003095508779337064,-0.006986484011814342,-0.0011088728702062234,0.003767355600320821,0.013406714800302089,57.04556052519398,0.5068383415777902,0.010052791330350957,1.039963394777681,0.005448686666394642,2,0
2024-07-25,7240.27685546875,0.006614406834812847,-0.003095508779337064,-0.006986484011814342,-0.0011088728702062234,-0.0036300268522077017,54.62532476645059,-5.112156434816654,0.009957906362994335,0.8649837280611837,-0.01105353691324451,3,0
2024-07-26,7288.1669921875,0.00010015967931753522,0.006614406834812847,-0.003095508779337064,-0.006986484011814342,0.003767355600320821,58.649810779054576,-5.918262299229411,0.009760960931429011,0.8771399369091707,-0.0008091032262239617,4,0
2024-07-29,7288.89697265625,-0.006452718882080766,0.00010015967931753522,0.006614406834812847,-0.003095508779337064,-0.0011088728702062234,58.70992709928231,-6.661647313555342,0.009647351035897683,0.8917655869553192,-0.004476299147227247,0,0
2024-07-30,7241.86376953125,0.0019191796397046712,-0.006452718882080766,0.00010015967931753522,0.006614406834812847,-0.006986484011814342,53.33013412300665,-10.35970219502186,0.009665172444160595,0.8380283837463488,-0.00982014515910179,1,0
2024-07-31,7255.76220703125,0.00967819151817717,0.0019191796397046712,-0.006452718882080766,0.00010015967931753522,-0.003095508779337064,54.65250545294183,-11.803701945993154,0.009436934614361703,0.9442273270276345,-0.0009144815075827761,2,1
2024-08-01,7325.98486328125,-0.002438145415202264,0.00967819151817717,0.0019191796397046712,-0.006452718882080766,0.006614406834812847,60.71002207925111,-8.137823675072049,0.009363545067892373,0.8108330267758789,0.011859218789931458,3,0
2024-08-02,7308.123046875,-0.03399918327182483,-0.002438145415202264,0.00967819151817717,0.0019191796397046712,0.00010015967931753522,58.566996658255,-7.064141768622754,0.009438974382921291,0.8904017653041104,0.002806666539916347,4,0
2024-08-05,7059.65283203125,0.009853460697547556,-0.03399918327182483,-0.002438145415202264,0.00967819151817717,-0.006452718882080766,38.308858121052964,-22.372271140939006,0.012202820140243355,1.3195998307684123,-0.03129267641122602,0,0
2024-08-06,7129.21484375,0.011630455448777832,0.009853460697547556,-0.03399918327182483,-0.002438145415202264,0.0019191796397046712,44.13485192370363,-26.798660367857437,0.012298756589221362,0.8280684320075616,-0.014986496831597695,1,0
2024-08-07,7212.130859375,-0.0023584937595647615,0.011630455448777832,0.009853460697547556,-0.03399918327182483,0.00967819151817717,50.174974025374716,-23.25924614874392,0.012448165535454992,0.8953616471085456,-0.005275221022524534,2,0
2024-08-08,7195.12109375,0.008599577296030114,-0.0023584937595647615,0.011630455448777832,0.009853460697547556,-0.002438145415202264,49.004438051366876,-21.23657998258065,0.0121093171785659,0.8786870497193561,-0.017311906300266466,3,0
2024-08-09,7256.99609375,0.005598584555528641,0.008599577296030114,-0.0023584937595647615,0.011630455448777832,-0.03399918327182483,53.27467078008223,-15.187969699951989,0.011860129873247171,0.7957654478437237,-0.006274183589034088,4,0
2024-08-12,7297.625,0.008086628676281737,0.005598584555528641,0.008599577296030114,-0.0023584937595647615,0.009853460697547556,55.88678677519084,-8.254313399710213,0.011605886982308739,1.0854734852408385,0.03332358423831938,0,0
2024-08-13,7356.63818359375,0.010793092840059026,0.008086628676281737,0.005598584555528641,0.008599577296030114,0.011630455448777832,59.43410197377241,0.06265375856482791,0.011468179074681225,1.0004586649019158,0.03155675221705356,1,0
2024-08-14,7436.0390625,-0.0035688470319275023,0.010793092840059026,0.008086628676281737,0.005598584555528641,-0.0023584937595647615,63.66748441328526,10.111616486780182,0.011390473207017929,1.1712152580056325,0.030719389608334757,2,0
2024-08-15,7409.5009765625,0.0030486354288841166,-0.0035688470319275023,0.010793092840059026,0.008086628676281737,0.008599577296030114,61.36254894626995,13.935553589632995,0.011324749925241911,1.0467246691955745,0.029509036335972016,3,0
2024-08-16,7432.08984375,0.004674487481702849,0.0030486354288841166,-0.0035688470319275023,0.010793092840059026,0.005598584555528641,62.603574466009725,16.76071356102115,0.010966803262802258,1.0432187131954047,0.02395809446882602,4,0
2024-08-19,7466.8310546875,0.008993615645233044,0.004674487481702849,0.0030486354288841166,-0.0035688470319275023,0.008086628676281737,64.49255239109024,19.549092953365935,0.010580473859724486,0.9571064347335997,0.023033997395000227,0,0
2024-08-20,7533.98486328125,0.0027353267268543924,0.008993615645233044,0.004674487481702849,0.0030486354288841166,0.010793092840059026,67.87090982817006,24.192187459467604,0.010413386162503958,1.29776721984494,0.023940984363951534,1,0
2024-08-21,7554.5927734375,-0.008725419643964005,0.0027353267268543924,0.008993615645233044,0.004674487481702849,-0.0035688470319275023,68.85037052645677,26.728793393336204,0.010215808567729327,1.388249022117427,0.0158832182507469,2,0
2024-08-22,7488.67578125,0.007427490779046142,-0.008725419643964005,0.0027353267268543924,0.008993615645233044,0.0030486354288841166,62.30738138683869,22.22938256854721,0.010468001032965912,0.9722820252243594,0.010726645638710397,3,0
2024-08-23,7544.2978515625,0.008204470962586807,0.007427490779046142,-0.008725419643964005,0.0027353267268543924,0.004674487481702849,65.30369708314225,21.26147307201083,0.01039505461216449,0.8895546085713796,0.015105500988872422,4,0
2024-08-26,7606.19482421875,-0.0010930517868511513,0.008204470962586807,0.007427490779046142,-0.008725419643964005,0.008993615645233044,68.3215757307207,22.90977001705339,0.01028399549956672,0.978258939087774,0.01863548446975638,0,0
2024-08-27,7597.880859375,0.008027783240341257,-0.0010930517868511513,0.008204470962586807,0.007427490779046142,0.0027353267268543924,67.47264980596529,21.578534020057972,0.010151561258624505,0.9659865528470919,0.008548817037672185,1,0
2024-08-28,7658.875,-0.00408297512281508,0.008027783240341257,-0.0010930517868511513,0.008204470962586807,-0.008725419643964005,70.38039167490285,22.82346961958882,0.010202289780397503,1.0364201843246885,0.01384127355115905,2,0
2024-08-29,7627.60400390625,0.005654319000817587,-0.00408297512281508,0.008027783240341257,-0.0010930517868511513,0.007427490779046142,67.07004088303319,19.677673304613705,0.010337917689063865,1.0370143126760472,0.018483718072307975,3,0
2024-08-30,7670.73291015625,0.0031022948235484016,0.005654319000817587,-0.00408297512281508,0.008027783240341257,0.008204470962586807,69.22033394881862,18.64793768724641,0.01007477733295519,1.2825421265782866,0.01671054629407942,4,0
2024-09-02,7694.52978515625,-0.010138213931277451,0.0031022948235484016,0.005654319000817587,-0.00408297512281508,-0.0010930517868511513,70.37000656292882,17.722260869549586,0.009848537871884755,1.0435989377010346,0.011608370155041015,0,0
2024-09-03,7616.52099609375,0.007401673287438237,-0.010138213931277451,0.0031022948235484016,0.005654319000817587,0.008027783240341257,62.17191411353822,10.37293933868159,0.010440941995936716,1.0915711654075693,0.002563208010614715,1,0
2024-09-04,7672.89599609375,0.001061785883765154,0.007401673287438237,-0.010138213931277451,0.0031022948235484016,-0.00408297512281508,65.31658217416353,7.935082773054091,0.010804773709424455,0.9664790615896902,0.0019370980577116947,2,0
2024-09-05,7681.04296875,0.005312198203063945,0.001061785883765154,0.007401673287438237,-0.010138213931277451,0.005654319000817587,65.75957226508245,5.607548071933692,0.010686529227601563,0.8978808484012814,0.007081859064291929,3,0
2024-09-06,7721.84619140625,-0.0024744628941540947,0.005312198203063945,0.001061785883765154,0.007401673287438237,0.0031022948235484016,67.96636353158976,5.542439040997834,0.010550031624817588,0.7975593920328087,0.0067397382665382866,4,0
2024-09-09,7702.73876953125,0.007614098805283742,-0.0024744628941540947,0.005312198203063945,0.001061785883765154,-0.010138213931277451,65.82683844489816,3.062798001163742,0.010688725807433687,0.9055546544318949,0.0011629805488357903,0,0
2024-09-10,7761.38818359375,-5.580257790294141e-05,0.007614098805283742,-0.0024744628941540947,0.005312198203063945,0.007401673287438237,69.04763609187798,4.155040835331334,0.010421212247812419,1.263826817353336,0.018915293285396984,1,0
2024-09-11,7760.955078125,0.004793060917669623,-5.580257790294141e-05,0.007614098805283742,-0.0024744628941540947,0.001061785883765154,68.995921110727,3.6488355611326426,0.010282012035518718,1.1042183160671644,0.011457817420055805,2,0
2024-09-12,7798.15380859375,0.001792353821727266,0.004793060917669623,-5.580257790294141e-05,0.007614098805283742,0.005312198203063945,71.00462283586727,4.5605495170070895,0.010164438161848357,1.571608961778365,0.015189092453960273,3,0
2024-09-13,7812.130859375,0.002515056336411803,0.001792353821727266,0.004793060917669623,-5.580257790294141e-05,-0.0024744628941540947,71.74535064441527,4.820846462096597,0.009909128027795859,1.0066666635684147,0.011669248072623595,4,0
2024-09-17,7831.77880859375,-0.00033760439784746854,0.002515056336411803,0.001792353821727266,0.004793060917669623,0.007614098805283742,72.79737797264077,5.010118454673645,0.009650209703816878,1.3077730159631613,0.016658767303189492,1,0
2024-09-18,7829.134765625,0.009739948714200253,-0.00033760439784746854,0.002515056336411803,0.001792353821727266,-5.580257790294141e-05,72.4066705674903,3.7109094957397417,0.009512107364948879,1.4378948428172023,0.008707064100058282,2,0
2024-09-19,7905.39013671875,-0.020541203869813174,0.009739948714200253,-0.00033760439784746854,0.002515056336411803,0.004793060917669623,76.34914872715635,6.573574562207213,0.009483148157830443,1.5160442425667282,0.018502815392161476,3,0
2024-09-20,7743.00390625,0.004226660760797696,-0.020541203869813174,0.009739948714200253,-0.00033760439784746854,0.001792353821727266,57.506381723388174,-3.3497760017669123,0.01053165602888305,1.7653442396515757,-0.006831449395321321,4,0
2024-09-23,7775.73095703125,0.0003549832062739178,0.004226660760797696,-0.020541203869813174,0.009739948714200253,0.002515056336411803,59.66683621203564,-8.307646416219157,0.010660885101913665,1.3948635429688794,-0.004397142456250891,0,0
2024-09-24,7778.4912109375,-0.004832473862783959,0.0003549832062739178,0.004226660760797696,-0.020541203869813174,-0.00033760439784746854,59.85223616377513,-11.786826472686215,0.010747139646726711,0.9693123646846431,-0.006557215586388776,1,0
2024-09-25,7740.90185546875,0.0004669039706202138,-0.004832473862783959,0.0003549832062739178,0.004226660760797696,0.009739948714200253,56.07220409884584,-16.704960936633483,0.011366332864927628,1.4160765511691755,-0.011052085051325267,2,0
2024-09-26,7744.51611328125,-0.006146297194038919,0.0004669039706202138,-0.004832473862783959,0.0003549832062739178,-0.020541203869813174,56.3576097474225,-19.599595085081376,0.011379913017612237,1.0245008287824136,-0.020325129794905306,3,0
2024-09-27,7696.916015625,-0.021955133207014477,-0.006146297194038919,0.0004669039706202138,-0.004832473862783959,0.004226660760797696,51.602432353519006,-24.297906010425734,0.011384476152493387,0.9538186568351752,-0.005930223119131051,4,0
2024-09-30,7527.92919921875,0.015170654539777395,-0.021955133207014477,-0.006146297194038919,0.0004669039706202138,0.0003549832062739178,39.01635238959947,-37.57167034056363,0.01241203087621608,1.1049100051003458,-0.03211201708694322,0,1
2024-10-01,7642.1328125,-0.010320496568673065,0.015170654539777395,-0.021955133207014477,-0.006146297194038919,-0.004832473862783959,48.20982157195788,-37.3663449957955,0.012420646092581915,1.0162003516781704,-0.017296345753439746,1,0
2024-10-02,7563.26220703125,-0.002569536993333732,-0.010320496568673065,0.015170654539777395,-0.021955133207014477,0.0004669039706202138,43.349448385246234,-40.959730995378564,0.012982264659931403,1.4933748329517693,-0.022784368459328852,2,0
2024-10-03,7543.828125,-0.006327994739076859,-0.002569536993333732,-0.010320496568673065,0.015170654539777395,-0.006146297194038919,42.21995067737093,-42.859248856980976,0.012814394827335146,0.8880799575764404,-0.025820809423282798,3,0
2024-10-04,7496.0908203125,0.0010730853594653755,-0.006327994739076859,-0.002569536993333732,-0.010320496568673065,-0.021955133207014477,39.49755915933932,-45.3060677710199,0.012750852802938837,1.0294349177770157,-0.026002506968320738,4,0
2024-10-07,7504.134765625,0.0070637489696434574,0.0010730853594653755,-0.006327994739076859,-0.002569536993333732,0.015170654539777395,40.197319635661756,-44.30456733833843,0.012684414256667812,1.056513675929864,-0.0029742884018408855,0,0
2024-10-08,7557.14208984375,-0.007391277407476249,0.0070637489696434574,0.0010730853594653755,-0.006327994739076859,-0.010320496568673065,44.73349630089379,-38.2237905817593,0.01305120158242305,0.862042463856556,-0.011081193971974823,1,0
2024-10-09,7501.28515625,-0.002826859355870792,-0.007391277407476249,0.0070637489696434574,0.0010730853594653755,-0.002569536993333732,41.18808366087191,-36.13852904910608,0.013107721341335891,0.7531524616859467,-0.008151974810778007,2,0
2024-10-10,7480.080078125,0.00541731802775125,-0.002826859355870792,-0.007391277407476249,0.0070637489696434574,-0.006327994739076859,39.89536546128182,-34.37312442735121,0.012789741794637847,0.7053219977664069,-0.008409297173315067,3,0
2024-10-11,7520.60205078125,0.005192767029993606,0.00541731802775125,-0.002826859355870792,-0.007391277407476249,0.0010730853594653755,43.54200718464316,-28.883125869403674,0.012471918899433823,0.7272524543364028,0.003336015593513042,4,0
2024-10-14,7559.65478515625,0.008902044951958565,0.005192767029993606,0.00541731802775125,-0.002826859355870792,0.0070637489696434574,46.88653869565296,-21.37435165421421,0.01200741249584536,0.9296508241021902,0.007455697264041272,0,0
2024-10-15,7626.951171875,0.0028830353093560745,0.008902044951958565,0.005192767029993606,0.00541731802775125,-0.007391277407476249,52.14722022807546,-11.142709938007975,0.011757401438055587,0.9871409417920283,0.00929399324635638,1,0
2024-10-16,7648.93994140625,0.011256346860258004,0.0028830353093560745,0.008902044951958565,0.005192767029993606,-0.002826859355870792,53.758830692809845,-2.6068169807869417,0.01127648874366086,0.8999884848475455,0.019568305963188704,2,0
2024-10-17,7735.0390625,0.003234760146856086,0.011256346860258004,0.0028830353093560745,0.008902044951958565,0.00541731802775125,59.5091536461784,8.51606221915487,0.011367764065707347,1.032047330358716,0.0336515121793175,3,0
2024-10-18,7760.06005859375,0.0016154685296045912,0.003234760146856086,0.011256346860258004,0.0028830353093560745,0.005192767029993606,61.02595756779216,16.760061494151643,0.011184794399899386,1.0976550667656668,0.031468954298422336,4,0
2024-10-21,7772.59619140625,0.002108268376030953,0.0016154685296045912,0.003234760146856086,0.011256346860258004,0.008902044951958565,61.79810663130655,21.932516162756315,0.010876403544738067,1.1601512855635325,0.02789165579803332,0,0
2024-10-22,7788.98291015625,-0.00018204799860976895,0.002108268376030953,0.0016154685296045912,0.003234760146856086,0.0028830353093560745,62.83462572075776,25.104384315012886,0.010715093086842743,1.315664110902986,0.02109787922210571,1,0
2024-10-23,7787.56494140625,-0.009119168034626535,-0.00018204799860976895,0.002108268376030953,0.0016154685296045912,0.011256346860258004,62.67615315363424,25.662577495616354,0.010361214574644718,1.2390457227520884,0.018032795914139865,2,0
2024-10-24,7716.548828125,-0.002836588267960072,-0.009119168034626535,-0.00018204799860976895,0.002108268376030953,0.003234760146856086,55.1712847517661,20.05322723524214,0.010434588587153563,1.1057980047348994,-0.0023427189807446736,3,0
2024-10-25,7694.66015625,-0.007801422760203569,-0.002836588267960072,-0.009119168034626535,-0.00018204799860976895,0.0016154685296045912,53.062297320182246,13.961724819560988,0.010404431602943916,0.9337182693866943,-0.008414067395560831,4,0
2024-10-28,7634.630859375,-0.003671528098091237,-0.007801422760203569,-0.002836588267960072,-0.009119168034626535,0.002108268376030953,47.679354235849914,5.4214782170580875,0.010814247473300197,0.8998831782790907,-0.01783095868536899,0,0
2024-10-29,7606.60009765625,-0.00483133062448271,-0.003671528098091237,-0.007801422760203569,-0.002836588267960072,-0.00018204799860976895,45.36509558441753,-2.1761848489443487,0.010822710703247938,0.838660420687716,-0.02361075515949118,1,0
2024-10-30,7569.85009765625,0.0005507302335869824,-0.00483133062448271,-0.003671528098091237,-0.007801422760203569,-0.009119168034626535,42.45556276498935,-9.336254214595298,0.01089923124795558,0.7987590320446148,-0.028260037785364123,2,0
2024-10-31,7574.01904296875,-0.009078694764450668,0.0005507302335869824,-0.00483133062448271,-0.003671528098091237,-0.002836588267960072,42.902934719391425,-13.214074951250382,0.010668536635659144,0.9621974942847541,-0.018590139517150606,3,1
2024-11-01,7505.2568359375,-0.003431449024726585,-0.009078694764450668,0.0005507302335869824,-0.00483133062448271,-0.007801422760203569,37.69719198284354,-19.455542276526376,0.010932138037656254,0.7470571275399697,-0.0248322460136412,4,0
2024-11-04,7479.5029296875,0.0016616375142952666,-0.003431449024726585,-0.009078694764450668,0.0005507302335869824,-0.003671528098091237,35.93833070336859,-24.06227706445301,0.011273902277305754,1.0271969150013605,-0.020462272278164217,0,0
2024-11-05,7491.93115234375,-0.014423916355323696,0.0016616375142952666,-0.003431449024726585,-0.009078694764450668,-0.00483133062448271,37.45491437701234,-24.911363455038256,0.010884563915024162,0.8864183373301786,-0.015129106665777714,1,0
2024-11-06,7383.8681640625,-0.018961376025465104,-0.014423916355323696,0.0016616375142952666,-0.003431449024726585,0.0005507302335869824,30.658604921020327,-30.99340767250227,0.01164385397740359,1.1260841193750757,-0.0247216923966187,2,0
2024-11-07,7243.85986328125,0.00598176324574462,-0.018961376025465104,-0.014423916355323696,0.0016616375142952666,-0.009078694764450668,24.464686433804033,-42.00457263689978,0.012401687177618718,0.9640651915193849,-0.044233798655670786,3,0
2024-11-08,7287.19091796875,-0.0028448488950840733,0.00598176324574462,-0.018961376025465104,-0.014423916355323696,-0.003431449024726585,29.230009947288238,-43.7319652604768,0.012491302098714473,0.7049647693070896,-0.0291733406454755,4,0
2024-11-11,7266.4599609375,0.007641393361381255,-0.0028448488950840733,0.00598176324574462,-0.018961376025465104,0.0016616375142952666,28.309806144321016,-43.53853039412885,0.01266310707857713,1.0428634015840839,-0.028586740515832987,0,0
2024-11-12,7321.98583984375,-0.001818487729625784,0.007641393361381255,-0.0028448488950840733,0.00598176324574462,-0.014423916355323696,34.27779445015091,-37.18553200767235,0.012426583375577085,1.335820131129157,-0.022606984668747,1,0
2024-11-13,7308.6708984375,-0.012876467498539212,-0.001818487729625784,0.007641393361381255,-0.0028448488950840733,-0.018961376025465104,33.556401177521124,-31.613380188968847,0.01220032747555767,1.0436978575862292,-0.010001556043049087,2,0
2024-11-14,7214.56103515625,-0.007388283555507469,-0.012876467498539212,-0.001818487729625784,0.007641393361381255,0.00598176324574462,28.923154329447456,-31.906839151514347,0.012508445038440858,0.9693108315116623,-0.003916647516123195,3,0
2024-11-15,7161.2578125,-0.003767628220862962,-0.007388283555507469,-0.012876467498539212,-0.001818487729625784,-0.0028448488950840733,26.67647299124785,-33.18445909879705,0.012888214958386806,0.9911889765273799,-0.017286694317375284,4,0
2024-11-18,7134.27685546875,0.008611663035498207,-0.003767628220862962,-0.007388283555507469,-0.012876467498539212,0.007641393361381255,25.592790560305374,-33.25649754275541,0.012572398269058874,0.9033905178956335,-0.018209473643154173,0,0
2024-11-19,7195.71484375,-0.0021373669116222516,0.008611663035498207,-0.003767628220862962,-0.007388283555507469,-0.001818487729625784,32.33358538944138,-26.850635670091677,0.01252321531897953,0.9853193195955453,-0.01723920396903722,1,0
2024-11-20,7180.3349609375,-0.005490391712499321,-0.0021373669116222516,0.008611663035498207,-0.003767628220862962,-0.012876467498539212,31.562732665532963,-21.561496283935284,0.012234966826250412,0.8087451270496361,-0.017558083151033688,2,0
2024-11-21,7140.912109375,0.007653480563007964,-0.005490391712499321,-0.0021373669116222516,0.008611663035498207,-0.007388283555507469,29.613822979324496,-18.73478542971486,0.012108405989818405,0.7844002196079427,-0.010172007364993796,3,0
2024-11-22,7195.56494140625,0.01647444915240137,0.007653480563007964,-0.005490391712499321,-0.0021373669116222516,-0.003767628220862962,35.554789233959184,-11.553267213386334,0.01190039311475482,1.0368801016884641,0.004869756753521637,4,0
2024-11-25,7314.10791015625,-0.009327142475950012,0.01647444915240137,0.007653480563007964,-0.005490391712499321,0.008611663035498207,46.1682295667314,2.08494433842462,0.012179181958289619,1.311633927894381,0.02511183412678597,0,0
2024-11-26,7245.88818359375,-0.006311297645303804,-0.009327142475950012,0.01647444915240137,0.007653480563007964,-0.0021373669116222516,41.892406715479304,7.13163768733402,0.01235917790089762,0.8165360788074174,0.007173028615337751,1,0
2024-11-28,7200.1572265625,-0.011929060793892665,-0.006311297645303804,-0.009327142475950012,0.01647444915240137,-0.005490391712499321,39.26704185729983,7.947704156164619,0.012085219991478307,0.8882846733548889,0.0029990978816561986,3,0
2024-11-29,7114.26611328125,-0.009457092603255002,-0.011929060793892665,-0.006311297645303804,-0.009327142475950012,0.007653480563007964,34.849564457317754,3.4882743287879805,0.012289936868851664,1.079933327566928,-0.003439571199737146,4,0
2024-12-02,7046.98583984375,0.021148226119226177,-0.009457092603255002,-0.011929060793892665,-0.006311297645303804,0.01647444915240137,31.828966735013765,-2.8642138555828467,0.012653114343165283,0.8087987677371873,-0.02055014436600011,0,0
2024-12-03,7196.01708984375,0.018169366286946875,0.021148226119226177,-0.009457092603255002,-0.011929060793892665,-0.009327142475950012,43.50911139841035,3.740797789498572,0.012985292146908313,0.8776408739021693,-0.015876367399175306,1,0
2024-12-04,7326.76416015625,-0.0018358952985205734,0.018169366286946875,0.021148226119226177,-0.009457092603255002,-0.006311297645303804,51.37966993695609,16.945694007169692,0.013215707277836972,0.831543737284293,0.011620141363721581,2,0
2024-12-05,7313.31298828125,0.009499411290077697,-0.0018358952985205734,0.018169366286946875,0.021148226119226177,-0.011929060793892665,50.598620253512244,24.35402992671746,0.012832495845574637,0.6744002646944756,0.01609554371050481,3,0
2024-12-06,7382.78515625,0.007442421744419114,0.009499411290077697,-0.0018358952985205734,0.018169366286946875,-0.009457092603255002,54.44995750509088,32.97730300310688,0.01272494655571576,0.6808693231836167,0.037524015794475174,4,0
2024-12-09,7437.73095703125,0.0020915185603809228,0.007442421744419114,0.009499411290077697,-0.0018358952985205734,0.021148226119226177,57.286234665732586,40.90782816638415,0.012308006300704692,1.1787485875547778,0.05442353014214929,0,0
2024-12-10,7453.287109375,0.0015382265008387908,0.0020915185603809228,0.007442421744419114,0.009499411290077697,0.018169366286946875,58.08204995909696,45.38142856777409,0.011989747722108373,1.0463075193370988,0.035366822583304036,1,0
2024-12-11,7464.751953125,-0.009446283091393282,0.0015382265008387908,0.0020915185603809228,0.007442421744419114,-0.0018358952985205734,58.69287942912256,47.08925076302516,0.01194283939456653,1.2281536949315086,0.01873568279719595,2,0
2024-12-12,7394.23779296875,-0.009392277123517645,-0.009446283091393282,0.0015382265008387908,0.0020915185603809228,0.009499411290077697,53.52655017544699,41.63497546011716,0.012073315547936336,0.7862524387806293,0.011125295004323243,3,0
2024-12-13,7324.7890625,-0.009032096700736902,-0.009392277123517645,-0.009446283091393282,0.0015382265008387908,0.007442421744419114,48.95593487009084,31.950657025045246,0.01204965435138568,0.6547968141334491,-0.007766393409272099,4,0
2024-12-16,7258.630859375,-0.013900545121526942,-0.009032096700736902,-0.009392277123517645,-0.009446283091393282,0.0020915185603809228,45.0127675570112,20.259869236724036,0.012473136873309835,1.0249112795572046,-0.024240911854428115,0,0
2024-12-17,7157.73193359375,-0.006965465325650677,-0.013900545121526942,-0.009032096700736902,-0.009392277123517645,0.0015382265008387908,39.75374076994093,5.661067644130782,0.013055317318001209,0.8731550830375212,-0.04023297553633598,1,0
2024-12-18,7107.875,-0.018379221220301445,-0.006965465325650677,-0.013900545121526942,-0.009032096700736902,-0.009446283091393282,37.42684671264949,-6.75064938080229,0.01333148035624057,0.694666688048601,-0.04873666736282545,2,0
2024-12-19,6977.23779296875,0.0009498660648958879,-0.018379221220301445,-0.006965465325650677,-0.013900545121526942,-0.009392277123517645,32.12143015520272,-22.280723691636354,0.014216470047475649,0.9680584106763144,-0.05766960549173361,3,0
2024-12-20,6983.865234375,0.016119954504509426,0.0009498660648958879,-0.018379221220301445,-0.006965465325650677,-0.009032096700736902,32.643083672261085,-30.14052031479396,0.014219631094905438,0.828112755837653,-0.04732746230332008,4,0
2024-12-23,7096.44482421875,-0.004325930973771763,0.016119954504509426,0.0009498660648958879,-0.018379221220301445,-0.013900545121526942,40.945439567305534,-25.950397022263274,0.014127631701028674,0.8031856416173454,-0.02217541109807375,0,0
2024-12-24,7065.74609375,-0.00412911709275221,-0.004325930973771763,0.016119954504509426,0.0009498660648958879,-0.006965465325650677,39.515136489322735,-23.511812033189308,0.013749925508196877,0.6707705291903037,-0.012600796950318571,1,0
2024-12-27,7036.57080078125,0.006158395275464024,-0.00412911709275221,-0.004325930973771763,0.016119954504509426,-0.018379221220301445,38.15115123180261,-22.1480815766869,0.013587690505115655,0.8800468235639933,-0.009764448717420104,4,0
2024-12-30,7079.90478515625,0.011765736333544607,0.006158395275464024,-0.00412911709275221,-0.004325930973771763,0.0009498660648958879,41.38735309919676,-16.851685478602043,0.013415966432194403,0.9797237597265283,0.014773167778345364,0,0
2025-01-02,7163.205078125,0.00017089013652404894,0.011765736333544607,0.006158395275464024,-0.00412911709275221,0.016119954504509426,47.11574788421846,-6.779051734286554,0.013143450480848756,1.0100507961523273,0.025589038046994084,3,0
2025-01-03,7164.42919921875,-0.011718320579419683,0.00017089013652404894,0.011765736333544607,0.006158395275464024,-0.004325930973771763,47.197417273564945,0.5367524164742434,0.012818007885246369,1.1356432177149625,0.009639973679008706,4,0
2025-01-06,7080.47412109375,0.0003968743541309383,-0.011718320579419683,0.00017089013652404894,0.011765736333544607,-0.00412911709275221,42.36516983115122,0.303961776951688,0.013133736816569062,1.1871888568116205,0.0022475840733607866,0,0
2025-01-07,7083.2841796875,-0.0004139504828365448,0.0003968743541309383,-0.011718320579419683,0.00017089013652404894,0.006158395275464024,42.577088505459564,0.8885169692918424,0.012933699219426005,0.8999180769886013,0.006773575520243935,1,0
2025-01-08,7080.35205078125,-0.002226465582952253,-0.0004139504828365448,0.0003968743541309383,-0.011718320579419683,0.011765736333544607,42.40189345668403,1.5862472439546238,0.012853415501647406,0.9104890429727587,0.00020122976194336673,2,0
2025-01-09,7064.587890625,0.003436622303859771,-0.002226465582952253,-0.0004139504828365448,0.0003968743541309383,0.00017089013652404894,41.41520921981203,1.4958116589650672,0.012410490184672163,0.9136121975119867,-0.013790972154553494,3,0
2025-01-10,7088.8662109375,-0.010154981423747267,0.003436622303859771,-0.002226465582952253,-0.0004139504828365448,-0.011718320579419683,43.59223858052581,3.468118064894952,0.012059313081265758,1.0430904208593854,-0.010525239987217772,4,0
2025-01-13,7016.87890625,-0.008581289201651576,-0.010154981423747267,0.003436622303859771,-0.002226465582952253,0.0003968743541309383,38.96829271046711,0.47856779185531906,0.012361073597177787,0.9569374385864622,-0.008961900831545355,0,0
2025-01-14,6956.6650390625,0.01766607590938607,-0.008581289201651576,-0.010154981423747267,0.003436622303859771,-0.0004139504828365448,35.56962899180316,-4.713998431562494,0.012457077846382504,0.9909897851425444,-0.01794006438732787,1,0
2025-01-15,7079.56201171875,0.003948977522016506,0.01766607590938607,-0.008581289201651576,-0.010154981423747267,-0.002226465582952253,45.93414927127607,0.6812807030606294,0.01265691934779241,1.1290427988522485,0.00013996200489474475,2,0
2025-01-16,7107.51904296875,0.006632294598335697,0.003948977522016506,0.01766607590938607,-0.008581289201651576,0.003436622303859771,47.98403559862604,6.369588699876168,0.012899533036112123,0.9344855355402275,0.006315405109863503,3,0
2025-01-17,7154.658203125,0.002247292997760164,0.006632294598335697,0.003948977522016506,0.01766607590938607,-0.010154981423747267,51.33448839212419,13.153012078690132,0.01284283060686158,1.2717611796862902,0.00951107740433943,4,0
2025-01-20,7170.73681640625,0.0015455884236530437,0.002247292997760164,0.006632294598335697,0.003948977522016506,-0.008581289201651576,52.45931028067093,18.25504438686692,0.01236640754380052,1.1677195622355183,0.02191335182584686,0,0
2025-01-21,7181.81982421875,0.01048593633813999,0.0015455884236530437,0.002247292997760164,0.006632294598335697,0.01766607590938607,53.26123469205204,21.67534157247878,0.011972546854238266,1.104735274439966,0.03204022945115148,1,0
2025-01-22,7257.1279296875,-0.003373905423533663,0.01048593633813999,0.0015455884236530437,0.002247292997760164,0.003948977522016506,58.39653899021384,27.91155533661655,0.011845179469674793,0.9254565217913304,0.0248600898799054,2,0
2025-01-23,7232.64306640625,-0.009206442714113638,-0.003373905423533663,0.01048593633813999,0.0015455884236530437,0.006632294598335697,56.233210491598584,29.153648216840637,0.011944741114805734,0.8985112296268891,0.01753720693435523,3,0
2025-01-24,7166.05615234375,-0.012918978449494967,-0.009206442714113638,-0.003373905423533663,0.01048593633813999,0.002247292997760164,50.72931419381627,24.44710873372993,0.0121454405622446,0.7772807717028877,0.001698469621905896,4,0
2025-01-30,7073.47802734375,0.005049534797369359,-0.012918978449494967,-0.009206442714113638,-0.003373905423533663,0.0015455884236530437,44.24523845287926,14.544388038563387,0.012671297092803634,0.9831078111508095,-0.013467801825349235,3,0
2025-01-31,7109.19580078125,-0.011131736630998867,0.005049534797369359,-0.012918978449494967,-0.009206442714113638,0.01048593633813999,47.05687599129459,10.058313522052497,0.012724554885008045,0.7915808991821989,-0.00996385545163292,4,1
2025-02-03,7030.05810546875,0.00617361595809407,-0.011131736630998867,0.005049534797369359,-0.012918978449494967,-0.003373905423533663,42.00282546308667,1.8497227080794225,0.013737442972019306,0.8603031674577531,-0.031581528420771776,0,0
2025-02-04,7073.458984375,-0.006959955113898242,0.00617361595809407,-0.011131736630998867,0.005049534797369359,-0.009206442714113638,45.46232230194373,-0.44585166752248284,0.013646183356385672,1.5491835572557748,-0.022034007039144043,1,0
2025-02-05,7024.22802734375,-0.021168432168264695,-0.006959955113898242,0.00617361595809407,-0.011131736630998867,-0.012918978449494967,42.37461381040249,-4.825455270227604,0.013542670253228839,1.497143135123222,-0.019787519438928647,2,0
2025-02-06,6875.5361328125,-0.019338122637879485,-0.021168432168264695,-0.006959955113898242,0.00617361595809407,0.005049534797369359,34.70735832159518,-16.618068444034165,0.014961490668313884,1.0418695222884633,-0.028036973157698375,3,0
2025-02-07,6742.576171875,-0.014005638145425547,-0.019338122637879485,-0.021168432168264695,-0.006959955113898242,-0.011131736630998867,29.55724888434807,-31.39697294544456,0.016484791972170558,0.9255894242721062,-0.05242463059294722,4,0
2025-02-10,6648.14208984375,-0.017471325657463455,-0.014005638145425547,-0.019338122637879485,-0.021168432168264695,0.00617361595809407,26.544505727467765,-44.74270076135856,0.01720717972349804,0.9320573525273486,-0.0552985321073739,0,0
2025-02-11,6531.990234375,0.017420050179719482,-0.017471325657463455,-0.014005638145425547,-0.019338122637879485,-0.006959955113898242,23.38693247820271,-57.77453598971903,0.017987431480597824,0.8873101814306058,-0.07894347372293142,1,0
2025-02-12,6645.77783203125,-0.0048466803663304026,0.017420050179719482,-0.017471325657463455,-0.014005638145425547,-0.021168432168264695,31.92954843805262,-55.12060051649682,0.01763962115907841,0.8650658815237109,-0.0545634684293137,2,0
2025-02-13,6613.56787109375,0.0037636437345782703,-0.0048466803663304026,0.017420050179719482,-0.017471325657463455,-0.019338122637879485,30.879899986604116,-51.96584364853409,0.017337790592297952,0.7774598907039048,-0.03824171662737941,3,0
2025-02-14,6638.458984375,0.02898607222179228,0.0037636437345782703,-0.0048466803663304026,0.017420050179719482,-0.014005638145425547,32.72055459380218,-44.900061373472866,0.0167892513104542,0.7550672607442087,-0.015139950254921652,4,0
2025-02-17,6830.8818359375,0.006246977228730355,0.02898607222179228,0.0037636437345782703,-0.0048466803663304026,-0.017471325657463455,44.92963393471132,-24.959503650267607,0.01716296583683457,0.8604665653442327,0.027851760112296176,0,0
2025-02-18,6873.55419921875,-0.01144764889832306,0.006246977228730355,0.02898607222179228,0.0037636437345782703,0.017420050179719482,47.21716983646347,-7.494441648128657,0.016647873040307095,0.9943027271263828,0.051570062998489985,1,0
2025-02-19,6794.8681640625,-0.001004606963693977,-0.01144764889832306,0.006246977228730355,0.02898607222179228,-0.0048466803663304026,43.61915573444018,-0.22424793988115255,0.01682579028475911,1.0147901464167073,0.022702363920447444,2,0
2025-02-20,6788.0419921875,0.0022037259628353567,-0.001004606963693977,-0.01144764889832306,0.006246977228730355,0.0037636437345782703,43.31082021492442,4.861323964845255,0.016495081857483166,1.0765806288033102,0.02654443732308387,3,0
2025-02-21,6803.0009765625,-0.007849462689733855,0.0022037259628353567,-0.001004606963693977,-0.01144764889832306,0.02898607222179228,44.24100832989799,9.690221000645039,0.015876545794951364,0.8480300515192921,0.024984519551340956,4,0
2025-02-24,6749.60107421875,-0.024077594863643248,-0.007849462689733855,0.0022037259628353567,-0.001004606963693977,0.006246977228730355,41.6158675239848,9.720510013870381,0.015773321630979654,1.0072009319372581,-0.01185101536018518,0,0
2025-02-25,6587.0869140625,0.002898293106318839,-0.024077594863643248,-0.007849462689733855,0.0022037259628353567,-0.01144764889832306,34.84031015255364,-0.24403534846021557,0.017129920325174422,1.2309541823906858,-0.04217558745255878,1,0
2025-02-26,6606.17822265625,-0.018275313865239062,0.002898293106318839,-0.024077594863643248,-0.007849462689733855,-0.001004606963693977,36.15535250876613,-4.36059837368839,0.017326848528799538,0.8535784876029805,-0.027829645447916884,2,0
2025-02-27,6485.4482421875,-0.03312817652620448,-0.018275313865239062,0.002898293106318839,-0.024077594863643248,0.0022037259628353567,31.78649844247532,-13.509091662375795,0.01840466237220388,0.988141958050392,-0.04510035234946197,3,0
2025-02-28,6270.59716796875,0.039718870226347125,-0.03312817652620448,-0.018275313865239062,0.002898293106318839,-0.007849462689733855,25.80951711002743,-31.307720586730994,0.020399990777935837,1.2158869200098656,-0.0804322548385018,4,1
2025-03-03,6519.658203125,-0.021359605040644825,0.039718870226347125,-0.03312817652620448,-0.018275313865239062,-0.024077594863643248,39.9142177348562,-23.91790974233865,0.021509843876570796,1.043410397030905,-0.032863921922420825,0,0
2025-03-04,6380.40087890625,0.023665918449450984,-0.021359605040644825,0.039718870226347125,-0.03312817652620448,0.002898293106318839,35.81435133240369,-25.854915686031177,0.022285256930667966,0.939879716689853,-0.0301459320994224,1,0
2025-03-05,6531.39892578125,0.013235792694619386,0.023665918449450984,-0.021359605040644825,0.039718870226347125,-0.018275313865239062,42.688541056581904,-14.953900373217309,0.022297501612410068,0.9354333418165265,-0.009378306756290256,2,0
2025-03-06,6617.84716796875,0.002743011672906581,0.013235792694619386,0.023665918449450984,-0.021359605040644825,-0.03312817652620448,46.23850879701876,-0.6630460576287334,0.02190758354031863,0.9150262059582948,0.022132799803568193,3,0
2025-03-07,6636.0,-0.005694407163577497,0.002743011672906581,0.013235792694619386,0.023665918449450984,0.039718870226347125,46.98116199103741,10.646401165509573,0.021418447784730732,1.2869339867813012,0.05800398800267925,4,0
2025-03-10,6598.2119140625,-0.00793575851885775,-0.005694407163577497,0.002743011672906581,0.013235792694619386,-0.021359605040644825,45.56996188398273,15.900016272757597,0.020737227231084152,0.9961384524015826,0.01259071061275463,0,0
2025-03-11,6545.85009765625,0.018209219954705036,-0.00793575851885775,-0.005694407163577497,0.002743011672906581,0.023665918449450984,43.61497017829139,16.1162491606691,0.020492186735224047,0.9718646598762303,0.026014557134541705,1,0
2025-03-12,6665.044921875,-0.0026448328397074006,0.018209219954705036,-0.00793575851885775,-0.005694407163577497,0.013235792694619386,48.9806924623082,24.075425003793413,0.019965560398654634,0.9054380313737366,0.020557858639795756,2,0
2025-03-13,6647.4169921875,-0.019825164115232163,-0.0026448328397074006,0.018209219954705036,-0.00793575851885775,0.002743011672906581,48.24941029727508,27.6839130609645,0.019543303279873765,0.902443578401637,0.00467723310546897,3,0
2025-03-14,6515.630859375,-0.006704505361655899,-0.019825164115232163,-0.0026448328397074006,0.018209219954705036,-0.005694407163577497,43.07204678310133,21.027904327222757,0.01996942275046441,0.7930880564081506,-0.017890942682669775,4,0
2025-03-17,6471.94677734375,-0.03840553736012253,-0.006704505361655899,-0.019825164115232163,-0.0026448328397074006,-0.00793575851885775,41.48304121047465,13.861767048575487,0.019898065485422316,0.8174187625997676,-0.018901040880748177,0,0
2025-03-18,6223.38818359375,0.014183909158833163,-0.03840553736012253,-0.006704505361655899,-0.019825164115232163,0.018209219954705036,33.83448111282942,-6.354654646285809,0.024495554830840413,1.4726927560635734,-0.04937081972201296,1,0
2025-03-19,6311.66015625,0.011092750582534228,0.014183909158833163,-0.03840553736012253,-0.006704505361655899,-0.0026448328397074006,38.192874002239925,-12.18074016212779,0.024524887642030598,0.8096587054188459,-0.05339613051788483,2,0
2025-03-20,6381.673828125,-0.019351447948027456,0.011092750582534228,0.014183909158833163,-0.03840553736012253,-0.019825164115232163,41.48521617992358,-9.819268448610543,0.024036851368825645,0.9401914765800381,-0.039658547095643204,3,0
2025-03-21,6258.17919921875,-0.015493552149058676,-0.019351447948027456,0.011092750582534228,0.014183909158833163,-0.006704505361655899,37.67324710836929,-14.776654318599526,0.02512943899425423,1.2007546081478504,-0.0391848309284385,4,0
2025-03-24,6161.2177734375,0.01207575676163608,-0.015493552149058676,-0.019351447948027456,0.011092750582534228,-0.03840553736012253,34.957252466681865,-22.334517951861656,0.027211096531239154,0.791922218519069,-0.04797387771584127,0,0
2025-03-25,6235.619140625,0.03796524628387132,0.01207575676163608,-0.015493552149058676,-0.019351447948027456,0.014183909158833163,38.61429259675426,-20.13923697032638,0.026158171352584296,0.7287916692156832,0.00250741640591734,1,0
2025-03-26,6472.35595703125,0.005911936922239569,0.03796524628387132,0.01207575676163608,-0.015493552149058676,0.011092750582534228,48.53059123253644,-1.540183631893271,0.026199235669423806,1.0380831549293432,0.0262887535309555,2,0
2025-03-27,6510.6201171875,-0.07902135558263801,0.005911936922239569,0.03796524628387132,0.01207575676163608,-0.019351447948027456,49.93825641820876,13.702892452967419,0.02520936089435396,0.8007856742787488,0.02110793987066084,3,0
2025-04-08,5996.14208984375,-0.004695401885603689,-0.07902135558263801,0.005911936922239569,0.03796524628387132,-0.015493552149058676,35.77205507465965,-9.262506988411275,0.03289837429373794,1.219219886730285,-0.03856196776394971,1,0
2025-04-09,5967.98779296875,0.047928404469844255,-0.004695401885603689,-0.07902135558263801,0.005911936922239569,0.01207575676163608,35.1838537747567,-23.915199016572046,0.03240185538172888,0.9967972747920557,-0.027763817500494725,2,0
2025-04-10,6254.02392578125,0.0013114993698197797,0.047928404469844255,-0.004695401885603689,-0.07902135558263801,0.03796524628387132,45.066635117851185,-12.484121960860008,0.03262696879281549,1.1925738209593697,0.008088830207713449,3,0
2025-04-11,6262.22607421875,0.016973359691147882,0.0013114993698197797,0.047928404469844255,-0.004695401885603689,0.005911936922239569,45.32407954448431,-3.0057416909143626,0.031967750363578275,0.7798658428191411,-0.028564916706338095,4,0
2025-04-14,6368.51708984375,0.011488705234328656,0.016973359691147882,0.0013114993698197797,0.047928404469844255,-0.07902135558263801,48.68055052485228,11.018506751444207,0.031193554044422336,0.9888615294495406,-0.01750349393742978,0,0
2025-04-15,6441.68310546875,-0.006462426910547436,0.011488705234328656,0.016973359691147882,0.0013114993698197797,-0.004695401885603689,50.914323864576545,25.017769499187324,0.030067031047700102,0.9882891316658966,0.07300656687953688,1,0
2025-04-16,6400.05419921875,0.005971018769601155,-0.006462426910547436,0.011488705234328656,0.016973359691147882,0.047928404469844255,49.59169989808912,30.884542922220305,0.029170253481556045,0.9580246207376953,0.07123954185459314,2,0
2025-04-17,6438.26904296875,0.001195624764183556,0.005971018769601155,-0.006462426910547436,0.011488705234328656,0.0013114993698197797,50.85384057466656,36.37153310662775,0.027524806444654434,0.890180124676894,0.029282156154350036,3,0
2025-04-21,6445.966796875,0.01431892520001754,0.001195624764183556,0.005971018769601155,-0.006462426910547436,0.016973359691147882,51.119337449396504,39.302417960904094,0.026256642975930403,0.7468157108805333,0.029166281548713813,0,0
2025-04-22,6538.26611328125,0.014699744271423842,0.01431892520001754,0.001195624764183556,0.005971018769601155,0.011488705234328656,54.30676882460073,45.78703960060474,0.02524106972166924,1.0275525242124701,0.02651184705758347,1,0
2025-04-23,6634.376953125,-0.003150096222887311,0.014699744271423842,0.01431892520001754,0.001195624764183556,-0.006462426910547436,57.42037822537945,54.29802462475571,0.02422528835567021,1.2352072221673391,0.029722886094678658,2,0
2025-04-24,6613.47802734375,0.009894492950335287,-0.003150096222887311,0.014699744271423842,0.01431892520001754,0.005971018769601155,56.518517864491244,56.04188899487526,0.02378045093088638,1.053603299601954,0.03303521678233878,3,0
2025-04-25,6678.9150390625,0.006595499567274565,0.009894492950335287,-0.003150096222887311,0.014699744271423842,0.001195624764183556,58.70552106535659,58.834864021709805,0.022612870571965753,1.1436858228119346,0.036958690963072915,4,0
2025-04-28,6722.9658203125,0.003883609659462328,0.006595499567274565,0.009894492950335287,-0.003150096222887311,0.01431892520001754,60.15829434079554,60.64007309488644,0.02149157511725671,1.0993257277263886,0.042358565766163925,0,0
2025-04-29,6749.0751953125,0.0026255043912990494,0.003883609659462328,0.006595499567274565,0.009894492950335287,0.014699744271423842,61.033331848133706,60.44834793664792,0.020312349209453687,1.2696148753597205,0.03192325022560871,1,0
2025-04-30,6766.794921875,0.007231644989795338,0.0026255043912990494,0.003883609659462328,0.006595499567274565,-0.003150096222887311,61.64894973719382,58.34185186288288,0.01950121979931416,1.3733438700461915,0.01984901034548392,2,1
2025-05-02,6815.72998046875,0.0023801071954487885,0.007231644989795338,0.0026255043912990494,0.003883609659462328,0.009894492950335287,63.370034456284095,57.004757163340116,0.018527923661711885,1.1738738569493434,0.03023075155816657,4,0
2025-05-05,6831.9521484375,0.009696295797592791,0.0023801071954487885,0.007231644989795338,0.0026255043912990494,0.006595499567274565,63.94764104415307,54.002415424108534,0.017826280429969976,1.2175842081903754,0.02271636580328007,0,0
2025-05-06,6898.19677734375,0.004063137254152416,0.009696295797592791,0.0023801071954487885,0.007231644989795338,0.003883609659462328,66.28560322874117,53.18295098382684,0.017240361369101898,1.0128880772175957,0.025817162033598295,1,0
2025-05-07,6926.22509765625,-0.014217715460846492,0.004063137254152416,0.009696295797592791,0.0023801071954487885,0.0026255043912990494,67.25322020491294,51.214539187940446,0.016689770380110686,1.1473138861446797,0.025996689628288383,2,0
2025-05-08,6827.75,0.0007401007149134831,-0.014217715460846492,0.004063137254152416,0.009696295797592791,0.007231644989795338,60.66538023183146,40.439295953197245,0.017199208732624247,1.5587130820613455,0.009153469776142842,3,0
2025-05-09,6832.80322265625,0.02152508353651572,0.0007401007149134831,-0.014217715460846492,0.004063137254152416,0.0023801071954487885,60.87716124159291,31.22372365067008,0.016696343217351074,0.977907692188711,0.0026619255012609866,4,0
2025-05-14,6979.8798828125,0.008636430857275723,0.02152508353651572,0.0007401007149134831,-0.014217715460846492,0.009696295797592791,66.52622814355828,32.4612572072141,0.016763021787639398,1.5782110685513713,0.02180690184232792,2,0
2025-05-15,7040.1611328125,0.009426594767048657,0.008636430857275723,0.02152508353651572,0.0007401007149134831,0.004063137254152416,68.53181392205025,34.572655374268194,0.016415080404217967,1.8678850659815736,0.02074703690201085,3,0
2025-05-16,7106.52587890625,0.004863831075159641,0.009426594767048657,0.008636430857275723,0.02152508353651572,-0.014217715460846492,70.61891862547036,37.43052840240219,0.01607197041188408,1.2718984707494407,0.026110494414907093,4,0
2025-05-19,7141.0908203125,-0.006510037570032656,0.004863831075159641,0.009426594767048657,0.008636430857275723,0.0007401007149134831,71.67272400762505,38.49176199463329,0.015598781274046231,1.1808859195712127,0.045192040950913226,0,0
2025-05-20,7094.60205078125,0.006745816943105387,-0.006510037570032656,0.004863831075159641,0.009426594767048657,0.02152508353651572,68.13317311158461,33.110876189169076,0.015729201233434475,1.1188574006711796,0.03794190266596709,1,0
2025-05-21,7142.4609375,0.003432993158214215,0.006745816943105387,-0.006510037570032656,0.004863831075159641,0.008636430857275723,69.78735124832636,29.91985029930575,0.015269082692679386,1.1342229530026373,0.023162636072556753,2,0
2025-05-22,7166.98095703125,0.006583264165082259,0.003432993158214215,0.006745816943105387,-0.006510037570032656,0.009426594767048657,70.62857471695311,26.711039658918082,0.014666959903031605,0.9778546013716004,0.017959198373495244,3,0
2025-05-23,7214.1630859375,-0.0035776926978627888,0.006583264165082259,0.003432993158214215,0.006745816943105387,0.004863831075159641,72.23081315240822,25.044656052550494,0.014087404436252993,0.7389679177078843,0.015115867771528846,4,0
2025-05-26,7188.35302734375,0.0014765231327504846,-0.0035776926978627888,0.006583264165082259,0.003432993158214215,-0.006510037570032656,69.98184325610758,19.717117691195625,0.014228081623580269,1.5525430584010194,0.006674343998506416,0,0
2025-05-27,7198.966796875,-0.003215454366145787,0.0014765231327504846,-0.0035776926978627888,0.006583264165082259,0.006745816943105387,70.39012787192377,14.653661140663814,0.013684523924748594,1.128063566121102,0.014660904701289557,1,0
2025-05-28,7175.81884765625,-0.0154337786880131,-0.003215454366145787,0.0014765231327504846,-0.0035776926978627888,0.003432993158214215,68.21110576590226,7.833168037419938,0.013451428830379723,1.244551722981096,0.004699633392038383,2,0
2025-06-02,7065.06884765625,-0.002865799435092131,-0.0154337786880131,-0.003215454366145787,0.0014765231327504846,0.006583264165082259,58.82793941589901,-5.339471619746831,0.014101633604343543,1.0591006877100209,-0.014167138454188932,0,0
2025-06-03,7044.82177734375,0.0034373235827096504,-0.002865799435092131,-0.0154337786880131,-0.003215454366145787,-0.0035776926978627888,57.27671174677485,-16.015126860603488,0.014107347375173244,0.8795663081375794,-0.023616202054363322,1,0
2025-06-04,7069.037109375,0.006279171353285484,0.0034373235827096504,-0.002865799435092131,-0.0154337786880131,0.0014765231327504846,58.68005703283642,-21.69209679659346,0.01355623831649071,1.0200155641968784,-0.016601185773790883,2,0
2025-06-05,7113.4248046875,0.016492802794891404,0.006279171353285484,0.0034373235827096504,-0.002865799435092131,-0.003215454366145787,61.19617640640006,-22.601597704576164,0.013188243813526714,0.8444990621756235,-0.011798537553255883,3,0
2025-06-10,7230.7451171875,-0.0011463635304053144,0.016492802794891404,0.006279171353285484,0.0034373235827096504,-0.0154337786880131,66.92838774671277,-15.769360988536846,0.013206472002414964,1.1418833924611653,0.007909719607781307,1,0
2025-06-11,7222.4560546875,-0.00250412565518654,-0.0011463635304053144,0.016492802794891404,0.006279171353285484,-0.002865799435092131,66.1844772242878,-12.423065553122058,0.012947279306174677,1.1068502539748077,0.022197134765389093,2,0
2025-06-12,7204.3701171875,-0.005316936131566141,-0.00250412565518654,-0.0011463635304053144,0.016492802794891404,0.0034373235827096504,64.49990472561862,-12.03400791060281,0.012502482345453066,1.164002185259025,0.022558808545294684,3,0
2025-06-13,7166.06494140625,-0.006764398800471638,-0.005316936131566141,-0.00250412565518654,-0.0011463635304053144,0.006279171353285484,60.960862196310316,-14.781801282987843,0.012217333626628562,0.9577090033100658,0.013804548831018892,4,0
2025-06-16,7117.5908203125,0.005375587250612712,-0.006764398800471638,-0.005316936131566141,-0.00250412565518654,0.016492802794891404,56.71958261213028,-19.96693584967531,0.01236479586216536,0.922643056381533,0.0007609786772617699,0,0
2025-06-17,7155.85205078125,-0.0067165989375091995,0.005375587250612712,-0.006764398800471638,-0.005316936131566141,-0.0011463635304053144,59.136254260868206,-20.82717914297207,0.012057805633335122,0.7257084977368897,-0.010356236867016921,1,0
2025-06-18,7107.7890625,-0.01957710071587393,-0.0067165989375091995,0.005375587250612712,-0.006764398800471638,-0.00250412565518654,54.98297652872249,-24.393109615594284,0.01204818335091602,0.7833551119673516,-0.015926472274120806,2,0
2025-06-19,6968.63916015625,-0.008825392612396565,-0.01957710071587393,-0.0067165989375091995,0.005375587250612712,-0.005316936131566141,45.10592024102042,-35.225337655346436,0.013265157445337204,0.9687152269687711,-0.032999447334808196,3,0
2025-06-20,6907.13818359375,-0.01737304853115962,-0.008825392612396565,-0.01957710071587393,-0.0067165989375091995,-0.006764398800471638,41.55300002201254,-45.0084382341674,0.013408949953432796,1.4134501424233064,-0.03650790381563862,4,0
2025-06-23,6787.14013671875,0.012086204213606733,-0.01737304853115962,-0.008825392612396565,-0.01957710071587393,0.005375587250612712,35.65215110526158,-57.2516827798179,0.014376119463205432,0.9657972680217118,-0.0471165535463266,0,0
2025-06-24,6869.1708984375,-0.005390436863300763,0.012086204213606733,-0.01737304853115962,-0.008825392612396565,-0.0067165989375091995,41.74261468157565,-57.371592038685606,0.014623044539991475,0.7990696494051979,-0.04040593658333258,1,0
2025-06-25,6832.14306640625,0.009551444591136882,-0.005390436863300763,0.012086204213606733,-0.01737304853115962,-0.01957710071587393,39.90651464196951,-57.353823613544826,0.014739924893952105,0.7387294101721,-0.03907977450912414,2,0
2025-06-26,6897.39990234375,0.004389958144185746,0.009551444591136882,-0.005390436863300763,0.012086204213606733,-0.008825392612396565,44.53676327844677,-50.592403413904144,0.01438593189178785,0.6656675431409641,-0.009951229202113332,3,0
2025-06-30,6927.67919921875,-0.0017782774841665905,0.004389958144185746,0.009551444591136882,-0.005390436863300763,-0.01737304853115962,46.59302939955616,-42.075512255721556,0.01405286970500567,0.7508284119902907,0.0032641215544689794,0,1
2025-07-01,6915.35986328125,-0.004933184500620191,-0.0017782774841665905,0.004389958144185746,0.009551444591136882,0.012086204213606733,45.8482577403827,-35.5274420423451,0.01396167024815667,0.6832759616025833,0.018858892601462007,1,0
2025-07-02,6881.2451171875,-0.0004642090033272206,-0.004933184500620191,-0.0017782774841665905,0.004389958144185746,-0.005390436863300763,43.76213332034462,-31.866609246772978,0.01382749876929328,0.8518074827195123,0.0018395038872350833,2,0
2025-07-03,6878.05078125,-0.0018695539081805546,-0.0004642090033272206,-0.004933184500620191,-0.0017782774841665905,0.009551444591136882,43.5622617989339,-28.161449045098625,0.013316181411989363,0.7374209911793752,0.006765731747208625,3,0
2025-07-04,6865.19189453125,0.0052060066090025,-0.0018695539081805546,-0.0004642090033272206,-0.004933184500620191,0.004389958144185746,42.71648568561464,-25.175319318161396,0.013147533290312376,0.6445256038151315,-0.004655266752108811,4,0
2025-07-07,6900.93212890625,0.0005013758826879489,0.0052060066090025,-0.0018695539081805546,-0.0004642090033272206,-0.0017782774841665905,45.862645184525405,-19.637539800520038,0.01272556552410344,0.6026790167793938,-0.0038392182872920566,0,0
2025-07-08,6904.39208984375,0.005725310011637008,0.0005013758826879489,0.0052060066090025,-0.0018695539081805546,-0.004933184500620191,46.17086952330542,-14.80602889350395,0.012137079844798811,0.765065642156129,-0.0015595649204375173,1,0
2025-07-09,6943.921875,0.008849353413844296,0.005725310011637008,0.0005013758826879489,0.0052060066090025,-0.0004642090033272206,49.69474985787631,-8.334831403614963,0.011612610490186547,0.8151917878984767,0.009098929591819682,2,0
2025-07-10,7005.37109375,0.0060049487697777515,0.008849353413844296,0.005725310011637008,0.0005013758826879489,-0.0018695539081805546,54.66330629782402,0.24270281573538455,0.011399312378250238,0.8906081157465611,0.0184124920089912,3,0
2025-07-11,7047.43798828125,0.007054037326424734,0.0060049487697777515,0.008849353413844296,0.005725310011637008,0.0052060066090025,57.74046832668305,8.4533117532985,0.011032957797033728,0.9059338533395993,0.026286994686949505,4,0
2025-07-14,7097.15087890625,0.006104314664672428,0.007054037326424734,0.0060049487697777515,0.008849353413844296,0.0005013758826879489,61.10060265909256,16.472208145712813,0.011067429387650988,1.1346626491867648,0.02813502540437174,0,0
2025-07-15,7140.47412109375,0.007218560621938819,0.006104314664672428,0.007054037326424734,0.0060049487697777515,0.005725310011637008,63.801795597487725,23.505263099183345,0.011043181741693869,1.107860941280693,0.03373796418635622,1,0
2025-07-16,7192.01806640625,0.013209495417045192,0.007218560621938819,0.006104314664672428,0.007054037326424734,0.008849353413844296,66.75929302208752,30.02278019455933,0.010939071901996894,1.2476542492880793,0.03523121479665803,2,0
2025-07-17,7287.02099609375,0.0034162167203983795,0.013209495417045192,0.007218560621938819,0.006104314664672428,0.0060049487697777515,71.39782385702135,38.580531997937925,0.011001045898439959,1.0995928768698913,0.03959135679985892,3,0
2025-07-18,7311.9150390625,0.011799488233634081,0.0034162167203983795,0.013209495417045192,0.007218560621938819,0.007054037326424734,72.48144853169461,43.40633370011913,0.011299572400676505,1.469108538931835,0.03700262475047955,4,0
2025-07-21,7398.19189453125,-0.007225556656216825,0.011799488233634081,0.0034162167203983795,0.013209495417045192,0.006104314664672428,75.8906238668531,49.458420756878496,0.011346592975515126,1.5625108916902632,0.0417480756576889,0,0
2025-07-22,7344.73583984375,0.01695011819889336,-0.007225556656216825,0.011799488233634081,0.0034162167203983795,0.007218560621938819,70.09625841243096,46.93170568274638,0.011708293863693245,1.4951723725951958,0.028418204336799646,1,0
2025-07-23,7469.22998046875,0.008256791551641163,0.01695011819889336,-0.007225556656216825,0.011799488233634081,0.013209495417045192,74.9023079096217,50.409817101552925,0.011881320107455849,1.3012602464928071,0.03814976191375419,2,0
2025-07-24,7530.90185546875,0.0016732490292115099,0.008256791551641163,0.01695011819889336,-0.007225556656216825,0.0034162167203983795,76.8842611818935,53.345244687480516,0.011881229487208133,1.2550914463184955,0.03319705804835016,3,0
2025-07-25,7543.5029296875,0.009447220659023703,0.0016732490292115099,0.008256791551641163,0.01695011819889336,0.011799488233634081,77.27907356014862,52.53348012507537,0.011370643481575963,1.098861818638494,0.03145409035716329,4,0
2025-07-28,7614.76806640625,0.00041224632567593567,0.009447220659023703,0.0016732490292115099,0.008256791551641163,-0.007225556656216825,79.41991446186287,53.03967115017858,0.011641018119333994,1.1496577081615664,0.02910182278255291,0,0
2025-07-29,7617.9072265625,-0.008928835826666148,0.00041224632567593567,0.009447220659023703,0.0016732490292115099,0.01695011819889336,79.51149215985194,49.87686702562249,0.01187778621072588,1.1316532952226153,0.03673962576444567,1,0
2025-07-30,7549.88818359375,-0.008682415942754762,-0.008928835826666148,0.00041224632567593567,0.009447220659023703,0.008256791551641163,72.03203688485395,39.92537748609777,0.012447843771534774,1.3532662337374584,0.010860671738886163,2,0
2025-07-31,7484.3369140625,0.007139062946692976,-0.008682415942754762,-0.008928835826666148,0.00041224632567593567,0.0016732490292115099,65.62516892696414,26.30703449713009,0.012522426890042437,1.4988184068612291,-0.006078535755509762,3,1
2025-08-01,7537.76806640625,-0.00970088841030936,0.007139062946692976,-0.008682415942754762,-0.008928835826666148,0.009447220659023703,68.11465294830893,18.637495993979883,0.012448321526099506,1.1512429538702103,-0.0006127218380282962,4,0
2025-08-04,7464.64501953125,0.006770588411138423,-0.00970088841030936,0.007139062946692976,-0.008682415942754762,0.00041224632567593567,61.545498317495664,6.979730812888363,0.012744261171292577,1.1551908835285931,-0.01976083090736136,0,0
2025-08-05,7515.18505859375,-0.0015215937471392271,0.006770588411138423,-0.00970088841030936,0.007139062946692976,-0.008928835826666148,64.12107417949326,1.3093227558283047,0.012551633216897983,1.0480857041352771,-0.013402488821898872,1,0
2025-08-06,7503.75,-0.0018080152632017343,-0.0015215937471392271,0.006770588411138423,-0.00970088841030936,-0.008682415942754762,63.09143498033702,-4.26916384872024,0.012122661617891524,1.0816306679563181,-0.005995246742371951,2,0
2025-08-07,7490.18310546875,0.005767770900648284,-0.0018080152632017343,-0.0015215937471392271,0.006770588411138423,0.007139062946692976,61.823020370751685,-9.623920883025761,0.012138909678681961,1.129858620006577,0.0008791539371810764,3,0
2025-08-08,7533.384765625,0.009629142984107553,0.005767770900648284,-0.0018080152632017343,-0.0015215937471392271,-0.00970088841030936,64.2853272378471,-10.912971944137155,0.012712121716457768,0.940160805835987,-0.0004921381088636156,4,0
2025-08-11,7605.9248046875,0.024424639662721903,0.009629142984107553,0.005767770900648284,-0.0018080152632017343,0.006770588411138423,68.01560201023383,-7.68896340786165,0.012599868386717806,0.9481339902816777,0.018837893285553298,0,0
2025-08-12,7791.69677734375,0.012990027507622681,0.024424639662721903,0.009629142984107553,0.005767770900648284,-0.0015215937471392271,75.16852764952645,5.438457771102492,0.013207683591623045,1.0683792180891194,0.03649194453713678,1,0
2025-08-13,7892.9111328125,0.004857503537650798,0.012990027507622681,0.024424639662721903,0.009629142984107553,-0.0018080152632017343,78.04889876127649,18.67632009104048,0.013114751006392115,1.2469907477660187,0.051003565791898686,2,0
2025-08-14,7931.2509765625,-0.004145118677955195,0.004857503537650798,0.012990027507622681,0.024424639662721903,0.005767770900648284,79.04068039952674,27.23438259831346,0.012849226463466337,1.3511182207111458,0.05766908459275122,3,0
2025-08-15,7898.375,-0.004485198695934334,-0.004145118677955195,0.004857503537650798,0.012990027507622681,0.009629142984107553,75.87496924997303,27.80370952154334,0.01305449849216246,1.278124592754753,0.04775619501414774,4,0
2025-08-19,7862.94921875,0.01028570505957771,-0.004485198695934334,-0.004145118677955195,0.004857503537650798,0.024424639662721903,72.50508829443596,23.10991383367886,0.012882160130574529,1.3029217970858347,0.03364185333410585,1,0
2025-08-20,7943.8251953125,-0.006685740214152691,0.01028570505957771,-0.004485198695934334,-0.004145118677955195,0.012990027507622681,75.21182138618809,22.732785696097096,0.012644012943568487,1.340427291044183,0.01950291873096166,2,0
2025-08-21,7890.71484375,-0.004038134714307695,-0.006685740214152691,0.01028570505957771,-0.004485198695934334,0.004857503537650798,70.3163581385925,16.478523770015954,0.012679334257607481,1.2002691762173914,-0.00017284899081371208,3,0
2025-08-22,7858.85107421875,0.008659809392114637,-0.004038134714307695,-0.006685740214152691,0.01028570505957771,-0.004145118677955195,67.47859351963464,8.186796329558803,0.012317079207653993,1.110565007972019,-0.009068487242772205,4,0
2025-08-25,7926.9072265625,-0.0026681768841858577,0.008659809392114637,-0.004038134714307695,-0.006685740214152691,-0.004485198695934334,70.24103301695317,5.410687648868617,0.01217825114608408,1.269629852681794,0.003736440827297627,0,0
2025-08-26,7905.7568359375,0.0038476955393091927,-0.0026681768841858577,0.008659809392114637,-0.004038134714307695,0.01028570505957771,68.29936139882838,0.5319049347141345,0.01221374146738815,1.6281728212956008,0.005553462639046103,1,0
2025-08-27,7936.17578125,0.0020050096940384954,0.0038476955393091927,-0.0026681768841858577,0.008659809392114637,-0.006685740214152691,69.60089714978406,-2.119217051147558,0.011754054043420406,1.1298584864732941,-0.0008845468812224144,2,0
2025-08-28,7952.087890625,-0.015290918339302073,0.0020050096940384954,0.0038476955393091927,-0.0026681768841858577,-0.004038134714307695,70.28810286134056,-4.156070508789668,0.011670350483706569,1.238893072981252,0.007806203026968772,3,0
2025-08-29,7830.4931640625,-0.012058914312972902,-0.015290918339302073,0.0020050096940384954,0.0038476955393091927,0.008659809392114637,59.263029011702876,-14.467029632425806,0.012706180057200436,1.4581530830191458,-0.003446580598025606,4,0
2025-09-01,7736.06591796875,0.008469297400448328,-0.012058914312972902,-0.015290918339302073,0.0020050096940384954,-0.0026681768841858577,52.39045923436246,-27.65678195389131,0.014554949920508866,1.0700723590184493,-0.024165304303113144,0,0
2025-09-02,7801.5849609375,0.010802655159589891,0.008469297400448328,-0.012058914312972902,-0.015290918339302073,0.0038476955393091927,56.187041361664065,-31.689043563801476,0.014374437962181024,1.0252903782811926,-0.013027830018478959,1,0
2025-09-03,7885.86279296875,-0.0023478278691341226,0.010802655159589891,0.008469297400448328,-0.012058914312972902,0.0020050096940384954,60.54543597263716,-28.500821754864546,0.014201701663992096,1.020938565718416,-0.00607287039819826,2,0
2025-09-04,7867.34814453125,-0.012774192979798316,-0.0023478278691341226,0.010802655159589891,0.008469297400448328,-0.015290918339302073,59.1532746716784,-27.449089502149405,0.013618297542828334,1.0365537513776324,-0.010425707961370878,3,0
2025-09-08,7766.84912109375,-0.01779925661869075,-0.012774192979798316,-0.0023478278691341226,0.010802655159589891,-0.012058914312972902,52.14442017539431,-32.96109030988258,0.014355523881737033,0.9554254668748522,-0.00790898260186712,0,0
2025-09-09,7628.60498046875,0.009228667056296214,-0.01779925661869075,-0.012774192979798316,-0.0023478278691341226,0.008469297400448328,44.3584278292589,-44.63184385604454,0.015178590845327,0.9381437674780901,-0.01364932490758497,1,0
2025-09-10,7699.0068359375,0.006351202208381368,0.009228667056296214,-0.01779925661869075,-0.012774192979798316,0.010802655159589891,48.57000414466754,-46.13395908203515,0.014872615252904455,0.7335374709521426,-0.012889955251737084,2,0
2025-09-11,7747.90478515625,0.013701158749508169,0.006351202208381368,0.009228667056296214,-0.01779925661869075,-0.0023478278691341226,51.325729646815304,-42.451005881070785,0.014830258886621836,0.8057957319710448,-0.017341408202945607,3,0
2025-09-12,7854.06005859375,0.01057518084266107,0.013701158749508169,0.006351202208381368,0.009228667056296214,-0.012774192979798316,56.744451965735514,-31.960435636693504,0.014557092163862279,0.8091639824016764,-0.001292421584303316,4,0
2025-09-15,7937.1181640625,0.002592582886307593,0.01057518084266107,0.013701158749508169,0.006351202208381368,-0.01779925661869075,60.45403232988921,-19.15407894484302,0.014123313334028699,0.9663120667923928,0.02205695223815607,0,0
2025-09-16,7957.69580078125,0.0084802686766281,0.002592582886307593,0.01057518084266107,0.013701158749508169,0.009228667056296214,61.338655035256686,-9.511264080713858,0.013851707922222426,1.1155833266017339,0.04244879174315441,1,0
2025-09-17,8025.17919921875,-0.002086694058075378,0.0084802686766281,0.002592582886307593,0.01057518084266107,0.006351202208381368,64.16937188163939,0.6583059918665839,0.013507716432362139,0.9038674177875478,0.0417003933634863,2,0
2025-09-18,8008.43310546875,0.005330013753202412,-0.002086694058075378,0.0084802686766281,0.002592582886307593,0.013701158749508169,62.93787642829161,5.24810052806491,0.013233511509714075,1.055638388126934,0.03326249709702955,3,0
2025-09-19,8051.1181640625,-0.0013760947655635514,0.005330013753202412,-0.002086694058075378,0.0084802686766281,0.01057518084266107,64.7926277276973,9.88079106029599,0.01282428098629041,1.1689984425512023,0.024891352100723796,4,0
2025-09-22,8040.0390625,0.010592250698408856,-0.0013760947655635514,0.005330013753202412,-0.002086694058075378,0.002592582886307593,63.898784556286806,10.843891259153736,0.012658320684726445,0.9501220363897427,0.012940076492499175,0,0
2025-09-23,8125.201171875,0.00016700307660655334,0.010592250698408856,-0.0013760947655635514,0.005330013753202412,0.0084802686766281,67.59895171490737,15.57364984830133,0.012380427536165629,1.3990543597228864,0.02093974430460044,1,0
2025-09-24,8126.55810546875,-0.010569427461356473,0.00016700307660655334,0.010592250698408856,-0.0013760947655635514,-0.002086694058075378,67.65583600187426,17.032589150966118,0.012295596242817139,1.2341542380669175,0.012626478704578892,2,0
2025-09-25,8040.6650390625,0.007296407506715452,-0.010569427461356473,0.00016700307660655334,0.010592250698408856,0.005330013753202412,60.424321877025065,10.75805039803059,0.012632947985089222,1.292144721400738,0.0041437453012977965,3,0
2025-09-26,8099.3330078125,0.0029523553793793234,0.007296407506715452,-0.010569427461356473,0.00016700307660655334,-0.0013760947655635514,63.30908491720541,9.16626688157183,0.012212997762141372,0.9457733772727583,0.006110139054810837,4,0
2025-09-29,8123.2451171875,-0.00765495864912169,0.0029523553793793234,0.007296407506715452,-0.010569427461356473,0.010592250698408856,64.44661846440398,8.354058023866145,0.011817232237461112,1.1875349072298649,0.010438589199753712,0,0
2025-09-30,8061.06201171875,-0.0021387050924477347,-0.00765495864912169,0.0029523553793793234,0.007296407506715452,0.00016700307660655334,59.29806317885434,2.559612724532201,0.012010506411191524,1.2304087765461473,-0.007808620147776835,1,1
2025-10-01,8043.82177734375,0.003388846508326271,-0.0021387050924477347,-0.00765495864912169,0.0029523553793793234,-0.010569427461356473,57.91658622912534,-3.1915322936907273,0.011704373553365049,1.3954238981757283,-0.010114328316831123,2,0
2025-10-02,8071.0810546875,0.005850483503083703,0.003388846508326271,-0.0021387050924477347,-0.00765495864912169,0.007296407506715452,59.52232377683799,-5.7669239828119885,0.011412322255384496,1.0389714808279915,0.0038439456528516214,3,0
2025-10-03,8118.30078125,0.0026598252886393947,0.005850483503083703,0.003388846508326271,-0.0021387050924477347,0.0029523553793793234,62.21206542872292,-4.929835497664357,0.010950979533687134,1.096202451377007,0.0023980216492198725,4,0
2025-10-06,8139.89404296875,0.0036102090020919686,0.0026598252886393947,0.005850483503083703,0.003388846508326271,-0.00765495864912169,63.4094760030156,-3.6219371375575804,0.010771462093502056,1.0871715146243592,0.002105491558479944,0,0
2025-10-07,8169.28076171875,-0.0003980709220129386,0.0036102090020919686,0.0026598252886393947,0.005850483503083703,-0.0021387050924477347,65.03338274682673,-1.5818911139891725,0.010640673908597928,1.068008681094215,0.013370659209693603,1,0
2025-10-08,8166.02880859375,0.010397914330083191,-0.0003980709220129386,0.0036102090020919686,0.0026598252886393947,0.003388846508326271,64.69123337145142,-1.2692100419340164,0.011456503355662404,0.8787765105272213,0.015111293380128399,2,0
2025-10-09,8250.9384765625,0.0008388013626763335,0.010397914330083191,-0.0003980709220129386,0.0036102090020919686,0.005850483503083703,69.24154803571696,3.57356236765807,0.011504239265099967,0.8527640895591772,0.02212036120188532,3,0
2025-10-10,8257.859375,-0.0037124907521811634,0.0008388013626763335,0.010397914330083191,-0.0003980709220129386,0.0026598252886393947,69.58560322048518,6.016636186159147,0.011333403833829752,0.8913918432195619,0.01710867906147795,4,0
2025-10-13,8227.2021484375,-0.019530354655472593,-0.0037124907521811634,0.0008388013626763335,0.010397914330083191,0.0036102090020919686,66.06058690738226,4.415694172039963,0.011905782056944167,0.8904647792674382,0.010736363020657391,0,0
2025-10-14,8066.52197265625,-0.0019025756107493574,-0.019530354655472593,-0.0037124907521811634,0.0008388013626763335,-0.0003980709220129386,51.37193925328051,-7.9438597165916605,0.01402841239379214,1.0638998534902993,-0.01240420063690717,1,0
2025-10-15,8051.1748046875,0.009139291225817026,-0.0019025756107493574,-0.019530354655472593,-0.0037124907521811634,0.010397914330083191,50.223269983158254,-17.105876163823197,0.014791429094508054,0.794436318717746,-0.013908705325643589,2,0
2025-10-16,8124.7568359375,-0.025736287059552665,0.009139291225817026,-0.0019025756107493574,-0.019530354655472593,0.0008388013626763335,55.375238069047555,-18.069208556444877,0.01464146695885527,0.6049155184771788,-0.015167328429909754,3,0
2025-10-17,7915.65576171875,0.021896134804549217,-0.025736287059552665,0.009139291225817026,-0.0019025756107493574,-0.0037124907521811634,42.05449624897614,-31.842257153102935,0.01653819033841948,0.875079186306157,-0.04174241685213875,4,0
2025-10-20,8088.97802734375,0.01843322562222527,0.021896134804549217,-0.025736287059552665,0.009139291225817026,-0.019530354655472593,52.29768231753773,-28.44424265143185,0.016808156871387894,0.7645194340675554,-0.016133791295408373,0,0
2025-10-21,8238.083984375,-0.010382360981142535,0.01843322562222527,0.021896134804549217,-0.025736287059552665,-0.0019025756107493574,59.0106116764908,-15.94246605169127,0.016617911498707574,0.7215440930658883,0.02182978898228949,1,0
2025-10-22,8152.55322265625,0.014939901220794027,-0.010382360981142535,0.01843322562222527,0.021896134804549217,0.009139291225817026,54.29093801626388,-13.3276226571315,0.016642942713803965,0.7217156519090066,0.01335000361189631,2,0
2025-10-23,8274.3515625,-0.00031783551770014906,0.014939901220794027,-0.010382360981142535,0.01843322562222527,-0.025736287059552665,59.28485739424832,-3.7851566143493685,0.01643811731779717,0.7582784928396265,0.019150613606873312,3,0
2025-10-24,8271.7216796875,-0.018686653972028955,-0.00031783551770014906,0.014939901220794027,-0.010382360981142535,0.021896134804549217,59.13462597039284,1.667085910522026,0.015953914932584173,0.6512667637593769,0.04456906514872583,4,0
2025-10-27,8117.15087890625,-0.003021007373409157,-0.018686653972028955,-0.00031783551770014906,0.014939901220794027,0.01843322562222527,50.96074164979464,-5.43047403647688,0.018576771315559744,0.992478935233805,0.003986276372147657,0,0
2025-10-28,8092.62890625,0.009094104733619046,-0.003021007373409157,-0.018686653972028955,-0.00031783551770014906,-0.010382360981142535,49.785037365788455,-11.710151680221323,0.018286127445346186,0.8018184514674637,-0.01746795662348677,1,0
2025-10-29,8166.22412109375,0.0021845890445155725,0.009094104733619046,-0.003021007373409157,-0.018686653972028955,0.014939901220794027,53.26954356000248,-10.859705971528463,0.017933504544882465,0.7339391056422432,0.0020085090912748127,2,0
2025-10-30,8184.06396484375,-0.002466863031676647,0.0021845890445155725,0.009094104733619046,-0.003021007373409157,-0.00031783551770014906,54.10099618543836,-9.118244910205988,0.017369261279471297,0.9764490833104267,-0.010746803085003642,3,0
2025-10-31,8163.875,0.01362208318659941,-0.002466863031676647,0.0021845890445155725,0.009094104733619046,-0.018686653972028955,52.9527534087177,-9.315730351793768,0.016793790057965295,0.7540096031613468,-0.01289583059898014,4,1
2025-11-03,8275.083984375,-0.004008763128584225,0.01362208318659941,-0.002466863031676647,0.0021845890445155725,-0.003021007373409157,58.21379673857157,-2.3114148011693487,0.016405672018054172,1.0537037628582047,0.019412906559648224,0,0
2025-11-04,8241.9111328125,0.009295809326308024,-0.004008763128584225,0.01362208318659941,-0.002466863031676647,0.009094104733619046,56.19513298759349,-0.369170991296599,0.01608523529622503,0.8153616011082285,0.018425150804473156,1,0
2025-11-05,8318.5263671875,0.002227708272116269,0.009295809326308024,-0.004008763128584225,0.01362208318659941,0.0021845890445155725,59.67328027308017,5.305709265088652,0.015971858773783678,1.072756333901951,0.018626855397162134,2,0
2025-11-06,8337.0576171875,0.0069007831304768175,0.002227708272116269,0.009295809326308024,-0.004008763128584225,-0.002466863031676647,60.490430976279775,9.303770159944413,0.015423698295881146,0.750686302737055,0.01866997462476283,3,0
2025-11-07,8394.58984375,-0.0003990200161468893,0.0069007831304768175,0.002227708272116269,0.009295809326308024,0.01362208318659941,62.99731180110983,14.508994242463999,0.014786832034199629,0.7625862884243163,0.028037620786916295,4,0
2025-11-10,8391.240234375,-0.002946594930772095,-0.0003990200161468893,0.0069007831304768175,0.002227708272116269,-0.004008763128584225,62.74768181850836,16.27957290553619,0.014475897533174416,1.3827419322988561,0.014016517584169996,0,0
2025-11-11,8366.5146484375,0.0026357161541117335,-0.002946594930772095,-0.0003990200161468893,0.0069007831304768175,0.009295809326308024,60.83148438203241,14.403296374867324,0.014380536573979915,2.168028808178801,0.015078685781982126,1,0
2025-11-12,8388.56640625,-0.001974995727536455,0.0026357161541117335,-0.002946594930772095,-0.0003990200161468893,0.002227708272116269,61.947591867003545,13.291991948019515,0.013849873775979004,1.5309844469388467,0.008418592609785835,2,0
2025-11-13,8371.9990234375,-0.0001867506862008872,-0.001974995727536455,0.0026357161541117335,-0.002946594930772095,0.0069007831304768175,60.551577945811715,10.223535158597528,0.01342634417910504,1.5938740158250921,0.004215888610133112,3,0
2025-11-14,8370.435546875,0.005548849734568595,-0.0001867506862008872,-0.001974995727536455,0.0026357161541117335,-0.0003990200161468893,60.41321512066298,7.0234395003198955,0.012949212382378606,1.2487842176099675,-0.002871645206544593,4,0
2025-11-17,8416.8818359375,-0.006529265321612909,0.005548849734568595,-0.0001867506862008872,-0.001974995727536455,-0.002946594930772095,63.110003677186384,6.956452694930334,0.012652893001513071,1.1162066072912287,0.0030762245441708913,0,0
2025-11-18,8361.92578125,0.005339842562059438,-0.006529265321612909,0.005548849734568595,-0.0001867506862008872,0.0026357161541117335,58.06928613431691,2.369633532558211,0.0126887609515207,1.0802762835618935,-0.0005064458466699229,1,0
2025-11-19,8406.5771484375,0.0015868341555016485,0.005339842562059438,-0.006529265321612909,0.005548849734568595,-0.001974995727536455,60.80828777233736,1.54163174119725,0.012269638157603676,1.1178829588357342,0.0021976805612777817,2,0
2025-11-20,8419.9169921875,-0.0006609839138157492,0.0015868341555016485,0.005339842562059438,-0.006529265321612909,-0.0001867506862008872,61.61500655999044,1.1112471127743788,0.012094996763366402,0.8994695693282634,0.005759510444315885,3,0
2025-11-21,8414.3515625,0.01852814712957862,-0.0006609839138157492,0.0015868341555016485,0.005339842562059438,0.005548849734568595,61.05039591817663,-0.25638044921366543,0.011844018930142015,0.8086940473976805,0.005285277216701023,4,0
2025-11-24,8570.25390625,-0.005643839862168654,0.01852814712957862,-0.0006609839138157492,0.0015868341555016485,-0.006529265321612909,69.48575868072768,8.165319997675496,0.012097315811445757,1.29929454119626,0.01826457461171105,0,0
2025-11-25,8521.884765625,0.009416357929549424,-0.005643839862168654,0.01852814712957862,-0.0006609839138157492,0.005339842562059438,64.79701867390457,9.22656280277451,0.01202757025094668,1.1205307992810496,0.019150000071155304,1,0
2025-11-26,8602.1298828125,-0.006540781086079583,0.009416357929549424,-0.005643839862168654,0.01852814712957862,0.0015868341555016485,68.58441245646864,13.805613516562218,0.0118861906286635,1.3051034059685356,0.02322651543864529,2,0
2025-11-27,8545.865234375,-0.004348205672379479,-0.006540781086079583,0.009416357929549424,-0.005643839862168654,-0.0006609839138157492,63.43133636785304,11.606316555037978,0.011952118430144118,1.1921095739149035,0.015098900197064058,3,0
2025-11-28,8508.7060546875,0.004710708184344714,-0.004348205672379479,-0.006540781086079583,0.009416357929549424,0.01852814712957862,60.213596773930185,6.466586608554167,0.011794556587484042,0.9757509877632159,0.011411678438500328,4,0
2025-12-01,8548.7880859375,0.007984158938829866,0.004710708184344714,-0.004348205672379479,-0.006540781086079583,-0.005643839862168654,62.42762892774593,4.667898343088652,0.011405162894400944,1.0819868406823765,-0.0024057605067335786,0,0
2025-12-02,8617.04296875,-0.0006099377006776319,0.007984158938829866,0.004710708184344714,-0.004348205672379479,0.009416357929549424,65.90687205970758,6.844886972876182,0.01114362905028644,0.9922996231255171,0.011222238294264941,1,0
2025-12-03,8611.787109375,0.0032988715729598272,-0.0006099377006776319,0.007984158938829866,0.004710708184344714,-0.006540781086079583,65.40462278781334,6.692746803774071,0.010995781218884627,1.0457984534818925,0.0011959426640378856,2,0
2025-12-04,8640.1962890625,-0.0008605761520039668,0.0032988715729598272,-0.0006099377006776319,0.007984158938829866,-0.004348205672379479,66.87407760097886,7.221899286842557,0.010535531192227261,1.0546787847959984,0.011035595323077296,3,0
2025-12-05,8632.7607421875,0.009027769057891488,-0.0008605761520039668,0.0032988715729598272,-0.0006099377006776319,0.004710708184344714,66.0829140758062,5.846346879200851,0.01038765773448831,0.971789337208147,0.014523224843452809,4,0
2025-12-08,8710.6953125,-0.006143780679104038,0.009027769057891488,-0.0008605761520039668,0.0032988715729598272,0.007984158938829866,70.07860755759697,8.783867508140446,0.010275497647974467,1.1972317639614467,0.018840285716999583,0,0
2025-12-09,8657.1787109375,0.0050530454144641634,-0.006143780679104038,0.009027769057891488,-0.0008605761520039668,-0.0006099377006776319,64.46263767098621,5.861822166906649,0.010610554007692783,1.1588663805184134,0.0047123460990656785,1,0
2025-12-10,8700.923828125,-0.009245269169289472,0.0050530454144641634,-0.006143780679104038,0.009027769057891488,0.0032988715729598272,66.8044138746593,5.613948230536309,0.01032607228801273,1.4275261565422028,0.010375329214207474,2,0
2025-12-11,8620.4814453125,0.0046421511813310445,-0.009245269169289472,0.0050530454144641634,-0.006143780679104038,-0.0008605761520039668,59.09296466146252,-0.8829643641968374,0.011474889823068535,1.504144237053157,-0.002168811528041825,3,0
2025-12-12,8660.4990234375,-0.0012513036527309618,0.0046421511813310445,-0.009245269169289472,0.0050530454144641634,0.009027769057891488,61.475391831711285,-3.2665886871489533,0.011386403529872604,1.02699170206826,0.003333915805293186,4,0
2025-12-15,8649.662109375,0.004255269183880195,-0.0012513036527309618,0.0046421511813310445,-0.009245269169289472,-0.006143780679104038,60.44868140965942,-6.185099752883119,0.011393115911361145,1.2195267627580868,-0.006945156905329264,0,0
2025-12-16,8686.46875,-0.0010503719866027383,0.004255269183880195,-0.0012513036527309618,0.0046421511813310445,0.0050530454144641634,62.72567440343887,-6.231276844259597,0.011270571069995116,0.9438074872092084,0.0034538929576549693,1,0
2025-12-17,8677.3447265625,-0.006816533850664719,-0.0010503719866027383,0.004255269183880195,-0.0012513036527309618,-0.009245269169289472,61.77623541600175,-7.391695305107561,0.011042192874767248,0.7531085741509509,-0.0026495244434119325,2,0
2025-12-18,8618.1953125,-0.0010030558529419142,-0.006816533850664719,-0.0010503719866027383,0.004255269183880195,0.0046421511813310445,55.87198755366478,-12.365324009146605,0.011256363559709,0.7228338073533347,-0.0002207891247871796,3,0
2025-12-19,8609.55078125,0.004215431173138384,-0.0010030558529419142,-0.006816533850664719,-0.0010503719866027383,-0.0012513036527309618,55.04399060008366,-16.216986477117786,0.011366147178376702,0.6744017005874148,-0.005865996159060138,4,0
2025-12-22,8645.84375,-0.00706252914153116,0.004215431173138384,-0.0010030558529419142,-0.006816533850664719,0.004255269183880195,57.86706339794102,-16.258743672930848,0.01083553443279894,0.8320476944053217,-0.0003992613331907924,0,0
2025-12-23,8584.7822265625,-0.005459788322291326,-0.00706252914153116,0.004215431173138384,-0.0010030558529419142,-0.0010503719866027383,51.955581574765425,-20.08621636100648,0.010971313090908883,0.7388142449013911,-0.011717059658602147,1,0
2025-12-24,8537.9111328125,0.012455590706935471,-0.005459788322291326,-0.00706252914153116,0.004215431173138384,-0.006816533850664719,47.90972288731404,-25.13447911389315,0.010965000175691056,0.6445266861766746,-0.016126475994290734,2,0
2025-12-29,8644.255859375,0.00031033523661738727,0.012455590706935471,-0.005459788322291326,-0.00706252914153116,-0.0010030558529419142,56.23664757262198,-20.848108879069727,0.011000765528659931,0.7791220578206162,0.0031456485633094555,0,0
