{
    "method": "GridSearchCV",
    "execution_time_seconds": 122.39995098114014,
    "best_params": {
        "gamma": 0.01,
        "learning_rate": 0.05,
        "max_depth": 12,
        "n_estimators": 400,
        "random_state": 42
    },
    "best_validation_mse": 127778.93728603853,
    "test_mse": 853577.9333248138,
    "test_rmse": 923.8928148464051
}